RegionID,SizeRank,RegionName,RegionType,StateName,2008-02-29,2008-03-31,2008-04-30,2008-05-31,2008-06-30,2008-07-31,2008-08-31,2008-09-30,2008-10-31,2008-11-30,2008-12-31,2009-01-31,2009-02-28,2009-03-31,2009-04-30,2009-05-31,2009-06-30,2009-07-31,2009-08-31,2009-09-30,2009-10-31,2009-11-30,2009-12-31,2010-01-31,2010-02-28,2010-03-31,2010-04-30,2010-05-31,2010-06-30,2010-07-31,2010-08-31,2010-09-30,2010-10-31,2010-11-30,2010-12-31,2011-01-31,2011-02-28,2011-03-31,2011-04-30,2011-05-31,2011-06-30,2011-07-31,2011-08-31,2011-09-30,2011-10-31,2011-11-30,2011-12-31,2012-01-31,2012-02-29,2012-03-31,2012-04-30,2012-05-31,2012-06-30,2012-07-31,2012-08-31,2012-09-30,2012-10-31,2012-11-30,2012-12-31,2013-01-31,2013-02-28,2013-03-31,2013-04-30,2013-05-31,2013-06-30,2013-07-31,2013-08-31,2013-09-30,2013-10-31,2013-11-30,2013-12-31,2014-01-31,2014-02-28,2014-03-31,2014-04-30,2014-05-31,2014-06-30,2014-07-31,2014-08-31,2014-09-30,2014-10-31,2014-11-30,2014-12-31,2015-01-31,2015-02-28,2015-03-31,2015-04-30,2015-05-31,2015-06-30,2015-07-31,2015-08-31,2015-09-30,2015-10-31,2015-11-30,2015-12-31,2016-01-31,2016-02-29,2016-03-31,2016-04-30,2016-05-31,2016-06-30,2016-07-31,2016-08-31,2016-09-30,2016-10-31,2016-11-30,2016-12-31,2017-01-31,2017-02-28,2017-03-31,2017-04-30,2017-05-31,2017-06-30,2017-07-31,2017-08-31,2017-09-30,2017-10-31,2017-11-30,2017-12-31,2018-01-31,2018-02-28,2018-03-31,2018-04-30,2018-05-31,2018-06-30,2018-07-31,2018-08-31,2018-09-30,2018-10-31,2018-11-30,2018-12-31,2019-01-31,2019-02-28,2019-03-31,2019-04-30,2019-05-31,2019-06-30,2019-07-31,2019-08-31,2019-09-30,2019-10-31,2019-11-30,2019-12-31,2020-01-31,2020-02-29,2020-03-31,2020-04-30,2020-05-31,2020-06-30,2020-07-31,2020-08-31,2020-09-30,2020-10-31,2020-11-30,2020-12-31,2021-01-31,2021-02-28,2021-03-31,2021-04-30,2021-05-31,2021-06-30,2021-07-31,2021-08-31,2021-09-30,2021-10-31,2021-11-30,2021-12-31,2022-01-31,2022-02-28,2022-03-31,2022-04-30,2022-05-31,2022-06-30,2022-07-31,2022-08-31,2022-09-30,2022-10-31,2022-11-30,2022-12-31,2023-01-31,2023-02-28,2023-03-31,2023-04-30,2023-05-31,2023-06-30,2023-07-31,2023-08-31,2023-09-30,2023-10-31,2023-11-30,2023-12-31,2024-01-31,2024-02-29,2024-03-31,2024-04-30,2024-05-31,2024-06-30,2024-07-31,2024-08-31,2024-09-30,2024-10-31,2024-11-30,2024-12-31,2025-01-31,2025-02-28,2025-03-31,2025-04-30,2025-05-31,2025-06-30,2025-07-31,2025-08-31,2025-09-30,2025-10-31,2025-11-30
102001,0,United States,country,,170500.0,175000.0,177000.0,180000.0,184900.0,182000.0,177000.0,169900.0,166500.0,160000.0,158000.0,150500.0,150000.0,150000.0,150000.0,156500.0,163500.0,164000.0,161120.0,157500.0,155000.0,155700.0,155000.0,153000.0,150000.0,156000.0,155000.0,160000.0,165000.0,162500.0,160000.0,158000.0,152000.0,152000.0,152000.0,145000.0,143000.0,145000.0,147000.0,150000.0,156500.0,155000.0,152000.0,148000.0,145000.0,145000.0,145000.0,140000.0,140000.0,148000.0,153000.0,160000.0,165000.0,164800.0,162000.0,158000.0,155000.0,158759.0,159900.0,150000.0,152000.0,160000.0,166000.0,175000.0,182000.0,182600.0,179465.0,172500.0,170000.0,168000.0,170000.0,163900.0,164400.0,170000.0,175000.0,181000.0,189000.0,187977.0,185000.0,180000.0,176500.0,177000.0,179225.0,173500.0,175000.0,183500.0,189000.0,196500.0,203000.0,200000.0,195000.0,190000.0,188000.0,187000.0,190000.0,185000.0,182000.0,190000.0,198500.0,205000.0,215000.0,210000.0,209500.0,204950.0,200000.0,202000.0,200000.0,198000.0,196000.0,204500.0,210900.0,217500.0,225000.0,223600.0,220000.0,215500.0,215000.0,216000.0,216000.0,215000.0,217000.0,224500.0,227000.0,231500.0,239000.0,235000.0,230000.0,225000.0,224000.0,225000.0,223000.0,220000.0,220000.0,230000.0,235000.0,245000.0,250000.0,248000.0,245000.0,240000.0,240000.0,239950.0,241000.0,235000.0,240000.0,250000.0,250537.0,248000.0,259000.0,270000.0,272900.0,275000.0,275000.0,275475.0,275000.0,270000.0,275000.0,285001.0,299900.0,305000.0,315000.0,315000.0,312000.0,310000.0,310500.0,315000.0,310000.0,305000.0,315000.0,330000.0,345000.0,350000.0,350000.0,337000.0,330000.0,325000.0,320000.0,310000.0,305000.0,300000.0,315000.0,325000.0,331700.0,344000.0,350000.0,347000.0,342500.0,335000.0,330000.0,325000.0,323000.0,325000.0,335000.0,345000.0,353500.0,362500.0,370000.0,363000.0,360000.0,352000.0,353800.0,350000.0,350000.0,345000.0,350000.0,358980.0,363100.0,370000.0,375000.0,370000.0,369000.0,362850.0,365000.0,359203.0
394913,1,"New York, NY",msa,NY,399900.0,390000.0,390000.0,392000.0,400000.0,410000.0,410000.0,380000.0,375000.0,365000.0,355000.0,349000.0,345000.0,335000.0,335000.0,341475.0,351000.0,360500.0,365000.0,350753.0,345000.0,355000.0,342000.0,350000.0,345000.0,330000.0,340000.0,350000.0,360000.0,377500.0,375090.0,,,,350000.0,350000.0,340000.0,331789.0,340000.0,350000.0,360000.0,370110.0,365000.0,355000.0,329500.0,325000.0,325000.0,325000.0,323150.0,325000.0,331110.0,350000.0,360000.0,365000.0,358500.0,350000.0,340000.0,338000.0,339100.0,338000.0,323000.0,325000.0,330000.0,349000.0,365000.0,377750.0,380000.0,360000.0,350000.0,340000.0,346250.0,350000.0,340000.0,339900.0,337500.0,350000.0,370000.0,375000.0,384838.0,359999.0,349900.0,350000.0,350000.0,358000.0,345000.0,340353.0,345000.0,360000.0,380000.0,380000.0,385000.0,370000.0,360000.0,350250.0,360000.0,351000.0,347000.0,346500.0,350000.0,360000.0,385000.0,386000.0,385000.0,370000.0,360000.0,360000.0,355000.0,360000.0,350000.0,345000.0,360000.0,370000.0,394000.0,399000.0,395850.0,378017.0,370000.0,372300.0,370000.0,375101.0,365000.0,380000.0,380000.0,393000.0,410000.0,415000.0,412000.0,395000.0,380640.0,385000.0,380000.0,380000.0,380000.0,375000.0,385000.0,395750.0,419500.0,415000.0,418725.0,405000.0,400000.0,400000.0,408227.0,415000.0,400113.0,410000.0,425000.0,425000.0,435000.0,437000.0,450000.0,455000.0,460000.0,470000.0,465000.0,469000.0,470000.0,470000.0,485000.0,495000.0,517500.0,525000.0,525000.0,515000.0,510000.0,505000.0,505000.0,505000.0,505000.0,510000.0,525000.0,540000.0,565000.0,565000.0,560000.0,540000.0,529000.0,525000.0,510000.0,525000.0,510000.0,515000.0,535000.0,550000.0,575000.0,585000.0,600000.0,575000.0,560000.0,562250.0,575000.0,575000.0,570000.0,575000.0,590000.0,620000.0,643875.0,650000.0,645000.0,630000.0,625000.0,624450.0,620000.0,640000.0,620000.0,620000.0,640000.0,650000.0,685000.0,685000.0,685000.0,660000.0,651000.0,665587.0
753899,2,"Los Angeles, CA",msa,CA,470000.0,455000.0,459000.0,440000.0,433000.0,420000.0,400000.0,378000.0,370000.0,350000.0,339000.0,318000.0,320000.0,320000.0,320000.0,330000.0,350000.0,350000.0,350000.0,360000.0,355000.0,360000.0,360000.0,350000.0,345000.0,358000.0,356000.0,373000.0,362000.0,365000.0,360000.0,365000.0,350000.0,350000.0,350000.0,331500.0,340000.0,347500.0,350000.0,349000.0,350000.0,350000.0,340000.0,340000.0,329000.0,330000.0,327500.0,315000.0,320000.0,331000.0,345000.0,347251.0,355000.0,362000.0,365000.0,370000.0,370000.0,375003.0,381000.0,370000.0,385000.0,413000.0,435000.0,440000.0,457000.0,456000.0,457000.0,456000.0,450000.0,450000.0,460000.0,440000.0,459000.0,470000.0,479000.0,495000.0,490000.0,499000.0,500000.0,490000.0,490000.0,485000.0,480000.0,480000.0,491000.0,500000.0,515000.0,515000.0,530000.0,525000.0,525000.0,515000.0,510000.0,515000.0,523000.0,515000.0,519000.0,530000.0,549000.0,559000.0,559750.0,554000.0,559000.0,550000.0,550000.0,552000.0,545000.0,550000.0,550000.0,569500.0,579000.0,595000.0,600000.0,600500.0,599000.0,600000.0,590000.0,600000.0,590000.0,589000.0,613000.0,620000.0,620000.0,638000.0,644000.0,637000.0,635000.0,620000.0,620000.0,625000.0,600000.0,600000.0,610000.0,628000.0,638000.0,635000.0,645000.0,652750.0,637000.0,640000.0,639000.0,639000.0,650000.0,645000.0,650000.0,670000.0,653500.0,645000.0,675000.0,700000.0,719000.0,730000.0,730000.0,725000.0,725000.0,720000.0,742000.0,770000.0,800000.0,815000.0,822000.0,820000.0,820000.0,820000.0,820000.0,825000.0,838000.0,825750.0,850000.0,880000.0,902500.0,905000.0,897000.0,865000.0,857500.0,850000.0,835000.0,820000.0,800000.0,805000.0,825000.0,840000.0,850000.0,860000.0,880000.0,888500.0,895000.0,885000.0,889000.0,900000.0,867000.0,860000.0,915000.0,915000.0,950000.0,970000.0,960000.0,950000.0,930000.0,912000.0,940000.0,920000.0,935000.0,902000.0,948500.0,970000.0,950000.0,980000.0,1000000.0,960000.0,949000.0,955000.0,945000.0,942275.0
394463,3,"Chicago, IL",msa,IL,219000.0,220000.0,223750.0,229000.0,235000.0,235000.0,231000.0,212000.0,213500.0,200000.0,190000.0,184000.0,180000.0,190000.0,186500.0,195250.0,199900.0,200000.0,193000.0,186500.0,180000.0,177500.0,175000.0,172700.0,165000.0,180000.0,183000.0,186000.0,196500.0,189000.0,191500.0,175000.0,175000.0,170750.0,165000.0,159000.0,155000.0,155000.0,163000.0,167000.0,175000.0,179000.0,175000.0,158000.0,150000.0,149900.0,141750.0,137500.0,137500.0,150000.0,160000.0,170000.0,178000.0,170000.0,161000.0,150000.0,144000.0,147500.0,141821.0,135000.0,130000.0,147000.0,159000.0,170000.0,187000.0,185000.0,180000.0,170000.0,166000.0,164150.0,167950.0,155000.0,151000.0,167000.0,175000.0,190000.0,209000.0,200000.0,200000.0,185000.0,178000.0,175000.0,174000.0,170000.0,163000.0,185000.0,192000.0,206000.0,216500.0,210000.0,203000.0,192289.0,188000.0,182000.0,183000.0,175000.0,173000.0,192500.0,212000.0,215000.0,222500.0,218747.0,212000.0,198000.0,196000.0,194500.0,191000.0,189000.0,188700.0,208000.0,221000.0,225000.0,235000.0,228000.0,220000.0,212000.0,208000.0,208000.0,205000.0,209000.0,210000.0,220000.0,230000.0,235000.0,244000.0,235000.0,225000.0,219000.0,214000.0,215000.0,210000.0,205500.0,210000.0,225000.0,233000.0,240000.0,245000.0,238500.0,235000.0,222500.0,220019.0,222000.0,217500.0,214500.0,219000.0,240000.0,252000.0,245000.0,249000.0,260000.0,265000.0,257000.0,255000.0,250000.0,249900.0,243000.0,244900.0,262500.0,275000.0,282500.0,289000.0,280000.0,275000.0,265000.0,265000.0,263000.0,262000.0,260000.0,262000.0,270000.0,291000.0,300000.0,310000.0,295000.0,280000.0,275000.0,268000.0,265000.0,258000.0,255000.0,259950.0,280000.0,289000.0,300000.0,315000.0,306000.0,305000.0,295000.0,282750.0,285000.0,279000.0,275000.0,280000.0,300000.0,312000.0,320000.0,335000.0,329700.0,315000.0,315000.0,305000.0,310000.0,300000.0,299950.0,300000.0,315000.0,329900.0,340000.0,350000.0,340000.0,341105.0,326500.0,329900.0,323907.0
394514,4,"Dallas, TX",msa,TX,138000.0,145900.0,145000.0,150000.0,156000.0,153725.0,150000.0,140000.0,140000.0,134000.0,135000.0,127500.0,138484.0,137953.0,140000.0,150000.0,156000.0,153888.0,150000.0,144000.0,141000.0,139900.0,139500.0,130000.0,142500.0,145000.0,149000.0,150521.0,154900.0,155000.0,155000.0,143500.0,140000.0,140000.0,145000.0,136750.0,140000.0,139000.0,143050.0,149774.0,152550.0,151000.0,152500.0,144900.0,140000.0,139000.0,144000.0,137000.0,142500.0,153000.0,155000.0,161650.0,165000.0,164000.0,160000.0,159000.0,152500.0,154000.0,157500.0,147000.0,155000.0,165000.0,175000.0,180000.0,183000.0,183500.0,180000.0,174999.0,170000.0,168000.0,171000.0,160650.0,171000.0,178099.0,181000.0,188425.0,195000.0,193000.0,190000.0,183000.0,181000.0,185000.0,188225.0,181500.0,187500.0,196000.0,205000.0,215000.0,219000.0,211000.0,210000.0,200000.0,200000.0,199500.0,205000.0,195163.0,206000.0,215500.0,220000.0,233881.0,238100.0,230000.0,230000.0,225000.0,223080.0,228000.0,230000.0,225000.0,233768.0,239000.0,245000.0,252000.0,253961.0,249000.0,250000.0,240000.0,239800.0,240000.0,245000.0,235000.0,249000.0,257343.0,256297.0,267000.0,269037.0,263474.0,255000.0,249000.0,246500.0,245000.0,247950.0,236932.0,245000.0,258000.0,261000.0,272500.0,275000.0,269359.0,267000.0,260000.0,260000.0,258000.0,263000.0,255000.0,260750.0,269970.0,280000.0,270000.0,284000.0,293000.0,290000.0,290000.0,295000.0,292000.0,294803.0,284398.0,307000.0,318581.0,328000.0,347500.0,352500.0,350000.0,348684.0,346785.0,349000.0,350000.0,352186.0,350000.0,367750.0,380000.0,410000.0,420000.0,415000.0,405000.0,395000.0,385000.0,380000.0,370000.0,355000.0,350282.0,369391.0,370000.0,383000.0,394000.0,400000.0,399900.0,389000.0,380000.0,375000.0,375000.0,369000.0,370000.0,381999.0,391500.0,400000.0,406000.0,403000.0,398000.0,392000.0,381299.0,384000.0,385000.0,380000.0,375000.0,385000.0,394000.0,395000.0,400000.0,409093.0,400000.0,385500.0,380000.0,380000.0,373281.0
394692,5,"Houston, TX",msa,TX,145645.0,144848.0,145050.0,150000.0,155772.0,155000.0,153500.0,150000.0,134000.0,130000.0,133500.0,125059.0,132888.0,140000.0,145000.0,152000.0,160000.0,158950.0,158000.0,151500.0,141000.0,144900.0,143950.0,139000.0,143000.0,149900.0,147000.0,147700.0,152500.0,153000.0,152000.0,149500.0,142900.0,145000.0,151000.0,131537.0,146000.0,140000.0,145000.0,150000.0,155500.0,152245.0,151000.0,147000.0,145000.0,142500.0,149900.0,131175.0,137500.0,153000.0,152500.0,160000.0,165000.0,163995.0,156000.0,155000.0,151500.0,155000.0,155000.0,141000.0,151000.0,162000.0,173000.0,175000.0,184500.0,180000.0,180000.0,173000.0,168500.0,171000.0,175000.0,167500.0,171520.0,193000.0,203678.0,207391.0,208914.0,195000.0,191000.0,184900.0,179900.0,180000.0,190000.0,179000.0,184000.0,193568.0,193805.0,204900.0,208000.0,205000.0,200000.0,190000.0,189109.0,184900.0,195000.0,187000.0,185132.0,192000.0,200000.0,210000.0,215000.0,214500.0,208000.0,203000.0,200000.0,203000.0,207497.0,195000.0,202000.0,213328.0,213000.0,221550.0,225000.0,218000.0,218000.0,215900.0,209900.0,210000.0,210000.0,203393.0,211000.0,220000.0,225000.0,229900.0,229900.0,229900.0,222500.0,215000.0,215450.0,216000.0,219000.0,210000.0,215000.0,225000.0,230000.0,237900.0,240000.0,235000.0,234000.0,227000.0,225000.0,224148.0,235000.0,220000.0,229000.0,235013.0,237000.0,235000.0,249900.0,260000.0,256000.0,250000.0,255000.0,260000.0,260000.0,250000.0,265000.0,282000.0,289500.0,295900.0,305000.0,300000.0,295228.0,290000.0,292000.0,300000.0,304950.0,293145.0,312600.0,315000.0,327000.0,340000.0,340000.0,333000.0,320000.0,320000.0,309000.0,305000.0,304500.0,295000.0,302500.0,311000.0,320000.0,325000.0,332000.0,330000.0,325000.0,320000.0,315000.0,315000.0,310000.0,305000.0,325000.0,320000.0,337000.0,341000.0,345000.0,345000.0,327885.0,330000.0,330000.0,325000.0,325000.0,315000.0,321839.0,335000.0,333000.0,345000.0,350000.0,340000.0,339000.0,322100.0,325000.0,321794.0
395209,6,"Washington, DC",msa,VA,339250.0,327125.0,330000.0,335000.0,335000.0,329000.0,310000.0,280000.0,275700.0,265000.0,269000.0,259250.0,255500.0,260000.0,268580.0,281342.0,297553.0,300000.0,299000.0,279000.0,270000.0,275000.0,270000.0,257990.0,263000.0,260000.0,290000.0,289000.0,285000.0,315000.0,275000.0,285000.0,286000.0,290000.0,285000.0,262000.0,264900.0,264900.0,284000.0,300000.0,315000.0,316000.0,308000.0,280000.0,275500.0,281500.0,270000.0,265000.0,261950.0,297000.0,314000.0,334000.0,345000.0,338840.0,325000.0,312000.0,306000.0,311000.0,310000.0,290500.0,299900.0,322000.0,345000.0,365000.0,375000.0,365650.0,356000.0,330000.0,329900.0,335000.0,330000.0,320000.0,320000.0,330000.0,353000.0,375000.0,377000.0,370000.0,359000.0,335860.0,340103.0,340000.0,345000.0,325000.0,332000.0,345000.0,360000.0,375875.0,377500.0,364700.0,355000.0,342000.0,337500.0,340000.0,329995.0,330000.0,329208.0,339000.0,360000.0,371000.0,380000.0,370000.0,364000.0,347000.0,345127.0,345000.0,346500.0,340000.0,335000.0,350000.0,375000.0,385000.0,392000.0,385000.0,372000.0,352250.0,359000.0,362000.0,365500.0,355000.0,361000.0,375000.0,396000.0,403000.0,406000.0,399000.0,390000.0,370000.0,373500.0,375000.0,380000.0,360000.0,373000.0,385000.0,405000.0,409850.0,415000.0,410000.0,400000.0,382500.0,390000.0,395000.0,395000.0,375000.0,390000.0,420000.0,430000.0,425000.0,430000.0,450000.0,445000.0,435000.0,436000.0,434900.0,427750.0,410000.0,413500.0,445500.0,470000.0,485000.0,490000.0,480000.0,465000.0,450000.0,465000.0,455000.0,452250.0,434900.0,450000.0,485000.0,519999.0,529900.0,520000.0,500000.0,493000.0,475000.0,475000.0,469000.0,447500.0,440000.0,475000.0,480000.0,521950.0,538250.0,535000.0,525000.0,518250.0,490000.0,500000.0,490000.0,485000.0,465000.0,500000.0,530000.0,556000.0,570000.0,568932.0,554000.0,549900.0,530000.0,535000.0,530000.0,515000.0,490000.0,525000.0,550000.0,574850.0,585000.0,585000.0,575000.0,564950.0,549900.0,554945.0,546643.0
394974,7,"Philadelphia, PA",msa,PA,190475.0,199000.0,200000.0,212000.0,218000.0,224900.0,224000.0,207000.0,199900.0,190000.0,185000.0,184000.0,181000.0,187000.0,189900.0,199900.0,215000.0,213500.0,210000.0,199000.0,192000.0,195000.0,189900.0,189000.0,185000.0,189900.0,198000.0,199900.0,216000.0,210000.0,205250.0,197500.0,190000.0,191000.0,189300.0,187700.0,177000.0,179200.0,181000.0,191000.0,210000.0,205000.0,205000.0,187500.0,180000.0,180000.0,180000.0,179900.0,167000.0,178000.0,185000.0,199000.0,212500.0,209000.0,205175.0,190000.0,184000.0,190000.0,185500.0,178000.0,167625.0,185000.0,187500.0,205000.0,225000.0,220000.0,215000.0,196325.0,190000.0,189000.0,187000.0,180000.0,171000.0,180000.0,185000.0,200000.0,220000.0,216250.0,215000.0,198000.0,190000.0,190000.0,185000.0,180000.0,169000.0,185000.0,187600.0,207000.0,220000.0,215000.0,210000.0,200000.0,191000.0,185000.0,183000.0,184000.0,177250.0,180000.0,194000.0,206050.0,224900.0,220000.0,210000.0,205000.0,193000.0,192000.0,196000.0,178000.0,175000.0,189900.0,200000.0,213000.0,229900.0,225000.0,215000.0,205000.0,199900.0,200000.0,205000.0,190000.0,189900.0,205000.0,208000.0,220000.0,235000.0,230000.0,230000.0,217000.0,205000.0,214500.0,205000.0,195000.0,200000.0,210000.0,220000.0,229900.0,250000.0,245000.0,244000.0,225000.0,223000.0,230000.0,225000.0,220000.0,219000.0,233250.0,255000.0,241000.0,250500.0,269000.0,271375.0,265000.0,260000.0,260950.0,260000.0,250000.0,245000.0,255000.0,263000.0,275000.0,296195.0,300000.0,300000.0,280000.0,279000.0,280000.0,270000.0,260000.0,255000.0,268000.0,285000.0,305000.0,325000.0,315000.0,315000.0,300000.0,291000.0,293000.0,287500.0,275000.0,272000.0,290000.0,295000.0,315000.0,335000.0,335000.0,332394.0,319000.0,320000.0,315000.0,314950.0,300000.0,299900.0,315000.0,325000.0,340000.0,360000.0,353000.0,360000.0,342000.0,340000.0,350000.0,336000.0,315000.0,325000.0,335000.0,348000.0,360000.0,380000.0,377000.0,374000.0,354800.0,351000.0,356763.0
394856,8,"Miami, FL",msa,FL,240000.0,235000.0,240000.0,231000.0,237000.0,228000.0,220000.0,200000.0,198000.0,180000.0,176800.0,155000.0,152469.0,150000.0,140000.0,144200.0,154900.0,150000.0,153000.0,149000.0,142500.0,145000.0,147000.0,135000.0,135000.0,140000.0,140000.0,143700.0,143000.0,132000.0,130250.0,130000.0,130000.0,130000.0,125000.0,107000.0,117000.0,115900.0,124000.0,133825.0,130000.0,137500.0,127000.0,121000.0,123500.0,127000.0,125000.0,125000.0,125000.0,130000.0,140000.0,140000.0,148000.0,145000.0,143000.0,145000.0,142000.0,147000.0,153000.0,150000.0,147000.0,152500.0,163000.0,170000.0,175000.0,180000.0,180000.0,177000.0,171000.0,180000.0,180000.0,172500.0,170000.0,180000.0,182000.0,193000.0,200000.0,197000.0,189000.0,193000.0,189950.0,192000.0,196000.0,190000.0,195000.0,200000.0,205000.0,219000.0,220000.0,215000.0,215000.0,210000.0,206000.0,209000.0,212000.0,206000.0,212000.0,215000.0,224450.0,230000.0,235000.0,234500.0,235000.0,235000.0,226000.0,229000.0,232000.0,230000.0,228000.0,235000.0,242000.0,249800.0,259000.0,250000.0,250000.0,249000.0,242000.0,249500.0,252500.0,247000.0,250000.0,257000.0,255200.0,260850.0,270000.0,260000.0,259000.0,260000.0,260000.0,260000.0,260000.0,250000.0,257500.0,268000.0,270000.0,273000.0,280000.0,280000.0,275000.0,274999.0,275000.0,279000.0,275000.0,274392.0,279300.0,290000.0,295000.0,295000.0,300000.0,310000.0,317000.0,310000.0,313000.0,314000.0,320000.0,320000.0,325000.0,330000.0,340000.0,345000.0,353000.0,355000.0,353000.0,349900.0,350000.0,362000.0,365500.0,368000.0,382000.0,390000.0,395000.0,410400.0,412000.0,400000.0,400000.0,403000.0,400000.0,400000.0,390000.0,400000.0,407000.0,420000.0,429000.0,435000.0,440000.0,432000.0,435000.0,440000.0,435000.0,430000.0,431550.0,435000.0,455000.0,475000.0,469000.0,470000.0,485000.0,464900.0,457500.0,460000.0,460000.0,465000.0,475000.0,474950.0,485000.0,475000.0,480000.0,492000.0,485000.0,465000.0,465000.0,465000.0,470000.0,472813.0
394347,9,"Atlanta, GA",msa,GA,150000.0,154500.0,155000.0,159000.0,159500.0,154900.0,150000.0,139000.0,135000.0,120000.0,123000.0,119000.0,117000.0,119900.0,120000.0,125000.0,132000.0,137000.0,130000.0,131000.0,132000.0,132000.0,122000.0,119000.0,118000.0,120000.0,129000.0,132000.0,125000.0,125000.0,116000.0,117000.0,113941.0,114900.0,112500.0,103000.0,99950.0,105000.0,106000.0,104950.0,109000.0,105000.0,100000.0,92411.0,90000.0,93000.0,91000.0,81500.0,82000.0,95000.0,100000.0,108150.0,106000.0,110000.0,108060.0,104950.0,104900.0,108000.0,115000.0,100000.0,115000.0,127000.0,133875.0,145700.0,150000.0,156957.0,147500.0,139900.0,137500.0,132500.0,140000.0,129900.0,132000.0,142500.0,153000.0,165000.0,169900.0,170000.0,162500.0,156000.0,154000.0,150000.0,159900.0,147500.0,155000.0,167000.0,175000.0,185000.0,185000.0,185000.0,174500.0,171000.0,169000.0,170000.0,170000.0,162500.0,165000.0,175000.0,184000.0,193000.0,190001.0,198000.0,184900.0,178000.0,179520.0,180000.0,178250.0,175000.0,178500.0,188000.0,199500.0,200000.0,205250.0,207000.0,196000.0,195000.0,194500.0,189949.0,198000.0,190000.0,200000.0,210000.0,219850.0,225000.0,225000.0,223000.0,200000.0,215000.0,210000.0,205500.0,206500.0,202000.0,208000.0,220000.0,225000.0,236900.0,239500.0,235000.0,227000.0,226000.0,223000.0,221500.0,228000.0,219900.0,229000.0,244000.0,254000.0,243000.0,249900.0,262681.0,262000.0,260000.0,261000.0,260000.0,260000.0,257000.0,264000.0,275000.0,291000.0,300000.0,310000.0,312500.0,308000.0,314000.0,323000.0,320000.0,321000.0,310000.0,323000.0,335250.0,350000.0,360000.0,362500.0,355000.0,344900.0,340000.0,335000.0,332000.0,325000.0,318000.0,332500.0,340000.0,350000.0,360000.0,370000.0,369700.0,360000.0,355000.0,350000.0,345000.0,340000.0,335000.0,360000.0,365000.0,369900.0,380000.0,389000.0,378945.0,367000.0,370000.0,360000.0,359000.0,365000.0,350000.0,359900.0,370000.0,375000.0,380000.0,395000.0,380000.0,380000.0,370000.0,362000.0,367779.0
394404,10,"Boston, MA",msa,MA,300000.0,310000.0,315000.0,333000.0,346000.0,339700.0,334900.0,299000.0,298000.0,290000.0,288000.0,270000.0,265000.0,262000.0,285000.0,299000.0,320000.0,321000.0,324900.0,299900.0,285000.0,287500.0,300000.0,296000.0,279900.0,290000.0,300000.0,309900.0,344000.0,340000.0,339900.0,308250.0,300000.0,314900.0,295000.0,292000.0,272000.0,286000.0,299000.0,320000.0,341000.0,344000.0,330000.0,310975.0,280000.0,299950.0,289000.0,282000.0,270000.0,285000.0,300000.0,320000.0,355000.0,340000.0,328450.0,306000.0,299000.0,314500.0,307129.0,285000.0,291500.0,300000.0,325000.0,335000.0,365000.0,362500.0,358000.0,335000.0,325000.0,325700.0,330000.0,335000.0,306077.0,328000.0,330100.0,355000.0,379000.0,375000.0,370000.0,340000.0,335750.0,344000.0,350000.0,350000.0,325000.0,335000.0,350000.0,371900.0,390000.0,390900.0,389900.0,351500.0,349900.0,363250.0,358900.0,354500.0,325900.0,349000.0,369900.0,380200.0,405000.0,403500.0,396250.0,375000.0,362533.0,385000.0,375000.0,377500.0,355500.0,377000.0,388500.0,410000.0,430000.0,427000.0,417700.0,396000.0,397750.0,407500.0,405000.0,400000.0,387000.0,400000.0,427000.0,440000.0,464900.0,459900.0,450000.0,415000.0,415000.0,424000.0,410000.0,420000.0,408000.0,420000.0,429900.0,460000.0,475000.0,469900.0,460000.0,436050.0,435000.0,440000.0,445000.0,439950.0,430000.0,465000.0,485000.0,475700.0,500000.0,509000.0,522000.0,515000.0,500000.0,500000.0,505000.0,491000.0,499000.0,520000.0,550000.0,575000.0,600750.0,590000.0,585000.0,550000.0,545000.0,560000.0,560000.0,543885.0,541000.0,585000.0,625000.0,640000.0,670000.0,645000.0,630000.0,600000.0,589500.0,589950.0,555000.0,550000.0,540000.0,585000.0,610250.0,630000.0,675000.0,675000.0,650000.0,620000.0,630000.0,620000.0,600000.0,610000.0,600000.0,645000.0,650000.0,680000.0,715000.0,699900.0,675000.0,650000.0,650000.0,652000.0,650000.0,650000.0,645000.0,671500.0,690000.0,725000.0,730875.0,715000.0,712500.0,665000.0,684950.0,685234.0
394976,11,"Phoenix, AZ",msa,AZ,215000.0,212000.0,210000.0,205000.0,199400.0,185000.0,180500.0,169000.0,160000.0,150000.0,139000.0,126900.0,120000.0,117500.0,116000.0,119000.0,124900.0,125000.0,125885.0,128000.0,125000.0,129900.0,125000.0,123000.0,125000.0,126900.0,128900.0,130000.0,127000.0,125000.0,118950.0,120000.0,119900.0,115000.0,110000.0,109000.0,110000.0,110000.0,110000.0,109500.0,110400.0,109900.0,108662.0,110500.0,110000.0,113950.0,117000.0,118500.0,121000.0,129000.0,135200.0,145000.0,144250.0,140500.0,145000.0,145000.0,149900.0,154900.0,153000.0,150000.0,159000.0,165000.0,170000.0,174900.0,179000.0,182500.0,176000.0,180000.0,179000.0,180000.0,185000.0,180000.0,180000.0,186000.0,187500.0,188900.0,187500.0,191000.0,192000.0,188000.0,188000.0,185000.0,192000.0,190000.0,194900.0,198500.0,200000.0,209900.0,210000.0,209000.0,206000.0,208500.0,208900.0,207000.0,215000.0,210000.0,210000.0,215000.0,220000.0,224900.0,226000.0,220250.0,225000.0,226500.0,225000.0,224000.0,225000.0,224000.0,226000.0,229900.0,232000.0,238250.0,240000.0,237750.0,238000.0,237500.0,240000.0,240000.0,242000.0,244950.0,250000.0,250500.0,252000.0,258000.0,265000.0,260000.0,256000.0,255000.0,255000.0,257000.0,256000.0,259250.0,260000.0,265000.0,267000.0,273000.0,276000.0,275000.0,275000.0,275000.0,279000.0,277000.0,282900.0,285000.0,290000.0,300000.0,298000.0,295000.0,305000.0,315000.0,320000.0,323200.0,325000.0,328550.0,330000.0,340000.0,347500.0,357000.0,367000.0,384900.0,390000.0,400000.0,400000.0,408000.0,410000.0,420000.0,420000.0,427000.0,440000.0,452450.0,465000.0,470950.0,470000.0,452000.0,440000.0,432900.0,435000.0,419800.0,410000.0,415000.0,412000.0,421000.0,425000.0,435000.0,443125.0,435000.0,435000.0,434925.0,435000.0,440000.0,430000.0,432000.0,446800.0,450000.0,455000.0,457950.0,450000.0,445000.0,440000.0,440594.0,449900.0,453000.0,449900.0,455000.0,465000.0,461000.0,446000.0,459000.0,450000.0,443000.0,439000.0,455000.0,450000.0,449879.0
395057,12,"San Francisco, CA",msa,CA,560000.0,545000.0,530000.0,540000.0,515000.0,510000.0,450000.0,400000.0,385000.0,355000.0,324000.0,290000.0,300000.0,300000.0,325000.0,350000.0,385000.0,390000.0,390000.0,400000.0,405000.0,411000.0,400750.0,360000.0,375000.0,399500.0,398000.0,445000.0,440000.0,440000.0,425000.0,415000.0,412000.0,403000.0,385000.0,346500.0,350500.0,384500.0,385000.0,400000.0,401500.0,395000.0,389000.0,376000.0,369000.0,379500.0,350000.0,320000.0,340000.0,373500.0,405000.0,430000.0,450000.0,450000.0,440000.0,432000.0,450000.0,470000.0,465000.0,418000.0,440000.0,500000.0,570000.0,595000.0,610000.0,601000.0,575000.0,562000.0,580000.0,575000.0,550000.0,548000.0,555000.0,615000.0,644000.0,648000.0,660000.0,650000.0,650000.0,630000.0,650000.0,650000.0,616750.0,572000.0,618000.0,695000.0,705000.0,720000.0,704000.0,705000.0,699000.0,665000.0,680000.0,700000.0,698000.0,649000.0,655000.0,700000.0,740000.0,765000.0,765000.0,750000.0,714068.0,680000.0,730000.0,740000.0,702000.0,674500.0,719250.0,764000.0,820000.0,808000.0,813500.0,800000.0,775000.0,765000.0,816500.0,828000.0,784000.0,731310.0,800000.0,875000.0,890000.0,925000.0,925000.0,885000.0,855000.0,849000.0,880000.0,855000.0,805000.0,784000.0,833000.0,875000.0,905500.0,910000.0,914500.0,875000.0,849500.0,850000.0,885500.0,866500.0,840000.0,800000.0,850000.0,890000.0,900000.0,900000.0,950000.0,968000.0,965000.0,960000.0,965000.0,970000.0,940000.0,911000.0,975000.0,1038000.0,1125000.0,1150000.0,1150000.0,1110000.0,1095000.0,1069000.0,1090000.0,1085000.0,1000000.0,995000.0,1078000.0,1150000.0,1252000.0,1250000.0,1200000.0,1120000.0,1050000.0,1075000.0,1100000.0,1050000.0,950000.0,915000.0,949500.0,1055000.0,1100000.0,1100000.0,1135000.0,1100000.0,1065000.0,1087000.0,1100000.0,1122000.0,990000.0,925000.0,1056500.0,1175000.0,1200000.0,1220000.0,1200000.0,1170000.0,1066500.0,1100000.0,1146500.0,1130000.0,1029000.0,950000.0,1100000.0,1175000.0,1200000.0,1200000.0,1180000.0,1100000.0,1050000.0,1100000.0,1167000.0,1089838.0
395025,13,"Riverside, CA",msa,CA,295000.0,280000.0,274000.0,260000.0,255000.0,240000.0,225000.0,215000.0,210000.0,198775.0,185000.0,175215.0,170000.0,165000.0,160000.0,158000.0,160000.0,160000.0,160000.0,165000.0,165000.0,173500.0,173000.0,173000.0,172000.0,175000.0,172500.0,180000.0,178000.0,177000.0,175000.0,175250.0,174500.0,170000.0,175000.0,170000.0,170000.0,172000.0,170000.0,171000.0,170900.0,170000.0,170000.0,170000.0,168000.0,170000.0,167750.0,165500.0,168000.0,175000.0,177500.0,179000.0,180000.0,185000.0,179000.0,185000.0,190000.0,200000.0,205000.0,200000.0,200000.0,215000.0,220000.0,226000.0,230000.0,235000.0,232000.0,240000.0,242000.0,240000.0,250000.0,245000.0,248000.0,256000.0,255000.0,265000.0,265000.0,263000.0,260000.0,260000.0,262000.0,267000.0,268000.0,260000.0,269000.0,277250.0,277000.0,280000.0,285000.0,289000.0,283000.0,282500.0,279000.0,280000.0,287000.0,282000.0,285000.0,295000.0,299000.0,300000.0,301000.0,308000.0,302000.0,308000.0,300000.0,307500.0,310000.0,300000.0,310000.0,319000.0,324000.0,320000.0,333000.0,332000.0,325000.0,330000.0,330000.0,325000.0,330000.0,335000.0,342000.0,340000.0,350000.0,350000.0,350000.0,355000.0,345000.0,350000.0,345000.0,345000.0,340000.0,345000.0,350000.0,353000.0,356000.0,360500.0,360000.0,365000.0,364000.0,368500.0,370000.0,365000.0,365000.0,367250.0,371750.0,377500.0,372500.0,379000.0,390000.0,405000.0,409000.0,420000.0,420000.0,425000.0,430000.0,427500.0,435500.0,455000.0,465000.0,475000.0,485000.0,495000.0,495000.0,495000.0,500000.0,505000.0,518000.0,515000.0,525000.0,540000.0,554500.0,560000.0,551000.0,535000.0,530000.0,529000.0,515000.0,495000.0,500000.0,495000.0,510000.0,515000.0,525500.0,535000.0,536500.0,540000.0,544000.0,530000.0,540000.0,530000.0,533000.0,530000.0,547500.0,560000.0,570000.0,565000.0,565000.0,570500.0,560000.0,555000.0,573500.0,566000.0,562500.0,560000.0,575000.0,575000.0,580000.0,570000.0,575000.0,565000.0,567000.0,554000.0,560000.0,563790.0
394532,14,"Detroit, MI",msa,MI,104000.0,103000.0,105000.0,102000.0,107400.0,109000.0,104900.0,99000.0,86000.0,80000.0,79112.0,69900.0,69500.0,65000.0,61841.0,65500.0,70000.0,75000.0,72755.0,75500.0,80000.0,82000.0,80000.0,74800.0,69000.0,75000.0,79900.0,80000.0,80000.0,77000.0,75000.0,74000.0,72143.0,71000.0,72900.0,65000.0,63000.0,65000.0,67000.0,70000.0,74900.0,78500.0,81000.0,78000.0,75000.0,75000.0,71000.0,65700.0,65000.0,73375.0,75000.0,80000.0,85120.0,89000.0,91374.0,85000.0,88450.0,85100.0,87500.0,83000.0,82100.0,91000.0,100000.0,108000.0,115100.0,124000.0,125000.0,118000.0,115512.0,114000.0,115000.0,102950.0,100000.0,110900.0,120000.0,128000.0,135000.0,140000.0,141000.0,133000.0,125000.0,125000.0,124900.0,114450.0,116500.0,124500.0,134500.0,145000.0,147500.0,153000.0,149900.0,145000.0,136000.0,135000.0,135000.0,130200.0,126050.0,136500.0,144900.0,155000.0,160000.0,157000.0,156000.0,153900.0,154000.0,148000.0,145000.0,137900.0,135000.0,144950.0,156700.0,163000.0,167950.0,165000.0,163000.0,161000.0,161500.0,155000.0,156000.0,145000.0,150000.0,157000.0,165000.0,172900.0,175000.0,176100.0,170000.0,162000.0,162475.0,160000.0,156140.0,145000.0,155000.0,160000.0,164900.0,180000.0,180000.0,183000.0,180500.0,178500.0,170000.0,172000.0,170000.0,160000.0,159900.0,180000.0,189000.0,170000.0,198000.0,210000.0,200000.0,205000.0,196500.0,196000.0,190000.0,179000.0,175000.0,185000.0,205000.0,216000.0,220000.0,225000.0,220000.0,220000.0,213000.0,210000.0,205000.0,191000.0,198850.0,201000.0,220000.0,234900.0,245000.0,240000.0,233750.0,225000.0,220000.0,215000.0,203125.0,186500.0,208000.0,209000.0,220000.0,235000.0,243000.0,241050.0,238500.0,235000.0,228000.0,224000.0,220000.0,200000.0,216250.0,224500.0,235000.0,252000.0,260000.0,260000.0,256000.0,250000.0,245000.0,242500.0,230000.0,220000.0,230000.0,234900.0,245000.0,261005.0,270000.0,271000.0,270000.0,275000.0,270000.0,254976.0
395078,15,"Seattle, WA",msa,WA,327000.0,326950.0,332000.0,330000.0,328440.0,328500.0,320750.0,308650.0,310000.0,290230.0,299000.0,290000.0,289000.0,284140.0,289280.0,290000.0,300000.0,290000.0,290000.0,290280.0,282500.0,279125.0,282500.0,277725.0,279000.0,285000.0,284625.0,295000.0,285000.0,300000.0,285000.0,275000.0,269000.0,265000.0,272000.0,246000.0,250000.0,250000.0,253192.0,245000.0,250224.0,248280.0,240280.0,235280.0,225280.0,229950.0,225950.0,210280.0,220000.0,228750.0,250000.0,258000.0,270280.0,270000.0,262500.0,270000.0,265000.0,266000.0,260000.0,239975.0,257550.0,270000.0,281000.0,299950.0,300000.0,310950.0,303500.0,300280.0,293075.0,287000.0,285000.0,270000.0,285000.0,285000.0,300000.0,305495.0,320219.0,320000.0,310000.0,308000.0,304000.0,312000.0,300000.0,297059.0,299500.0,319134.0,330000.0,340000.0,350000.0,337100.0,346625.0,335000.0,338000.0,330000.0,332000.0,320000.0,325000.0,340000.0,351500.0,370219.0,378803.0,375000.0,373975.0,361990.0,365000.0,372000.0,359719.0,348719.0,355000.0,373719.0,399950.0,409716.0,425000.0,420000.0,415000.0,419719.0,409719.0,420000.0,410000.0,395000.0,420000.0,445000.0,460750.0,455000.0,460000.0,453325.0,440000.0,430000.0,425719.0,421832.0,424000.0,413000.0,434000.0,454000.0,465000.0,481000.0,475000.0,465000.0,463900.0,455000.0,457500.0,456200.0,467000.0,447000.0,470000.0,490000.0,500000.0,490500.0,525000.0,528000.0,535000.0,550000.0,540000.0,540000.0,520000.0,525000.0,540000.0,587500.0,615000.0,643150.0,645000.0,645000.0,630000.0,619000.0,628075.0,622750.0,620000.0,599000.0,650000.0,700000.0,730000.0,735000.0,700000.0,675000.0,655000.0,650000.0,654525.0,622500.0,600000.0,600000.0,603100.0,627500.0,649999.0,675000.0,688687.0,675000.0,675000.0,658000.0,665000.0,650000.0,630000.0,615000.0,660000.0,700000.0,725000.0,745000.0,726000.0,727000.0,715000.0,699000.0,722500.0,700000.0,670000.0,649750.0,690000.0,700000.0,730000.0,730000.0,750000.0,725000.0,720000.0,710000.0,726500.0,697073.0
394865,16,"Minneapolis, MN",msa,MN,201500.0,210000.0,211500.0,210000.0,208950.0,207000.0,205000.0,192000.0,191000.0,184900.0,178095.0,171500.0,170000.0,175000.0,172000.0,180000.0,182500.0,182200.0,179650.0,177500.0,174900.0,172000.0,167600.0,160900.0,167000.0,172000.0,174814.0,174300.0,180000.0,178750.0,178000.0,169900.0,170000.0,160000.0,158020.0,153656.0,148500.0,146500.0,150000.0,155000.0,161200.0,160000.0,154000.0,155000.0,148000.0,144900.0,139025.0,140000.0,139900.0,146000.0,159900.0,163500.0,172000.0,169900.0,171000.0,166000.0,165000.0,162000.0,155500.0,155000.0,155000.0,170000.0,175000.0,184900.0,196515.0,197000.0,195000.0,186000.0,181979.0,180000.0,178000.0,173000.0,180000.0,184000.0,190000.0,200316.0,205957.0,204900.0,208000.0,195000.0,191893.0,190000.0,189537.0,188752.0,195124.0,206000.0,214508.0,218500.0,222000.0,217900.0,215000.0,211000.0,206200.0,205900.0,207000.0,209000.0,207500.0,218750.0,219900.0,225000.0,233000.0,230000.0,229000.0,221000.0,221000.0,220000.0,215000.0,214300.0,213500.0,225000.0,235000.0,239000.0,247000.0,242121.0,240060.0,235800.0,230000.0,234000.0,232000.0,230000.0,235300.0,245000.0,252000.0,257000.0,258950.0,253500.0,255000.0,249251.0,250000.0,247312.0,243239.0,245000.0,247625.0,263000.0,265000.0,270000.0,279000.0,275000.0,275000.0,265000.0,264500.0,265000.0,264900.0,257500.0,265000.0,280000.0,286725.0,280500.0,290000.0,299900.0,305000.0,297000.0,300000.0,297900.0,290000.0,288000.0,290000.0,306000.0,320000.0,325000.0,335000.0,332500.0,335000.0,330000.0,325000.0,322000.0,312850.0,310000.0,315000.0,330000.0,350000.0,355000.0,362000.0,354950.0,350000.0,340000.0,337500.0,325700.0,315000.0,324000.0,320000.0,330000.0,340000.0,349700.0,365000.0,360000.0,365000.0,350000.0,345000.0,340000.0,325000.0,325000.0,339000.0,340000.0,360500.0,365000.0,373000.0,369000.0,370000.0,360000.0,360550.0,355000.0,350000.0,345000.0,357000.0,355000.0,374823.0,376000.0,385000.0,380000.0,380000.0,375000.0,370000.0,362516.0
395056,17,"San Diego, CA",msa,CA,400000.0,390000.0,395750.0,375000.0,370000.0,360000.0,340000.0,325000.0,314000.0,300000.0,296250.0,280000.0,283000.0,285000.0,291000.0,295000.0,310000.0,315000.0,320000.0,320000.0,320000.0,319000.0,323000.0,305000.0,320000.0,330000.0,330000.0,335000.0,334000.0,339000.0,331000.0,325000.0,330000.0,325000.0,329000.0,300000.0,307000.0,320000.0,320000.0,320000.0,325000.0,325000.0,317500.0,310000.0,312250.0,306000.0,305000.0,305000.0,305000.0,319000.0,327000.0,331000.0,334000.0,340000.0,340000.0,349000.0,348000.0,351000.0,360000.0,350000.0,350000.0,380000.0,399000.0,409000.0,415000.0,415000.0,410000.0,417750.0,405000.0,410000.0,410000.0,405000.0,407750.0,425000.0,435000.0,435000.0,445000.0,445000.0,440000.0,445000.0,439000.0,425000.0,425500.0,435000.0,435000.0,451000.0,455000.0,460000.0,477000.0,470000.0,462000.0,455000.0,455000.0,466500.0,460000.0,465000.0,455000.0,475000.0,490000.0,490000.0,495000.0,495000.0,495000.0,490000.0,505000.0,490000.0,492250.0,498500.0,495000.0,513000.0,515000.0,530000.0,545000.0,537000.0,540000.0,530000.0,530000.0,542250.0,538000.0,525000.0,540000.0,550000.0,567000.0,565000.0,575000.0,570000.0,575000.0,570000.0,551500.0,545000.0,550000.0,550000.0,555000.0,560000.0,575000.0,575000.0,587500.0,575000.0,580000.0,569000.0,575000.0,585000.0,567000.0,580000.0,579000.0,585000.0,592000.0,579000.0,605000.0,633750.0,640000.0,649000.0,648500.0,646500.0,648000.0,645000.0,675000.0,700000.0,715000.0,740000.0,760000.0,745000.0,730000.0,750000.0,745000.0,760000.0,757000.0,764000.0,786000.0,825000.0,850000.0,855000.0,830000.0,808000.0,790000.0,790000.0,785000.0,767500.0,765000.0,766750.0,779000.0,818000.0,825000.0,840000.0,850000.0,860000.0,870000.0,850000.0,845000.0,852500.0,815000.0,825000.0,855000.0,880000.0,895000.0,900000.0,920000.0,895000.0,878500.0,875000.0,885000.0,875000.0,854000.0,859000.0,878000.0,900000.0,900000.0,895000.0,892500.0,895000.0,895000.0,875000.0,875000.0,871039.0
395148,18,"Tampa, FL",msa,FL,161250.0,168000.0,160600.0,164900.0,164900.0,159900.0,154000.0,147900.0,140000.0,134500.0,135000.0,118000.0,120000.0,125000.0,123000.0,125000.0,129950.0,130000.0,125000.0,124900.0,123000.0,125000.0,120000.0,115000.0,116000.0,114000.0,119000.0,120000.0,123000.0,110000.0,115000.0,113000.0,112000.0,105000.0,107000.0,87800.0,90000.0,95000.0,98000.0,100000.0,108000.0,105000.0,105000.0,103000.0,95000.0,92900.0,101750.0,95000.0,95500.0,100000.0,106449.0,109000.0,111000.0,112000.0,112000.0,110000.0,110000.0,115000.0,118000.0,109000.0,111000.0,122500.0,122750.0,127000.0,130000.0,135250.0,133750.0,128000.0,125000.0,125000.0,129000.0,115000.0,119000.0,125000.0,126250.0,135000.0,139900.0,142000.0,140000.0,135975.0,138000.0,132000.0,137000.0,125000.0,131000.0,139900.0,144850.0,150000.0,154000.0,154000.0,149900.0,150000.0,150000.0,147500.0,153500.0,148785.0,150000.0,155000.0,162000.0,167000.0,177000.0,170000.0,173950.0,170000.0,168000.0,169900.0,172750.0,165000.0,169900.0,175000.0,179000.0,185000.0,192250.0,190000.0,186000.0,185000.0,182000.0,190000.0,190000.0,179900.0,190000.0,194000.0,198000.0,201000.0,210000.0,206500.0,202500.0,202000.0,200000.0,200000.0,205000.0,194000.0,200000.0,205000.0,210000.0,217000.0,224650.0,223500.0,219900.0,218000.0,215000.0,215000.0,222000.0,215000.0,220000.0,226000.0,233975.0,235000.0,240000.0,246500.0,249000.0,250000.0,250000.0,252250.0,254000.0,250000.0,253000.0,260000.0,268000.0,282500.0,294000.0,292800.0,300000.0,299900.0,300000.0,307500.0,315650.0,315000.0,330000.0,340000.0,349000.0,360000.0,368100.0,365000.0,350400.0,349000.0,350000.0,339000.0,339000.0,330000.0,344500.0,350000.0,351196.0,360000.0,365000.0,362750.0,361000.0,350000.0,350000.0,360000.0,350000.0,349900.0,362500.0,360000.0,365000.0,370000.0,375000.0,369900.0,360000.0,358000.0,365000.0,352900.0,360000.0,342500.0,350000.0,351000.0,355000.0,360000.0,357500.0,360000.0,355000.0,350000.0,350000.0,347652.0
394530,19,"Denver, CO",msa,CO,194000.0,195000.0,195000.0,199000.0,207500.0,200000.0,195000.0,188000.0,182000.0,170850.0,170000.0,152750.0,169500.0,182500.0,188900.0,197000.0,209000.0,205000.0,205000.0,195000.0,200000.0,192000.0,191500.0,189000.0,197375.0,203000.0,206500.0,210000.0,212000.0,219000.0,215000.0,208000.0,209000.0,198500.0,200000.0,185000.0,196450.0,195000.0,196000.0,205000.0,211000.0,210000.0,205400.0,200000.0,198500.0,201500.0,195900.0,195000.0,195000.0,209000.0,225000.0,234900.0,240000.0,240000.0,234250.0,232000.0,230000.0,230000.0,220000.0,220000.0,231000.0,241500.0,250000.0,255000.0,258500.0,260000.0,250000.0,249900.0,245000.0,245500.0,244900.0,239725.0,243000.0,255000.0,261625.0,269900.0,275000.0,270000.0,265000.0,262000.0,262000.0,267859.0,270201.0,269900.0,279000.0,294250.0,300000.0,306000.0,310000.0,300000.0,300000.0,295000.0,300000.0,300000.0,304900.0,305000.0,312000.0,325200.0,330000.0,340000.0,349900.0,342500.0,335000.0,333500.0,337000.0,335000.0,337000.0,335000.0,342500.0,355000.0,365700.0,370000.0,380000.0,370000.0,365000.0,361000.0,366000.0,360000.0,370000.0,366500.0,385000.0,390000.0,401101.0,407500.0,407000.0,400000.0,396500.0,385050.0,390000.0,385000.0,384000.0,380000.0,385000.0,397774.0,405000.0,417000.0,415000.0,415000.0,408000.0,400000.0,405000.0,407700.0,395000.0,405000.0,415000.0,435000.0,429950.0,425000.0,435000.0,450000.0,450000.0,450000.0,462000.0,453000.0,448000.0,445000.0,465000.0,495000.0,520000.0,530000.0,540000.0,540000.0,535000.0,530000.0,530000.0,535000.0,539575.0,535000.0,565000.0,597500.0,615000.0,610000.0,603000.0,592900.0,575000.0,574240.0,565000.0,550000.0,530000.0,525000.0,550500.0,557500.0,572500.0,580100.0,585000.0,575000.0,565000.0,560000.0,565000.0,545000.0,535000.0,536500.0,555000.0,580000.0,588000.0,585000.0,597000.0,590000.0,582500.0,565000.0,580000.0,575000.0,556700.0,559000.0,585000.0,585000.0,600000.0,595000.0,600000.0,579000.0,575000.0,570000.0,575000.0,567403.0
394358,20,"Baltimore, MD",msa,MD,235000.0,236205.0,237000.0,240000.0,245000.0,256000.0,245000.0,235000.0,225000.0,220750.0,220000.0,214950.0,215000.0,218200.0,220000.0,229000.0,239000.0,242000.0,235000.0,225000.0,225000.0,223000.0,226750.0,200000.0,215000.0,214000.0,216000.0,220000.0,234000.0,225000.0,225000.0,212500.0,210000.0,215000.0,207500.0,218000.0,215000.0,202500.0,215000.0,216000.0,225000.0,223700.0,228500.0,210000.0,209000.0,220000.0,216000.0,202500.0,205000.0,200000.0,225000.0,235500.0,239000.0,247500.0,230000.0,230000.0,225000.0,222000.0,218500.0,208000.0,200750.0,213299.0,230000.0,240000.0,249000.0,260000.0,245000.0,237900.0,234950.0,235000.0,228000.0,210000.0,220000.0,226000.0,240000.0,250000.0,260000.0,259500.0,242500.0,240562.0,230000.0,230000.0,232000.0,210000.0,220250.0,230000.0,229250.0,250000.0,255250.0,263990.0,245000.0,233000.0,233000.0,225000.0,232700.0,216000.0,220000.0,233000.0,245000.0,257000.0,265000.0,269000.0,255000.0,249900.0,242000.0,232500.0,232000.0,220000.0,218000.0,229900.0,244000.0,257600.0,260000.0,265500.0,252000.0,245000.0,249000.0,249900.0,246000.0,239950.0,238875.0,250500.0,262000.0,269900.0,275000.0,275000.0,275000.0,265000.0,251000.0,255000.0,249900.0,235000.0,240000.0,255000.0,267000.0,282000.0,290000.0,289000.0,280000.0,278000.0,265000.0,263900.0,269650.0,250750.0,255000.0,279000.0,299000.0,285000.0,297200.0,307500.0,315000.0,300000.0,305000.0,300000.0,285000.0,279000.0,280000.0,282000.0,291000.0,315000.0,320000.0,320000.0,320000.0,315000.0,315000.0,301000.0,300000.0,293436.0,290000.0,306000.0,325000.0,342000.0,340000.0,340000.0,340000.0,330000.0,315000.0,305000.0,305000.0,290000.0,301000.0,315000.0,330500.0,350000.0,355000.0,364950.0,355000.0,354900.0,335000.0,340000.0,325000.0,320000.0,328000.0,343500.0,355000.0,377000.0,384700.0,375000.0,373000.0,375000.0,359900.0,360000.0,357000.0,327500.0,345000.0,350000.0,365000.0,385000.0,400000.0,400000.0,400000.0,383000.0,380000.0,374035.0
395121,21,"St. Louis, MO",msa,MO,129000.0,135000.0,136500.0,147000.0,153750.0,149825.0,142000.0,136000.0,135000.0,125960.0,125000.0,112000.0,120000.0,128000.0,130000.0,137000.0,146700.0,142000.0,138000.0,136200.0,133500.0,129000.0,122500.0,120000.0,120000.0,134000.0,136000.0,140500.0,148000.0,142500.0,135000.0,133300.0,125000.0,124400.0,130500.0,121985.0,118950.0,114000.0,124095.0,132001.0,134000.0,139500.0,133000.0,122500.0,125000.0,124000.0,117000.0,110200.0,112750.0,115300.0,125500.0,135000.0,134950.0,134825.0,133500.0,127000.0,121000.0,123000.0,121000.0,115000.0,115000.0,122938.0,133500.0,144000.0,149000.0,147000.0,141000.0,135000.0,130000.0,128500.0,129950.0,124500.0,120000.0,129000.0,134900.0,150000.0,154500.0,153657.0,145421.0,139000.0,137500.0,137500.0,139000.0,129900.0,133750.0,142500.0,145369.0,158480.0,161000.0,161000.0,152125.0,150000.0,145000.0,141000.0,145000.0,139900.0,138250.0,145000.0,153000.0,164475.0,170325.0,163000.0,160000.0,155000.0,152950.0,151000.0,150000.0,145369.0,141634.0,152500.0,155000.0,163000.0,174000.0,170000.0,165350.0,160500.0,160000.0,162400.0,159900.0,149900.0,159900.0,163000.0,170000.0,179000.0,178000.0,175000.0,175250.0,170000.0,167000.0,167000.0,165000.0,164900.0,160000.0,169000.0,172000.0,182550.0,190000.0,182000.0,180700.0,173000.0,175000.0,174900.0,170000.0,167500.0,160000.0,177186.0,189000.0,195000.0,200000.0,205000.0,195000.0,197500.0,197000.0,194759.0,190000.0,177848.0,184000.0,185000.0,195000.0,208831.0,219216.0,218000.0,213000.0,214655.0,205000.0,203595.0,200000.0,190000.0,195000.0,200151.0,215000.0,220000.0,241200.0,230000.0,225000.0,221000.0,215000.0,210000.0,205000.0,191000.0,200000.0,204968.0,220000.0,225000.0,250000.0,250000.0,238996.0,236100.0,225000.0,215000.0,210199.0,201152.0,210000.0,225000.0,230000.0,249000.0,265000.0,255000.0,250000.0,248023.0,250000.0,244000.0,232250.0,229040.0,234900.0,241750.0,252500.0,270000.0,270000.0,270000.0,267000.0,262730.0,264450.0,265055.0
394943,22,"Orlando, FL",msa,FL,210000.0,212000.0,200000.0,200000.0,205000.0,200000.0,190000.0,178328.0,170000.0,163900.0,156000.0,147145.0,140000.0,136000.0,129900.0,125000.0,129000.0,130000.0,124250.0,120000.0,120000.0,120000.0,118000.0,105000.0,108000.0,112000.0,112000.0,113000.0,115000.0,110000.0,100000.0,102000.0,105000.0,104500.0,98000.0,95000.0,95000.0,101000.0,105000.0,108000.0,110000.0,110000.0,110000.0,109900.0,108500.0,110000.0,110000.0,106650.0,110000.0,111000.0,110000.0,115200.0,120000.0,123000.0,120000.0,123285.0,117500.0,120500.0,125000.0,120000.0,127000.0,133950.0,134000.0,138320.0,145000.0,148750.0,148000.0,150000.0,145000.0,145000.0,149000.0,140000.0,150000.0,150000.0,155000.0,158000.0,160000.0,157500.0,159000.0,157000.0,154000.0,155000.0,157000.0,150000.0,155000.0,166000.0,164000.0,170000.0,170000.0,175000.0,170500.0,173000.0,170000.0,170000.0,175000.0,174000.0,170900.0,178900.0,185000.0,190000.0,195000.0,195000.0,195000.0,190000.0,190000.0,189000.0,192250.0,187950.0,190000.0,204285.0,205000.0,210000.0,217000.0,215000.0,215000.0,214900.0,209000.0,210000.0,217000.0,213000.0,217500.0,222650.0,229900.0,230000.0,235000.0,235000.0,230000.0,233000.0,228000.0,232000.0,233000.0,225500.0,235000.0,235000.0,235000.0,245000.0,248000.0,248050.0,246000.0,245000.0,240000.0,240000.0,250000.0,242850.0,249000.0,252000.0,260000.0,260000.0,262500.0,267500.0,273500.0,267000.0,266650.0,271000.0,272500.0,269900.0,272000.0,280000.0,292000.0,293000.0,309000.0,320000.0,320000.0,319000.0,325000.0,330000.0,335000.0,334950.0,340000.0,360000.0,365700.0,375000.0,380000.0,370000.0,368000.0,360000.0,360000.0,360000.0,350000.0,350000.0,360000.0,369000.0,375000.0,383000.0,385000.0,385000.0,375000.0,375000.0,377750.0,375000.0,375000.0,360000.0,380000.0,389000.0,390000.0,390000.0,395750.0,390000.0,390000.0,385000.0,388500.0,380000.0,380000.0,380000.0,387000.0,390000.0,385000.0,400000.0,390000.0,390000.0,385000.0,389900.0,385000.0,384978.0
394458,23,"Charlotte, NC",msa,NC,143500.0,147000.0,145000.0,148500.0,155000.0,150000.0,146000.0,140000.0,137380.0,135000.0,131000.0,125000.0,133750.0,137085.0,138500.0,145000.0,150000.0,150000.0,147000.0,143000.0,138000.0,139000.0,132000.0,134042.0,126500.0,136750.0,142000.0,147000.0,150000.0,150500.0,143000.0,144900.0,140000.0,134000.0,133250.0,129900.0,131000.0,132200.0,135830.0,140000.0,144000.0,145000.0,143000.0,129720.0,135500.0,125500.0,132000.0,128000.0,127000.0,137000.0,147000.0,150000.0,154000.0,152564.0,150000.0,145000.0,142600.0,137000.0,139000.0,136500.0,137500.0,148000.0,152500.0,160000.0,169000.0,167000.0,160000.0,152500.0,151000.0,151000.0,150000.0,149500.0,144000.0,156750.0,160000.0,170000.0,179500.0,175900.0,170000.0,161000.0,160000.0,155000.0,157000.0,154000.0,159000.0,171000.0,175155.0,185000.0,189000.0,185000.0,180000.0,176000.0,168000.0,169250.0,166000.0,165950.0,168000.0,178000.0,185000.0,189000.0,201000.0,198000.0,195000.0,186000.0,185000.0,185000.0,178898.0,180000.0,178000.0,200000.0,201900.0,202000.0,218000.0,222000.0,200000.0,198000.0,200000.0,195000.0,197000.0,195000.0,198400.0,213500.0,216000.0,225000.0,229000.0,223000.0,224000.0,215000.0,208000.0,212250.0,208000.0,203750.0,215000.0,223000.0,230000.0,240500.0,249000.0,245000.0,235000.0,237750.0,231500.0,230750.0,239000.0,228500.0,239000.0,249000.0,256500.0,245000.0,265000.0,270000.0,274000.0,266000.0,270500.0,270000.0,265000.0,270000.0,275000.0,289500.0,298707.0,307500.0,318390.0,319000.0,320000.0,320000.0,320000.0,330000.0,330000.0,327000.0,335250.0,347250.0,362500.0,375000.0,380000.0,370000.0,365000.0,355000.0,340000.0,347000.0,325000.0,335000.0,328000.0,343750.0,350000.0,361575.0,380000.0,365000.0,375000.0,355000.0,355000.0,352500.0,340000.0,345000.0,370000.0,375000.0,385000.0,388700.0,407000.0,399000.0,395000.0,390000.0,380000.0,371750.0,375000.0,361000.0,374750.0,385000.0,387000.0,409000.0,415000.0,410000.0,400000.0,390000.0,395000.0,390477.0
395055,24,"San Antonio, TX",msa,TX,140975.0,142000.0,147000.0,147000.0,154900.0,148000.0,148000.0,143250.0,140000.0,133650.0,133500.0,137000.0,140000.0,139900.0,143725.0,150165.0,150000.0,156000.0,145000.0,145143.0,135000.0,136250.0,138000.0,137250.0,139250.0,140000.0,140000.0,142500.0,147250.0,155000.0,153800.0,145450.0,146000.0,149000.0,145000.0,139900.0,140000.0,140000.0,141750.0,149325.0,150000.0,151250.0,147349.0,145000.0,142500.0,140000.0,138775.0,134900.0,139000.0,146750.0,150050.0,155000.0,161250.0,155000.0,154864.0,150000.0,149000.0,150000.0,149500.0,145799.0,151800.0,150000.0,158000.0,169000.0,171842.0,170000.0,166000.0,162000.0,159250.0,158000.0,162000.0,155000.0,162000.0,163500.0,169900.0,175000.0,178000.0,178000.0,173950.0,174717.0,165000.0,173950.0,169000.0,168000.0,175000.0,177000.0,175311.0,188500.0,191000.0,186000.0,189000.0,181000.0,177000.0,173166.0,179950.0,178545.0,176575.0,185000.0,187000.0,196650.0,199500.0,200000.0,199900.0,193000.0,189450.0,187000.0,190000.0,185000.0,189900.0,188000.0,200000.0,205000.0,210000.0,202000.0,205000.0,195000.0,191200.0,197500.0,200000.0,198000.0,196700.0,206000.0,208000.0,218500.0,219000.0,216000.0,216000.0,207950.0,207000.0,205000.0,206000.0,199864.0,205000.0,214000.0,215000.0,225000.0,229000.0,225000.0,226000.0,220000.0,219825.0,211000.0,218000.0,215000.0,219000.0,228000.0,230000.0,234000.0,241000.0,249362.0,250000.0,249900.0,249999.0,247500.0,249112.0,243906.0,250000.0,255000.0,265000.0,275000.0,285000.0,291391.0,290000.0,289238.0,292000.0,290000.0,290900.0,290000.0,295000.0,307000.0,319854.0,332000.0,332500.0,325000.0,320000.0,317750.0,312000.0,299000.0,300500.0,293000.0,297000.0,299900.0,305000.0,313441.0,310000.0,315000.0,308000.0,303000.0,300000.0,290000.0,299250.0,290000.0,294900.0,300000.0,309000.0,310000.0,314900.0,319937.0,314000.0,302500.0,305000.0,300000.0,305000.0,300000.0,300000.0,315000.0,311000.0,320000.0,325359.0,312000.0,310000.0,305000.0,305000.0,299137.0
394998,25,"Portland, OR",msa,OR,260000.0,265000.0,260000.0,271000.0,275000.0,271500.0,265975.0,250000.0,255000.0,247750.0,239900.0,239975.0,247500.0,235000.0,235000.0,239950.0,238000.0,239000.0,240000.0,228900.0,228500.0,225000.0,228500.0,220000.0,221500.0,228000.0,230000.0,227640.0,230000.0,235000.0,235000.0,228500.0,220000.0,220000.0,216500.0,200000.0,202000.0,199900.0,200000.0,206000.0,208000.0,210000.0,209000.0,205800.0,200000.0,209900.0,197000.0,185225.0,194000.0,200000.0,206000.0,220000.0,228000.0,225000.0,225000.0,223000.0,222750.0,226000.0,225000.0,225000.0,219000.0,235000.0,239000.0,250000.0,250000.0,260000.0,255500.0,252500.0,250000.0,248000.0,243000.0,238500.0,253000.0,255000.0,258950.0,269981.0,270000.0,275000.0,275000.0,268000.0,264000.0,269000.0,265000.0,255000.0,259900.0,270000.0,281600.0,290000.0,299000.0,297500.0,292760.0,285000.0,286000.0,287900.0,290000.0,285000.0,285000.0,305000.0,315000.0,321247.0,330000.0,325000.0,329000.0,328250.0,322475.0,320000.0,320000.0,325000.0,325000.0,335000.0,349900.0,354000.0,362000.0,360750.0,360000.0,351933.0,355000.0,350000.0,353000.0,365000.0,364000.0,369974.0,380000.0,385000.0,395000.0,385000.0,386000.0,375000.0,377500.0,372000.0,370000.0,361375.0,375000.0,380000.0,384900.0,398000.0,400000.0,395000.0,400000.0,385000.0,390000.0,395000.0,384900.0,389000.0,395000.0,400000.0,404250.0,408000.0,420000.0,426000.0,434000.0,435000.0,439000.0,435000.0,430000.0,437950.0,450000.0,460000.0,480000.0,495000.0,500000.0,500000.0,510000.0,495000.0,503543.0,500000.0,500000.0,497800.0,500000.0,532000.0,540100.0,551000.0,555000.0,548000.0,532000.0,529150.0,520000.0,510000.0,488550.0,478500.0,499900.0,508500.0,521000.0,536000.0,545000.0,545000.0,534950.0,535000.0,524900.0,520000.0,510000.0,495000.0,515000.0,527000.0,541000.0,555000.0,557567.0,550000.0,549900.0,540000.0,540000.0,529900.0,520000.0,530000.0,525000.0,539900.0,550000.0,563000.0,566500.0,550000.0,545000.0,545000.0,537000.0,532559.0
395045,26,"Sacramento, CA",msa,CA,276000.0,275000.0,255000.0,250000.0,242000.0,231250.0,236000.0,220000.0,215000.0,200000.0,190500.0,180000.0,180000.0,187000.0,185000.0,200000.0,200000.0,205000.0,208000.0,205000.0,210000.0,205000.0,201000.0,195000.0,195000.0,200000.0,201000.0,208000.0,209000.0,210000.0,204500.0,203000.0,199500.0,200000.0,190000.0,180000.0,178500.0,179500.0,185000.0,180000.0,185000.0,182000.0,185000.0,182000.0,175000.0,180000.0,175000.0,170000.0,175000.0,180000.0,185000.0,185000.0,190000.0,200000.0,201000.0,207000.0,205000.0,213000.0,215000.0,210000.0,216000.0,240000.0,240000.0,255000.0,265000.0,270000.0,265000.0,271750.0,265000.0,263000.0,265000.0,255000.0,269000.0,280000.0,280000.0,295000.0,294000.0,290000.0,290000.0,291000.0,290000.0,280000.0,290000.0,272000.0,299000.0,295000.0,301000.0,315000.0,315000.0,310000.0,309000.0,306000.0,307000.0,309000.0,308000.0,303000.0,309000.0,320000.0,325000.0,335000.0,346500.0,340000.0,343000.0,340000.0,340000.0,336500.0,330000.0,325000.0,330000.0,340000.0,349500.0,365000.0,370000.0,370000.0,370000.0,368000.0,372000.0,365000.0,363000.0,360000.0,368000.0,379000.0,392000.0,398250.0,400000.0,394000.0,387250.0,388000.0,380000.0,385000.0,377000.0,369000.0,379000.0,385000.0,404000.0,409250.0,410000.0,409000.0,410000.0,400000.0,400000.0,405000.0,390250.0,387000.0,401500.0,422500.0,420000.0,419000.0,435000.0,450000.0,455000.0,462000.0,460000.0,460000.0,460000.0,455000.0,470000.0,499000.0,510000.0,530000.0,542000.0,535000.0,535000.0,535000.0,530000.0,535000.0,527000.0,520000.0,550000.0,580000.0,575000.0,587500.0,575000.0,568000.0,545000.0,540000.0,525000.0,525000.0,500000.0,500000.0,512000.0,515000.0,525000.0,545000.0,550000.0,560000.0,550000.0,555000.0,550000.0,535000.0,535000.0,525000.0,541500.0,553500.0,565000.0,580000.0,578000.0,574500.0,562250.0,561250.0,560000.0,560000.0,555000.0,540000.0,565000.0,570000.0,570000.0,580000.0,580000.0,573000.0,555250.0,560000.0,575000.0,546389.0
394982,27,"Pittsburgh, PA",msa,PA,100000.0,110900.0,108350.0,116000.0,120000.0,120000.0,115000.0,106000.0,105500.0,100000.0,96500.0,95000.0,98000.0,108500.0,110000.0,116000.0,123500.0,123000.0,117250.0,113000.0,110000.0,110000.0,100000.0,99200.0,100000.0,112000.0,117500.0,122000.0,120000.0,119000.0,117500.0,117500.0,115000.0,110000.0,105000.0,100000.0,100000.0,110000.0,115000.0,124000.0,127000.0,125000.0,125702.0,115000.0,114500.0,109900.0,109900.0,110000.0,104250.0,113000.0,126900.0,128260.0,137250.0,131000.0,128000.0,122300.0,120000.0,117250.0,115000.0,114230.0,109000.0,122675.0,127850.0,134000.0,139000.0,135000.0,135000.0,127250.0,120750.0,118000.0,112500.0,109950.0,114900.0,120000.0,127500.0,134900.0,140000.0,140000.0,139700.0,129900.0,127525.0,120000.0,125000.0,119900.0,123000.0,127500.0,132000.0,137000.0,152000.0,144000.0,144225.0,135000.0,128000.0,129950.0,130000.0,123000.0,120000.0,125000.0,142000.0,142250.0,152500.0,147000.0,140000.0,141500.0,135000.0,132500.0,130000.0,124900.0,119900.0,134900.0,138000.0,150000.0,157325.0,152000.0,149900.0,145500.0,144550.0,142000.0,137000.0,135000.0,140000.0,151000.0,148013.0,156000.0,171000.0,163000.0,160000.0,157000.0,147000.0,149000.0,152000.0,137400.0,140000.0,150000.0,155000.0,168000.0,176000.0,169500.0,173000.0,159900.0,156000.0,159000.0,152500.0,147000.0,149900.0,164900.0,182000.0,170104.0,180000.0,189000.0,182500.0,181000.0,175850.0,175000.0,167000.0,162750.0,165000.0,185000.0,183000.0,200000.0,215000.0,210000.0,205000.0,200000.0,185000.0,186500.0,185000.0,175000.0,176000.0,188000.0,197000.0,210000.0,220000.0,215000.0,210000.0,196000.0,194450.0,185000.0,174992.0,170000.0,175000.0,182521.0,195000.0,202500.0,225500.0,218980.0,219900.0,206250.0,190610.0,190000.0,190000.0,175000.0,195000.0,203500.0,209900.0,225000.0,230000.0,230000.0,225000.0,208000.0,210000.0,205000.0,210000.0,195000.0,207000.0,220000.0,225000.0,235000.0,249000.0,236000.0,240000.0,225000.0,225000.0,220404.0
394466,28,"Cincinnati, OH",msa,OH,126000.0,127500.0,129200.0,136000.0,139000.0,131000.0,130000.0,124000.0,115500.0,114700.0,102000.0,98000.0,110000.0,115000.0,118000.0,125950.0,128500.0,127000.0,125000.0,124500.0,121000.0,119300.0,115000.0,113500.0,117000.0,120750.0,125000.0,127000.0,127000.0,126000.0,125000.0,123000.0,121000.0,115000.0,115000.0,110700.0,111750.0,106200.0,117950.0,121375.0,132000.0,130000.0,130000.0,113016.0,117500.0,116000.0,114250.0,105925.0,113500.0,115000.0,121000.0,129000.0,130000.0,129000.0,135000.0,125000.0,119900.0,117000.0,115750.0,115000.0,111850.0,125500.0,128216.0,140000.0,144000.0,137000.0,131750.0,128000.0,120000.0,120000.0,117600.0,110000.0,115259.0,124000.0,127500.0,139133.0,145100.0,144500.0,141000.0,134000.0,130000.0,128000.0,125000.0,116000.0,122000.0,133500.0,135000.0,150000.0,148000.0,147250.0,143475.0,137500.0,134000.0,132500.0,138600.0,127000.0,130000.0,141500.0,147900.0,150000.0,159000.0,152600.0,147000.0,145000.0,147500.0,140000.0,137550.0,136700.0,133000.0,143000.0,153500.0,149900.0,165000.0,160250.0,160000.0,155000.0,149900.0,156000.0,148000.0,145000.0,152193.0,156950.0,165000.0,167800.0,169900.0,166000.0,165000.0,160000.0,160000.0,160000.0,150000.0,150000.0,159500.0,162000.0,169000.0,179900.0,179900.0,178500.0,177000.0,170000.0,166000.0,167000.0,163000.0,160000.0,165000.0,181000.0,179450.0,182250.0,192750.0,192000.0,195000.0,188000.0,190000.0,191350.0,185000.0,177000.0,180000.0,186500.0,200682.0,210000.0,226000.0,220375.0,219950.0,215500.0,215000.0,220000.0,216000.0,200000.0,206250.0,215000.0,229900.0,240000.0,245028.0,233166.0,232500.0,228000.0,220000.0,195000.0,213000.0,192500.0,215000.0,220000.0,239000.0,250000.0,250450.0,255000.0,250000.0,240000.0,245000.0,244000.0,235000.0,225000.0,244250.0,245000.0,251000.0,270000.0,269000.0,275000.0,260000.0,265000.0,259000.0,258000.0,260000.0,250000.0,252500.0,260000.0,269900.0,283250.0,285000.0,285000.0,280000.0,275000.0,271950.0,282715.0
394355,29,"Austin, TX",msa,TX,180000.0,188000.0,185000.0,191000.0,194350.0,192500.0,189000.0,179950.0,185250.0,172200.0,175000.0,171250.0,185000.0,175059.0,187000.0,187000.0,195200.0,190000.0,187500.0,182500.0,179500.0,175000.0,186000.0,178000.0,182000.0,177500.0,187210.0,189475.0,203950.0,217000.0,197000.0,190700.0,190000.0,183000.0,193000.0,184250.0,185000.0,180000.0,189975.0,193000.0,197600.0,195000.0,191500.0,186375.0,184950.0,179300.0,184000.0,169000.0,186500.0,195000.0,202619.0,214000.0,214375.0,210000.0,211125.0,194500.0,198000.0,191500.0,199500.0,195000.0,199700.0,214000.0,224544.0,227000.0,229000.0,222777.0,216950.0,218000.0,212000.0,218000.0,220000.0,205000.0,227500.0,229000.0,237000.0,238750.0,246000.0,243157.0,240000.0,235000.0,236250.0,235000.0,234000.0,238000.0,240000.0,249000.0,265000.0,268950.0,267000.0,260000.0,255671.0,250500.0,250000.0,258000.0,260000.0,254215.0,259900.0,272550.0,285000.0,285000.0,290000.0,279000.0,280000.0,266000.0,274900.0,285000.0,279900.0,273000.0,283650.0,290000.0,295000.0,305000.0,305000.0,295000.0,292000.0,286000.0,285000.0,290000.0,293750.0,290000.0,295000.0,300000.0,315500.0,322500.0,324400.0,314994.0,317905.0,299000.0,305250.0,305000.0,302500.0,296008.0,295000.0,308950.0,327500.0,337500.0,345000.0,329000.0,325000.0,318500.0,328200.0,320000.0,330000.0,312500.0,335000.0,340000.0,344950.0,340000.0,355000.0,367500.0,365000.0,367000.0,375000.0,379000.0,381000.0,375000.0,418995.0,450331.0,485000.0,482500.0,500000.0,490000.0,476000.0,462000.0,457000.0,475000.0,475000.0,477500.0,505822.0,540000.0,565000.0,580000.0,554803.0,530000.0,506000.0,496950.0,490000.0,475500.0,451000.0,459000.0,450000.0,460000.0,475000.0,480000.0,490000.0,479000.0,473450.0,460000.0,450000.0,442500.0,450000.0,431750.0,453000.0,460000.0,485000.0,485000.0,485000.0,468000.0,460000.0,462500.0,445000.0,450000.0,455000.0,432000.0,450000.0,470000.0,485000.0,480000.0,484000.0,458000.0,460000.0,450000.0,460000.0,454542.0
394775,30,"Las Vegas, NV",msa,NV,238000.0,239000.0,235000.0,230000.0,217000.0,210000.0,200000.0,190000.0,181450.0,173900.0,170000.0,150000.0,140000.0,135745.0,128000.0,127000.0,126000.0,125000.0,124000.0,125250.0,125000.0,128000.0,126000.0,122900.0,123500.0,125000.0,130000.0,129900.0,129999.0,125000.0,124900.0,124900.0,119900.0,120000.0,119900.0,114950.0,115000.0,111000.0,113625.0,112000.0,110000.0,110000.0,108500.0,109610.0,110000.0,110000.0,110000.0,108000.0,109000.0,110000.0,114900.0,117500.0,120000.0,121000.0,125000.0,128950.0,129900.0,135000.0,138000.0,135000.0,137900.0,145000.0,148000.0,150000.0,159900.0,164000.0,165000.0,165000.0,168000.0,168000.0,169900.0,166000.0,167400.0,174999.0,172700.0,175000.0,178000.0,179000.0,184000.0,185000.0,179900.0,186000.0,184900.0,178500.0,182000.0,184000.0,190000.0,190000.0,197500.0,196000.0,199000.0,199900.0,195000.0,200000.0,199999.0,197000.0,199000.0,195000.0,200000.0,206000.0,209500.0,210000.0,208500.0,210000.0,210000.0,216000.0,210000.0,210391.0,215000.0,220000.0,223950.0,230000.0,235000.0,240000.0,237000.0,239888.0,240000.0,240000.0,245000.0,241000.0,246825.0,253000.0,260000.0,262000.0,265000.0,265000.0,270000.0,270500.0,271500.0,270000.0,270000.0,270000.0,268000.0,275000.0,273900.0,276000.0,275600.0,280000.0,279900.0,283000.0,280000.0,280000.0,282000.0,280000.0,285000.0,289850.0,285950.0,290000.0,300000.0,300000.0,300000.0,307000.0,308000.0,313093.0,313000.0,315000.0,320000.0,328000.0,334950.0,344000.0,355000.0,365000.0,369400.0,371514.0,374021.0,380000.0,385000.0,390500.0,410000.0,417950.0,429999.0,435000.0,430000.0,418000.0,400000.0,403500.0,395000.0,380000.0,375000.0,373093.0,375000.0,385000.0,389000.0,395000.0,400000.0,405000.0,400000.0,397000.0,407000.0,395000.0,399900.0,398000.0,413000.0,415000.0,420000.0,425000.0,425000.0,425000.0,420000.0,415000.0,424900.0,423500.0,420000.0,424900.0,420000.0,430000.0,429000.0,436777.0,430000.0,431000.0,425000.0,421000.0,420000.0,427335.0
394735,31,"Kansas City, MO",msa,MO,134000.0,140000.0,142900.0,150438.0,152000.0,150175.0,145875.0,137000.0,132400.0,135000.0,127787.0,119103.0,130000.0,137000.0,139700.0,147000.0,150000.0,153500.0,145000.0,140700.0,139965.0,141514.0,133575.0,130000.0,128274.0,143000.0,145000.0,149000.0,155000.0,149925.0,144000.0,139950.0,134000.0,138000.0,134000.0,124000.0,123950.0,130000.0,126000.0,136000.0,145000.0,137000.0,135000.0,129000.0,133297.0,134000.0,125000.0,119000.0,121502.0,127000.0,138000.0,145000.0,150000.0,148000.0,144000.0,140000.0,137500.0,137000.0,140000.0,116500.0,125550.0,135500.0,139000.0,157000.0,166650.0,165000.0,155000.0,150500.0,149975.0,145000.0,150000.0,139000.0,134900.0,139475.0,154125.0,160000.0,168550.0,167000.0,160000.0,155000.0,152000.0,153000.0,149900.0,147000.0,142615.0,155000.0,167000.0,175000.0,175500.0,173000.0,169000.0,160000.0,165000.0,155950.0,159700.0,150000.0,149000.0,160000.0,172000.0,182121.0,189000.0,184000.0,180000.0,174000.0,173523.0,169000.0,169000.0,158000.0,166000.0,170000.0,177000.0,188500.0,200000.0,192500.0,189500.0,187000.0,180000.0,185000.0,180000.0,185000.0,180000.0,189900.0,195000.0,203000.0,205059.0,204000.0,195000.0,190250.0,194000.0,198000.0,189700.0,188500.0,187250.0,203000.0,210575.0,224000.0,224958.0,217000.0,215000.0,204950.0,200000.0,200500.0,201000.0,195000.0,203779.0,219000.0,223000.0,225000.0,236414.0,240000.0,240000.0,242000.0,237500.0,235000.0,228262.0,229000.0,231000.0,236250.0,250000.0,263400.0,269000.0,270000.0,260000.0,257900.0,255000.0,255000.0,257000.0,242875.0,251000.0,269087.0,280000.0,302250.0,310000.0,295000.0,290000.0,285000.0,275000.0,266500.0,265000.0,252250.0,260000.0,270000.0,280000.0,300000.0,310000.0,305000.0,305000.0,290000.0,285000.0,290000.0,285000.0,271250.0,280000.0,281000.0,306000.0,319000.0,330000.0,318000.0,313950.0,312500.0,308000.0,306500.0,305000.0,295000.0,305000.0,297500.0,315000.0,334000.0,345000.0,348000.0,330000.0,328000.0,330000.0,324618.0
394492,32,"Columbus, OH",msa,OH,119999.0,120000.0,124050.0,130050.0,135000.0,125900.0,125000.0,120000.0,114000.0,104000.0,113902.0,109900.0,100605.0,113000.0,118000.0,124950.0,128950.0,128000.0,129000.0,125000.0,125000.0,120000.0,108000.0,114900.0,115943.0,120000.0,125750.0,132050.0,126000.0,120000.0,120482.0,114000.0,116000.0,109000.0,114150.0,112000.0,100500.0,110100.0,118500.0,120000.0,125000.0,127700.0,120000.0,114700.0,110000.0,112000.0,110000.0,108000.0,112500.0,118000.0,127500.0,127950.0,137000.0,144000.0,135000.0,130000.0,119900.0,123900.0,122000.0,108000.0,112462.0,125000.0,127900.0,140000.0,145900.0,147000.0,139950.0,135000.0,125000.0,131421.0,125400.0,123000.0,125000.0,134900.0,140500.0,148000.0,155000.0,151800.0,149000.0,140000.0,140000.0,138000.0,131350.0,130500.0,139900.0,142000.0,145000.0,160000.0,162000.0,158000.0,159250.0,153700.0,145000.0,140550.0,142950.0,140000.0,148000.0,152000.0,155700.0,164000.0,164000.0,165500.0,164000.0,162000.0,158000.0,157500.0,153600.0,150300.0,148250.0,155735.0,164000.0,182200.0,175700.0,178500.0,170300.0,165000.0,170500.0,168000.0,172000.0,164000.0,169900.0,173000.0,175000.0,185000.0,190000.0,189900.0,180000.0,179900.0,174900.0,174900.0,172900.0,158000.0,172000.0,177900.0,190000.0,200000.0,207900.0,195000.0,190000.0,185000.0,180000.0,180000.0,177500.0,175000.0,180000.0,199900.0,200000.0,205050.0,206000.0,218000.0,215500.0,210000.0,208000.0,205300.0,200000.0,195000.0,199000.0,215000.0,229900.0,240000.0,245250.0,250000.0,250000.0,245000.0,236000.0,237000.0,231501.0,225000.0,225000.0,235000.0,260000.0,275000.0,280000.0,280000.0,260000.0,260000.0,252000.0,249000.0,240000.0,230000.0,248500.0,250000.0,275000.0,284950.0,282500.0,285000.0,281450.0,270000.0,270000.0,257000.0,258800.0,251000.0,265000.0,272250.0,280500.0,299000.0,300000.0,299900.0,290000.0,280000.0,280000.0,275000.0,276000.0,257500.0,280000.0,283000.0,289450.0,306000.0,310000.0,310000.0,303000.0,295000.0,300000.0,279036.0
394705,34,"Indianapolis, IN",msa,IN,114950.0,118700.0,122190.0,129900.0,128000.0,126529.0,122536.0,117900.0,122000.0,108000.0,106968.0,95475.0,99000.0,110000.0,110500.0,126000.0,123000.0,125000.0,122500.0,118000.0,115000.0,115500.0,109400.0,101547.0,109900.0,118700.0,123000.0,126800.0,120000.0,125000.0,116150.0,115500.0,115950.0,116500.0,114900.0,105000.0,107593.0,112500.0,119000.0,120000.0,125000.0,126000.0,120000.0,120512.0,115000.0,113250.0,110540.0,102000.0,100000.0,115000.0,124900.0,128000.0,131500.0,126000.0,125000.0,122000.0,122000.0,120000.0,118250.0,112000.0,112000.0,122000.0,125000.0,133500.0,138000.0,142900.0,135000.0,129000.0,129900.0,125000.0,125000.0,107967.0,116000.0,124000.0,126500.0,135000.0,141500.0,139000.0,140000.0,139700.0,138000.0,133500.0,130000.0,120500.0,125000.0,134900.0,141000.0,148500.0,154900.0,147500.0,145000.0,140277.0,133000.0,132500.0,133000.0,125000.0,128150.0,139900.0,140500.0,153000.0,154919.0,150000.0,145000.0,147137.0,143000.0,146000.0,145000.0,130000.0,140000.0,145000.0,150000.0,156500.0,165000.0,155000.0,153000.0,150000.0,149000.0,150000.0,149500.0,140000.0,149148.0,160000.0,161000.0,172000.0,176000.0,170000.0,168000.0,167000.0,160250.0,160000.0,162900.0,157500.0,162000.0,169900.0,172000.0,180000.0,185000.0,187000.0,180000.0,179000.0,175000.0,170000.0,177000.0,167500.0,172500.0,185000.0,193000.0,199900.0,200000.0,210000.0,208966.0,208000.0,202200.0,199500.0,199900.0,186000.0,195000.0,200000.0,215000.0,225000.0,232750.0,235143.0,234462.0,230000.0,235000.0,230000.0,230000.0,215000.0,227000.0,235000.0,250000.0,260000.0,272000.0,265000.0,257750.0,255000.0,250000.0,239900.0,235000.0,234000.0,240000.0,245000.0,254000.0,268875.0,270000.0,270000.0,268000.0,265000.0,254000.0,247950.0,247750.0,245000.0,245000.0,263000.0,270000.0,285000.0,290000.0,279915.0,279700.0,271000.0,269900.0,272000.0,274000.0,255000.0,270000.0,275000.0,285000.0,287500.0,290900.0,299999.0,293900.0,281000.0,285000.0,274595.0
394475,35,"Cleveland, OH",msa,OH,102650.0,106750.0,108000.0,115805.0,119900.0,114000.0,113000.0,104250.0,93000.0,87250.0,86850.0,73000.0,74900.0,80000.0,95550.0,99000.0,108700.0,105000.0,103000.0,107000.0,109000.0,101500.0,89500.0,87750.0,92000.0,104000.0,105000.0,115000.0,116500.0,105000.0,107750.0,105090.0,110000.0,104011.0,97500.0,85000.0,80000.0,85000.0,95000.0,95000.0,108900.0,107000.0,110000.0,104000.0,96000.0,91800.0,92000.0,82500.0,78935.0,83500.0,99000.0,104000.0,112900.0,114000.0,114900.0,108000.0,104900.0,104950.0,99000.0,90000.0,90000.0,97000.0,95000.0,110450.0,120500.0,120000.0,112750.0,115000.0,100000.0,100000.0,96000.0,90000.0,82700.0,105000.0,103850.0,111750.0,125000.0,123000.0,119950.0,113000.0,110000.0,105750.0,105350.0,93500.0,86000.0,105000.0,110000.0,118950.0,129900.0,125000.0,120000.0,117375.0,112900.0,101000.0,105000.0,95000.0,100000.0,106000.0,117500.0,123600.0,135000.0,129000.0,126000.0,124500.0,116500.0,117000.0,113000.0,110000.0,114500.0,119950.0,124400.0,133100.0,135000.0,135000.0,133000.0,129900.0,133900.0,132500.0,125000.0,121500.0,124900.0,127000.0,133900.0,135000.0,145000.0,137500.0,140000.0,140000.0,129000.0,131000.0,127950.0,121975.0,122000.0,132500.0,135000.0,146750.0,155000.0,150300.0,144900.0,140000.0,134900.0,133500.0,124950.0,125000.0,134900.0,143000.0,155000.0,152500.0,155000.0,160000.0,162000.0,160000.0,160000.0,154900.0,152700.0,146900.0,143500.0,149700.0,155850.0,168000.0,175000.0,176500.0,180000.0,167000.0,170000.0,166500.0,162000.0,160000.0,159100.0,160000.0,170750.0,180000.0,198500.0,190000.0,189000.0,175000.0,173000.0,168000.0,167000.0,158000.0,160000.0,169900.0,179950.0,182000.0,200000.0,195000.0,200000.0,185000.0,185200.0,178500.0,170000.0,162650.0,175000.0,180000.0,190000.0,210000.0,215000.0,210000.0,206000.0,205900.0,199900.0,190000.0,200000.0,184950.0,190000.0,190000.0,210000.0,217020.0,236450.0,232000.0,230000.0,215000.0,209000.0,205904.0
395059,36,"San Jose, CA",msa,CA,658000.0,670000.0,650000.0,660000.0,620000.0,603000.0,560000.0,515000.0,490000.0,450000.0,429500.0,405000.0,410000.0,390000.0,425000.0,430000.0,468500.0,500000.0,480000.0,460000.0,480000.0,479000.0,476000.0,457000.0,465000.0,495000.0,505000.0,525000.0,519000.0,538500.0,516500.0,496750.0,510000.0,495000.0,465000.0,437500.0,435000.0,466500.0,488000.0,487250.0,520000.0,503750.0,490000.0,472000.0,450000.0,453000.0,440000.0,416500.0,435000.0,481500.0,513500.0,530000.0,565000.0,570500.0,575000.0,560000.0,550000.0,570000.0,555000.0,550000.0,570000.0,611750.0,680000.0,685000.0,685000.0,685000.0,668000.0,660000.0,668500.0,660000.0,633500.0,630850.0,660000.0,715000.0,750000.0,741000.0,752000.0,731500.0,726250.0,720000.0,730000.0,725000.0,710000.0,680000.0,730000.0,775000.0,805000.0,840000.0,843500.0,840500.0,840000.0,799500.0,805000.0,802250.0,800000.0,740000.0,805000.0,840000.0,893000.0,900000.0,875000.0,889250.0,845000.0,840000.0,860000.0,850000.0,810000.0,810000.0,853000.0,923000.0,949000.0,960000.0,985000.0,960000.0,940000.0,990000.0,1010000.0,1035000.0,1080000.0,980000.0,1150000.0,1215000.0,1200000.0,1220000.0,1200000.0,1140000.0,1160000.0,1095419.0,1150000.0,1050000.0,1000000.0,1000000.0,1020000.0,1100000.0,1100000.0,1145000.0,1150000.0,1106000.0,1050000.0,1050000.0,1050000.0,1070000.0,1035000.0,968000.0,1090000.0,1150000.0,1152000.0,1180000.0,1150000.0,1175000.0,1190000.0,1165000.0,1203500.0,1180000.0,1140000.0,1135000.0,1170000.0,1280000.0,1310500.0,1335000.0,1352500.0,1330000.0,1330000.0,1300000.0,1350000.0,1350000.0,1320000.0,1265000.0,1420000.0,1520000.0,1550000.0,1527000.0,1470000.0,1400000.0,1350000.0,1350000.0,1319000.0,1301000.0,1270000.0,1270000.0,1215000.0,1400000.0,1450000.0,1459000.0,1480000.0,1450000.0,1450000.0,1444500.0,1457000.0,1400000.0,1380000.0,1355500.0,1400000.0,1560000.0,1630000.0,1600000.0,1580000.0,1508500.0,1500000.0,1499500.0,1580500.0,1518000.0,1475000.0,1400000.0,1507500.0,1600000.0,1650000.0,1625000.0,1656000.0,1580000.0,1500000.0,1560000.0,1551500.0,1549224.0
394902,37,"Nashville, TN",msa,TN,143900.0,148000.0,147500.0,157000.0,159000.0,155000.0,147977.0,144000.0,143400.0,139900.0,135000.0,135000.0,137000.0,138500.0,142640.0,145000.0,154400.0,150000.0,146700.0,141000.0,140000.0,135000.0,137250.0,133950.0,133000.0,144950.0,139900.0,149900.0,155900.0,153250.0,148000.0,145000.0,139900.0,135000.0,139000.0,140000.0,130000.0,137250.0,140950.0,140000.0,153000.0,150000.0,149500.0,134900.0,138000.0,134500.0,139000.0,133245.0,137500.0,140000.0,143250.0,155646.0,159900.0,157000.0,150000.0,150000.0,145750.0,144000.0,147500.0,140000.0,145000.0,145186.0,160000.0,169000.0,174900.0,171500.0,164000.0,155000.0,157900.0,155000.0,158000.0,150000.0,154900.0,160500.0,165000.0,175000.0,184600.0,180000.0,175000.0,165000.0,163900.0,167550.0,172355.0,164900.0,171222.0,178900.0,180000.0,199000.0,200100.0,192000.0,189700.0,189900.0,180000.0,185000.0,179588.0,185000.0,180000.0,194900.0,200000.0,219900.0,220000.0,218000.0,215000.0,215000.0,215000.0,210000.0,209900.0,214900.0,210000.0,224000.0,229900.0,235000.0,244450.0,245000.0,239000.0,239000.0,235000.0,238000.0,238000.0,234000.0,240223.0,250000.0,256000.0,260000.0,269900.0,260000.0,260000.0,244000.0,253600.0,250000.0,255000.0,250000.0,250000.0,262000.0,265000.0,280000.0,289000.0,280000.0,280000.0,270000.0,270000.0,275000.0,279900.0,268124.0,270000.0,284900.0,287727.0,291000.0,300000.0,314900.0,307500.0,301750.0,310000.0,305000.0,307000.0,299000.0,303000.0,315000.0,335000.0,350000.0,370000.0,365000.0,369000.0,373000.0,385000.0,378000.0,380000.0,372500.0,385000.0,400000.0,426000.0,439841.0,435000.0,425000.0,410000.0,410000.0,395000.0,385000.0,395000.0,375000.0,389900.0,395000.0,400000.0,418500.0,417750.0,423750.0,420000.0,400000.0,415000.0,410000.0,405000.0,415000.0,412500.0,425000.0,440000.0,450000.0,460000.0,439615.0,425000.0,425000.0,424000.0,435000.0,425000.0,425000.0,430000.0,440000.0,445000.0,450000.0,455000.0,450750.0,450000.0,430500.0,448250.0,439041.0
395194,38,"Virginia Beach, VA",msa,VA,208500.0,215000.0,218500.0,217500.0,225000.0,225900.0,219900.0,209000.0,203000.0,208000.0,196950.0,194900.0,198400.0,207000.0,215000.0,217250.0,218000.0,215000.0,215550.0,209750.0,204500.0,196500.0,199842.0,191400.0,190000.0,205000.0,205000.0,205000.0,215000.0,220000.0,212250.0,202225.0,189900.0,199900.0,200000.0,190000.0,177000.0,180000.0,182500.0,188000.0,187755.0,190000.0,199925.0,185000.0,177000.0,179900.0,175000.0,165000.0,174945.0,182000.0,187000.0,199000.0,199000.0,194900.0,197750.0,200000.0,194660.0,188500.0,185000.0,180500.0,175000.0,187000.0,194750.0,199000.0,213000.0,210000.0,207000.0,195000.0,189250.0,186550.0,180000.0,177096.0,178500.0,191000.0,195000.0,195951.0,213000.0,203500.0,200000.0,195000.0,193000.0,192500.0,190000.0,180038.0,187500.0,198000.0,199900.0,215000.0,217000.0,220000.0,210000.0,208500.0,192950.0,190000.0,200000.0,192400.0,195000.0,200000.0,215000.0,220000.0,229000.0,220000.0,215000.0,205000.0,203575.0,210375.0,204000.0,200000.0,205000.0,208346.0,219000.0,222700.0,235000.0,227755.0,220000.0,215000.0,215000.0,220000.0,218000.0,220000.0,216350.0,227000.0,222000.0,232000.0,240000.0,235000.0,225000.0,225000.0,219000.0,220000.0,215000.0,208000.0,222550.0,220000.0,237750.0,240000.0,245000.0,245000.0,243900.0,235500.0,229000.0,228705.0,225500.0,226900.0,225000.0,238000.0,242000.0,255000.0,255000.0,270000.0,265000.0,264900.0,260000.0,267000.0,260000.0,255000.0,255000.0,263482.0,271000.0,278000.0,285000.0,282000.0,285000.0,273000.0,275000.0,275000.0,275000.0,270000.0,275000.0,280000.0,298888.0,311000.0,310000.0,301000.0,295000.0,297500.0,289950.0,282500.0,286000.0,279800.0,280375.0,294900.0,300000.0,320000.0,325000.0,325000.0,315000.0,310565.0,310000.0,309000.0,300000.0,300000.0,310000.0,320000.0,325000.0,335000.0,345000.0,340000.0,330000.0,335000.0,325000.0,325000.0,334475.0,320000.0,320950.0,325000.0,335000.0,350000.0,359900.0,350000.0,350000.0,350000.0,335000.0,348016.0
395005,39,"Providence, RI",msa,RI,239000.0,230350.0,240000.0,243000.0,242000.0,235000.0,227500.0,215000.0,211500.0,205000.0,190000.0,185500.0,190000.0,190000.0,187000.0,194200.0,215000.0,213000.0,215000.0,205000.0,198500.0,200000.0,196500.0,190000.0,190000.0,192500.0,200000.0,201500.0,214250.0,219500.0,210000.0,205000.0,207475.0,200500.0,205000.0,193531.0,190000.0,185500.0,175000.0,194000.0,210000.0,209000.0,200000.0,199900.0,185000.0,185000.0,180000.0,176000.0,170000.0,177500.0,181000.0,187000.0,202750.0,199900.0,200000.0,189000.0,190000.0,197000.0,189900.0,178950.0,188000.0,189000.0,190000.0,210000.0,225000.0,215000.0,220000.0,210000.0,198000.0,205000.0,199950.0,199929.0,190000.0,190000.0,205000.0,210000.0,230000.0,220000.0,215000.0,215000.0,222000.0,209250.0,205000.0,215000.0,194950.0,205000.0,204250.0,225000.0,239000.0,235000.0,232500.0,229900.0,226000.0,225812.0,221000.0,224900.0,212500.0,224000.0,230000.0,237000.0,245000.0,251000.0,242500.0,240000.0,235000.0,245000.0,233250.0,228450.0,228000.0,227500.0,242000.0,245000.0,264000.0,265000.0,260000.0,258150.0,254450.0,259000.0,252750.0,245000.0,245000.0,255000.0,258875.0,267500.0,277950.0,275000.0,270000.0,267000.0,266950.0,265000.0,259000.0,253500.0,250000.0,265000.0,269900.0,289000.0,291000.0,295000.0,290000.0,293200.0,280000.0,287650.0,280000.0,282900.0,270000.0,295000.0,300000.0,291050.0,300127.0,315000.0,329000.0,330000.0,325000.0,322000.0,320000.0,319500.0,309500.0,323000.0,335000.0,350000.0,370000.0,361500.0,375000.0,370000.0,360000.0,365000.0,364900.0,352250.0,355900.0,360000.0,380000.0,400000.0,410000.0,403000.0,395000.0,398000.0,389000.0,387000.0,375000.0,375000.0,370000.0,375000.0,399900.0,410000.0,425000.0,425000.0,430000.0,425000.0,417500.0,410000.0,410000.0,400000.0,405000.0,430000.0,440000.0,440000.0,470000.0,470000.0,465000.0,457000.0,445500.0,450000.0,450000.0,430000.0,445000.0,440000.0,450000.0,471000.0,480000.0,485000.0,485000.0,490000.0,466500.0,470346.0
394714,40,"Jacksonville, FL",msa,FL,169450.0,179900.0,174000.0,183000.0,186200.0,172000.0,175000.0,169400.0,169945.0,150000.0,160000.0,145000.0,158500.0,148000.0,144500.0,160000.0,157950.0,155000.0,149600.0,143500.0,140000.0,145000.0,137000.0,135000.0,130500.0,141700.0,136500.0,139900.0,134700.0,125000.0,130000.0,125000.0,125000.0,128000.0,123900.0,115000.0,114900.0,122000.0,120000.0,130000.0,135000.0,124900.0,125000.0,123000.0,120000.0,120100.0,125000.0,103300.0,115000.0,127600.0,130000.0,132000.0,139000.0,126599.0,129000.0,126000.0,123750.0,122500.0,128375.0,130000.0,125000.0,135000.0,140000.0,145000.0,151800.0,150000.0,155000.0,144000.0,142500.0,139000.0,135000.0,127000.0,122000.0,145000.0,142000.0,146700.0,158000.0,156000.0,149000.0,151000.0,140000.0,147500.0,155000.0,135012.0,139000.0,152000.0,160000.0,165000.0,171900.0,168500.0,161000.0,158000.0,155000.0,149000.0,160000.0,155000.0,150000.0,165000.0,169000.0,177250.0,183000.0,183000.0,179900.0,170000.0,169500.0,165000.0,172300.0,160000.0,171500.0,180000.0,184000.0,195000.0,200000.0,200000.0,190900.0,190000.0,185000.0,180000.0,189000.0,185000.0,189000.0,205000.0,201000.0,210000.0,223000.0,213000.0,205000.0,199300.0,203250.0,205000.0,205000.0,185000.0,200500.0,211500.0,212000.0,220000.0,225000.0,226100.0,223000.0,221264.0,217000.0,211750.0,215000.0,215000.0,220000.0,226000.0,235000.0,230000.0,244265.0,252000.0,249000.0,246000.0,250000.0,246000.0,252000.0,242500.0,250280.0,260000.0,275000.0,280000.0,286050.0,285000.0,289900.0,293100.0,290000.0,290000.0,300000.0,299000.0,305000.0,325000.0,330000.0,330000.0,350000.0,340000.0,330000.0,321000.0,317650.0,310000.0,300000.0,305000.0,317000.0,320000.0,325000.0,330000.0,349900.0,350000.0,342615.0,330000.0,319000.0,330000.0,326900.0,310000.0,340000.0,348000.0,345000.0,356500.0,355000.0,350000.0,340000.0,335000.0,330000.0,345000.0,346000.0,325000.0,345000.0,345000.0,348900.0,350000.0,350000.0,350000.0,347600.0,345000.0,339900.0,330401.0
394862,41,"Milwaukee, WI",msa,WI,170000.0,184200.0,184950.0,182900.0,194850.0,190000.0,185750.0,178900.0,175500.0,169700.0,165000.0,149900.0,161150.0,160000.0,160000.0,169900.0,178000.0,177900.0,173500.0,168700.0,165000.0,163900.0,168500.0,164000.0,161000.0,165000.0,163900.0,174000.0,181900.0,183000.0,182000.0,167000.0,170000.0,162150.0,164950.0,153000.0,147950.0,145000.0,152000.0,165000.0,173000.0,174450.0,168000.0,165000.0,150000.0,154000.0,146000.0,135000.0,129000.0,150000.0,155000.0,160000.0,171000.0,170000.0,173750.0,158000.0,159900.0,151000.0,140050.0,140000.0,134000.0,152000.0,165000.0,165500.0,183000.0,176000.0,178500.0,164900.0,161800.0,155000.0,153000.0,148000.0,144500.0,159900.0,162950.0,170150.0,182500.0,187250.0,184500.0,170000.0,178500.0,174000.0,165000.0,155000.0,156500.0,172900.0,184000.0,189000.0,199900.0,190000.0,195000.0,175000.0,186150.0,171000.0,174000.0,158712.0,163000.0,174000.0,185000.0,189000.0,200000.0,191000.0,200000.0,189900.0,189900.0,177500.0,175000.0,170000.0,168750.0,183500.0,197750.0,196000.0,215000.0,214000.0,206150.0,194500.0,199950.0,195000.0,185000.0,170000.0,177500.0,190000.0,205000.0,206000.0,225750.0,222000.0,209250.0,208483.0,200000.0,200000.0,187000.0,187500.0,186000.0,207000.0,225000.0,232000.0,235000.0,225000.0,235000.0,220000.0,213100.0,215000.0,210000.0,206750.0,195000.0,225000.0,229900.0,235000.0,240000.0,240000.0,235000.0,210000.0,203000.0,205250.0,200000.0,200000.0,198000.0,220000.0,238000.0,250000.0,261500.0,260000.0,250000.0,247300.0,240000.0,238000.0,222300.0,223800.0,223875.0,240000.0,250000.0,275000.0,280000.0,276000.0,264000.0,271500.0,255000.0,250000.0,239900.0,236500.0,240500.0,251000.0,285000.0,285000.0,300000.0,300000.0,299900.0,285000.0,280000.0,275000.0,259450.0,250000.0,260000.0,285000.0,300000.0,315000.0,325000.0,340000.0,317450.0,300000.0,307000.0,310000.0,290000.0,277500.0,300000.0,300000.0,320000.0,325000.0,338000.0,337150.0,340000.0,335000.0,326000.0,318503.0
394935,42,"Oklahoma City, OK",msa,OK,103000.0,99000.0,107562.0,109000.0,116000.0,110000.0,112500.0,102000.0,102500.0,90000.0,92000.0,110000.0,106750.0,110000.0,106900.0,115000.0,120000.0,118000.0,114500.0,109250.0,105000.0,104000.0,86000.0,95000.0,113500.0,112250.0,115000.0,115000.0,115500.0,110000.0,105000.0,106500.0,93500.0,104750.0,98500.0,107000.0,108000.0,109950.0,110000.0,124500.0,118500.0,119150.0,115000.0,112500.0,105000.0,101500.0,100000.0,105500.0,113000.0,116950.0,119000.0,125000.0,120000.0,120000.0,122000.0,117000.0,115000.0,110000.0,107250.0,115250.0,120250.0,123500.0,123000.0,126000.0,133000.0,130000.0,123500.0,117000.0,115000.0,113750.0,113000.0,119950.0,120000.0,128000.0,127000.0,138750.0,137750.0,134250.0,132500.0,128000.0,120000.0,121000.0,122000.0,125000.0,130000.0,130000.0,136250.0,145000.0,152000.0,144650.0,145000.0,140000.0,136000.0,135000.0,136000.0,140500.0,133250.0,140000.0,144900.0,145000.0,150000.0,150000.0,139000.0,147950.0,135500.0,136252.0,140000.0,143750.0,142000.0,146000.0,150000.0,153000.0,155000.0,150000.0,145000.0,147000.0,140000.0,142000.0,145000.0,140000.0,146000.0,150000.0,146000.0,154500.0,154000.0,155000.0,152500.0,152500.0,152000.0,148000.0,149500.0,149900.0,157500.0,158000.0,160000.0,166000.0,173000.0,167000.0,167000.0,165000.0,162750.0,164900.0,160000.0,152000.0,165000.0,170000.0,172000.0,175000.0,184250.0,185000.0,191000.0,185500.0,187000.0,182500.0,180000.0,175000.0,180500.0,185000.0,190000.0,193000.0,200000.0,200000.0,199500.0,200000.0,205000.0,197000.0,195000.0,200000.0,201500.0,209500.0,215250.0,225000.0,228500.0,225000.0,221000.0,222000.0,215000.0,211000.0,200000.0,200000.0,205000.0,220000.0,218000.0,232000.0,235000.0,236750.0,230000.0,220000.0,215000.0,213250.0,215000.0,218000.0,225000.0,230000.0,235000.0,240000.0,250000.0,243000.0,240000.0,237750.0,235000.0,230000.0,228800.0,222750.0,240000.0,240000.0,247500.0,249000.0,250000.0,259000.0,250000.0,244500.0,245750.0,239889.0
395012,43,"Raleigh, NC",msa,NC,172250.0,176000.0,170000.0,185000.0,190000.0,185000.0,185000.0,172500.0,175000.0,164500.0,166000.0,170500.0,173250.0,175000.0,166000.0,174000.0,175000.0,181500.0,180000.0,166250.0,169500.0,173500.0,165000.0,176000.0,165000.0,175000.0,185000.0,180000.0,200000.0,187000.0,178000.0,178000.0,172000.0,177750.0,170000.0,175000.0,175000.0,175000.0,173000.0,180000.0,188000.0,183000.0,180000.0,167900.0,166000.0,168000.0,165000.0,162500.0,165000.0,179500.0,184000.0,186500.0,185000.0,180000.0,180000.0,172000.0,169500.0,180000.0,173000.0,169500.0,172500.0,180000.0,184000.0,192000.0,190500.0,194750.0,195000.0,180000.0,180082.0,175250.0,177000.0,176000.0,179000.0,188500.0,189500.0,207500.0,200000.0,200000.0,198500.0,195000.0,191250.0,189000.0,183000.0,185000.0,189000.0,201000.0,202500.0,222062.0,225500.0,213250.0,210000.0,200500.0,208000.0,200000.0,210000.0,200000.0,205000.0,215000.0,219900.0,230000.0,240000.0,225000.0,225000.0,224000.0,215000.0,220000.0,219000.0,220000.0,219000.0,234000.0,244000.0,240000.0,250000.0,245000.0,239000.0,229000.0,240000.0,235000.0,231000.0,237000.0,247500.0,250000.0,255000.0,257000.0,264500.0,260000.0,251000.0,250000.0,242000.0,250000.0,245000.0,239900.0,249500.0,260000.0,265000.0,265500.0,275000.0,270000.0,265000.0,260000.0,267000.0,261000.0,267500.0,257000.0,265000.0,276500.0,290000.0,277250.0,282000.0,297000.0,300000.0,295000.0,302250.0,302250.0,300000.0,300000.0,300000.0,313250.0,330000.0,340000.0,357500.0,360000.0,357115.0,360000.0,370000.0,373940.0,371000.0,375000.0,375000.0,395000.0,420000.0,421500.0,425000.0,424500.0,405000.0,395000.0,400000.0,395000.0,379000.0,372000.0,387750.0,380000.0,390000.0,402750.0,425000.0,431000.0,424000.0,399000.0,415000.0,405000.0,405000.0,403500.0,400000.0,425000.0,450000.0,450000.0,460000.0,445000.0,440000.0,424000.0,430000.0,435000.0,427500.0,417000.0,417500.0,429000.0,445000.0,455000.0,463500.0,449000.0,455000.0,435000.0,445000.0,437460.0
394849,44,"Memphis, TN",msa,TN,110000.0,112000.0,117500.0,122900.0,122000.0,124000.0,119900.0,115000.0,104900.0,100500.0,94950.0,87000.0,99900.0,108000.0,117500.0,116000.0,129000.0,125000.0,120000.0,122000.0,123000.0,116900.0,114000.0,102150.0,101000.0,115000.0,116900.0,125000.0,119000.0,109096.0,112000.0,114000.0,105625.0,110270.0,105500.0,93500.0,105000.0,104000.0,104000.0,103000.0,114825.0,108250.0,115000.0,112900.0,99900.0,105000.0,100250.0,84900.0,99900.0,105000.0,111500.0,105000.0,114000.0,108000.0,100000.0,108911.0,103025.0,104202.0,97000.0,95000.0,99900.0,99900.0,107000.0,114900.0,132500.0,127000.0,113000.0,120950.0,115000.0,115555.0,114900.0,102500.0,110000.0,119950.0,119000.0,135000.0,136500.0,137800.0,129900.0,126500.0,119900.0,115694.0,120000.0,111950.0,120000.0,123000.0,132250.0,142500.0,145000.0,134900.0,135000.0,130000.0,120000.0,125000.0,119950.0,114000.0,120000.0,131000.0,134965.0,142000.0,152000.0,150000.0,145400.0,138000.0,133900.0,136000.0,130650.0,119950.0,124900.0,134900.0,141700.0,150950.0,158000.0,155000.0,150000.0,148900.0,145000.0,149900.0,150000.0,136000.0,132900.0,145000.0,150000.0,173000.0,167000.0,169000.0,156750.0,158500.0,153000.0,150454.0,145000.0,134450.0,150000.0,149900.0,159500.0,174450.0,175000.0,180000.0,169000.0,160500.0,154250.0,159000.0,160000.0,150000.0,161900.0,164500.0,182700.0,186450.0,187750.0,190000.0,191000.0,193000.0,190000.0,183898.0,180000.0,172950.0,172250.0,180000.0,200000.0,211500.0,224950.0,220000.0,215000.0,216000.0,218000.0,220000.0,216443.0,195000.0,210750.0,221000.0,225000.0,241500.0,255000.0,236000.0,231500.0,234500.0,215000.0,215000.0,195000.0,196000.0,218000.0,218000.0,228100.0,245000.0,245000.0,247500.0,230000.0,219950.0,214000.0,200000.0,205000.0,187000.0,215000.0,225000.0,225000.0,245000.0,238000.0,244450.0,235000.0,230000.0,226600.0,220000.0,220000.0,205000.0,223000.0,240000.0,250000.0,243000.0,257000.0,250000.0,235000.0,225464.0,230000.0,239063.0
395022,45,"Richmond, VA",msa,VA,192250.0,202950.0,200000.0,210000.0,219000.0,215000.0,207750.0,187000.0,185000.0,183000.0,189000.0,180000.0,178000.0,185000.0,181600.0,199500.0,195000.0,190000.0,191900.0,178950.0,185000.0,178000.0,175000.0,172750.0,175000.0,177000.0,187250.0,189250.0,185000.0,190000.0,190000.0,170000.0,165250.0,170000.0,165000.0,169975.0,153750.0,165000.0,169000.0,168000.0,174950.0,180000.0,175000.0,164950.0,155000.0,159825.0,162000.0,145000.0,154000.0,159950.0,174000.0,170000.0,185000.0,185000.0,173250.0,170000.0,159950.0,169000.0,165000.0,159750.0,158944.0,168000.0,175000.0,185000.0,197500.0,186000.0,192000.0,175000.0,170000.0,160000.0,170000.0,165000.0,160000.0,176000.0,178950.0,189950.0,206750.0,193000.0,195500.0,184900.0,177975.0,174900.0,187600.0,176500.0,180000.0,189000.0,185000.0,202500.0,210000.0,205000.0,199950.0,187500.0,185000.0,180000.0,189950.0,182500.0,181000.0,195000.0,200000.0,210500.0,220000.0,216550.0,209850.0,200000.0,199250.0,202500.0,190000.0,188000.0,199475.0,205000.0,211250.0,220000.0,225750.0,228000.0,220000.0,207750.0,200000.0,212000.0,219000.0,207000.0,205000.0,223500.0,229250.0,228000.0,238000.0,239900.0,228000.0,219000.0,219975.0,222500.0,215000.0,219000.0,215000.0,232400.0,240000.0,240000.0,252900.0,245000.0,247500.0,235000.0,235000.0,230000.0,240000.0,230000.0,227600.0,245000.0,259000.0,259000.0,260000.0,270000.0,265000.0,271000.0,272000.0,265000.0,265000.0,257500.0,266550.0,270000.0,280000.0,285000.0,300000.0,300000.0,300000.0,295000.0,290000.0,285000.0,290000.0,285000.0,285000.0,305000.0,320000.0,331750.0,337500.0,335000.0,320000.0,315000.0,314250.0,300000.0,300000.0,294750.0,306000.0,312000.0,325000.0,346250.0,350000.0,350000.0,344000.0,340000.0,333000.0,337500.0,332500.0,325000.0,340000.0,350000.0,350000.0,366000.0,375000.0,380000.0,356400.0,360000.0,360000.0,370000.0,370000.0,346000.0,355000.0,365000.0,365000.0,388250.0,399950.0,389000.0,385000.0,367750.0,385000.0,371686.0
394807,46,"Louisville, KY",msa,KY,124000.0,125000.0,122000.0,130000.0,137000.0,129950.0,130000.0,124000.0,122950.0,112925.0,115000.0,111300.0,113500.0,120000.0,122500.0,129900.0,130000.0,136000.0,129900.0,132000.0,126000.0,124000.0,122500.0,120000.0,119000.0,125000.0,127500.0,135000.0,134700.0,130000.0,136000.0,126750.0,127709.0,130000.0,127000.0,120000.0,125000.0,127000.0,125950.0,128700.0,132000.0,133000.0,132965.0,129900.0,125000.0,128000.0,120000.0,121000.0,122000.0,130000.0,130000.0,137500.0,139000.0,139900.0,135000.0,132500.0,129900.0,130000.0,129500.0,121000.0,120000.0,128000.0,126825.0,138500.0,140000.0,140000.0,136175.0,134000.0,125205.0,133000.0,125000.0,125000.0,120000.0,127000.0,132500.0,140000.0,147750.0,147000.0,143500.0,135000.0,136000.0,134200.0,135000.0,129900.0,132000.0,140000.0,143750.0,155000.0,160000.0,151753.0,150000.0,145000.0,149900.0,147043.0,153500.0,144000.0,136950.0,145500.0,147950.0,158000.0,165000.0,168500.0,160000.0,157000.0,156000.0,155000.0,150000.0,149250.0,150000.0,153000.0,158500.0,169000.0,172000.0,170000.0,162500.0,165000.0,160000.0,160000.0,160000.0,155000.0,161000.0,159000.0,165000.0,171500.0,175000.0,182681.0,172500.0,164900.0,170000.0,168000.0,174000.0,166000.0,168000.0,170000.0,175000.0,185000.0,194950.0,190000.0,185000.0,179900.0,180500.0,174000.0,176500.0,170000.0,177000.0,180000.0,190000.0,191500.0,197000.0,212000.0,210375.0,205000.0,201900.0,205000.0,193000.0,190000.0,195000.0,197250.0,205000.0,215000.0,220000.0,230000.0,219000.0,223000.0,225000.0,221500.0,219900.0,205000.0,211250.0,215000.0,235000.0,240000.0,247000.0,245000.0,240000.0,238500.0,240000.0,229900.0,220000.0,212000.0,224000.0,226315.0,237000.0,247000.0,250000.0,252000.0,252000.0,240000.0,240000.0,245000.0,230000.0,229000.0,240450.0,245000.0,250000.0,265000.0,267000.0,264900.0,254100.0,259000.0,255000.0,255000.0,250000.0,249000.0,247000.0,252750.0,255000.0,265000.0,279000.0,279250.0,278000.0,265575.0,275000.0,262517.0
394910,47,"New Orleans, LA",msa,LA,161500.0,160650.0,156000.0,166000.0,169000.0,176000.0,169000.0,164750.0,165000.0,160000.0,165000.0,145000.0,159900.0,161750.0,153750.0,164500.0,174000.0,170000.0,164450.0,159900.0,160000.0,153250.0,157000.0,153000.0,159000.0,154000.0,152750.0,159900.0,162000.0,165000.0,155000.0,155000.0,160950.0,163650.0,155000.0,145000.0,140000.0,145000.0,150000.0,157000.0,159000.0,155000.0,150000.0,149000.0,145000.0,148000.0,140000.0,137000.0,133500.0,142300.0,135450.0,149999.0,145000.0,150000.0,148000.0,145000.0,142000.0,149000.0,150000.0,154000.0,135000.0,145000.0,158000.0,163000.0,160500.0,165000.0,153000.0,152000.0,151500.0,143000.0,152000.0,141950.0,146000.0,150000.0,149950.0,164000.0,165000.0,159500.0,155000.0,152500.0,155000.0,143750.0,159100.0,145000.0,150000.0,163478.0,160000.0,166000.0,171450.0,176500.0,159625.0,162000.0,158000.0,152950.0,175000.0,153500.0,162450.0,169900.0,170000.0,178500.0,180000.0,179000.0,170000.0,171900.0,160000.0,177900.0,165150.0,170000.0,172000.0,174000.0,168000.0,188000.0,185000.0,185000.0,180000.0,172000.0,175000.0,173500.0,185000.0,185000.0,186000.0,179000.0,186000.0,195500.0,209000.0,201500.0,195000.0,194000.0,181000.0,187500.0,195000.0,181000.0,180000.0,185000.0,190000.0,200000.0,216500.0,203100.0,206000.0,192000.0,195000.0,205000.0,197000.0,193000.0,200000.0,197750.0,202127.0,215000.0,220000.0,225000.0,220000.0,218250.0,219555.0,225000.0,220000.0,217000.0,223000.0,235000.0,240000.0,250000.0,259000.0,250000.0,250000.0,265000.0,250000.0,246250.0,250000.0,259000.0,262000.0,268000.0,271500.0,290000.0,289000.0,264000.0,260000.0,257500.0,255600.0,260000.0,269665.0,240000.0,237500.0,249000.0,256000.0,275000.0,275000.0,270000.0,245000.0,250000.0,247000.0,245000.0,230000.0,239000.0,248000.0,255000.0,265000.0,264653.0,275000.0,260000.0,257500.0,262000.0,255935.0,250000.0,267000.0,255000.0,270000.0,260000.0,270000.0,276600.0,292000.0,260000.0,270000.0,265000.0,270000.0,252656.0
395053,48,"Salt Lake City, UT",msa,UT,220000.0,220000.0,229000.0,229400.0,220000.0,229900.0,219950.0,215000.0,222000.0,219950.0,215000.0,233309.0,215194.0,217000.0,214950.0,220000.0,219000.0,217000.0,210000.0,199900.0,200000.0,195306.0,205000.0,210000.0,203000.0,195000.0,197000.0,197000.0,215000.0,219900.0,213000.0,200000.0,199900.0,195000.0,189950.0,187900.0,174850.0,179500.0,179000.0,183500.0,184085.0,184500.0,180000.0,169000.0,179000.0,169900.0,169900.0,164900.0,171000.0,174950.0,188800.0,188000.0,187750.0,186000.0,195000.0,185000.0,192500.0,195000.0,190000.0,193000.0,200000.0,196000.0,215000.0,225000.0,229900.0,225000.0,222000.0,215000.0,213000.0,211025.0,219250.0,214950.0,215000.0,220000.0,219900.0,229000.0,229900.0,230500.0,231900.0,225000.0,225000.0,228150.0,228000.0,222000.0,215000.0,229000.0,235000.0,250000.0,250000.0,250000.0,245000.0,244000.0,239650.0,240000.0,240000.0,235000.0,235000.0,244554.0,253700.0,265000.0,269500.0,265000.0,263000.0,260000.0,260000.0,263252.0,262563.0,269000.0,258000.0,278893.0,288950.0,292000.0,298250.0,290000.0,287407.0,280217.0,290000.0,295000.0,287000.0,290000.0,297250.0,307000.0,305000.0,315850.0,321950.0,320000.0,310000.0,315000.0,319700.0,310000.0,301179.0,315000.0,315000.0,314000.0,325038.0,340000.0,344843.0,348500.0,335000.0,337500.0,331996.0,344000.0,343000.0,337500.0,348000.0,352500.0,353750.0,356000.0,369973.0,378093.0,378989.0,382182.0,377000.0,386745.0,393881.0,383000.0,405000.0,425000.0,435000.0,450350.0,467000.0,470000.0,470000.0,475000.0,459500.0,480000.0,485000.0,490000.0,496656.0,525000.0,533000.0,545000.0,530000.0,507580.0,516500.0,509000.0,515000.0,490000.0,463425.0,475000.0,480217.0,502254.0,489450.0,518313.0,515000.0,521779.0,510000.0,505000.0,505000.0,500000.0,490000.0,495000.0,525000.0,525000.0,535000.0,535000.0,535000.0,550846.0,525000.0,527250.0,530000.0,510408.0,515000.0,520000.0,530000.0,518498.0,530000.0,550000.0,544900.0,545699.0,546000.0,538219.0,555000.0,538527.0
394669,49,"Hartford, CT",msa,CT,210000.0,220000.0,225000.0,222000.0,230750.0,230000.0,230000.0,217500.0,210000.0,207500.0,205000.0,195000.0,194500.0,199000.0,201000.0,215000.0,225000.0,224000.0,213750.0,200500.0,202500.0,209000.0,207000.0,199500.0,200000.0,203500.0,200000.0,215000.0,221000.0,225000.0,221900.0,210000.0,221100.0,215000.0,204500.0,198500.0,188000.0,200000.0,209500.0,206800.0,225000.0,220000.0,210000.0,205000.0,195000.0,195000.0,188000.0,185000.0,185000.0,189500.0,193000.0,202237.0,225000.0,218000.0,215450.0,193000.0,205000.0,193000.0,190000.0,189450.0,170100.0,177500.0,200000.0,203000.0,220000.0,220000.0,220000.0,206000.0,200000.0,190000.0,185900.0,205450.0,183000.0,187500.0,188000.0,205000.0,212000.0,223500.0,212750.0,200000.0,194250.0,189755.0,194000.0,179250.0,172000.0,189500.0,192250.0,200000.0,219950.0,210000.0,209450.0,201750.0,187500.0,185000.0,190000.0,186250.0,187000.0,180000.0,200000.0,210000.0,221450.0,218000.0,220000.0,218000.0,195500.0,198500.0,198000.0,187000.0,177000.0,190000.0,190000.0,208625.0,225000.0,220000.0,218000.0,205000.0,205000.0,200000.0,205000.0,198250.0,199900.0,215000.0,215000.0,219450.0,235500.0,230000.0,235000.0,205000.0,209950.0,210000.0,209000.0,199900.0,188270.0,210000.0,220000.0,230000.0,235000.0,239000.0,234900.0,222250.0,219900.0,221000.0,218800.0,218500.0,215000.0,233450.0,239900.0,240000.0,245000.0,250000.0,255000.0,247000.0,250000.0,250000.0,251000.0,246500.0,240000.0,240000.0,260000.0,265000.0,275000.0,280000.0,281000.0,270000.0,262250.0,267500.0,265000.0,260000.0,255000.0,255000.0,280000.0,286000.0,310000.0,308000.0,300000.0,295000.0,290000.0,282000.0,275000.0,275000.0,285000.0,282000.0,299000.0,320000.0,325000.0,330450.0,335000.0,321000.0,320000.0,307399.0,315000.0,300000.0,307500.0,320000.0,325000.0,345000.0,374900.0,360000.0,365000.0,365000.0,339950.0,340000.0,350000.0,332000.0,325000.0,335050.0,355000.0,367500.0,388000.0,380000.0,385000.0,362000.0,365000.0,368324.0
394425,50,"Buffalo, NY",msa,NY,89050.0,100000.0,102500.0,106000.0,115000.0,112850.0,113000.0,108000.0,110000.0,105000.0,93000.0,92250.0,93000.0,100000.0,105975.0,115000.0,115010.0,122340.0,117000.0,113085.0,108000.0,112000.0,106250.0,110000.0,105000.0,102000.0,115000.0,119700.0,122100.0,124500.0,122950.0,120000.0,125000.0,116600.0,114700.0,121000.0,100000.0,108000.0,115000.0,116000.0,124000.0,127125.0,128000.0,128000.0,120000.0,114700.0,112790.0,105000.0,105000.0,117000.0,110000.0,125000.0,130000.0,130000.0,129900.0,123000.0,122000.0,128000.0,124000.0,111000.0,115000.0,117300.0,119819.0,127000.0,135000.0,137500.0,138250.0,129850.0,123200.0,120000.0,119640.0,117712.0,115000.0,118000.0,117686.0,128000.0,131000.0,133000.0,136500.0,126500.0,125000.0,123000.0,120000.0,115000.0,110000.0,113184.0,129000.0,122000.0,132950.0,135500.0,137000.0,130000.0,125000.0,125000.0,120000.0,123400.0,124150.0,121500.0,123000.0,125700.0,139000.0,141325.0,139900.0,138000.0,136250.0,129900.0,127000.0,123000.0,117000.0,122000.0,131500.0,138982.0,146700.0,150651.0,148750.0,153000.0,140000.0,137408.0,138000.0,133000.0,130000.0,138000.0,135340.0,142950.0,153000.0,165000.0,156500.0,159000.0,150000.0,150000.0,146950.0,143000.0,145000.0,140000.0,150000.0,155000.0,168000.0,170000.0,170000.0,165000.0,165000.0,156000.0,160000.0,150000.0,140000.0,154349.0,167500.0,173900.0,165950.0,180000.0,185500.0,184000.0,180000.0,180000.0,176962.0,175000.0,165000.0,166000.0,176001.0,195000.0,196000.0,210000.0,218325.0,205000.0,205000.0,200000.0,198750.0,192000.0,185000.0,180000.0,200000.0,225000.0,230000.0,235000.0,230000.0,225000.0,220000.0,225000.0,208950.0,205000.0,185000.0,190500.0,205000.0,225000.0,250000.0,250000.0,255000.0,260000.0,245000.0,240000.0,231750.0,220000.0,209900.0,220000.0,229000.0,240000.0,250500.0,275000.0,275000.0,259000.0,260000.0,250000.0,250000.0,235000.0,228950.0,246500.0,246000.0,250500.0,276000.0,285000.0,290000.0,285000.0,285000.0,270329.0
394388,51,"Birmingham, AL",msa,AL,121000.0,133450.0,138500.0,147500.0,138000.0,145000.0,132500.0,129950.0,121550.0,124900.0,126500.0,107000.0,124900.0,129900.0,130000.0,143000.0,152000.0,149950.0,138500.0,143000.0,141000.0,136950.0,143500.0,129950.0,130000.0,140000.0,149900.0,149000.0,154750.0,140000.0,137500.0,135000.0,147500.0,142900.0,135000.0,129000.0,126000.0,130000.0,135000.0,144750.0,145000.0,137750.0,137450.0,140000.0,134200.0,144250.0,132500.0,129900.0,137950.0,140950.0,144000.0,157950.0,161000.0,155000.0,155000.0,154950.0,144900.0,150000.0,155000.0,150000.0,150750.0,176900.0,172000.0,182925.0,189900.0,188000.0,180000.0,170000.0,173000.0,178000.0,166500.0,158000.0,155000.0,160000.0,165771.0,175000.0,178000.0,173000.0,175000.0,170000.0,161000.0,162750.0,169000.0,154000.0,155000.0,171400.0,173950.0,185000.0,177500.0,170000.0,160000.0,150000.0,149000.0,145000.0,142000.0,142800.0,142000.0,148250.0,166250.0,167000.0,172250.0,169750.0,157000.0,154950.0,149000.0,154000.0,151000.0,150000.0,139000.0,154900.0,169850.0,175000.0,168000.0,168500.0,164900.0,161000.0,157700.0,160000.0,162500.0,159900.0,164900.0,168600.0,174850.0,190000.0,187000.0,181000.0,170000.0,175000.0,167000.0,172000.0,160000.0,156000.0,165000.0,179500.0,188250.0,202000.0,194000.0,180000.0,180000.0,178500.0,175000.0,175000.0,175000.0,171111.0,179900.0,200000.0,202000.0,200105.0,200000.0,205000.0,205000.0,206545.0,200000.0,206000.0,191000.0,189650.0,200000.0,198000.0,219000.0,225000.0,225875.0,225000.0,219825.0,220000.0,232900.0,228250.0,220000.0,210000.0,222000.0,231000.0,250000.0,255000.0,265000.0,252800.0,245000.0,241000.0,240000.0,235000.0,220000.0,205000.0,220051.0,229000.0,245000.0,260000.0,243165.0,259000.0,245000.0,234950.0,227000.0,225000.0,220700.0,182000.0,209000.0,227050.0,239900.0,271750.0,262500.0,240000.0,220000.0,220000.0,225000.0,225000.0,215000.0,194650.0,237000.0,250000.0,255000.0,270000.0,269000.0,265000.0,250450.0,250000.0,240000.0,259125.0
395031,52,"Rochester, NY",msa,NY,98000.0,104950.0,108003.0,113500.0,116500.0,118500.0,120000.0,106350.0,105500.0,101000.0,101500.0,94750.0,107500.0,111900.0,112000.0,113300.0,119500.0,122000.0,119900.0,115000.0,115000.0,112000.0,108000.0,105000.0,103000.0,114950.0,118000.0,125000.0,123000.0,122250.0,123200.0,116950.0,114500.0,117500.0,114900.0,116500.0,106000.0,108500.0,115000.0,120000.0,119900.0,125000.0,120000.0,120000.0,117000.0,123250.0,113575.0,114700.0,112750.0,118575.0,120000.0,121750.0,128000.0,129000.0,129000.0,125000.0,124500.0,119900.0,118250.0,116000.0,110000.0,121500.0,121000.0,124900.0,130000.0,134950.0,130000.0,125000.0,118000.0,118000.0,115500.0,114500.0,120000.0,117500.0,119000.0,126000.0,131000.0,129900.0,123000.0,124900.0,120950.0,124700.0,116000.0,115000.0,112500.0,114000.0,120000.0,125650.0,136000.0,135000.0,135000.0,125000.0,124000.0,119900.0,122250.0,112250.0,116250.0,118750.0,123000.0,128750.0,136125.0,139000.0,134000.0,128750.0,125000.0,126000.0,130250.0,120875.0,120246.0,124900.0,127000.0,133825.0,138750.0,140000.0,140000.0,132000.0,131000.0,126000.0,127500.0,124000.0,124000.0,130000.0,133110.0,145000.0,150000.0,150000.0,146000.0,140000.0,140000.0,139000.0,133900.0,129900.0,130000.0,138000.0,139350.0,150000.0,158500.0,158900.0,156250.0,150000.0,149900.0,146000.0,148000.0,140000.0,135000.0,150000.0,156000.0,155000.0,155500.0,170000.0,174000.0,171000.0,170000.0,165000.0,167000.0,156000.0,151200.0,160000.0,172000.0,180000.0,195050.0,185000.0,189950.0,182000.0,180000.0,176000.0,175000.0,167500.0,155000.0,172000.0,185000.0,200000.0,210000.0,210000.0,208027.0,199900.0,190105.0,185000.0,185000.0,175000.0,180000.0,186000.0,199700.0,210000.0,231000.0,230000.0,235000.0,225500.0,225500.0,215000.0,220000.0,200000.0,185000.0,210000.0,235000.0,245000.0,260000.0,250000.0,248950.0,250000.0,246000.0,231500.0,230000.0,230000.0,219950.0,225000.0,255000.0,265500.0,295000.0,275000.0,275000.0,257500.0,266000.0,261243.0
394640,53,"Grand Rapids, MI",msa,MI,107000.0,113000.0,112000.0,115000.0,120000.0,116000.0,117000.0,105000.0,103000.0,92000.0,87300.0,81500.0,85000.0,88700.0,86900.0,90000.0,93475.0,99900.0,101750.0,102000.0,96000.0,99900.0,88000.0,93000.0,93250.0,98000.0,104000.0,104000.0,96500.0,97500.0,100000.0,89950.0,93000.0,93750.0,99000.0,93950.0,84000.0,86000.0,90000.0,108000.0,105000.0,105000.0,99900.0,100000.0,99900.0,97000.0,90000.0,95000.0,87000.0,97250.0,105000.0,112250.0,113200.0,115000.0,115000.0,110000.0,112000.0,111750.0,104900.0,101350.0,109000.0,115000.0,119645.0,125000.0,125130.0,130000.0,128000.0,124000.0,119900.0,115550.0,118000.0,114000.0,115000.0,120000.0,124000.0,134000.0,140000.0,135625.0,138628.0,132000.0,130000.0,125000.0,125000.0,126500.0,124500.0,132000.0,139900.0,142000.0,148300.0,146325.0,145000.0,144950.0,139450.0,136000.0,137000.0,139900.0,139900.0,141000.0,149900.0,155000.0,158000.0,158512.0,155000.0,157000.0,154700.0,153000.0,151000.0,148000.0,150000.0,160000.0,169900.0,170000.0,175000.0,170400.0,170000.0,170000.0,168500.0,170000.0,167700.0,163500.0,167500.0,173950.0,177125.0,190000.0,188000.0,186000.0,186000.0,185000.0,184900.0,179250.0,178950.0,177500.0,177770.0,184900.0,198000.0,201500.0,205000.0,205000.0,201050.0,200000.0,195000.0,191300.0,190000.0,189000.0,190000.0,209000.0,210000.0,210000.0,220000.0,225000.0,220650.0,235000.0,229000.0,220000.0,217000.0,209450.0,220000.0,235000.0,250000.0,250000.0,260000.0,260000.0,252750.0,250000.0,249000.0,250200.0,245000.0,236500.0,250000.0,270000.0,285000.0,287000.0,295000.0,299900.0,285000.0,282500.0,275000.0,266050.0,254750.0,250500.0,264000.0,280000.0,289000.0,313000.0,300000.0,314900.0,305150.0,300000.0,300000.0,285000.0,273250.0,289950.0,305000.0,307000.0,326000.0,324900.0,330000.0,325000.0,325000.0,320000.0,312000.0,315000.0,309000.0,290000.0,314450.0,320000.0,321185.0,345000.0,347250.0,350000.0,340100.0,336100.0,325000.0,326872.0
395167,54,"Tucson, AZ",msa,AZ,195000.0,199900.0,189900.0,195000.0,189700.0,191000.0,178500.0,175000.0,175000.0,171500.0,168000.0,161500.0,165000.0,160000.0,161100.0,162250.0,160000.0,164000.0,160000.0,160000.0,150400.0,158700.0,150000.0,150000.0,145250.0,151625.0,155000.0,150000.0,145000.0,147900.0,147000.0,140000.0,135000.0,138000.0,135021.0,127167.0,128500.0,124000.0,130000.0,126000.0,125000.0,122000.0,121950.0,115000.0,117000.0,122950.0,116075.0,123000.0,121000.0,125000.0,130000.0,135000.0,135000.0,130000.0,141750.0,140000.0,136250.0,137000.0,143000.0,140000.0,137500.0,145125.0,150000.0,149575.0,155000.0,153000.0,150000.0,149500.0,148000.0,153000.0,150000.0,148250.0,150000.0,154000.0,153000.0,157500.0,160000.0,162500.0,158750.0,159000.0,159700.0,155500.0,152913.0,151753.0,157750.0,162000.0,157500.0,164000.0,164000.0,165000.0,165000.0,161800.0,165000.0,161750.0,169900.0,161000.0,163000.0,167000.0,166750.0,171000.0,180000.0,175000.0,175000.0,168000.0,168900.0,172500.0,170000.0,175000.0,180000.0,176500.0,177250.0,186925.0,188000.0,184225.0,179000.0,187125.0,187000.0,187500.0,189000.0,185000.0,186500.0,190000.0,198000.0,195000.0,195000.0,198250.0,198000.0,194150.0,199900.0,200200.0,195000.0,200000.0,200000.0,204900.0,204900.0,219000.0,218000.0,216500.0,210000.0,214950.0,219500.0,209000.0,225000.0,217000.0,220750.0,230000.0,226500.0,225000.0,230000.0,242000.0,241250.0,245000.0,250000.0,250000.0,249000.0,255500.0,255000.0,270000.0,270000.0,285000.0,290000.0,290000.0,299000.0,296790.0,296000.0,300000.0,307700.0,303350.0,315000.0,320000.0,330000.0,338750.0,342000.0,330000.0,326000.0,325000.0,318000.0,320000.0,310000.0,310000.0,310000.0,312750.0,325000.0,334000.0,340000.0,332000.0,333400.0,330000.0,330000.0,325000.0,323000.0,331650.0,339200.0,345000.0,355000.0,347638.0,345000.0,347500.0,339250.0,334000.0,335000.0,345000.0,340000.0,337000.0,335000.0,345000.0,350000.0,347000.0,349000.0,340000.0,325000.0,337250.0,329450.0,344618.0
753924,55,"Urban Honolulu, HI",msa,HI,368400.0,350000.0,330000.0,370000.0,382000.0,422975.0,419500.0,347000.0,422000.0,427500.0,385000.0,385000.0,376000.0,410000.0,380000.0,414500.0,389500.0,400000.0,385000.0,400000.0,401000.0,400000.0,399000.0,390000.0,380000.0,398000.0,410000.0,400000.0,382000.0,440000.0,429000.0,417000.0,400000.0,418719.0,425000.0,395000.0,410000.0,405000.0,410000.0,398500.0,362500.0,399450.0,397000.0,390000.0,417120.0,444600.0,400000.0,411500.0,435000.0,402000.0,435000.0,430000.0,425000.0,429500.0,430000.0,450000.0,444550.0,458700.0,443000.0,448873.0,442790.0,449000.0,475000.0,425000.0,480000.0,440000.0,500000.0,472500.0,445250.0,445000.0,450000.0,498000.0,465000.0,489990.0,464500.0,484625.0,500000.0,469000.0,475000.0,515000.0,432000.0,485000.0,486000.0,500000.0,450000.0,480000.0,480000.0,486000.0,480000.0,470000.0,539450.0,510000.0,500000.0,506000.0,529000.0,515000.0,602500.0,515000.0,530000.0,525000.0,548000.0,558750.0,536616.0,535000.0,553000.0,540000.0,540000.0,550000.0,536000.0,530895.0,539900.0,550000.0,579000.0,577000.0,560000.0,585000.0,565500.0,570000.0,573500.0,555000.0,563000.0,560000.0,538000.0,560000.0,570000.0,570000.0,563000.0,552000.0,558000.0,562500.0,540000.0,585000.0,555000.0,585000.0,566500.0,575000.0,580000.0,615000.0,585000.0,590000.0,577500.0,565000.0,585000.0,575000.0,600000.0,625000.0,612000.0,595000.0,590000.0,605000.0,615500.0,630799.0,583194.0,601250.0,635000.0,621000.0,620000.0,599999.0,616500.0,650000.0,625000.0,650000.0,680000.0,651000.0,649000.0,645000.0,660000.0,695000.0,650889.0,650000.0,680000.0,689000.0,692500.0,685000.0,660000.0,660500.0,700000.0,637500.0,650000.0,640000.0,630000.0,665000.0,620000.0,666440.0,650000.0,655000.0,672000.0,698000.0,670000.0,650728.0,685000.0,695000.0,670000.0,680000.0,705000.0,615519.0,757000.0,694000.0,696500.0,706484.0,683500.0,725000.0,725000.0,730458.0,645000.0,672500.0,699000.0,707500.0,730000.0,695534.0,735000.0,721000.0,718592.0,715924.0
395169,56,"Tulsa, OK",msa,OK,109205.0,112500.0,111000.0,121000.0,124000.0,120000.0,123000.0,112500.0,115000.0,109000.0,99500.0,108750.0,117000.0,117000.0,112000.0,124000.0,126500.0,122061.0,117000.0,118000.0,116550.0,113000.0,108250.0,107500.0,110000.0,115000.0,124000.0,119000.0,121670.0,127500.0,115500.0,123750.0,117750.0,118000.0,112500.0,117025.0,113000.0,107500.0,111000.0,110000.0,124000.0,122000.0,124500.0,116667.0,120000.0,115000.0,124500.0,105000.0,115000.0,115000.0,120000.0,130000.0,125000.0,127250.0,130000.0,125250.0,125000.0,120000.0,120500.0,120250.0,119500.0,127500.0,130000.0,130299.0,135500.0,135000.0,127000.0,132250.0,120000.0,120000.0,125500.0,117500.0,116000.0,125000.0,128750.0,136000.0,137000.0,144000.0,135000.0,127667.0,136500.0,127750.0,128000.0,129900.0,123500.0,135000.0,139000.0,137900.0,147000.0,142000.0,139000.0,140000.0,135250.0,142000.0,131000.0,128000.0,127750.0,131000.0,134000.0,143000.0,140000.0,150000.0,143750.0,145000.0,140000.0,145000.0,146700.0,140000.0,137000.0,143410.0,144900.0,155000.0,153000.0,155000.0,154000.0,145000.0,148000.0,150000.0,142565.0,142250.0,144000.0,145500.0,150000.0,160000.0,155500.0,155000.0,155000.0,150000.0,151000.0,151500.0,138050.0,143000.0,145000.0,155000.0,157550.0,165000.0,169500.0,171500.0,160000.0,160000.0,158000.0,155000.0,165000.0,160000.0,165500.0,171000.0,167250.0,176000.0,183000.0,188250.0,190000.0,190000.0,185000.0,185000.0,186500.0,180000.0,182000.0,190000.0,197000.0,195000.0,210500.0,208000.0,210000.0,208000.0,210000.0,210000.0,210000.0,201000.0,203000.0,215000.0,225580.0,228000.0,237750.0,230000.0,224550.0,225000.0,225000.0,215000.0,207500.0,205000.0,201500.0,219000.0,225000.0,245000.0,243500.0,237000.0,227500.0,235000.0,235000.0,225000.0,220000.0,212500.0,226250.0,240000.0,235000.0,245000.0,257400.0,250000.0,255000.0,247500.0,234000.0,237000.0,230000.0,235000.0,240750.0,245000.0,255000.0,259450.0,263250.0,258000.0,251000.0,255000.0,254750.0,254511.0
394619,57,"Fresno, CA",msa,CA,237500.0,225000.0,226250.0,210000.0,205000.0,192000.0,184500.0,177750.0,170000.0,155000.0,150000.0,135000.0,128000.0,137500.0,131750.0,140000.0,138000.0,150000.0,145000.0,150000.0,152000.0,155000.0,142500.0,140000.0,146750.0,150000.0,145000.0,155000.0,155000.0,150000.0,145000.0,150000.0,141000.0,142000.0,145000.0,125500.0,130000.0,138750.0,129500.0,133000.0,135000.0,132000.0,138000.0,135000.0,135000.0,136500.0,135000.0,129000.0,140000.0,130000.0,140000.0,138500.0,143750.0,145000.0,147500.0,155000.0,149000.0,145000.0,150000.0,147000.0,154000.0,160000.0,162500.0,160000.0,180500.0,175000.0,175000.0,178750.0,177500.0,190000.0,177500.0,173000.0,170000.0,199000.0,187000.0,190000.0,190000.0,187250.0,191000.0,198750.0,190000.0,190000.0,188000.0,202500.0,194000.0,203000.0,205000.0,210000.0,215000.0,215000.0,212000.0,205000.0,206000.0,210000.0,210000.0,205000.0,198000.0,219000.0,220500.0,221000.0,230000.0,225000.0,226000.0,230000.0,228000.0,225000.0,225000.0,224000.0,217000.0,234250.0,225000.0,240000.0,245000.0,245000.0,250000.0,250000.0,240000.0,250000.0,244500.0,235500.0,245000.0,254000.0,250000.0,260000.0,265000.0,255000.0,260250.0,255000.0,255000.0,252000.0,250000.0,249240.0,250250.0,267500.0,255000.0,265570.0,269000.0,274000.0,268000.0,270000.0,267250.0,270000.0,265500.0,265000.0,268000.0,265000.0,275000.0,275500.0,292000.0,300000.0,300000.0,310000.0,315000.0,300000.0,305000.0,306250.0,319000.0,325000.0,327250.0,345000.0,350000.0,350000.0,355000.0,351250.0,355000.0,358250.0,360000.0,370000.0,375000.0,377000.0,375000.0,385000.0,399000.0,380000.0,365000.0,386000.0,376975.0,370000.0,360000.0,350000.0,355000.0,380000.0,374500.0,380000.0,390000.0,385000.0,377390.0,370000.0,375000.0,370000.0,360000.0,361000.0,380000.0,380000.0,387000.0,382500.0,399995.0,399000.0,395000.0,395250.0,385000.0,390000.0,377500.0,390000.0,398000.0,410000.0,400000.0,400000.0,417000.0,420000.0,409000.0,415000.0,405000.0,417441.0
395238,58,"Worcester, MA",msa,MA,212000.0,215000.0,220000.0,220000.0,222500.0,220000.0,213750.0,199900.0,195000.0,190200.0,182500.0,177000.0,170000.0,175000.0,187250.0,194750.0,196000.0,204000.0,199900.0,189900.0,199000.0,193000.0,185826.0,175000.0,174500.0,191500.0,203000.0,200000.0,210000.0,195000.0,200000.0,186450.0,204000.0,189950.0,177200.0,166607.0,165000.0,168000.0,181000.0,183000.0,198500.0,192000.0,189950.0,180000.0,176250.0,171500.0,165000.0,169347.0,162000.0,174900.0,172000.0,183500.0,199000.0,205000.0,182750.0,177500.0,177000.0,175000.0,175900.0,179125.0,172132.0,183000.0,190000.0,195550.0,214500.0,215000.0,215000.0,196000.0,198700.0,194900.0,187750.0,194250.0,179000.0,205500.0,197750.0,211000.0,223000.0,220041.0,219250.0,201500.0,200000.0,205000.0,195700.0,187000.0,197875.0,195000.0,200000.0,214000.0,232000.0,228000.0,230000.0,219000.0,220000.0,204000.0,214700.0,205000.0,195000.0,204950.0,211650.0,215000.0,237000.0,240000.0,235000.0,225000.0,229950.0,216250.0,218000.0,210000.0,210000.0,205000.0,221950.0,235000.0,248000.0,245000.0,247750.0,239900.0,240000.0,243000.0,241000.0,235000.0,225000.0,232000.0,249900.0,251000.0,275000.0,265000.0,260000.0,262500.0,247000.0,250000.0,246000.0,241833.0,240000.0,249450.0,260000.0,265000.0,275000.0,279000.0,279900.0,270000.0,270000.0,265000.0,274950.0,263000.0,253450.0,274900.0,280000.0,300000.0,295000.0,315000.0,310000.0,312000.0,313000.0,312000.0,305000.0,305000.0,285000.0,310000.0,321533.0,344000.0,359700.0,351000.0,357500.0,354950.0,349900.0,350000.0,340000.0,350000.0,335000.0,340000.0,365000.0,379067.0,410000.0,409125.0,400000.0,379450.0,389616.0,369950.0,363000.0,349950.0,361180.0,365000.0,389000.0,400000.0,420000.0,415000.0,416700.0,410000.0,405000.0,400000.0,380000.0,390000.0,380000.0,387500.0,410500.0,426000.0,450000.0,435000.0,430000.0,429500.0,430000.0,425000.0,429000.0,422000.0,430500.0,415000.0,430000.0,455000.0,469000.0,450000.0,450000.0,451100.0,430000.0,436140.0
394938,59,"Omaha, NE",msa,NE,126850.0,128000.0,129500.0,135000.0,132500.0,132000.0,132000.0,127250.0,127000.0,124900.0,114000.0,120000.0,122250.0,125850.0,128000.0,131000.0,133000.0,130000.0,130000.0,131500.0,125000.0,120500.0,115000.0,131000.0,123000.0,131000.0,128000.0,131000.0,130000.0,132000.0,125000.0,122000.0,116000.0,126000.0,120000.0,122000.0,112000.0,120000.0,125000.0,127517.0,129000.0,132000.0,129000.0,125000.0,122000.0,119835.0,119000.0,114000.0,117000.0,123500.0,126000.0,135000.0,138000.0,137000.0,134500.0,126000.0,125000.0,120850.0,119000.0,120000.0,118167.0,125000.0,125500.0,138000.0,142500.0,137000.0,135000.0,129000.0,130000.0,125000.0,126750.0,120000.0,130000.0,134000.0,134500.0,140500.0,145000.0,145000.0,142000.0,138000.0,135000.0,137000.0,127750.0,130000.0,135000.0,138000.0,143000.0,153000.0,158000.0,152000.0,146000.0,145000.0,150000.0,140000.0,140000.0,143750.0,145500.0,150000.0,148000.0,154000.0,160000.0,163000.0,155000.0,154000.0,150000.0,149900.0,148000.0,148000.0,145000.0,153000.0,160000.0,165000.0,170000.0,164000.0,165000.0,163000.0,157000.0,160000.0,155000.0,160000.0,158000.0,163000.0,167000.0,179000.0,181000.0,180000.0,172500.0,175000.0,175000.0,175000.0,166000.0,170000.0,175000.0,175000.0,178500.0,188000.0,190000.0,192000.0,185000.0,185000.0,180000.0,180000.0,178000.0,174750.0,185000.0,183000.0,192000.0,202000.0,204000.0,210000.0,207000.0,200000.0,200000.0,205000.0,200000.0,199000.0,197000.0,220000.0,224000.0,230000.0,240000.0,236275.0,230000.0,225100.0,220000.0,221750.0,218000.0,207000.0,225000.0,240000.0,250000.0,256000.0,260000.0,260000.0,250000.0,255000.0,249000.0,248000.0,235000.0,235000.0,241000.0,250000.0,260000.0,270000.0,275000.0,275000.0,270500.0,272750.0,265000.0,270000.0,265000.0,258000.0,262000.0,266000.0,279000.0,295250.0,298000.0,290000.0,285000.0,275000.0,275000.0,280000.0,275000.0,275000.0,275000.0,267750.0,285000.0,290000.0,293500.0,295000.0,290000.0,295000.0,297250.0,293422.0
394415,60,"Bridgeport, CT",msa,CT,374000.0,420000.0,400000.0,420000.0,457000.0,497000.0,448000.0,385000.0,392000.0,350000.0,334500.0,328000.0,314639.0,330000.0,358250.0,341500.0,407500.0,420000.0,400000.0,350000.0,365000.0,341500.0,385000.0,385000.0,350000.0,365000.0,385000.0,390475.0,440000.0,497500.0,460000.0,395000.0,360000.0,401500.0,383750.0,354900.0,365000.0,352500.0,385000.0,432500.0,500000.0,445000.0,468700.0,394252.0,320750.0,312500.0,327750.0,315000.0,315000.0,338000.0,375000.0,410000.0,445000.0,437400.0,416250.0,371000.0,362500.0,346500.0,396500.0,318000.0,317500.0,340000.0,353000.0,434500.0,457900.0,450000.0,428000.0,400000.0,345500.0,352950.0,380000.0,370000.0,325000.0,330000.0,379500.0,405000.0,450000.0,449000.0,433000.0,374999.0,350000.0,372350.0,374000.0,335000.0,347250.0,340250.0,385000.0,425000.0,429450.0,415000.0,387500.0,374000.0,383025.0,350000.0,356000.0,347250.0,345000.0,337750.0,360000.0,377000.0,400000.0,381000.0,374750.0,365000.0,339900.0,355500.0,348125.0,370000.0,332500.0,345000.0,391800.0,400000.0,418000.0,388950.0,397500.0,379000.0,351750.0,370000.0,376825.0,382000.0,345000.0,364000.0,385000.0,389000.0,435000.0,420500.0,410000.0,367500.0,355000.0,363000.0,385000.0,350000.0,330000.0,355000.0,381250.0,407000.0,440000.0,420000.0,422500.0,383250.0,342000.0,385000.0,385000.0,395000.0,365000.0,388000.0,405000.0,430000.0,461000.0,475336.0,515000.0,487250.0,490000.0,455000.0,482500.0,450000.0,470000.0,451500.0,480000.0,528487.0,563000.0,562250.0,515000.0,466000.0,451261.0,466000.0,470000.0,440000.0,420000.0,485000.0,500000.0,540000.0,600000.0,575000.0,571254.0,525000.0,510000.0,500000.0,470000.0,467500.0,450000.0,500000.0,510000.0,557000.0,635000.0,625000.0,650000.0,535000.0,530000.0,555000.0,542760.0,511000.0,501000.0,505000.0,605000.0,590000.0,715000.0,645950.0,675000.0,600000.0,553750.0,599000.0,615000.0,535000.0,570000.0,605000.0,614900.0,659500.0,720000.0,697497.0,700000.0,635000.0,610000.0,611790.0
394653,61,"Greenville, SC",msa,SC,119900.0,120000.0,123600.0,129900.0,136900.0,127000.0,127500.0,120000.0,120000.0,114000.0,110900.0,113000.0,120000.0,116000.0,119750.0,124000.0,124000.0,125000.0,125000.0,127000.0,124000.0,118750.0,108250.0,118000.0,121000.0,125000.0,124950.0,129950.0,130000.0,121000.0,119000.0,125000.0,129250.0,125000.0,110000.0,115000.0,115500.0,116250.0,120000.0,119250.0,132000.0,130000.0,127000.0,129800.0,119500.0,115500.0,112250.0,119000.0,120000.0,125000.0,124000.0,128130.0,135500.0,135000.0,128500.0,134000.0,128250.0,132694.0,127750.0,127000.0,119000.0,125000.0,135450.0,145000.0,149000.0,142000.0,139500.0,132549.0,130000.0,128000.0,129900.0,125175.0,130000.0,130000.0,129900.0,140000.0,146500.0,140000.0,144900.0,134680.0,141600.0,142000.0,138750.0,132000.0,139674.0,140750.0,137900.0,154000.0,159000.0,160000.0,150000.0,145000.0,140000.0,150000.0,139450.0,140000.0,152250.0,150000.0,156000.0,170000.0,169900.0,166500.0,163000.0,158140.0,164000.0,155000.0,150000.0,155000.0,156000.0,164250.0,166000.0,166500.0,172500.0,173000.0,169000.0,165000.0,170600.0,166500.0,165000.0,168500.0,170000.0,170000.0,179000.0,184952.0,189000.0,190000.0,180000.0,178000.0,175000.0,175000.0,174900.0,172000.0,181450.0,183000.0,193000.0,195000.0,200000.0,200000.0,200000.0,190100.0,192500.0,185000.0,183500.0,184900.0,190000.0,199000.0,200000.0,205250.0,217000.0,215000.0,223000.0,213000.0,225000.0,224000.0,229000.0,222000.0,220000.0,225000.0,230000.0,240000.0,254745.0,249500.0,250000.0,245000.0,255500.0,261570.0,258750.0,245750.0,260000.0,259950.0,270000.0,286500.0,286490.0,286000.0,277614.0,293500.0,285000.0,275000.0,255000.0,260000.0,257000.0,274950.0,275000.0,299900.0,295800.0,294500.0,290000.0,289950.0,280000.0,285000.0,270000.0,260000.0,280000.0,293000.0,290000.0,305000.0,320000.0,310000.0,315000.0,305000.0,298499.0,306000.0,300000.0,290950.0,297500.0,300000.0,305000.0,325000.0,322000.0,325000.0,310000.0,312500.0,305000.0,313434.0
394312,62,"Albuquerque, NM",msa,NM,178385.0,180000.0,178000.0,187210.0,194485.0,186000.0,185000.0,175000.0,175000.0,171850.0,169000.0,171000.0,178500.0,175000.0,173050.0,178000.0,176000.0,174000.0,175250.0,175000.0,167000.0,169000.0,168000.0,169900.0,165000.0,169400.0,172000.0,170000.0,170000.0,175000.0,175000.0,176000.0,177600.0,171050.0,171900.0,163000.0,170000.0,155000.0,161000.0,159950.0,161636.0,170000.0,160000.0,160000.0,164500.0,154733.0,156450.0,159000.0,152000.0,158000.0,165000.0,169000.0,166430.0,167850.0,161000.0,167500.0,160000.0,162000.0,160000.0,151874.0,160000.0,172000.0,160224.0,166000.0,163000.0,172000.0,175000.0,170285.0,160449.0,165000.0,175000.0,162000.0,161000.0,163637.0,166500.0,176000.0,172000.0,180061.0,176000.0,169250.0,170000.0,172500.0,173500.0,162000.0,164000.0,167900.0,170000.0,175000.0,185000.0,177000.0,177000.0,175000.0,175000.0,173950.0,173000.0,167850.0,163399.0,175000.0,179000.0,185000.0,187200.0,183199.0,179900.0,186000.0,180000.0,175000.0,178000.0,177500.0,179950.0,180000.0,184900.0,186750.0,190000.0,190000.0,188400.0,189000.0,187000.0,195000.0,185000.0,181500.0,190000.0,195000.0,201750.0,200000.0,203000.0,204000.0,200000.0,193000.0,191000.0,199000.0,199000.0,193000.0,196000.0,200214.0,212000.0,218000.0,220050.0,220000.0,215000.0,210000.0,220000.0,213227.0,215000.0,215000.0,215500.0,225000.0,225000.0,220000.0,231000.0,245000.0,242900.0,241500.0,248000.0,243000.0,245000.0,246988.0,250000.0,255000.0,270000.0,269950.0,282500.0,285000.0,277500.0,278000.0,275000.0,286000.0,292500.0,290000.0,297000.0,301000.0,318000.0,325000.0,320000.0,320000.0,312800.0,322500.0,315000.0,306000.0,310000.0,296000.0,302000.0,315000.0,335000.0,340000.0,345000.0,340000.0,345000.0,345000.0,325000.0,340000.0,320000.0,324000.0,325000.0,339000.0,341000.0,355500.0,350000.0,356000.0,350000.0,335000.0,355000.0,355000.0,343500.0,335000.0,345000.0,350000.0,348000.0,350000.0,360000.0,360000.0,359950.0,360000.0,355000.0,344380.0
394357,63,"Bakersfield, CA",msa,CA,205000.0,200000.0,192250.0,192000.0,185000.0,174750.0,166000.0,160000.0,153000.0,140000.0,140000.0,125000.0,120000.0,116000.0,111000.0,118000.0,127500.0,127000.0,125000.0,120250.0,125500.0,121000.0,122000.0,120000.0,121000.0,120750.0,121000.0,130000.0,125000.0,125000.0,125000.0,117500.0,117000.0,119000.0,110500.0,110000.0,110000.0,109000.0,113000.0,120000.0,122750.0,120000.0,120000.0,120000.0,113750.0,115000.0,116500.0,112000.0,107000.0,115000.0,120000.0,116000.0,126000.0,124000.0,130000.0,122000.0,135000.0,126500.0,132250.0,132000.0,135000.0,140000.0,147500.0,153500.0,165000.0,165000.0,160000.0,165500.0,157000.0,165000.0,160000.0,151750.0,160000.0,165000.0,163000.0,168000.0,175500.0,170000.0,179000.0,175000.0,170000.0,165500.0,170000.0,170000.0,169000.0,175000.0,179500.0,184750.0,184500.0,195000.0,187500.0,179500.0,176000.0,180000.0,185000.0,184500.0,184500.0,183000.0,189000.0,190000.0,208000.0,200000.0,193500.0,191000.0,200000.0,195000.0,193250.0,186000.0,191000.0,195000.0,205000.0,200000.0,205500.0,214000.0,201000.0,213000.0,205500.0,208500.0,210000.0,202000.0,215000.0,215000.0,215000.0,222500.0,221000.0,223000.0,230000.0,225000.0,222000.0,215000.0,213000.0,218500.0,223000.0,227000.0,230000.0,232500.0,240000.0,235000.0,235000.0,237500.0,235000.0,240000.0,235000.0,231000.0,239450.0,235000.0,242000.0,245000.0,258000.0,255000.0,260000.0,265000.0,268500.0,272250.0,270000.0,269500.0,264500.0,282000.0,284750.0,290000.0,290000.0,300000.0,300000.0,310000.0,305000.0,309000.0,317000.0,310000.0,315000.0,320000.0,338000.0,332000.0,334000.0,325000.0,330000.0,325000.0,320500.0,315000.0,310000.0,315000.0,325000.0,320000.0,315000.0,337000.0,331500.0,345000.0,335000.0,335000.0,329500.0,330000.0,309500.0,329500.0,339000.0,325000.0,340000.0,355000.0,345000.0,354250.0,347000.0,350000.0,345000.0,344500.0,350000.0,340000.0,360000.0,339750.0,357000.0,350000.0,360000.0,352000.0,365000.0,355000.0,350000.0,341980.0
394308,64,"Albany, NY",msa,NY,162000.0,162000.0,163000.0,170000.0,170352.0,182000.0,178000.0,169000.0,165000.0,168500.0,168000.0,155000.0,150000.0,166750.0,170000.0,170000.0,171500.0,175000.0,180000.0,171000.0,158000.0,165000.0,161400.0,156000.0,165500.0,160250.0,165000.0,168250.0,179000.0,167500.0,172000.0,175000.0,165000.0,174000.0,162000.0,162500.0,160150.0,148000.0,162750.0,171000.0,169900.0,175150.0,171000.0,162000.0,165000.0,164300.0,165000.0,157250.0,157000.0,164000.0,166000.0,168000.0,175000.0,185000.0,172750.0,177500.0,167250.0,173950.0,171500.0,153000.0,173500.0,173000.0,164090.0,162750.0,188000.0,179000.0,183000.0,173000.0,165000.0,165000.0,163000.0,170000.0,165659.0,170000.0,164500.0,170000.0,178250.0,184500.0,175000.0,167500.0,165000.0,170000.0,163000.0,164250.0,161000.0,160000.0,165000.0,175500.0,170000.0,175000.0,177750.0,170000.0,167000.0,169000.0,160000.0,160000.0,160560.0,159775.0,167000.0,173500.0,174250.0,181500.0,184000.0,170000.0,170000.0,169900.0,169000.0,156500.0,164000.0,168000.0,160000.0,165000.0,178950.0,188000.0,181500.0,179700.0,172900.0,175000.0,172500.0,170000.0,172000.0,180000.0,189000.0,186170.0,195000.0,190000.0,195000.0,190000.0,178500.0,185000.0,174500.0,184268.0,179950.0,180000.0,188000.0,191500.0,205000.0,205000.0,200000.0,199450.0,191000.0,190347.0,196400.0,194000.0,185250.0,190800.0,202500.0,216345.0,199000.0,208000.0,220000.0,225000.0,220000.0,220000.0,216000.0,207000.0,212000.0,223000.0,240000.0,252000.0,262250.0,260000.0,269500.0,265000.0,250000.0,260000.0,254000.0,254000.0,255000.0,255000.0,271000.0,281000.0,297000.0,290000.0,300000.0,292000.0,277000.0,280000.0,270000.0,258250.0,260000.0,268500.0,271000.0,295000.0,300000.0,295000.0,300000.0,306485.0,303000.0,315000.0,295000.0,282500.0,287500.0,292500.0,300000.0,325000.0,340000.0,344750.0,326000.0,318000.0,320000.0,320000.0,336250.0,299999.0,301000.0,300000.0,316500.0,327600.0,351000.0,359500.0,368250.0,354900.0,340000.0,344773.0
394753,65,"Knoxville, TN",msa,TN,124525.0,130000.0,129000.0,139900.0,137000.0,135000.0,135651.0,125000.0,125500.0,123800.0,115000.0,122000.0,127200.0,124160.0,124041.0,137700.0,132000.0,127800.0,132500.0,125000.0,125000.0,125700.0,114280.0,119900.0,123750.0,122000.0,125750.0,131600.0,133100.0,130000.0,129000.0,125000.0,119900.0,120000.0,127000.0,125000.0,123950.0,132000.0,125000.0,126000.0,129000.0,130800.0,129900.0,127199.0,116000.0,112750.0,118000.0,116704.0,120000.0,119250.0,129000.0,135199.0,133000.0,135000.0,135000.0,124900.0,122900.0,124900.0,124250.0,104900.0,117120.0,125000.0,130000.0,142674.0,139413.0,139900.0,135500.0,134950.0,127750.0,127000.0,131395.0,113700.0,121000.0,132800.0,135000.0,141250.0,150000.0,142250.0,140000.0,134000.0,132600.0,134900.0,145000.0,133000.0,139000.0,137000.0,137000.0,146350.0,148000.0,150000.0,145000.0,143000.0,143450.0,137450.0,139500.0,140000.0,139900.0,140000.0,147000.0,149900.0,156250.0,155000.0,159000.0,152500.0,153000.0,153000.0,146000.0,145000.0,140000.0,153000.0,155000.0,161000.0,165950.0,167000.0,165000.0,160000.0,165000.0,170000.0,160000.0,159900.0,164850.0,170000.0,165000.0,174900.0,175000.0,180000.0,169900.0,173000.0,175000.0,176950.0,169900.0,159900.0,165000.0,175000.0,182500.0,189900.0,189900.0,195000.0,195000.0,183000.0,185000.0,186500.0,188000.0,175500.0,188900.0,197825.0,204900.0,195000.0,210000.0,221775.0,219450.0,225000.0,230000.0,215000.0,221000.0,219900.0,217750.0,225000.0,230000.0,234500.0,250860.0,258932.0,255000.0,255500.0,262390.0,262500.0,265000.0,255000.0,261388.0,270000.0,295000.0,295000.0,305000.0,305000.0,301500.0,295000.0,280000.0,286450.0,280000.0,285000.0,294500.0,300000.0,297000.0,320000.0,329900.0,325000.0,320500.0,315000.0,320000.0,309000.0,309900.0,325000.0,330000.0,334000.0,329951.0,349900.0,360000.0,340500.0,343000.0,349000.0,349900.0,339000.0,337075.0,325000.0,335000.0,340000.0,345000.0,350000.0,368625.0,365000.0,358000.0,360000.0,354900.0,346882.0
394367,66,"Baton Rouge, LA",msa,LA,153500.0,155000.0,160000.0,160000.0,160000.0,161000.0,160000.0,155000.0,159900.0,148900.0,145000.0,155000.0,164300.0,160700.0,160000.0,156000.0,169900.0,166950.0,162900.0,155000.0,158219.0,157150.0,154000.0,156800.0,158800.0,163200.0,161500.0,159000.0,166500.0,159875.0,163500.0,162000.0,160000.0,165000.0,156750.0,153000.0,155000.0,155000.0,158000.0,161300.0,165000.0,162000.0,163000.0,154500.0,153450.0,145000.0,152099.0,146450.0,156500.0,153950.0,154000.0,164500.0,160000.0,165000.0,163000.0,158000.0,150000.0,155000.0,145000.0,143500.0,159000.0,160000.0,165700.0,164776.0,170500.0,164900.0,165000.0,157000.0,152000.0,155000.0,164850.0,152000.0,155000.0,165700.0,164905.0,164000.0,170000.0,167000.0,174000.0,164500.0,169900.0,165000.0,165000.0,165000.0,176000.0,166700.0,176600.0,179500.0,184500.0,175000.0,171250.0,170900.0,165000.0,168500.0,170000.0,170000.0,175000.0,175555.0,179900.0,184000.0,187750.0,188300.0,185500.0,183000.0,177750.0,163870.0,165000.0,150000.0,160200.0,171000.0,175000.0,173155.0,184000.0,186000.0,181900.0,179900.0,180000.0,171000.0,180000.0,176000.0,183600.0,186250.0,185000.0,185000.0,190000.0,187000.0,185000.0,182250.0,179500.0,187500.0,184200.0,179000.0,178250.0,180000.0,189900.0,193647.0,201000.0,194000.0,189000.0,192000.0,189900.0,182000.0,192000.0,183000.0,185000.0,199900.0,197000.0,195000.0,198900.0,207000.0,210000.0,203000.0,214950.0,205000.0,205000.0,205000.0,203000.0,214000.0,224000.0,220000.0,222000.0,228000.0,229500.0,224000.0,225000.0,231000.0,226000.0,225000.0,235000.0,230000.0,240000.0,240000.0,244000.0,249900.0,229000.0,238000.0,240000.0,235000.0,228000.0,224000.0,220000.0,229900.0,230000.0,243000.0,232250.0,242750.0,233250.0,230000.0,230000.0,225000.0,220000.0,234000.0,226000.0,230000.0,240000.0,245000.0,255000.0,244900.0,243500.0,236750.0,238900.0,242000.0,236500.0,238000.0,239000.0,242500.0,240000.0,250000.0,255000.0,250000.0,245000.0,247900.0,244500.0,241391.0
394843,67,"McAllen, TX",msa,TX,159326.0,169796.0,148820.0,150523.0,154075.0,176000.0,160966.0,146482.0,164586.0,173459.0,139065.0,175811.0,140019.0,163875.0,164414.0,154198.0,158391.0,187234.0,171024.0,143732.0,148959.0,173203.0,176559.0,146613.0,120988.0,99000.0,112000.0,101350.0,114900.0,124000.0,118500.0,115500.0,105000.0,123000.0,108127.0,101500.0,114000.0,105700.0,102660.0,112450.0,108000.0,115000.0,112300.0,114900.0,103542.0,117000.0,98875.0,99000.0,98195.0,107500.0,113000.0,111000.0,111500.0,109950.0,115000.0,110550.0,102200.0,113000.0,107250.0,113761.0,110000.0,105500.0,112000.0,115000.0,114250.0,130000.0,113800.0,122660.0,124796.0,116500.0,103000.0,109250.0,115000.0,120000.0,112059.0,116500.0,117775.0,124900.0,113000.0,122003.0,117500.0,110000.0,126325.0,120000.0,113900.0,112000.0,125000.0,120000.0,126128.0,125000.0,126900.0,128750.0,128500.0,128000.0,128489.0,125000.0,124900.0,118675.0,134000.0,147952.0,140000.0,129000.0,136225.0,132435.0,139600.0,145830.0,120510.0,125000.0,137000.0,137000.0,130984.0,130099.0,125494.0,136750.0,140000.0,139900.0,140000.0,135000.0,138000.0,149900.0,141500.0,137500.0,139000.0,144468.0,135311.0,150000.0,144750.0,140450.0,145568.0,140000.0,140000.0,145000.0,144500.0,150000.0,145500.0,149900.0,155000.0,158000.0,150450.0,141000.0,160000.0,150443.0,150500.0,152000.0,160000.0,153750.0,155450.0,166000.0,170000.0,170000.0,175000.0,181000.0,164900.0,170717.0,178000.0,170000.0,170000.0,179750.0,180000.0,175000.0,191900.0,195000.0,180500.0,199864.0,195000.0,194660.0,195000.0,186000.0,195000.0,199000.0,205000.0,214307.0,218000.0,212318.0,205000.0,201000.0,203000.0,195000.0,190000.0,182250.0,197000.0,192900.0,190000.0,223000.0,209000.0,209500.0,230000.0,226500.0,210000.0,211000.0,219000.0,210000.0,219000.0,215000.0,217500.0,224500.0,226000.0,227324.0,221000.0,226290.0,228500.0,224000.0,225000.0,230000.0,224450.0,229404.0,219000.0,235000.0,231127.0,229950.0,227000.0,224450.0,235000.0,227811.0
394908,68,"New Haven, CT",msa,CT,217500.0,218000.0,222000.0,229000.0,245000.0,238250.0,227000.0,225000.0,209750.0,194500.0,210000.0,190000.0,175000.0,183250.0,203900.0,200000.0,208000.0,215000.0,209500.0,200000.0,199900.0,190000.0,194000.0,185000.0,190000.0,190000.0,200000.0,192000.0,213000.0,200000.0,207093.0,194900.0,213500.0,180000.0,193500.0,184950.0,185000.0,160000.0,190000.0,200000.0,210000.0,200000.0,200000.0,190000.0,185450.0,178500.0,175000.0,155000.0,160000.0,160000.0,185000.0,185000.0,200000.0,195000.0,190000.0,180000.0,179000.0,190000.0,175000.0,160000.0,168450.0,160000.0,181175.0,184500.0,200000.0,200000.0,210000.0,200000.0,175000.0,180500.0,175000.0,155000.0,162500.0,160000.0,176500.0,180000.0,197000.0,196750.0,185000.0,175000.0,175000.0,175000.0,170000.0,167500.0,159900.0,162500.0,172000.0,180000.0,196000.0,195000.0,198250.0,185000.0,180000.0,166000.0,174450.0,174250.0,165000.0,169900.0,171000.0,190000.0,212500.0,208537.0,199250.0,195000.0,190250.0,182300.0,190000.0,180274.0,169150.0,166565.0,166902.0,193000.0,215000.0,210000.0,212750.0,191001.0,190000.0,191500.0,199400.0,201690.0,189000.0,201700.0,210000.0,203950.0,233000.0,225000.0,224000.0,212750.0,206500.0,195000.0,205000.0,180000.0,194000.0,200000.0,205000.0,220000.0,235000.0,228450.0,228000.0,220000.0,212000.0,207500.0,210000.0,200000.0,189000.0,216000.0,228300.0,232000.0,235000.0,250000.0,249500.0,252000.0,248432.0,249900.0,250000.0,239900.0,235000.0,249900.0,255000.0,270000.0,282500.0,280000.0,270000.0,267000.0,267500.0,265000.0,265000.0,255000.0,265000.0,275000.0,280000.0,295000.0,310500.0,310000.0,310500.0,292500.0,295000.0,285000.0,272750.0,283000.0,282000.0,277500.0,300000.0,315250.0,325000.0,320000.0,319900.0,315000.0,320000.0,315000.0,303750.0,300000.0,310000.0,325000.0,334000.0,336500.0,357500.0,360000.0,360000.0,350000.0,350000.0,345000.0,340000.0,312500.0,350000.0,340000.0,350000.0,365000.0,388250.0,381000.0,372500.0,370000.0,359900.0,345846.0
394561,69,"El Paso, TX",msa,TX,139500.0,130000.0,135000.0,144437.0,147000.0,138000.0,133600.0,135000.0,125000.0,128750.0,134000.0,125250.0,133750.0,130000.0,123075.0,124000.0,131475.0,130500.0,125000.0,125000.0,129722.0,127900.0,128145.0,123475.0,119000.0,120000.0,127000.0,124975.0,128950.0,134850.0,135000.0,135500.0,130000.0,130000.0,129000.0,124900.0,129500.0,123950.0,123000.0,126925.0,125450.0,126900.0,131250.0,125000.0,129750.0,124000.0,130000.0,124877.0,128750.0,114995.0,119950.0,123015.0,128000.0,124000.0,137000.0,121125.0,132700.0,124400.0,127000.0,116750.0,121000.0,125000.0,127000.0,124900.0,137500.0,131206.0,133100.0,127000.0,133500.0,128500.0,127290.0,120100.0,115000.0,122000.0,123135.0,130000.0,133995.0,132750.0,125000.0,125000.0,128000.0,125801.0,125000.0,122950.0,123000.0,126000.0,122000.0,131000.0,133250.0,137500.0,131000.0,125000.0,125000.0,130000.0,126028.0,125000.0,122225.0,121950.0,125000.0,130000.0,131300.0,135327.0,130000.0,130000.0,139250.0,126536.0,135000.0,134425.0,129900.0,135000.0,130000.0,136950.0,136000.0,141000.0,147250.0,129950.0,133370.0,134950.0,136948.0,135000.0,136000.0,136000.0,141000.0,141474.0,145000.0,149950.0,145000.0,140000.0,145000.0,145000.0,145000.0,138000.0,147500.0,144250.0,145500.0,149000.0,153950.0,153950.0,151950.0,152500.0,149000.0,148250.0,153000.0,153583.0,150000.0,155000.0,155000.0,165000.0,167750.0,170000.0,172000.0,175000.0,176750.0,171900.0,176500.0,175250.0,180000.0,175000.0,180000.0,189500.0,190000.0,195000.0,195944.0,190000.0,195000.0,195000.0,200000.0,205000.0,210000.0,210000.0,225000.0,220000.0,229250.0,226000.0,222000.0,225500.0,213999.0,225000.0,220000.0,209999.0,220000.0,230000.0,225000.0,235000.0,245000.0,238000.0,235000.0,238000.0,236100.0,230000.0,225000.0,225000.0,239000.0,235000.0,239974.0,245000.0,240000.0,249550.0,237700.0,245000.0,235000.0,245000.0,247950.0,235500.0,243000.0,239900.0,237602.0,240000.0,248000.0,245000.0,247387.0,249900.0,250000.0,247221.0
394318,70,"Allentown, PA",msa,PA,179900.0,179500.0,184950.0,185000.0,189900.0,193534.0,185000.0,185000.0,175000.0,170000.0,169950.0,166750.0,160000.0,173415.0,170000.0,167950.0,186380.0,177000.0,180000.0,167500.0,170000.0,169600.0,170000.0,165000.0,159000.0,162000.0,172000.0,165000.0,185000.0,160500.0,170000.0,168200.0,165000.0,161900.0,157000.0,160000.0,159000.0,145750.0,147500.0,160000.0,168000.0,163000.0,159102.0,160000.0,150000.0,151500.0,155000.0,150000.0,135000.0,143950.0,155000.0,155000.0,168320.0,159900.0,161250.0,159900.0,158000.0,150000.0,147750.0,150000.0,138000.0,149900.0,152500.0,159000.0,160000.0,169450.0,166750.0,159600.0,151850.0,155000.0,155000.0,152000.0,139700.0,141400.0,144750.0,160000.0,165000.0,170000.0,160000.0,160000.0,156500.0,155000.0,142000.0,145000.0,139125.0,147000.0,150000.0,160000.0,175050.0,175000.0,165000.0,161001.0,155000.0,152000.0,152000.0,150000.0,149000.0,149950.0,153500.0,162000.0,168000.0,175000.0,173250.0,164900.0,159900.0,160000.0,159950.0,149900.0,150000.0,153250.0,160000.0,170000.0,175000.0,170000.0,177000.0,170000.0,169900.0,163600.0,166000.0,167000.0,155000.0,175000.0,170000.0,184900.0,186500.0,187000.0,189000.0,176000.0,179950.0,175000.0,174000.0,169000.0,165000.0,169950.0,179450.0,186250.0,195000.0,200000.0,195000.0,195000.0,188500.0,185000.0,185000.0,176685.0,183000.0,189000.0,200000.0,214500.0,210000.0,220000.0,225000.0,215100.0,222000.0,225000.0,224900.0,214000.0,219500.0,220000.0,220000.0,230900.0,251000.0,254000.0,250000.0,250000.0,237000.0,250000.0,244000.0,241250.0,245000.0,255000.0,255000.0,270000.0,280000.0,280000.0,283000.0,270000.0,260100.0,275000.0,260000.0,265000.0,259000.0,270500.0,285000.0,280000.0,300000.0,300000.0,300000.0,299950.0,285000.0,290000.0,275000.0,270000.0,290000.0,305000.0,300000.0,310000.0,330000.0,320000.0,321000.0,315000.0,314900.0,310000.0,315000.0,310000.0,315000.0,315000.0,325000.0,325000.0,350000.0,350000.0,330000.0,335000.0,335000.0,337325.0
394952,71,"Oxnard, CA",msa,CA,459750.0,437000.0,440000.0,447000.0,420000.0,425000.0,401250.0,385000.0,380000.0,350000.0,335000.0,335000.0,325000.0,330000.0,346500.0,350000.0,376500.0,379250.0,385000.0,375000.0,385000.0,365000.0,360000.0,360000.0,356500.0,387500.0,380750.0,384000.0,385000.0,371500.0,378500.0,370000.0,362500.0,377000.0,360000.0,355000.0,350000.0,350000.0,351500.0,360500.0,360000.0,360000.0,353500.0,350000.0,344250.0,345000.0,326500.0,331500.0,325000.0,349000.0,360000.0,360000.0,369000.0,360000.0,370000.0,383000.0,365000.0,380000.0,369000.0,373500.0,390000.0,407750.0,430000.0,430000.0,456000.0,454000.0,459250.0,449500.0,447250.0,449000.0,455000.0,447500.0,433500.0,447000.0,461500.0,460000.0,478000.0,490000.0,492000.0,472000.0,479000.0,470000.0,480000.0,469500.0,479000.0,468750.0,491500.0,510000.0,525000.0,520000.0,512000.0,505000.0,500000.0,515250.0,505000.0,515000.0,500000.0,502500.0,532500.0,532000.0,555000.0,523000.0,545000.0,511500.0,539000.0,532000.0,525000.0,515000.0,528000.0,545000.0,565000.0,564750.0,570000.0,569000.0,573000.0,550000.0,560000.0,588500.0,568000.0,580000.0,560000.0,572000.0,595000.0,592000.0,610000.0,595000.0,585000.0,600000.0,595000.0,579000.0,590000.0,569250.0,565000.0,590000.0,600000.0,600000.0,585000.0,605000.0,603000.0,599250.0,600000.0,599000.0,598500.0,610000.0,600000.0,608000.0,618000.0,607500.0,632500.0,650000.0,660000.0,690000.0,680000.0,690000.0,670000.0,690000.0,678500.0,700000.0,750000.0,740000.0,779000.0,751000.0,765000.0,750000.0,750000.0,780000.0,785000.0,788500.0,800000.0,805000.0,855000.0,825000.0,825000.0,819500.0,800000.0,775000.0,775000.0,796000.0,745000.0,745000.0,750000.0,790000.0,795000.0,830000.0,840000.0,827500.0,834500.0,825000.0,846250.0,848000.0,785000.0,815000.0,835000.0,835000.0,850000.0,840000.0,880000.0,862500.0,875000.0,850000.0,850000.0,850000.0,825250.0,850000.0,877500.0,860000.0,878750.0,881000.0,895000.0,875000.0,839500.0,830000.0,851000.0,852638.0
394486,72,"Columbia, SC",msa,SC,121000.0,126000.0,128000.0,134700.0,133042.0,136000.0,135000.0,121000.0,118800.0,121000.0,113500.0,125000.0,118000.0,119900.0,121999.0,120000.0,129839.0,138000.0,137500.0,125000.0,126950.0,120000.0,123150.0,125000.0,114000.0,120350.0,125000.0,127950.0,130000.0,129000.0,129900.0,117500.0,122500.0,120000.0,113000.0,120900.0,110000.0,119900.0,122000.0,125000.0,128500.0,117000.0,120000.0,114500.0,116000.0,103500.0,108000.0,115000.0,115000.0,121250.0,120000.0,123000.0,120000.0,128200.0,120000.0,120000.0,100000.0,100000.0,112900.0,115000.0,108000.0,115000.0,118000.0,128250.0,132000.0,125000.0,127500.0,121500.0,120000.0,123000.0,115900.0,110000.0,110000.0,121250.0,120000.0,129900.0,143325.0,132000.0,130000.0,125500.0,125000.0,130000.0,120000.0,121000.0,120000.0,133000.0,130000.0,135750.0,149450.0,140500.0,135000.0,135000.0,134900.0,125017.0,128000.0,130000.0,132250.0,135000.0,135000.0,145000.0,150000.0,145000.0,145000.0,142235.0,135000.0,132250.0,137700.0,129000.0,130000.0,139500.0,146000.0,147000.0,144000.0,148500.0,146000.0,144005.0,139000.0,146625.0,141750.0,136000.0,144000.0,150000.0,148500.0,155000.0,157500.0,155000.0,150000.0,155000.0,146750.0,150000.0,149500.0,142500.0,149075.0,152000.0,160000.0,167000.0,170000.0,174000.0,159900.0,160000.0,163000.0,165000.0,161000.0,157200.0,160000.0,170000.0,172000.0,179900.0,180000.0,185000.0,180000.0,188000.0,185100.0,187250.0,178000.0,187950.0,183900.0,185000.0,203000.0,202500.0,215000.0,201002.0,205000.0,207000.0,209545.0,210000.0,210000.0,210000.0,220000.0,224000.0,233082.0,235500.0,250000.0,248500.0,235250.0,240000.0,226972.0,230000.0,225000.0,215000.0,225000.0,226600.0,235000.0,245000.0,250000.0,244000.0,240000.0,240000.0,231950.0,239999.0,230000.0,215000.0,230000.0,235500.0,244000.0,252738.0,262000.0,255000.0,259000.0,247500.0,250000.0,253000.0,250000.0,238450.0,252000.0,250000.0,253500.0,266147.0,272065.0,270000.0,259000.0,250000.0,255000.0,256824.0
753906,73,"North Port, FL",msa,FL,225000.0,207500.0,215000.0,225000.0,209500.0,205000.0,195000.0,170000.0,160000.0,156750.0,149500.0,145000.0,136000.0,141000.0,149050.0,150000.0,159900.0,160000.0,158000.0,150450.0,150000.0,150000.0,153250.0,145000.0,140000.0,150000.0,152000.0,150000.0,143000.0,141000.0,140300.0,140000.0,131500.0,130750.0,139900.0,130000.0,129550.0,139500.0,140000.0,140250.0,140000.0,144000.0,135000.0,135500.0,128000.0,128000.0,140000.0,134150.0,140000.0,147000.0,145000.0,150000.0,155000.0,150000.0,148777.0,150000.0,149500.0,153300.0,155000.0,144000.0,155000.0,167500.0,165000.0,175000.0,170000.0,175184.0,170000.0,169800.0,172000.0,160000.0,170000.0,170200.0,168500.0,172500.0,179700.0,180000.0,188800.0,188000.0,180886.0,185000.0,180000.0,179000.0,184000.0,180000.0,185000.0,193000.0,195000.0,210000.0,210000.0,200000.0,213950.0,205000.0,200000.0,212900.0,210000.0,222000.0,210000.0,216000.0,220000.0,232500.0,230000.0,235000.0,230000.0,225000.0,224285.0,222250.0,226700.0,230000.0,225000.0,235000.0,235000.0,240200.0,245000.0,240000.0,240000.0,243500.0,240000.0,242000.0,240000.0,241000.0,245000.0,250000.0,255000.0,250000.0,250000.0,257750.0,250000.0,249000.0,243250.0,253000.0,245362.0,252250.0,250000.0,260000.0,260000.0,270000.0,268000.0,262000.0,267250.0,265700.0,254800.0,254995.0,265000.0,260000.0,265000.0,274650.0,280000.0,279000.0,275000.0,294500.0,285000.0,284000.0,310000.0,300000.0,300000.0,300000.0,302500.0,323000.0,335000.0,340500.0,350000.0,360000.0,350000.0,360000.0,355000.0,380000.0,390000.0,400000.0,405100.0,425000.0,424170.0,450000.0,449950.0,448900.0,425000.0,440000.0,459500.0,430000.0,400000.0,416500.0,428000.0,450000.0,460750.0,446400.0,442900.0,435000.0,439950.0,435000.0,431000.0,444540.0,430000.0,445000.0,440980.0,435000.0,461550.0,450000.0,455000.0,410000.0,420000.0,405000.0,430000.0,411000.0,417250.0,425000.0,420000.0,420000.0,407000.0,400000.0,400000.0,400000.0,395000.0,385000.0,393000.0,402999.0
845158,74,"Dayton, OH",msa,OH,91800.0,97400.0,110300.0,112900.0,116000.0,114000.0,106000.0,98500.0,100500.0,89900.0,79900.0,81500.0,82500.0,84000.0,95250.0,94750.0,108100.0,115000.0,110000.0,100500.0,99900.0,103900.0,90000.0,83500.0,89950.0,94500.0,101950.0,104900.0,106250.0,90000.0,98450.0,85000.0,86703.0,82000.0,94950.0,81750.0,80000.0,78000.0,85000.0,100000.0,94000.0,91150.0,92900.0,89375.0,86750.0,87000.0,77450.0,63900.0,78900.0,87000.0,95000.0,100000.0,106750.0,115000.0,107375.0,107500.0,99000.0,102700.0,93000.0,90450.0,85100.0,89107.0,94000.0,107700.0,115000.0,116950.0,102000.0,93900.0,90900.0,89000.0,93000.0,80000.0,91950.0,93250.0,105000.0,112000.0,114000.0,115000.0,120000.0,110000.0,102500.0,102000.0,105000.0,84650.0,93000.0,104750.0,102000.0,122450.0,118000.0,117900.0,115000.0,109000.0,108900.0,96500.0,101000.0,95000.0,98000.0,117750.0,118550.0,119900.0,125500.0,122900.0,115000.0,112750.0,115000.0,117000.0,103000.0,106000.0,112000.0,116500.0,120950.0,117900.0,133950.0,120500.0,124000.0,119950.0,122500.0,121500.0,112000.0,111000.0,120000.0,118000.0,131950.0,131500.0,145000.0,132000.0,135000.0,130000.0,120000.0,120200.0,125000.0,107450.0,120000.0,116900.0,130000.0,140000.0,144933.0,140000.0,134500.0,135000.0,128000.0,130000.0,126000.0,121700.0,127000.0,137100.0,142450.0,151150.0,153350.0,155000.0,155000.0,150000.0,150000.0,144000.0,150000.0,143000.0,130000.0,135900.0,160000.0,164000.0,171450.0,168000.0,159000.0,157250.0,160000.0,157100.0,158000.0,149900.0,145000.0,152250.0,165000.0,182647.0,181500.0,179500.0,170000.0,164000.0,160000.0,159900.0,155900.0,148700.0,161000.0,160000.0,180000.0,185000.0,189450.0,193100.0,185000.0,178900.0,172500.0,170000.0,174900.0,165000.0,179900.0,193850.0,180000.0,200000.0,211375.0,195000.0,202311.0,189900.0,195000.0,206750.0,192000.0,182500.0,195600.0,194900.0,205000.0,235000.0,235000.0,215800.0,209000.0,212900.0,212900.0,206402.0
394457,75,"Charleston, SC",msa,SC,184500.0,195000.0,198000.0,200000.0,207125.0,207750.0,197000.0,182750.0,184500.0,167450.0,171750.0,175000.0,174000.0,180000.0,175000.0,195481.0,190000.0,185000.0,187000.0,175000.0,168950.0,166250.0,189900.0,185000.0,180000.0,190000.0,196450.0,186500.0,192000.0,197500.0,196990.0,189900.0,183500.0,204000.0,174000.0,156500.0,150000.0,175000.0,170000.0,167500.0,190250.0,174650.0,172250.0,162900.0,173250.0,176500.0,169757.0,165000.0,158250.0,170000.0,164000.0,198000.0,197000.0,200000.0,180000.0,174250.0,172500.0,180000.0,183000.0,160000.0,168000.0,188500.0,189000.0,199000.0,200000.0,200000.0,208000.0,199000.0,174000.0,191000.0,195000.0,185000.0,187000.0,210000.0,200000.0,200000.0,210000.0,210000.0,192000.0,193000.0,195000.0,187500.0,194750.0,190500.0,198000.0,215000.0,208000.0,225000.0,225000.0,220000.0,202000.0,214450.0,210000.0,210000.0,212950.0,205750.0,220000.0,225000.0,226000.0,230000.0,236000.0,225000.0,224700.0,230000.0,224500.0,227000.0,220715.0,220000.0,229900.0,227900.0,234000.0,244550.0,243371.0,245000.0,227000.0,230250.0,227000.0,230000.0,245000.0,238000.0,237000.0,246000.0,254053.0,252750.0,259000.0,249949.0,245500.0,252000.0,245000.0,244500.0,243500.0,245000.0,244500.0,249900.0,255000.0,267000.0,270000.0,259999.0,265000.0,267000.0,256500.0,249999.0,265000.0,269000.0,271000.0,272000.0,275000.0,273900.0,275000.0,295000.0,309950.0,300000.0,312500.0,305000.0,304750.0,296000.0,314950.0,330000.0,325000.0,345000.0,345000.0,334250.0,330000.0,333000.0,340000.0,340000.0,351500.0,340000.0,350283.0,380000.0,390000.0,409900.0,405000.0,380000.0,380000.0,385050.0,365500.0,375000.0,364000.0,360000.0,361250.0,385000.0,398000.0,420000.0,400000.0,405000.0,400000.0,400000.0,405000.0,390000.0,400000.0,410000.0,405000.0,418125.0,445000.0,445000.0,435000.0,430000.0,445000.0,435000.0,415000.0,430000.0,430000.0,438500.0,447000.0,425800.0,457000.0,450737.0,450000.0,450000.0,450000.0,453000.0,445000.0,447577.0
394648,76,"Greensboro, NC",msa,NC,124000.0,124500.0,123750.0,121000.0,132000.0,127000.0,126000.0,123000.0,116000.0,116500.0,117500.0,115000.0,112472.0,115000.0,120000.0,128688.0,133500.0,133000.0,125750.0,126500.0,119000.0,123000.0,115000.0,110000.0,111300.0,118250.0,131500.0,125000.0,127500.0,123000.0,125000.0,119500.0,105000.0,112000.0,122000.0,100000.0,115000.0,108000.0,116750.0,118000.0,114000.0,118000.0,127000.0,108250.0,110000.0,110000.0,100000.0,109250.0,93750.0,117000.0,115000.0,121500.0,130000.0,121500.0,120000.0,109500.0,119000.0,120000.0,107750.0,115000.0,108000.0,117000.0,125000.0,121750.0,132000.0,124500.0,128000.0,120000.0,118000.0,120000.0,110000.0,110000.0,110000.0,120000.0,123900.0,124000.0,129000.0,126869.0,128250.0,123000.0,128000.0,116000.0,113500.0,123500.0,135000.0,122500.0,131000.0,145000.0,139950.0,133250.0,130000.0,125000.0,125750.0,120000.0,124000.0,128500.0,122000.0,127950.0,141000.0,134000.0,148000.0,140000.0,145000.0,135000.0,130000.0,135750.0,124000.0,126000.0,128000.0,137500.0,138250.0,135000.0,141000.0,145000.0,146000.0,138000.0,139000.0,140000.0,143750.0,132000.0,138000.0,146000.0,140000.0,144500.0,160000.0,152500.0,150000.0,150000.0,142750.0,155000.0,139000.0,135000.0,151000.0,150000.0,160000.0,157000.0,165000.0,162000.0,153000.0,154000.0,158250.0,158000.0,150000.0,143000.0,161000.0,160000.0,170000.0,165000.0,175000.0,178000.0,175950.0,172000.0,175000.0,175000.0,175000.0,167500.0,170000.0,180000.0,185000.0,190000.0,200000.0,200000.0,195000.0,195000.0,198000.0,198750.0,191000.0,196500.0,199000.0,200250.0,209000.0,225000.0,239000.0,226500.0,220500.0,225000.0,216000.0,215000.0,214000.0,204750.0,208000.0,225000.0,225000.0,226000.0,230000.0,235000.0,228500.0,227250.0,225000.0,215000.0,220000.0,213000.0,230000.0,220000.0,235000.0,249950.0,254000.0,250000.0,238000.0,243000.0,235000.0,240000.0,232500.0,235000.0,233000.0,226000.0,245000.0,252500.0,270000.0,266500.0,273000.0,258000.0,250000.0,249426.0
395134,77,"Stockton, CA",msa,CA,255000.0,255000.0,235000.0,232250.0,213500.0,213000.0,200000.0,185000.0,190950.0,166000.0,165000.0,150000.0,150000.0,149750.0,144500.0,150000.0,145500.0,164000.0,155000.0,160000.0,165000.0,162500.0,167000.0,161000.0,155000.0,163000.0,165000.0,168000.0,163000.0,165000.0,160000.0,163000.0,161000.0,156000.0,155500.0,160000.0,154000.0,152750.0,153500.0,155000.0,155000.0,155000.0,155000.0,159750.0,149000.0,145000.0,147000.0,151500.0,155000.0,150000.0,160000.0,155000.0,155000.0,162000.0,160000.0,169000.0,170000.0,174000.0,175000.0,170000.0,161000.0,184500.0,189000.0,190000.0,200000.0,213500.0,205000.0,220000.0,215000.0,215000.0,226000.0,225000.0,222000.0,230000.0,230000.0,231975.0,250000.0,245000.0,248500.0,254000.0,252000.0,235000.0,250000.0,236000.0,250000.0,250000.0,260000.0,255000.0,280000.0,269500.0,285000.0,279500.0,257250.0,265000.0,270000.0,273500.0,285000.0,280000.0,291000.0,298000.0,286000.0,295000.0,305000.0,305000.0,302000.0,300000.0,300250.0,294000.0,307500.0,306500.0,323000.0,320000.0,320500.0,330000.0,335250.0,332250.0,320000.0,340000.0,325000.0,340000.0,342000.0,360000.0,355000.0,349000.0,360000.0,350000.0,364000.0,350000.0,343500.0,335000.0,340000.0,349500.0,353000.0,347000.0,368750.0,362500.0,365000.0,360000.0,374000.0,365000.0,359500.0,370000.0,365000.0,369000.0,370000.0,380000.0,385000.0,390000.0,398000.0,400000.0,408500.0,405250.0,412750.0,427750.0,415000.0,415000.0,428000.0,439750.0,465000.0,470000.0,500000.0,490000.0,500000.0,505000.0,495000.0,495000.0,490000.0,495000.0,486500.0,545000.0,540000.0,530000.0,530000.0,495000.0,512500.0,500000.0,495080.0,487000.0,450000.0,465000.0,480000.0,495500.0,475000.0,505000.0,495000.0,500000.0,510000.0,510000.0,507500.0,480000.0,497750.0,480500.0,500000.0,500000.0,506750.0,532250.0,525000.0,520000.0,510000.0,515000.0,500000.0,485000.0,495000.0,500000.0,480000.0,500000.0,500000.0,515000.0,513750.0,480000.0,502500.0,505000.0,500000.0,516159.0
394440,78,"Cape Coral, FL",msa,FL,198900.0,198000.0,183500.0,196000.0,170000.0,155050.0,147500.0,135000.0,126000.0,107000.0,110000.0,98800.0,102800.0,95000.0,90000.0,90000.0,89900.0,90000.0,85000.0,87500.0,89900.0,94000.0,94900.0,85000.0,93000.0,99000.0,105000.0,96500.0,95000.0,90000.0,88000.0,89000.0,88500.0,84900.0,97000.0,92500.0,95000.0,98000.0,112700.0,108000.0,114700.0,105000.0,100000.0,100900.0,98250.0,105000.0,110000.0,110000.0,114900.0,123000.0,132500.0,128900.0,127000.0,126000.0,123000.0,119442.0,125000.0,132250.0,130000.0,130000.0,135000.0,138000.0,152500.0,156000.0,155000.0,145000.0,145000.0,139900.0,139900.0,142000.0,153500.0,153950.0,150000.0,157500.0,162500.0,161000.0,160000.0,153000.0,155000.0,153000.0,153000.0,163750.0,164900.0,160900.0,161875.0,182000.0,185000.0,185000.0,182000.0,177350.0,172650.0,176000.0,172000.0,180000.0,190000.0,185000.0,185000.0,180000.0,193750.0,194950.0,198500.0,195000.0,187000.0,192750.0,186000.0,189900.0,198849.0,208000.0,199000.0,210000.0,215000.0,207000.0,210000.0,203500.0,203000.0,208000.0,195900.0,195000.0,203250.0,213250.0,220000.0,221000.0,230000.0,220000.0,220500.0,218000.0,216000.0,210000.0,212400.0,211150.0,220000.0,225000.0,220000.0,222500.0,235000.0,236000.0,229950.0,225000.0,220000.0,221500.0,225000.0,226000.0,235000.0,237000.0,235750.0,245000.0,246250.0,235000.0,239900.0,250000.0,255000.0,250500.0,255000.0,259000.0,266000.0,274750.0,259890.0,250000.0,259000.0,260000.0,265000.0,250000.0,263000.0,265000.0,270000.0,279900.0,283500.0,275000.0,279000.0,286000.0,310000.0,310000.0,319250.0,325000.0,316500.0,315000.0,305000.0,305000.0,325000.0,315000.0,335000.0,335000.0,330000.0,335950.0,340000.0,336000.0,330000.0,325000.0,330000.0,350000.0,370000.0,360000.0,390000.0,390000.0,395000.0,389000.0,380000.0,365000.0,375000.0,360000.0,387700.0,375000.0,386000.0,380000.0,389500.0,379200.0,374000.0,375000.0,365000.0,344250.0,350000.0,355000.0,360000.0,348610.0
394399,79,"Boise City, ID",msa,ID,182000.0,182875.0,185000.0,184000.0,189900.0,182000.0,179000.0,179900.0,178000.0,174000.0,155000.0,166800.0,161000.0,159700.0,157500.0,155000.0,160000.0,155000.0,153450.0,146800.0,144250.0,136425.0,138000.0,144216.0,137000.0,136000.0,134100.0,135000.0,132000.0,126860.0,130000.0,125768.0,123875.0,119000.0,119000.0,114000.0,116500.0,109900.0,109479.0,115000.0,120000.0,115250.0,118000.0,116900.0,110000.0,119000.0,115000.0,112000.0,120199.0,120000.0,125750.0,132900.0,137900.0,135000.0,142000.0,133750.0,134000.0,139900.0,136950.0,140000.0,135500.0,145450.0,154000.0,154000.0,169000.0,164900.0,162000.0,160000.0,161151.0,164735.0,164000.0,154500.0,153000.0,159900.0,166500.0,171125.0,172500.0,169700.0,177000.0,167500.0,166500.0,170000.0,170000.0,163500.0,169900.0,180000.0,179250.0,184950.0,185371.0,190000.0,185550.0,183000.0,184900.0,181000.0,184900.0,180792.0,185000.0,187550.0,195911.0,204000.0,205000.0,208000.0,207500.0,204000.0,204900.0,198250.0,199500.0,202900.0,199992.0,210000.0,213000.0,220000.0,225250.0,225000.0,230000.0,229000.0,224000.0,224950.0,230000.0,235950.0,235000.0,257750.0,246500.0,255000.0,262000.0,269900.0,266000.0,260000.0,256950.0,254500.0,259502.0,255000.0,260000.0,269053.0,283306.0,288000.0,296000.0,296000.0,298500.0,296750.0,293000.0,299900.0,291000.0,305000.0,308047.0,314900.0,311685.0,314950.0,325000.0,340000.0,350000.0,357500.0,360000.0,372000.0,370500.0,380900.0,400000.0,426000.0,435000.0,450000.0,458250.0,459900.0,465125.0,460000.0,458400.0,460000.0,465000.0,474900.0,480000.0,500000.0,500000.0,522250.0,495000.0,494500.0,479000.0,458700.0,450000.0,435000.0,420750.0,420000.0,425000.0,442980.0,450000.0,469900.0,477000.0,490000.0,465000.0,470000.0,465000.0,469900.0,450000.0,457500.0,445000.0,475000.0,478500.0,494000.0,530000.0,490500.0,470000.0,479900.0,470000.0,475000.0,465000.0,465000.0,469000.0,480000.0,467500.0,510000.0,496397.0,498750.0,499450.0,500000.0,475000.0,477020.0
394484,80,"Colorado Springs, CO",msa,CO,185500.0,185000.0,190000.0,198000.0,199900.0,199900.0,187000.0,185000.0,175000.0,175000.0,166300.0,161250.0,169900.0,172000.0,170250.0,179950.0,182475.0,180000.0,184950.0,177750.0,175000.0,179900.0,172900.0,170900.0,170925.0,175000.0,174900.0,179000.0,187400.0,189300.0,190000.0,183400.0,182250.0,178000.0,175000.0,167000.0,175000.0,164950.0,167250.0,172000.0,175000.0,177500.0,178500.0,170000.0,174700.0,167000.0,162700.0,163000.0,165000.0,171000.0,180000.0,189900.0,194000.0,199000.0,186000.0,179900.0,179900.0,184700.0,176500.0,173750.0,185000.0,184900.0,189000.0,196000.0,205000.0,205000.0,199000.0,191000.0,192000.0,191500.0,186408.0,191000.0,183750.0,195000.0,197000.0,202500.0,218000.0,209450.0,210000.0,205000.0,200000.0,195000.0,203000.0,207000.0,204000.0,204300.0,217000.0,227000.0,226000.0,220000.0,219900.0,215000.0,213000.0,215000.0,216000.0,218750.0,223000.0,222000.0,234900.0,237500.0,245000.0,239900.0,244900.0,240000.0,236000.0,231000.0,240000.0,240000.0,234900.0,247950.0,256800.0,255000.0,262000.0,262500.0,259900.0,259000.0,265000.0,260000.0,262000.0,265000.0,268000.0,276000.0,285000.0,290000.0,295000.0,289450.0,290000.0,285000.0,279900.0,278000.0,280000.0,277750.0,289000.0,293500.0,303582.0,306500.0,310000.0,314500.0,310000.0,310000.0,309000.0,307250.0,308000.0,312500.0,320000.0,330000.0,335000.0,332000.0,345000.0,352500.0,355000.0,360000.0,355000.0,360000.0,355000.0,360000.0,375000.0,385000.0,400000.0,415000.0,425900.0,425000.0,420000.0,420000.0,420300.0,425000.0,425000.0,426000.0,445000.0,450000.0,465000.0,465000.0,469900.0,455000.0,445250.0,430000.0,445000.0,415000.0,415000.0,414662.0,425000.0,435000.0,440000.0,449000.0,465000.0,452750.0,440000.0,450000.0,440500.0,434950.0,427750.0,428000.0,425000.0,432000.0,455000.0,458000.0,467500.0,470000.0,453000.0,441750.0,442225.0,452500.0,445000.0,445000.0,450000.0,449900.0,460000.0,463000.0,470000.0,469500.0,445000.0,450000.0,435000.0,459818.0
394798,81,"Little Rock, AR",msa,AR,125000.0,128000.0,133000.0,138000.0,147000.0,135000.0,131666.0,134000.0,130000.0,120000.0,125000.0,129950.0,136000.0,129950.0,141000.0,142000.0,148000.0,149000.0,142000.0,138000.0,136000.0,137000.0,131000.0,155000.0,141000.0,143000.0,147000.0,150000.0,159000.0,153000.0,146700.0,140000.0,149000.0,142000.0,137000.0,154000.0,143500.0,144850.0,150000.0,154000.0,156397.0,150000.0,147000.0,140000.0,146000.0,143000.0,145000.0,151000.0,154000.0,149900.0,157200.0,151000.0,162750.0,160000.0,164000.0,160000.0,160150.0,158000.0,158000.0,156000.0,160000.0,166000.0,168000.0,175000.0,180000.0,179000.0,170000.0,168500.0,160000.0,163000.0,172500.0,157500.0,165000.0,160000.0,169000.0,172000.0,180000.0,176500.0,180000.0,167500.0,165000.0,167480.0,170000.0,165000.0,167000.0,170000.0,175000.0,175750.0,181100.0,175750.0,182000.0,176925.0,169000.0,160000.0,149000.0,146000.0,146500.0,148000.0,149900.0,150000.0,153000.0,141000.0,140000.0,144000.0,154000.0,152950.0,153000.0,151000.0,159000.0,149000.0,156000.0,154000.0,163000.0,146300.0,145000.0,144000.0,144997.0,147000.0,143000.0,146250.0,149900.0,145000.0,152950.0,155100.0,163000.0,154250.0,148000.0,147250.0,148803.0,150000.0,148000.0,152000.0,146500.0,147675.0,152500.0,160000.0,166777.0,162000.0,160000.0,155000.0,150350.0,162500.0,152000.0,155000.0,155000.0,162500.0,168000.0,169000.0,169900.0,175000.0,179250.0,175000.0,173750.0,175000.0,177500.0,162250.0,170000.0,173000.0,183900.0,195000.0,187000.0,195000.0,195000.0,186900.0,185125.0,187000.0,195000.0,190000.0,185000.0,197900.0,200000.0,205000.0,216000.0,210000.0,215000.0,210000.0,200000.0,204750.0,190000.0,186000.0,205000.0,205000.0,204500.0,215000.0,220000.0,218000.0,207500.0,212250.0,195000.0,200000.0,191800.0,196500.0,199900.0,212000.0,215250.0,232000.0,229000.0,225000.0,232000.0,225450.0,233000.0,230000.0,207000.0,217350.0,211000.0,225000.0,227500.0,225000.0,245000.0,232000.0,242450.0,235000.0,235000.0,235099.0
394766,82,"Lakeland, FL",msa,FL,150000.0,152250.0,144100.0,149000.0,151000.0,140000.0,135000.0,130000.0,126000.0,123000.0,118000.0,100000.0,103250.0,102000.0,97000.0,99500.0,104500.0,109400.0,100000.0,104500.0,103000.0,101500.0,98700.0,98000.0,95000.0,95000.0,95000.0,92500.0,95000.0,90000.0,89900.0,88150.0,85000.0,85000.0,88700.0,81000.0,76000.0,85000.0,85000.0,89900.0,80000.0,88500.0,82000.0,94000.0,87900.0,87500.0,85750.0,85500.0,82900.0,91500.0,90000.0,90000.0,95000.0,95000.0,90000.0,93000.0,95000.0,98750.0,100050.0,101000.0,92500.0,105000.0,107400.0,109900.0,100000.0,107000.0,113000.0,109650.0,103000.0,109900.0,112000.0,107000.0,110000.0,110000.0,114800.0,112000.0,115000.0,115000.0,124000.0,119050.0,117000.0,112000.0,120000.0,110000.0,109900.0,120000.0,117500.0,125000.0,131700.0,126000.0,127500.0,130750.0,127000.0,125000.0,126000.0,129550.0,129950.0,140000.0,135000.0,140000.0,145450.0,148000.0,148000.0,148750.0,147000.0,150000.0,149000.0,143000.0,147000.0,153550.0,154000.0,157500.0,170000.0,155000.0,160000.0,160000.0,159000.0,158000.0,163000.0,166950.0,167000.0,167750.0,172000.0,170000.0,175000.0,175000.0,179900.0,172500.0,172625.0,177900.0,174000.0,166000.0,175000.0,180000.0,180000.0,184950.0,189950.0,188000.0,184900.0,184950.0,187450.0,190000.0,186000.0,187250.0,189900.0,195000.0,205000.0,195000.0,208250.0,213700.0,209000.0,210000.0,219900.0,219000.0,223000.0,215500.0,222000.0,225000.0,225000.0,238000.0,245000.0,250200.0,259000.0,255000.0,269900.0,265000.0,275000.0,275000.0,295000.0,300000.0,302000.0,319700.0,315000.0,315000.0,310500.0,299900.0,298750.0,295350.0,285000.0,285500.0,295000.0,300000.0,300000.0,300000.0,308500.0,305000.0,300000.0,300000.0,299000.0,300000.0,296000.0,299600.0,296000.0,292500.0,302500.0,305000.0,310000.0,295000.0,305000.0,287700.0,300000.0,290000.0,295000.0,285000.0,300000.0,300000.0,300850.0,300000.0,295000.0,300000.0,300000.0,297800.0,290500.0,285284.0
394304,83,"Akron, OH",msa,OH,106000.0,92380.0,102500.0,106000.0,118200.0,111250.0,108900.0,104750.0,93000.0,85000.0,68000.0,68500.0,70000.0,76500.0,80825.0,90000.0,85000.0,105500.0,95000.0,104950.0,97750.0,107000.0,90000.0,94950.0,100000.0,100000.0,113500.0,103500.0,116500.0,95250.0,109000.0,92200.0,107550.0,92793.0,93325.0,66322.0,73000.0,70000.0,76000.0,98700.0,117000.0,98000.0,108000.0,89000.0,89500.0,83750.0,79900.0,87750.0,75449.0,92500.0,104000.0,107750.0,110000.0,112900.0,115000.0,103000.0,104000.0,116250.0,100000.0,95000.0,88000.0,107000.0,100000.0,128000.0,122500.0,130000.0,120250.0,115000.0,110000.0,100000.0,92000.0,93000.0,94950.0,109700.0,117000.0,112975.0,133500.0,124000.0,118900.0,119000.0,110000.0,112000.0,105000.0,79600.0,102560.0,114450.0,109000.0,120000.0,125000.0,129750.0,124900.0,120000.0,117500.0,115075.0,105111.0,98250.0,111327.0,109900.0,116500.0,125802.0,132905.0,125000.0,130000.0,125450.0,121500.0,119500.0,108000.0,106875.0,112000.0,119250.0,131000.0,135000.0,145000.0,141000.0,130000.0,125000.0,128250.0,135000.0,125000.0,117000.0,115000.0,117000.0,133900.0,137000.0,145000.0,140670.0,138000.0,140000.0,136500.0,139850.0,125000.0,126500.0,125000.0,133750.0,139500.0,146500.0,152537.0,148750.0,147500.0,140000.0,140000.0,135000.0,130000.0,122800.0,139250.0,145000.0,149575.0,151075.0,159900.0,160000.0,155000.0,165000.0,159800.0,159450.0,145900.0,137000.0,132000.0,146000.0,150000.0,162000.0,161000.0,162500.0,167750.0,169900.0,165000.0,159900.0,160000.0,144900.0,151000.0,150950.0,161000.0,172000.0,185500.0,190498.0,176000.0,176000.0,165350.0,170000.0,146250.0,153250.0,163000.0,157750.0,167500.0,175000.0,189000.0,186500.0,180000.0,174900.0,177000.0,179450.0,165000.0,168000.0,163250.0,175000.0,175000.0,195000.0,199550.0,201000.0,210000.0,203000.0,199200.0,190000.0,175000.0,165000.0,180000.0,175000.0,195000.0,212000.0,226950.0,225000.0,219450.0,215000.0,212000.0,205246.0
394531,84,"Des Moines, IA",msa,IA,136000.0,131500.0,142500.0,139500.0,149500.0,145000.0,144000.0,137000.0,129500.0,129000.0,128750.0,124000.0,130000.0,129000.0,129000.0,139000.0,141750.0,140000.0,138500.0,132000.0,124750.0,125000.0,117500.0,124500.0,123750.0,125000.0,129500.0,132500.0,133700.0,127500.0,129500.0,131250.0,130250.0,124500.0,124500.0,129000.0,109000.0,119000.0,126500.0,124500.0,139500.0,138500.0,134500.0,132500.0,125000.0,124500.0,120000.0,115000.0,113400.0,120000.0,132500.0,139500.0,141000.0,134500.0,142000.0,134000.0,123000.0,129000.0,125000.0,125000.0,133250.0,134000.0,144000.0,146750.0,157000.0,153500.0,148750.0,145000.0,135000.0,134250.0,130000.0,129000.0,136000.0,130250.0,141000.0,147000.0,157000.0,155000.0,150000.0,150000.0,135000.0,139000.0,125000.0,130000.0,136250.0,144250.0,153250.0,160500.0,160000.0,157000.0,160000.0,155000.0,151500.0,150000.0,149000.0,147500.0,152000.0,147000.0,157500.0,160000.0,168000.0,168000.0,160500.0,164500.0,156500.0,153250.0,150000.0,154000.0,151500.0,160000.0,165000.0,167000.0,176750.0,171000.0,168500.0,161500.0,173000.0,164500.0,162500.0,164750.0,173000.0,175600.0,175000.0,180750.0,187000.0,185000.0,180000.0,175000.0,169750.0,180000.0,169850.0,179955.0,169750.0,180000.0,182000.0,189500.0,200500.0,192500.0,200000.0,195000.0,175000.0,183250.0,190000.0,185000.0,175000.0,195000.0,193000.0,203000.0,202750.0,210000.0,218500.0,205000.0,210000.0,202000.0,200000.0,200000.0,195000.0,203250.0,216250.0,215000.0,230000.0,233000.0,226500.0,230000.0,230000.0,220000.0,211000.0,224750.0,197000.0,224900.0,229000.0,241000.0,252000.0,240000.0,240000.0,237000.0,230000.0,221000.0,225000.0,210000.0,212000.0,240000.0,240250.0,257000.0,260000.0,259900.0,260000.0,259950.0,247000.0,243000.0,245000.0,235000.0,242000.0,255000.0,260000.0,270000.0,275250.0,275000.0,265000.0,270000.0,265000.0,265000.0,255000.0,255000.0,260000.0,261000.0,268750.0,273250.0,282000.0,280000.0,280000.0,275000.0,290000.0,264303.0
395115,85,"Springfield, MA",msa,MA,184900.0,169400.0,181000.0,185000.0,193000.0,189500.0,192750.0,180000.0,180000.0,163500.0,164900.0,162000.0,163500.0,159750.0,173000.0,174950.0,180000.0,179900.0,185000.0,180000.0,180000.0,169950.0,164950.0,177000.0,158000.0,175000.0,169900.0,167500.0,187000.0,185000.0,181000.0,170300.0,177500.0,169500.0,166000.0,172500.0,139775.0,150000.0,164500.0,165000.0,178950.0,180000.0,187500.0,170000.0,165000.0,169950.0,160000.0,153325.0,151000.0,162000.0,153500.0,170000.0,179000.0,180000.0,183500.0,165000.0,165000.0,165000.0,159900.0,150750.0,159900.0,168200.0,167500.0,180000.0,190000.0,195000.0,188075.0,176750.0,174750.0,168000.0,165000.0,156000.0,156400.0,170000.0,179000.0,182700.0,187000.0,184900.0,194000.0,175000.0,175000.0,180000.0,170000.0,176700.0,165500.0,165000.0,180000.0,184950.0,187250.0,199000.0,197450.0,185000.0,179950.0,180500.0,178540.0,170000.0,164900.0,169950.0,175000.0,190000.0,195000.0,200500.0,195000.0,190000.0,183000.0,182900.0,183500.0,182500.0,165000.0,175000.0,178950.0,185950.0,205000.0,208950.0,200000.0,199000.0,190000.0,201500.0,194000.0,187000.0,182000.0,190000.0,204000.0,205000.0,221000.0,215000.0,212000.0,207000.0,207000.0,210000.0,200000.0,189900.0,189900.0,197000.0,205000.0,217000.0,224900.0,225500.0,220000.0,220000.0,225000.0,216000.0,220000.0,207400.0,200000.0,214500.0,230000.0,225000.0,230000.0,240625.0,245000.0,244250.0,243000.0,240000.0,240000.0,235000.0,230000.0,237850.0,250000.0,260000.0,275000.0,275000.0,270000.0,267000.0,273500.0,263497.0,265000.0,260000.0,270000.0,260000.0,275000.0,295000.0,326000.0,299900.0,300000.0,290000.0,295000.0,285000.0,278750.0,260000.0,270000.0,273000.0,295000.0,295000.0,315000.0,323000.0,335000.0,310000.0,310000.0,300000.0,294000.0,300000.0,294500.0,305000.0,311250.0,325000.0,335000.0,346700.0,350000.0,325000.0,320000.0,311750.0,325000.0,309000.0,310000.0,315000.0,339900.0,343750.0,362250.0,365000.0,361250.0,335000.0,350000.0,351946.0
845159,86,"Poughkeepsie, NY",msa,NY,,,,,,,,,,,,,,,,,,,,,,,,,,,,,,,,,,,,,,,,,,,,,,,,,,,,,,,,,,,,,,,,,,,,,,,,,,,,,,,,,,,,,,,,,,,,,,,,,,,,,,,,,,,,,,,,,,,,,,,,,,,,,,,,,,,,,,,,,,,,,,,,,,,,,,,,,,,,200000.0,200000.0,160000.0,240000.0,219700.0,250000.0,275000.0,246000.0,270000.0,238000.0,236000.0,299000.0,282000.0,275000.0,240000.0,266000.0,235000.0,227900.0,272000.0,278000.0,335000.0,278000.0,270000.0,250000.0,305000.0,310500.0,313500.0,325000.0,371500.0,400000.0,430000.0,405000.0,422500.0,394500.0,415000.0,405000.0,400000.0,400000.0,383700.0,410000.0,425000.0,441500.0,449900.0,450000.0,425000.0,436000.0,412250.0,445000.0,439000.0,460000.0,434600.0,417500.0,429900.0,440000.0,457500.0,465000.0,450000.0,469999.0,452955.0
394931,87,"Ogden, UT",msa,UT,184900.0,179425.0,186900.0,183350.0,184500.0,194000.0,181000.0,178000.0,179900.0,183000.0,164950.0,185000.0,182325.0,175932.0,180000.0,175000.0,176681.0,178000.0,179900.0,173700.0,172417.0,163512.0,169950.0,180000.0,168251.0,165000.0,170000.0,169000.0,175500.0,172000.0,175900.0,174450.0,162150.0,170100.0,165000.0,166000.0,159950.0,158088.0,160500.0,157700.0,162000.0,155000.0,160500.0,149900.0,158000.0,149900.0,153940.0,155000.0,152275.0,155000.0,158500.0,163000.0,166224.0,170000.0,164500.0,163500.0,167250.0,166375.0,164000.0,160000.0,169250.0,167500.0,180500.0,185000.0,180000.0,184850.0,182000.0,175000.0,175000.0,176250.0,179000.0,174000.0,175000.0,183500.0,177950.0,182312.0,183500.0,187400.0,193018.0,184900.0,185000.0,184250.0,184450.0,177450.0,183250.0,185000.0,190000.0,200000.0,197200.0,202000.0,195000.0,199900.0,202500.0,202850.0,194500.0,195000.0,194000.0,205000.0,211500.0,217750.0,224900.0,217950.0,223000.0,224500.0,222000.0,219000.0,214950.0,220000.0,225000.0,224900.0,230102.0,243000.0,250126.0,248700.0,249947.0,242108.0,243500.0,245000.0,249000.0,242000.0,250000.0,252000.0,265000.0,265000.0,275000.0,275000.0,272000.0,268691.0,270000.0,275000.0,267500.0,260000.0,279900.0,270000.0,280750.0,289950.0,299000.0,289900.0,296050.0,290000.0,297000.0,290000.0,295000.0,290000.0,298000.0,300000.0,310000.0,318000.0,312605.0,336900.0,337692.0,339721.0,337942.0,345000.0,333720.0,338800.0,335000.0,360000.0,390000.0,403000.0,410000.0,412403.0,410000.0,415000.0,415000.0,415000.0,413487.0,421168.0,427500.0,460000.0,480000.0,481695.0,486939.0,457400.0,454292.0,434950.0,427891.0,426166.0,425000.0,415000.0,426010.0,436500.0,449000.0,445000.0,469900.0,446000.0,463000.0,450000.0,460000.0,466000.0,442175.0,455000.0,450000.0,455000.0,460000.0,475000.0,470000.0,480000.0,479136.0,467000.0,484900.0,485000.0,460429.0,489900.0,458000.0,460000.0,491365.0,480475.0,475000.0,508027.0,485000.0,479503.0,465000.0,474604.0
394816,88,"Madison, WI",msa,WI,188700.0,200000.0,194950.0,195000.0,201500.0,204900.0,201900.0,190000.0,199900.0,180000.0,195000.0,184000.0,184000.0,182700.0,189000.0,190000.0,187000.0,193600.0,196900.0,183500.0,169900.0,178900.0,176000.0,173000.0,180000.0,178350.0,185000.0,189950.0,195000.0,200000.0,211550.0,187000.0,190000.0,178000.0,175500.0,178150.0,175000.0,185000.0,174600.0,192900.0,191000.0,193000.0,185750.0,180000.0,180000.0,186200.0,173500.0,163250.0,159000.0,169000.0,185900.0,188750.0,189000.0,178000.0,189000.0,180000.0,170000.0,179000.0,167000.0,175000.0,167500.0,175000.0,189750.0,192150.0,205000.0,194900.0,200000.0,185000.0,182500.0,185000.0,175000.0,175287.0,175000.0,186000.0,189900.0,191250.0,200000.0,217000.0,205000.0,200000.0,185500.0,188000.0,187750.0,188500.0,197000.0,196500.0,208000.0,215000.0,219900.0,211900.0,222900.0,202500.0,199900.0,209500.0,205500.0,204950.0,191950.0,208000.0,220000.0,215000.0,231400.0,230000.0,230000.0,220000.0,212000.0,215000.0,228500.0,220000.0,229450.0,235000.0,237000.0,237500.0,250150.0,242000.0,249900.0,234783.0,240000.0,237800.0,220900.0,240000.0,238333.0,247000.0,252000.0,247500.0,266000.0,261500.0,255000.0,240000.0,247700.0,248000.0,239900.0,241500.0,242000.0,245000.0,260000.0,265000.0,275200.0,269950.0,270000.0,255000.0,259950.0,257500.0,258000.0,255000.0,262500.0,264000.0,290000.0,280000.0,290000.0,282000.0,279900.0,289000.0,284950.0,285000.0,282000.0,275000.0,277000.0,309750.0,315000.0,320000.0,336900.0,330000.0,325000.0,324800.0,315000.0,310000.0,310000.0,309950.0,325000.0,335000.0,350000.0,364000.0,365000.0,370000.0,355000.0,340000.0,331500.0,330150.0,325000.0,325000.0,314000.0,330000.0,355000.0,369000.0,385000.0,375000.0,379000.0,361300.0,350000.0,350000.0,358000.0,350000.0,370100.0,385000.0,400000.0,394500.0,415000.0,410000.0,404000.0,380000.0,395000.0,385000.0,380000.0,385000.0,387750.0,395000.0,412000.0,428450.0,425000.0,425000.0,415000.0,406000.0,414000.0,398992.0
395235,89,"Winston, NC",msa,NC,120000.0,123250.0,120000.0,128000.0,134500.0,125000.0,124000.0,122000.0,115000.0,119950.0,111500.0,115000.0,113200.0,120000.0,121000.0,131000.0,129000.0,124000.0,125000.0,118500.0,122250.0,118250.0,119000.0,128000.0,114000.0,120000.0,120000.0,130000.0,129250.0,115000.0,118000.0,119500.0,115000.0,121450.0,106500.0,94900.0,105000.0,116000.0,120000.0,125000.0,129750.0,121750.0,118000.0,116250.0,115000.0,114250.0,105500.0,103500.0,103500.0,113750.0,108000.0,124000.0,129000.0,117000.0,125000.0,117000.0,110000.0,107000.0,109950.0,107500.0,106125.0,116000.0,127000.0,126160.0,135000.0,120000.0,120000.0,118000.0,110000.0,109500.0,110000.0,108275.0,112750.0,110000.0,115000.0,128000.0,126000.0,128000.0,125500.0,118500.0,116000.0,120000.0,119900.0,120000.0,122500.0,132500.0,130000.0,139500.0,133000.0,137500.0,129750.0,128900.0,125000.0,126500.0,125000.0,130000.0,123750.0,122000.0,136500.0,145000.0,140500.0,135000.0,143000.0,134750.0,131500.0,130000.0,130875.0,129000.0,125000.0,136500.0,140000.0,148000.0,144000.0,146000.0,143300.0,144000.0,140000.0,139000.0,137000.0,139000.0,140000.0,145500.0,149500.0,160000.0,151500.0,150000.0,154000.0,149000.0,147000.0,147000.0,148000.0,140500.0,138000.0,160000.0,160000.0,164250.0,162000.0,168000.0,158500.0,160000.0,153000.0,160000.0,161000.0,149000.0,162000.0,165000.0,180000.0,175000.0,183000.0,189500.0,180000.0,187500.0,183000.0,185000.0,183000.0,175000.0,178000.0,186750.0,183000.0,195000.0,203250.0,210000.0,204500.0,210000.0,202500.0,210000.0,215000.0,204000.0,199000.0,215000.0,225000.0,245000.0,250000.0,246000.0,230000.0,229000.0,243000.0,225750.0,225000.0,201250.0,210000.0,230000.0,225750.0,239000.0,247000.0,250000.0,245000.0,240000.0,240000.0,240000.0,215000.0,246750.0,237500.0,236000.0,245000.0,248000.0,259000.0,255000.0,252000.0,245000.0,250000.0,245000.0,250000.0,245000.0,252000.0,253000.0,266500.0,269250.0,270000.0,270000.0,271250.0,259500.0,260000.0,271288.0
394528,90,"Deltona, FL",msa,FL,159900.0,168900.0,170000.0,170000.0,156500.0,163000.0,152450.0,154800.0,145000.0,145000.0,130000.0,122750.0,130000.0,123250.0,121050.0,132750.0,132000.0,126200.0,130000.0,130000.0,121000.0,120000.0,118750.0,115000.0,105690.0,115000.0,120000.0,115000.0,119000.0,122000.0,110000.0,110000.0,115750.0,105000.0,108000.0,102500.0,99450.0,100000.0,102000.0,106000.0,104700.0,102750.0,108000.0,100000.0,105000.0,100000.0,96500.0,90000.0,90000.0,112800.0,110000.0,111900.0,110000.0,114900.0,109900.0,112000.0,110000.0,112500.0,114013.0,114950.0,114950.0,118500.0,119000.0,120000.0,128600.0,124900.0,128500.0,130000.0,128950.0,125000.0,125000.0,121000.0,130000.0,127500.0,126000.0,129900.0,130000.0,130000.0,130000.0,127000.0,127500.0,130000.0,135000.0,128500.0,133000.0,137700.0,139900.0,146000.0,145000.0,147000.0,145000.0,149900.0,142000.0,145000.0,146000.0,145000.0,146000.0,154450.0,157000.0,160000.0,165000.0,160650.0,165000.0,165000.0,167000.0,163000.0,162000.0,155750.0,160000.0,168000.0,171500.0,172000.0,180000.0,178000.0,180000.0,182000.0,180000.0,178000.0,181000.0,175000.0,180000.0,187000.0,190000.0,190000.0,195000.0,190000.0,198400.0,197750.0,193000.0,195000.0,196000.0,195000.0,202000.0,205000.0,209000.0,210000.0,215000.0,210000.0,215000.0,215000.0,202000.0,212945.0,212500.0,210000.0,210000.0,224900.0,216000.0,215000.0,229950.0,237250.0,235000.0,237500.0,240000.0,243000.0,242000.0,245000.0,250000.0,260000.0,267500.0,265000.0,275000.0,280000.0,280000.0,282000.0,280000.0,289000.0,299900.0,295000.0,312250.0,316400.0,325000.0,325000.0,335000.0,330000.0,338650.0,330000.0,332000.0,314988.0,307000.0,300000.0,310000.0,325000.0,325450.0,337400.0,330165.0,332500.0,330000.0,325000.0,324900.0,333000.0,325000.0,325000.0,326500.0,346000.0,345000.0,347500.0,340000.0,337495.0,334950.0,335000.0,335000.0,332000.0,330000.0,328000.0,329900.0,330000.0,337000.0,320000.0,340000.0,320000.0,320000.0,325000.0,330000.0,326834.0
395143,91,"Syracuse, NY",msa,NY,106250.0,98500.0,100000.0,114500.0,120000.0,119000.0,120000.0,110500.0,107500.0,104000.0,95000.0,97500.0,96500.0,110000.0,113500.0,117000.0,123250.0,119450.0,122000.0,114000.0,115000.0,108000.0,97950.0,107920.0,105000.0,108000.0,118250.0,118500.0,115250.0,115000.0,124500.0,115000.0,127500.0,113000.0,110000.0,111875.0,98000.0,110350.0,121950.0,118000.0,122215.0,124000.0,125000.0,118000.0,111350.0,105000.0,110000.0,108000.0,108000.0,107000.0,112765.0,120000.0,125000.0,130000.0,124000.0,118333.0,114027.0,120000.0,109000.0,108000.0,101500.0,115500.0,119000.0,120000.0,129560.0,127500.0,129925.0,122900.0,125500.0,119900.0,113214.0,115000.0,108075.0,109500.0,113500.0,117000.0,128000.0,125000.0,123000.0,126849.0,115500.0,119000.0,114000.0,115000.0,108000.0,116000.0,119480.0,133000.0,125000.0,127686.0,131172.0,120000.0,117500.0,116000.0,115000.0,124000.0,107000.0,106500.0,119780.0,123250.0,130000.0,134000.0,132693.0,126000.0,126750.0,126000.0,116650.0,117000.0,108000.0,108600.0,116000.0,122250.0,133200.0,132000.0,128500.0,128500.0,130419.0,128750.0,132500.0,123000.0,125000.0,119000.0,129500.0,138000.0,146900.0,142500.0,145000.0,139000.0,134625.0,138000.0,136000.0,129410.0,131000.0,130000.0,136082.0,144000.0,155000.0,151000.0,148000.0,150000.0,149700.0,145000.0,150000.0,145000.0,146000.0,141875.0,152750.0,156019.0,155050.0,159773.0,170000.0,167750.0,162000.0,165000.0,157750.0,152000.0,147000.0,152000.0,165000.0,169000.0,170000.0,176000.0,180000.0,179000.0,175200.0,170000.0,162250.0,160000.0,159825.0,165000.0,175500.0,185000.0,194000.0,200000.0,200000.0,193500.0,195000.0,195000.0,183500.0,173000.0,162500.0,179800.0,201000.0,193500.0,210000.0,217500.0,235000.0,222000.0,228000.0,206000.0,203040.0,190000.0,189000.0,190000.0,205000.0,225000.0,242500.0,252000.0,250000.0,245500.0,220000.0,239000.0,215000.0,225000.0,220000.0,220000.0,235000.0,237500.0,250000.0,259250.0,270000.0,262273.0,260000.0,244701.0
395006,92,"Provo, UT",msa,UT,207000.0,218900.0,215964.0,216000.0,212500.0,209150.0,208950.0,205000.0,215000.0,213192.0,199900.0,220000.0,221000.0,211000.0,204000.0,210150.0,200000.0,198450.0,202500.0,196500.0,194000.0,189900.0,198000.0,203300.0,195500.0,190000.0,180000.0,185000.0,194525.0,189450.0,185000.0,177500.0,179900.0,179900.0,176000.0,174900.0,170000.0,171500.0,172000.0,170000.0,168500.0,165500.0,165000.0,170950.0,169950.0,160900.0,162750.0,159200.0,166000.0,165000.0,175800.0,171000.0,175000.0,180025.0,182170.0,179000.0,181000.0,175500.0,175000.0,192900.0,185000.0,183000.0,185000.0,205000.0,200000.0,210000.0,195000.0,201000.0,194450.0,203700.0,190300.0,197500.0,200714.0,204000.0,210000.0,210000.0,222000.0,224000.0,223200.0,207000.0,213050.0,220000.0,218550.0,208000.0,216250.0,219950.0,220000.0,229950.0,235000.0,228000.0,225000.0,233000.0,230000.0,232914.0,229900.0,238000.0,245000.0,234500.0,248000.0,255000.0,253935.0,253000.0,262000.0,250000.0,247900.0,248700.0,255000.0,257000.0,255500.0,261340.0,268000.0,272950.0,272700.0,277500.0,274900.0,270000.0,279000.0,274995.0,269400.0,285000.0,297775.0,282673.0,295000.0,303335.0,305000.0,307971.0,308400.0,298000.0,303000.0,300000.0,300607.0,300000.0,302750.0,305000.0,310000.0,323500.0,328000.0,321176.0,330000.0,329593.0,327500.0,329900.0,326461.0,320000.0,330000.0,337000.0,336450.0,333000.0,356000.0,350000.0,369923.0,375000.0,365000.0,378000.0,386981.0,380000.0,382250.0,419000.0,435000.0,445000.0,450000.0,455000.0,450000.0,464258.0,455000.0,465373.0,480000.0,482000.0,504000.0,511000.0,525000.0,529593.0,523190.0,520000.0,508761.0,495000.0,484715.0,484000.0,499900.0,479696.0,485000.0,489450.0,485000.0,495000.0,499950.0,505000.0,499900.0,510935.0,483718.0,490696.0,479995.0,489900.0,495000.0,495750.0,501500.0,524995.0,520000.0,504000.0,512311.0,516900.0,516000.0,508510.0,525000.0,513500.0,505000.0,520457.0,525000.0,524500.0,526150.0,520000.0,525000.0,512425.0,517853.0,515899.0
395160,93,"Toledo, OH",msa,OH,87650.0,89600.0,102000.0,103380.0,102500.0,97600.0,108950.0,100000.0,80000.0,78050.0,77500.0,70400.0,63500.0,68450.0,83000.0,89900.0,93000.0,89950.0,96000.0,85000.0,89900.0,88000.0,72400.0,79000.0,74200.0,66850.0,91500.0,90000.0,97000.0,75000.0,83000.0,73000.0,80000.0,62500.0,72500.0,78050.0,63300.0,65000.0,79900.0,82950.0,86500.0,74000.0,78200.0,81200.0,76000.0,71000.0,72000.0,58000.0,76000.0,74950.0,75000.0,91300.0,89300.0,88850.0,82000.0,95500.0,94250.0,81275.0,74700.0,76000.0,69150.0,75300.0,77000.0,94900.0,103000.0,99000.0,95500.0,78722.0,82500.0,88000.0,90000.0,75000.0,67750.0,72450.0,87450.0,99500.0,100500.0,109900.0,100750.0,105000.0,95439.0,87670.0,84500.0,80700.0,87000.0,89950.0,98714.0,103700.0,105700.0,112950.0,103500.0,104750.0,95000.0,98950.0,98500.0,89124.0,92500.0,107500.0,111600.0,110000.0,114400.0,117000.0,105000.0,108000.0,105000.0,100500.0,98000.0,102000.0,89500.0,93000.0,109000.0,117700.0,118675.0,119500.0,114600.0,110000.0,114900.0,102000.0,100000.0,96000.0,105950.0,103000.0,115000.0,122000.0,125267.0,129000.0,119500.0,120200.0,110000.0,105500.0,107500.0,90750.0,103000.0,110000.0,118000.0,125000.0,125950.0,119900.0,125000.0,125775.0,122000.0,120000.0,115000.0,103150.0,113000.0,124450.0,129900.0,129000.0,130000.0,140000.0,126000.0,136900.0,136450.0,130000.0,130000.0,123000.0,120000.0,130000.0,137500.0,135000.0,141000.0,141900.0,143000.0,139000.0,135000.0,140000.0,132950.0,115500.0,129100.0,129950.0,138050.0,150000.0,154500.0,160001.0,160000.0,150000.0,150000.0,138000.0,110000.0,123000.0,128000.0,125000.0,135000.0,145000.0,165000.0,161700.0,162500.0,160000.0,150000.0,147500.0,135000.0,140604.0,139200.0,150000.0,168250.0,160000.0,171750.0,174450.0,178000.0,170000.0,161000.0,171500.0,150000.0,150000.0,149000.0,160000.0,185000.0,195000.0,190100.0,190000.0,195000.0,183900.0,192500.0,166026.0
395224,94,"Wichita, KS",msa,KS,107500.0,109900.0,108000.0,120500.0,125000.0,125500.0,123900.0,111700.0,113000.0,104700.0,96250.0,110000.0,108000.0,103000.0,114000.0,120000.0,129525.0,119500.0,121950.0,107000.0,112900.0,110496.0,104950.0,114200.0,111000.0,115250.0,118650.0,124000.0,116700.0,118000.0,117000.0,114500.0,110500.0,118000.0,114900.0,99700.0,105000.0,114900.0,111005.0,118000.0,120000.0,120000.0,118500.0,122500.0,113500.0,106000.0,111000.0,91250.0,102000.0,109000.0,115000.0,123950.0,119000.0,125000.0,122000.0,123975.0,120000.0,119900.0,112880.0,100603.0,105000.0,118000.0,120000.0,129900.0,130000.0,127000.0,124900.0,118500.0,107500.0,115000.0,112292.0,111750.0,119044.0,114500.0,118900.0,125691.0,128550.0,130000.0,128250.0,123315.0,123650.0,124000.0,124900.0,120000.0,130500.0,125000.0,130000.0,139000.0,130000.0,136000.0,133281.0,124000.0,122000.0,128709.0,124900.0,129900.0,120000.0,129000.0,131500.0,137000.0,140000.0,140900.0,137707.0,139900.0,134995.0,135000.0,138483.0,127675.0,130000.0,125365.0,135000.0,140500.0,145000.0,145000.0,145375.0,141450.0,136000.0,140000.0,129900.0,135000.0,136700.0,132400.0,146000.0,150700.0,155000.0,150000.0,150000.0,151000.0,145000.0,147500.0,147000.0,146656.0,145000.0,146250.0,145000.0,159500.0,165000.0,165000.0,153000.0,156000.0,153399.0,160000.0,155950.0,145880.0,156250.0,155750.0,163900.0,162800.0,175000.0,175177.0,175500.0,174900.0,180000.0,170000.0,167500.0,172200.0,165000.0,170000.0,172000.0,185000.0,183000.0,200000.0,190000.0,175000.0,178852.0,185000.0,176500.0,174900.0,167250.0,176500.0,185000.0,215000.0,212000.0,207750.0,203342.0,200000.0,207500.0,195000.0,195000.0,180000.0,190500.0,185000.0,190000.0,210000.0,227500.0,224375.0,215000.0,222000.0,207500.0,205000.0,196137.0,200000.0,215000.0,220000.0,220000.0,223250.0,233000.0,235000.0,237900.0,230000.0,225000.0,235000.0,210000.0,226000.0,226475.0,225000.0,239825.0,239213.0,240000.0,254050.0,250000.0,234000.0,248700.0,237591.0
394549,95,"Durham, NC",msa,NC,165250.0,186000.0,164000.0,179750.0,185000.0,167000.0,177000.0,162000.0,169000.0,155000.0,145000.0,174500.0,159000.0,175000.0,167500.0,176000.0,183500.0,176750.0,180000.0,167500.0,165000.0,155000.0,162000.0,159500.0,165000.0,176750.0,172500.0,177000.0,183000.0,189000.0,199000.0,155000.0,176000.0,164675.0,160000.0,164000.0,155250.0,165500.0,185000.0,188500.0,180000.0,180000.0,172000.0,162000.0,151500.0,152500.0,147750.0,149250.0,154000.0,164750.0,171750.0,182000.0,199750.0,184000.0,177000.0,155000.0,169000.0,165000.0,154600.0,152250.0,157500.0,177000.0,179750.0,195000.0,193500.0,183000.0,177000.0,157750.0,165000.0,160000.0,170000.0,175000.0,166000.0,175000.0,177500.0,195000.0,192000.0,185000.0,183000.0,168000.0,173000.0,186000.0,174000.0,176000.0,170000.0,186000.0,198000.0,200000.0,207750.0,195000.0,190000.0,181000.0,176000.0,185000.0,196500.0,185000.0,175000.0,195000.0,190750.0,212000.0,215000.0,220000.0,212101.0,184500.0,192500.0,189000.0,192500.0,180000.0,191000.0,205000.0,225000.0,225000.0,230000.0,233750.0,225000.0,207000.0,220000.0,213500.0,210000.0,217250.0,219500.0,240000.0,242000.0,243000.0,247500.0,250000.0,233000.0,218000.0,229000.0,224000.0,235000.0,214000.0,227000.0,249000.0,265000.0,260000.0,268000.0,257500.0,255000.0,249000.0,250000.0,242000.0,254000.0,236000.0,240000.0,275000.0,274750.0,270000.0,275000.0,285000.0,285500.0,280000.0,280000.0,285000.0,273500.0,270000.0,277750.0,305000.0,315500.0,330000.0,350000.0,355000.0,345000.0,350000.0,353000.0,365000.0,365000.0,350000.0,350000.0,374610.0,396000.0,407500.0,400000.0,412000.0,385000.0,383745.0,355000.0,375000.0,350000.0,338000.0,350000.0,370000.0,385000.0,408750.0,420000.0,400000.0,400000.0,384000.0,385000.0,400000.0,385000.0,375000.0,379250.0,425000.0,415000.0,426000.0,450000.0,425000.0,410000.0,410000.0,410000.0,420000.0,405000.0,376500.0,410000.0,426000.0,430000.0,430000.0,430500.0,437500.0,410000.0,417500.0,405000.0,413399.0
394352,96,"Augusta, GA",msa,GA,108500.0,114900.0,115000.0,127500.0,125000.0,125000.0,123000.0,106800.0,110000.0,93900.0,99250.0,109900.0,100000.0,109000.0,115400.0,115450.0,130000.0,112000.0,107900.0,99000.0,100000.0,100000.0,92000.0,93687.0,99900.0,115000.0,111500.0,108000.0,111900.0,110000.0,115000.0,113950.0,100000.0,90887.0,91000.0,87000.0,89500.0,100000.0,95000.0,112900.0,111245.0,106500.0,95000.0,99450.0,98775.0,84000.0,79900.0,106950.0,92191.0,104600.0,98000.0,114900.0,123000.0,112500.0,105000.0,101000.0,89250.0,97000.0,99200.0,87000.0,105000.0,100000.0,105900.0,114900.0,122000.0,119950.0,113000.0,110055.0,104250.0,89500.0,92900.0,102000.0,110000.0,107500.0,118000.0,122000.0,124500.0,115000.0,114250.0,115000.0,119000.0,110800.0,107000.0,110000.0,115000.0,117700.0,122500.0,135000.0,134900.0,141500.0,134250.0,123450.0,112100.0,112250.0,113000.0,129500.0,122750.0,132000.0,127000.0,135000.0,147650.0,146000.0,129900.0,134000.0,131000.0,129000.0,120000.0,125500.0,129000.0,136950.0,141568.0,140000.0,150000.0,143500.0,139000.0,144900.0,137850.0,132500.0,135000.0,135000.0,145000.0,141000.0,155000.0,155000.0,164000.0,161500.0,150000.0,147500.0,156500.0,145950.0,154250.0,151090.0,143000.0,159000.0,155000.0,160000.0,178950.0,169900.0,169700.0,153600.0,155000.0,161750.0,162000.0,154950.0,155400.0,169900.0,171900.0,167000.0,182000.0,185000.0,179900.0,180000.0,179000.0,182000.0,179000.0,172000.0,175000.0,187250.0,190250.0,210000.0,215000.0,217250.0,209900.0,213500.0,207000.0,205000.0,219650.0,195000.0,201700.0,207250.0,212250.0,225500.0,238000.0,235000.0,224900.0,225000.0,225000.0,230000.0,210000.0,210000.0,220000.0,219950.0,230000.0,250950.0,237500.0,242000.0,220000.0,222500.0,220000.0,213250.0,199250.0,213900.0,227150.0,239450.0,240000.0,255000.0,260000.0,250000.0,249900.0,245000.0,250000.0,230000.0,216500.0,215000.0,218000.0,230000.0,230500.0,265000.0,262000.0,265000.0,250000.0,243000.0,251000.0,244087.0
394957,97,"Palm Bay, FL",msa,FL,159000.0,155000.0,150000.0,153000.0,157000.0,152350.0,150000.0,144450.0,135500.0,115800.0,115000.0,124950.0,114900.0,120000.0,120000.0,124500.0,122500.0,119100.0,120000.0,117000.0,116500.0,120000.0,111950.0,119900.0,110000.0,110000.0,105500.0,112500.0,111950.0,98000.0,92000.0,88200.0,96500.0,102000.0,100000.0,97500.0,85300.0,90100.0,104000.0,106900.0,100400.0,106750.0,98500.0,99800.0,103250.0,94250.0,95000.0,94750.0,99050.0,105231.0,104400.0,101000.0,114900.0,112000.0,105000.0,106000.0,110000.0,110000.0,103000.0,96450.0,108000.0,110000.0,117000.0,117900.0,120000.0,115000.0,118500.0,112000.0,114900.0,129700.0,119000.0,112299.0,114100.0,122000.0,115000.0,123500.0,130000.0,132000.0,139000.0,125000.0,130000.0,124000.0,128900.0,127500.0,135000.0,136550.0,135000.0,150000.0,148000.0,143675.0,144400.0,148000.0,145400.0,149000.0,148000.0,145000.0,145000.0,150000.0,156500.0,163000.0,170000.0,170000.0,169900.0,174500.0,169900.0,164850.0,166750.0,162750.0,169400.0,170500.0,170000.0,184700.0,181400.0,186000.0,190000.0,185000.0,173000.0,185000.0,188000.0,189000.0,190000.0,190950.0,200000.0,191700.0,205000.0,198000.0,202000.0,190000.0,197000.0,195000.0,195000.0,195000.0,192700.0,200000.0,210000.0,215000.0,219900.0,210250.0,209950.0,214900.0,209900.0,216750.0,219000.0,199000.0,221500.0,223500.0,229950.0,223000.0,235000.0,235000.0,248000.0,238000.0,250000.0,251850.0,250000.0,245000.0,242000.0,250000.0,262700.0,270000.0,280000.0,289000.0,290000.0,289450.0,300000.0,290000.0,300000.0,299450.0,303000.0,315672.0,325000.0,335000.0,330000.0,335000.0,339000.0,328500.0,335000.0,310000.0,310000.0,311000.0,320000.0,315000.0,345000.0,340000.0,332000.0,334900.0,340000.0,325000.0,320000.0,335000.0,315000.0,320000.0,329000.0,340000.0,345000.0,342500.0,345000.0,340000.0,340000.0,331250.0,335000.0,328500.0,329900.0,332000.0,341000.0,325000.0,344950.0,340000.0,350000.0,335000.0,335000.0,328050.0,328000.0,340429.0
394711,98,"Jackson, MS",msa,MS,127825.0,124000.0,128700.0,132000.0,135387.0,139285.0,136000.0,125261.0,131508.0,124065.0,124450.0,108500.0,125900.0,131384.0,128500.0,135000.0,138500.0,141000.0,140000.0,129000.0,131250.0,130000.0,121500.0,117500.0,120750.0,134000.0,132250.0,140345.0,139000.0,130000.0,130000.0,135000.0,139500.0,133043.0,127000.0,133730.0,132000.0,129950.0,137000.0,129900.0,132000.0,138100.0,139500.0,130000.0,137000.0,128000.0,129950.0,123649.0,136900.0,137000.0,138000.0,144500.0,145000.0,156000.0,148000.0,139283.0,130500.0,133750.0,133062.0,133500.0,140000.0,146278.0,144778.0,155000.0,146350.0,154000.0,147450.0,147156.0,133752.0,145000.0,150000.0,132000.0,142000.0,134900.0,139450.0,155000.0,158962.0,158200.0,155000.0,157500.0,145500.0,142351.0,151500.0,140000.0,140250.0,150300.0,150000.0,161700.0,166500.0,165000.0,150000.0,157500.0,158500.0,156000.0,155000.0,151443.0,149513.0,150000.0,156000.0,165000.0,171000.0,168000.0,164490.0,160000.0,156000.0,155318.0,156450.0,142500.0,151000.0,161000.0,165000.0,169000.0,167000.0,169900.0,172000.0,168000.0,165000.0,159300.0,152500.0,155456.0,153250.0,159000.0,167000.0,170000.0,184900.0,180000.0,175000.0,167608.0,180886.0,174450.0,167500.0,162000.0,163000.0,171125.0,177000.0,181000.0,190226.0,175950.0,185500.0,175500.0,178950.0,177500.0,180000.0,164750.0,185000.0,189700.0,199900.0,195000.0,206000.0,219000.0,205000.0,209000.0,207250.0,217500.0,206500.0,209500.0,212000.0,210169.0,212000.0,225000.0,226540.0,222000.0,229000.0,225000.0,220000.0,232500.0,226500.0,229000.0,235000.0,235000.0,245000.0,255000.0,250000.0,249950.0,236250.0,240000.0,235000.0,222000.0,220000.0,200000.0,225000.0,225000.0,225000.0,241500.0,245000.0,242430.0,236250.0,220000.0,224000.0,195000.0,182500.0,190848.0,236662.0,215000.0,217000.0,249000.0,255000.0,259900.0,235000.0,257900.0,246000.0,250000.0,259700.0,223000.0,250000.0,250000.0,260000.0,267250.0,265000.0,255000.0,255000.0,257780.0,255000.0,264185.0
394666,99,"Harrisburg, PA",msa,PA,153000.0,144400.0,151000.0,152000.0,155000.0,160000.0,160000.0,150000.0,149887.0,138750.0,140000.0,143808.0,141000.0,155000.0,154950.0,150000.0,158000.0,155000.0,154900.0,149500.0,148950.0,145000.0,144000.0,148000.0,140000.0,148750.0,151000.0,153000.0,157500.0,152450.0,157750.0,150000.0,146000.0,144150.0,144000.0,142750.0,139900.0,140000.0,145000.0,151500.0,154550.0,152000.0,145000.0,141950.0,149000.0,138200.0,145000.0,135000.0,140000.0,142500.0,154900.0,149900.0,158000.0,155000.0,149450.0,152000.0,142450.0,145000.0,139900.0,145000.0,131500.0,145000.0,152650.0,155000.0,157000.0,159000.0,150000.0,144950.0,147950.0,139500.0,145000.0,135000.0,140950.0,149000.0,149000.0,150000.0,161000.0,158750.0,152500.0,146625.0,144900.0,159450.0,148500.0,143250.0,143950.0,150000.0,154750.0,164500.0,168000.0,155000.0,158400.0,155700.0,150250.0,145000.0,145000.0,144950.0,143000.0,148275.0,149900.0,165000.0,164900.0,164900.0,158500.0,160000.0,155000.0,155000.0,154900.0,141500.0,145000.0,144000.0,162750.0,155000.0,170000.0,168000.0,170000.0,164900.0,161249.0,164000.0,164900.0,155295.0,149900.0,155000.0,170000.0,161900.0,175000.0,179900.0,169900.0,162181.0,169900.0,162000.0,165000.0,161000.0,152500.0,162000.0,168700.0,178000.0,180000.0,179900.0,179850.0,173950.0,174900.0,175750.0,173000.0,169900.0,165000.0,171720.0,192000.0,185000.0,187000.0,197871.0,195000.0,185900.0,185000.0,190550.0,187000.0,180000.0,169450.0,180000.0,186000.0,204950.0,205000.0,212500.0,215000.0,201100.0,205000.0,205000.0,200000.0,190000.0,195500.0,205000.0,220000.0,232550.0,230000.0,230000.0,230000.0,230000.0,220000.0,225000.0,220000.0,204000.0,207000.0,212500.0,215500.0,243000.0,240000.0,240000.0,257500.0,240000.0,245500.0,231309.0,235000.0,228500.0,230000.0,229900.0,237000.0,259000.0,275000.0,262000.0,273000.0,264950.0,256500.0,260000.0,260000.0,247950.0,258975.0,249900.0,260000.0,270000.0,290000.0,295000.0,280000.0,278950.0,271500.0,274051.0
395113,100,"Spokane, WA",msa,WA,160000.0,162740.0,167500.0,175000.0,180000.0,174975.0,173500.0,158589.0,160000.0,168500.0,158000.0,165000.0,158750.0,164950.0,159250.0,159450.0,165000.0,166000.0,164500.0,155000.0,155000.0,149975.0,155000.0,150280.0,152280.0,158530.0,152280.0,159280.0,161980.0,158780.0,167780.0,148390.0,155280.0,150280.0,142280.0,145530.0,145280.0,140280.0,149015.0,143530.0,155640.0,159180.0,144890.0,147180.0,142640.0,133280.0,135102.0,139500.0,135000.0,150000.0,144900.0,150280.0,150280.0,164390.0,154260.0,156280.0,150280.0,155280.0,139080.0,148956.0,135280.0,151280.0,150280.0,162280.0,165280.0,164280.0,156780.0,158830.0,149680.0,145780.0,150280.0,139700.0,148000.0,147500.0,159950.0,155000.0,168000.0,165250.0,165000.0,161500.0,159900.0,153950.0,148500.0,150000.0,158000.0,159950.0,165000.0,170000.0,181000.0,179900.0,174950.0,169000.0,172000.0,165000.0,159900.0,165000.0,162200.0,176750.0,181500.0,189900.0,189900.0,190250.0,190000.0,185550.0,180000.0,179400.0,180000.0,182000.0,165178.0,180300.0,190000.0,199950.0,209000.0,206000.0,205000.0,205000.0,192500.0,195000.0,207500.0,206250.0,199700.0,215000.0,221000.0,225000.0,239900.0,229900.0,235000.0,223500.0,225000.0,229900.0,212750.0,225000.0,219900.0,238000.0,233000.0,250000.0,259000.0,262240.0,259950.0,255000.0,250000.0,249925.0,245000.0,255000.0,250000.0,275000.0,270000.0,280000.0,281750.0,295000.0,300050.0,300000.0,300000.0,295500.0,300000.0,300000.0,300000.0,315000.0,325000.0,350000.0,367069.0,370000.0,375000.0,360000.0,365000.0,370000.0,375000.0,355000.0,375000.0,390000.0,394061.0,425000.0,420000.0,400000.0,385500.0,395500.0,375000.0,360000.0,356000.0,340000.0,350000.0,365000.0,385000.0,395000.0,410000.0,400999.0,400000.0,385000.0,376250.0,370000.0,349500.0,348000.0,372000.0,404900.0,400000.0,415000.0,412500.0,405000.0,400000.0,410000.0,400000.0,392000.0,399999.0,363497.0,382500.0,395750.0,399997.0,422000.0,412000.0,405000.0,420000.0,403132.0,400000.0,394236.0
395075,101,"Scranton, PA",msa,PA,92650.0,106000.0,89000.0,100000.0,115000.0,114619.0,115000.0,110000.0,95400.0,85000.0,94830.0,84500.0,80000.0,99000.0,105000.0,103500.0,109180.0,117021.0,104970.0,97000.0,105000.0,108000.0,100000.0,106000.0,86000.0,88028.0,95000.0,112250.0,105000.0,105000.0,104000.0,101750.0,112270.0,100000.0,98200.0,95000.0,88000.0,85000.0,80560.0,93000.0,99000.0,105000.0,105000.0,100000.0,91500.0,107725.0,95500.0,89000.0,82000.0,80000.0,86300.0,91000.0,117447.0,110000.0,107000.0,105000.0,105250.0,94500.0,108000.0,85000.0,81000.0,87500.0,95200.0,98500.0,105000.0,115000.0,115000.0,105000.0,95000.0,93500.0,95000.0,83000.0,87000.0,86000.0,92750.0,94000.0,109090.0,107500.0,110000.0,110000.0,112500.0,102050.0,100000.0,86500.0,74000.0,105462.0,100000.0,110500.0,110910.0,116600.0,115500.0,110000.0,100000.0,90000.0,92000.0,85000.0,78000.0,83359.0,101000.0,95000.0,112801.0,119125.0,112000.0,115000.0,94000.0,99900.0,97906.0,87500.0,84900.0,85000.0,102750.0,106000.0,99000.0,115000.0,113650.0,105000.0,109500.0,110000.0,118000.0,106000.0,97250.0,108060.0,99500.0,107000.0,119744.0,124250.0,125000.0,117000.0,125000.0,118500.0,106000.0,106400.0,102770.0,120000.0,105030.0,116250.0,146000.0,128079.0,124450.0,127000.0,120000.0,113000.0,120500.0,112500.0,121950.0,115200.0,128000.0,112550.0,120000.0,143400.0,145220.0,150000.0,138000.0,148700.0,135500.0,133000.0,132237.0,150000.0,138700.0,155000.0,165000.0,165000.0,165000.0,165000.0,169600.0,163000.0,160000.0,163000.0,158947.0,159900.0,171000.0,173000.0,195333.0,188500.0,183000.0,170000.0,180000.0,187000.0,170000.0,162090.0,170000.0,175000.0,170000.0,180000.0,185000.0,199000.0,191000.0,175000.0,183150.0,178000.0,175000.0,175000.0,160000.0,180000.0,180000.0,195000.0,200000.0,195000.0,202255.0,205000.0,195500.0,198000.0,195000.0,190000.0,171500.0,195000.0,196000.0,213500.0,215000.0,225000.0,224500.0,209950.0,210000.0,202554.0
394460,102,"Chattanooga, TN",msa,TN,117900.0,119950.0,112500.0,128000.0,125000.0,120000.0,119900.0,119000.0,118250.0,103050.0,112000.0,111900.0,112000.0,109250.0,110000.0,118030.0,120000.0,123150.0,118500.0,119800.0,118000.0,116700.0,109000.0,111908.0,113600.0,115000.0,117500.0,127000.0,119700.0,116700.0,114950.0,109500.0,119900.0,113000.0,111438.0,105950.0,98000.0,114500.0,106450.0,116500.0,118459.0,115000.0,115654.0,118200.0,100000.0,105750.0,108000.0,105231.0,115900.0,123000.0,110000.0,125000.0,125000.0,123500.0,112000.0,124950.0,120000.0,126500.0,110000.0,115099.0,102000.0,121000.0,115500.0,134000.0,135000.0,132500.0,126200.0,120000.0,116500.0,118000.0,125000.0,111500.0,125000.0,116500.0,126000.0,135050.0,129300.0,132000.0,129900.0,129000.0,130000.0,129200.0,124000.0,128000.0,133000.0,126000.0,139900.0,147500.0,139000.0,149950.0,145000.0,136500.0,129950.0,135000.0,130000.0,130000.0,139900.0,141950.0,138750.0,150000.0,156000.0,155000.0,152550.0,150450.0,145000.0,145000.0,143050.0,139500.0,139900.0,156000.0,159900.0,159100.0,167500.0,162750.0,159000.0,159450.0,156950.0,160000.0,160000.0,159000.0,162960.0,167500.0,153000.0,166000.0,177500.0,162000.0,163450.0,173750.0,158750.0,168000.0,174000.0,166737.0,165500.0,169900.0,179900.0,184000.0,190500.0,195000.0,179900.0,180000.0,180000.0,185000.0,189000.0,185000.0,184900.0,185000.0,193141.0,192000.0,199000.0,207000.0,215000.0,220000.0,214950.0,218000.0,200000.0,205000.0,202000.0,225000.0,226000.0,235000.0,250000.0,240000.0,250000.0,235000.0,257000.0,265000.0,260000.0,261250.0,255000.0,259700.0,280000.0,280000.0,289900.0,289000.0,279000.0,280000.0,264900.0,250000.0,250000.0,265000.0,270000.0,268000.0,265000.0,277000.0,300000.0,280000.0,281970.0,280000.0,285000.0,279900.0,267000.0,279500.0,275000.0,290000.0,295000.0,305000.0,315000.0,299900.0,300000.0,300000.0,315000.0,304250.0,294000.0,271000.0,290000.0,308000.0,309000.0,300050.0,320000.0,317500.0,315000.0,310000.0,315000.0,311247.0
394871,103,"Modesto, CA",msa,CA,237000.0,223500.0,220000.0,205000.0,198000.0,185000.0,180000.0,175000.0,160000.0,158000.0,155000.0,140000.0,135000.0,135000.0,133450.0,136250.0,139500.0,140000.0,139000.0,140000.0,141750.0,138250.0,141500.0,135000.0,142000.0,140000.0,137000.0,150000.0,140000.0,145000.0,135500.0,135000.0,140000.0,140000.0,138750.0,128000.0,127500.0,130000.0,135000.0,137000.0,135000.0,130000.0,136000.0,130000.0,130000.0,133500.0,132000.0,130000.0,130000.0,134500.0,137000.0,135000.0,136000.0,139000.0,145000.0,145000.0,148250.0,150000.0,155000.0,155000.0,145000.0,165000.0,165000.0,170000.0,175000.0,185000.0,190000.0,180000.0,195000.0,187000.0,203000.0,195500.0,195000.0,205000.0,200000.0,210000.0,225000.0,219500.0,224000.0,220000.0,215000.0,220000.0,215000.0,220000.0,221500.0,235000.0,230000.0,239000.0,240000.0,245000.0,243000.0,243500.0,249000.0,237000.0,240000.0,241500.0,237000.0,255000.0,255000.0,260000.0,266000.0,260000.0,269000.0,260000.0,269000.0,265000.0,270000.0,263500.0,260000.0,262000.0,270000.0,283000.0,278500.0,285000.0,280000.0,285000.0,285000.0,285000.0,295000.0,291000.0,285000.0,300000.0,297000.0,310000.0,302500.0,314000.0,312000.0,310000.0,299000.0,300000.0,300000.0,292000.0,300000.0,310000.0,310000.0,321000.0,317250.0,320000.0,323500.0,325000.0,330000.0,312000.0,323000.0,315000.0,325500.0,330000.0,346000.0,339500.0,345000.0,352000.0,365000.0,365000.0,365000.0,375000.0,370000.0,372250.0,380000.0,380000.0,400000.0,420500.0,411000.0,420000.0,423500.0,425000.0,432250.0,420000.0,425000.0,440000.0,435000.0,450000.0,465000.0,465000.0,455000.0,450000.0,449000.0,430000.0,420000.0,425000.0,410000.0,405000.0,412000.0,430000.0,440250.0,445000.0,437000.0,450000.0,445750.0,450000.0,450000.0,459250.0,451000.0,430000.0,440000.0,443000.0,465000.0,467000.0,465750.0,459000.0,447000.0,450000.0,464500.0,441750.0,444000.0,450000.0,445000.0,460000.0,465000.0,465000.0,472000.0,460000.0,475000.0,455000.0,459000.0,454971.0
394768,104,"Lancaster, PA",msa,PA,160000.0,165450.0,167200.0,165000.0,180000.0,177250.0,172250.0,158500.0,168073.0,165000.0,163000.0,156500.0,161500.0,159000.0,163900.0,168000.0,170000.0,171750.0,169900.0,165000.0,162900.0,164450.0,162636.0,165000.0,160000.0,164950.0,160465.0,164000.0,172000.0,171000.0,172000.0,167500.0,158950.0,150000.0,163500.0,150900.0,150000.0,152750.0,151000.0,160000.0,169900.0,165000.0,160000.0,160000.0,156000.0,155250.0,162000.0,155000.0,148500.0,153250.0,162250.0,161500.0,165000.0,161000.0,169900.0,161000.0,159900.0,162000.0,154700.0,156820.0,160000.0,159900.0,163000.0,162500.0,169750.0,175000.0,168750.0,165000.0,162050.0,165000.0,160000.0,158000.0,154000.0,160000.0,159000.0,161000.0,174900.0,167333.0,174700.0,175000.0,165000.0,164900.0,169900.0,156900.0,169900.0,167900.0,169000.0,166375.0,175000.0,178000.0,172000.0,170000.0,169900.0,166500.0,164950.0,170000.0,163000.0,166500.0,175750.0,174900.0,184450.0,184000.0,183500.0,175000.0,169900.0,174000.0,170000.0,175000.0,160000.0,176500.0,177000.0,180000.0,189900.0,190000.0,187000.0,183250.0,186700.0,185000.0,179450.0,180000.0,192900.0,184900.0,190000.0,195900.0,200000.0,192250.0,204450.0,194950.0,194900.0,199900.0,188950.0,194000.0,192000.0,195000.0,193900.0,208000.0,210000.0,216500.0,215000.0,205500.0,215000.0,215000.0,210750.0,209000.0,213000.0,215000.0,225000.0,217500.0,226500.0,235000.0,228749.0,235950.0,232000.0,234900.0,230000.0,235000.0,225000.0,225000.0,235700.0,250000.0,250000.0,264900.0,267250.0,250000.0,260000.0,261000.0,264950.0,255000.0,255000.0,260000.0,271000.0,291500.0,292950.0,295000.0,296500.0,279950.0,283850.0,282000.0,283700.0,267750.0,265000.0,275000.0,287000.0,295000.0,320000.0,310000.0,325000.0,310000.0,310500.0,310000.0,306000.0,300000.0,290000.0,318950.0,310000.0,310000.0,330000.0,340000.0,330000.0,325000.0,325000.0,329250.0,330500.0,325000.0,327250.0,329900.0,330000.0,343000.0,355000.0,354950.0,360000.0,340500.0,337500.0,348854.0
394997,105,"Portland, ME",msa,ME,216700.0,222910.0,209900.0,212500.0,220000.0,225000.0,220000.0,215000.0,207000.0,215000.0,185000.0,189000.0,199450.0,187500.0,205000.0,195000.0,205750.0,204000.0,195000.0,190000.0,194750.0,194950.0,204900.0,193098.0,189928.0,198000.0,205000.0,190000.0,220000.0,215000.0,212000.0,202250.0,210000.0,200000.0,215000.0,220000.0,192000.0,190000.0,208000.0,200000.0,220000.0,220000.0,206218.0,201312.0,207750.0,202750.0,190000.0,198000.0,188000.0,197500.0,196000.0,210000.0,220226.0,205000.0,212000.0,215900.0,212500.0,207000.0,203000.0,191750.0,188000.0,205750.0,215000.0,219000.0,225000.0,220000.0,222500.0,220000.0,225000.0,220000.0,210000.0,200250.0,194000.0,199000.0,207750.0,209950.0,220000.0,236000.0,225000.0,219900.0,217051.0,217200.0,215000.0,202750.0,215000.0,205000.0,211850.0,220000.0,235000.0,232397.0,225000.0,237750.0,228500.0,225000.0,220000.0,218000.0,221000.0,226500.0,226350.0,235900.0,245500.0,245000.0,253500.0,245000.0,243500.0,245900.0,242500.0,235500.0,230000.0,245000.0,249500.0,255450.0,260000.0,265000.0,267500.0,261000.0,255000.0,263000.0,258700.0,260500.0,250000.0,269950.0,259450.0,272500.0,285000.0,285500.0,276000.0,274450.0,275000.0,276500.0,269000.0,266000.0,271968.0,274450.0,284350.0,291000.0,305000.0,297000.0,295000.0,300000.0,289900.0,300000.0,289000.0,290000.0,285000.0,305000.0,308500.0,307000.0,320000.0,337500.0,349000.0,339000.0,360000.0,345500.0,345000.0,330750.0,345000.0,345000.0,372000.0,380000.0,420000.0,401250.0,400000.0,400000.0,395000.0,390000.0,387000.0,382750.0,375000.0,405000.0,435000.0,434500.0,460000.0,428872.0,449000.0,426500.0,446104.0,410000.0,410000.0,396250.0,405000.0,430000.0,476000.0,465000.0,460000.0,460000.0,480000.0,485000.0,499500.0,445000.0,458450.0,499900.0,459000.0,460000.0,446000.0,505000.0,517000.0,527500.0,515000.0,490000.0,495000.0,480000.0,498500.0,492000.0,480000.0,491000.0,510000.0,515000.0,517700.0,532000.0,541250.0,510000.0,530000.0,498077.0
395245,106,"Youngstown, OH",msa,OH,70000.0,74900.0,72900.0,76000.0,77000.0,83000.0,84500.0,75250.0,75000.0,60000.0,68693.0,60500.0,51000.0,55000.0,63250.0,73500.0,76750.0,80000.0,75000.0,73000.0,74775.0,75000.0,69500.0,60000.0,75000.0,64500.0,61500.0,74750.0,82750.0,64950.0,68300.0,70550.0,67750.0,67000.0,69000.0,65000.0,53500.0,59250.0,72000.0,80000.0,71350.0,74000.0,65000.0,70250.0,63750.0,73100.0,64500.0,62950.0,63000.0,70000.0,74250.0,78000.0,80000.0,85000.0,76500.0,72500.0,79500.0,79900.0,80000.0,69900.0,65000.0,74000.0,69000.0,75000.0,84000.0,92000.0,82500.0,83500.0,74000.0,72000.0,74900.0,69900.0,66500.0,73000.0,77300.0,86250.0,90000.0,86000.0,84000.0,82000.0,77000.0,85000.0,78470.0,65000.0,75000.0,77000.0,84500.0,81000.0,85000.0,87000.0,93500.0,86420.0,87650.0,84500.0,79650.0,75500.0,73500.0,80000.0,85000.0,81500.0,88000.0,93900.0,86900.0,86255.0,85250.0,86000.0,84500.0,72000.0,72000.0,82500.0,78500.0,88625.0,97250.0,93000.0,86500.0,91250.0,87500.0,89000.0,85000.0,86500.0,98000.0,95000.0,88000.0,98000.0,99700.0,98700.0,93500.0,106940.0,92000.0,101000.0,101000.0,86000.0,85000.0,90000.0,100000.0,105600.0,109000.0,113000.0,103000.0,102500.0,105000.0,105000.0,100398.0,88500.0,94240.0,95000.0,114450.0,116450.0,102000.0,120000.0,122000.0,125000.0,118000.0,117000.0,114200.0,110500.0,109000.0,119750.0,116000.0,124101.0,130000.0,129950.0,130000.0,129900.0,132500.0,120510.0,128100.0,120000.0,125750.0,130000.0,125000.0,130000.0,148500.0,141050.0,134000.0,135000.0,130000.0,124900.0,117250.0,120000.0,120000.0,125000.0,140000.0,148000.0,150000.0,140851.0,149000.0,135100.0,150000.0,140000.0,139400.0,131000.0,130000.0,145000.0,140000.0,155000.0,165000.0,160000.0,155000.0,155000.0,155000.0,169200.0,145500.0,145000.0,138500.0,155000.0,152950.0,170000.0,170000.0,165000.0,170950.0,170000.0,168300.0,160611.0
394770,107,"Lansing, MI",msa,MI,87777.0,101000.0,92450.0,99950.0,103000.0,102000.0,100000.0,97200.0,80000.0,74400.0,78500.0,70000.0,65000.0,74500.0,64900.0,74000.0,90000.0,84300.0,82500.0,78000.0,75000.0,90000.0,75000.0,76525.0,71694.0,80000.0,84500.0,86900.0,86000.0,75500.0,70000.0,80000.0,78000.0,72450.0,79999.0,69250.0,67250.0,59950.0,78000.0,80000.0,82700.0,75875.0,75000.0,75000.0,69700.0,74250.0,72000.0,69000.0,59500.0,69750.0,72100.0,87000.0,94800.0,80000.0,91900.0,85000.0,90475.0,79000.0,85000.0,79900.0,64845.0,90000.0,85000.0,94000.0,101000.0,105000.0,108000.0,95000.0,92750.0,95000.0,93000.0,87600.0,87000.0,92900.0,94450.0,111500.0,118000.0,114000.0,111500.0,116000.0,110000.0,101000.0,101000.0,91000.0,89000.0,96450.0,109000.0,122250.0,125000.0,122000.0,115800.0,120950.0,108000.0,108900.0,102700.0,120000.0,103000.0,112900.0,117250.0,126000.0,125450.0,125000.0,129900.0,121000.0,122750.0,120000.0,120000.0,110000.0,105000.0,110500.0,125000.0,134000.0,136000.0,136950.0,130000.0,129369.0,125000.0,132000.0,125500.0,126950.0,125950.0,116300.0,139900.0,142000.0,139900.0,149500.0,142750.0,131000.0,138000.0,130500.0,135100.0,127475.0,130900.0,131000.0,140000.0,145000.0,152600.0,155000.0,156135.0,156500.0,145000.0,150000.0,135000.0,132450.0,144450.0,149000.0,156071.0,159900.0,160000.0,162000.0,165000.0,168000.0,160000.0,164000.0,152700.0,149900.0,157750.0,152750.0,156400.0,174000.0,175000.0,175750.0,174000.0,165000.0,168500.0,184942.0,163000.0,156000.0,158000.0,161111.0,178000.0,190000.0,190000.0,190000.0,185000.0,170950.0,178250.0,175000.0,165500.0,159500.0,162500.0,181000.0,185000.0,200000.0,200000.0,200000.0,198500.0,185000.0,185750.0,195000.0,184500.0,170000.0,180000.0,195000.0,194500.0,220000.0,224900.0,213000.0,209950.0,199900.0,200000.0,205000.0,207000.0,196500.0,206000.0,185250.0,208000.0,210000.0,244500.0,225000.0,225000.0,225000.0,225000.0,209269.0
394590,108,"Fayetteville, AR",msa,AR,142000.0,135000.0,139000.0,136540.0,141000.0,137000.0,134000.0,124000.0,130100.0,120000.0,105500.0,120500.0,110000.0,128000.0,120000.0,128750.0,121500.0,133500.0,127833.0,121000.0,119900.0,115000.0,115000.0,110000.0,120000.0,118500.0,120000.0,128000.0,122000.0,125000.0,120000.0,115000.0,115000.0,106000.0,103000.0,109500.0,105000.0,108000.0,114500.0,107250.0,110850.0,105000.0,111000.0,105000.0,105000.0,115000.0,123000.0,114000.0,112000.0,117000.0,119000.0,127650.0,125000.0,133000.0,125000.0,125000.0,120000.0,119000.0,121000.0,119950.0,116000.0,129950.0,136000.0,131000.0,135000.0,133500.0,136000.0,124100.0,125000.0,120000.0,130000.0,120000.0,125000.0,129000.0,129500.0,139000.0,139500.0,135000.0,140000.0,130000.0,139950.0,130000.0,137000.0,130000.0,150000.0,137000.0,144000.0,147500.0,156500.0,155000.0,150000.0,145000.0,144000.0,142000.0,144500.0,144950.0,146600.0,155000.0,162000.0,163000.0,168750.0,162400.0,167000.0,158500.0,160000.0,152500.0,153026.0,157900.0,156500.0,155000.0,160000.0,172000.0,170000.0,172000.0,178000.0,169000.0,165500.0,170000.0,167165.0,167000.0,169900.0,181910.0,177500.0,182500.0,184450.0,182750.0,184750.0,185000.0,183500.0,180000.0,184900.0,180000.0,186000.0,185500.0,191000.0,215000.0,199950.0,212000.0,199950.0,188500.0,195260.0,198500.0,200000.0,190000.0,199000.0,205000.0,214000.0,200000.0,219000.0,228000.0,231000.0,220000.0,222361.0,236750.0,221000.0,218000.0,237600.0,240000.0,240000.0,250000.0,265000.0,270000.0,265000.0,273750.0,262750.0,266500.0,280000.0,285500.0,285857.0,305750.0,320000.0,325000.0,325000.0,325000.0,315000.0,302000.0,305000.0,310000.0,305000.0,299450.0,305000.0,325000.0,307250.0,355000.0,350000.0,332450.0,342750.0,344000.0,331837.0,334000.0,329000.0,330000.0,334950.0,331000.0,340000.0,375000.0,380000.0,350000.0,347000.0,360100.0,356475.0,352500.0,350000.0,340000.0,339900.0,364250.0,363000.0,365000.0,384900.0,371250.0,375000.0,352000.0,365000.0,355040.0
394589,109,"Fayetteville, NC",msa,NC,121500.0,117500.0,120000.0,125000.0,132000.0,130000.0,123000.0,123000.0,112000.0,115000.0,110000.0,120500.0,133500.0,128500.0,126000.0,133000.0,132000.0,131500.0,129000.0,117000.0,119250.0,120000.0,110000.0,107900.0,112000.0,127000.0,127500.0,127350.0,135000.0,140000.0,123000.0,127000.0,116000.0,114000.0,122000.0,110000.0,125000.0,119500.0,120000.0,129000.0,140000.0,135500.0,130000.0,110000.0,112600.0,110000.0,105000.0,116500.0,111000.0,118000.0,116500.0,125000.0,124450.0,123000.0,124500.0,122250.0,124000.0,110000.0,109149.0,118500.0,105000.0,118000.0,112000.0,120000.0,121000.0,125000.0,119750.0,124000.0,106000.0,114000.0,109000.0,113000.0,110000.0,110000.0,110000.0,113000.0,126985.0,123500.0,123000.0,115500.0,103000.0,116250.0,108000.0,102797.0,119233.0,121000.0,115000.0,132750.0,130000.0,128000.0,123500.0,122900.0,120000.0,110000.0,110000.0,135000.0,115000.0,123000.0,126000.0,126500.0,137000.0,140000.0,138000.0,138000.0,136000.0,128000.0,125000.0,132000.0,123000.0,125000.0,133000.0,135000.0,149000.0,145000.0,132000.0,143000.0,134550.0,137250.0,127500.0,138000.0,135000.0,140000.0,140000.0,140000.0,153000.0,150000.0,147000.0,149000.0,137000.0,140000.0,144000.0,140000.0,137250.0,135000.0,148000.0,159975.0,162500.0,161000.0,160000.0,151000.0,155000.0,150000.0,150000.0,142000.0,147000.0,155000.0,163500.0,161000.0,170000.0,174000.0,180000.0,172000.0,175000.0,168000.0,166000.0,169000.0,165000.0,173000.0,180000.0,186500.0,200750.0,200000.0,200000.0,190250.0,199000.0,195000.0,190000.0,191000.0,190000.0,195500.0,202000.0,215500.0,230000.0,226000.0,225000.0,215000.0,219000.0,206500.0,209500.0,201000.0,215000.0,210000.0,216250.0,228000.0,243500.0,235000.0,230000.0,224750.0,225000.0,220000.0,225000.0,222000.0,229000.0,236750.0,238000.0,250750.0,260000.0,244000.0,250000.0,243500.0,240000.0,240000.0,243000.0,231750.0,250000.0,255000.0,250000.0,266000.0,270000.0,265000.0,265000.0,250000.0,245000.0,243597.0
394792,110,"Lexington, KY",msa,KY,139000.0,135500.0,135800.0,144000.0,143500.0,143500.0,145000.0,143000.0,137250.0,126700.0,133500.0,128700.0,126450.0,131250.0,136500.0,136082.0,146800.0,140000.0,139900.0,133950.0,137000.0,134915.0,135900.0,129324.0,124950.0,135500.0,135500.0,143500.0,139500.0,140000.0,138700.0,133500.0,143000.0,144900.0,143850.0,126450.0,135000.0,137250.0,135929.0,139250.0,145000.0,146250.0,140000.0,138900.0,128000.0,126750.0,129000.0,124900.0,128000.0,135000.0,135000.0,143450.0,150000.0,145000.0,137900.0,136450.0,146000.0,135000.0,138570.0,127000.0,129200.0,130000.0,135000.0,142000.0,145000.0,150000.0,140000.0,135000.0,135000.0,130000.0,134950.0,133000.0,133000.0,129000.0,137400.0,140000.0,153950.0,150000.0,141000.0,135000.0,137750.0,134900.0,139900.0,132886.0,141350.0,145000.0,138900.0,154000.0,157000.0,156000.0,152950.0,149000.0,150000.0,133250.0,150000.0,146950.0,144000.0,153000.0,159000.0,162175.0,167000.0,164000.0,154000.0,156750.0,160900.0,158000.0,149900.0,150000.0,150000.0,154000.0,156850.0,166500.0,165000.0,175000.0,167000.0,164000.0,161033.0,156500.0,168000.0,157900.0,168000.0,170000.0,175000.0,180000.0,185000.0,179950.0,175000.0,172000.0,169000.0,175000.0,175000.0,168000.0,164000.0,174000.0,180000.0,182500.0,192000.0,182000.0,183700.0,185000.0,187500.0,179000.0,177500.0,175000.0,178000.0,200000.0,199900.0,200000.0,210000.0,219900.0,220000.0,215000.0,216750.0,215000.0,207000.0,208000.0,208000.0,220000.0,227000.0,232000.0,250000.0,245734.0,235000.0,237500.0,245600.0,250000.0,240500.0,236000.0,242000.0,247250.0,261000.0,256000.0,295000.0,270000.0,279450.0,254500.0,269400.0,270000.0,255000.0,255000.0,269000.0,256250.0,274000.0,284000.0,294000.0,305000.0,290000.0,285000.0,286000.0,280000.0,265000.0,275000.0,282500.0,295000.0,287000.0,301000.0,310000.0,305000.0,310000.0,300000.0,295450.0,310000.0,296000.0,314750.0,299000.0,300000.0,300000.0,325000.0,320050.0,315000.0,320000.0,315000.0,320000.0,317161.0
394971,111,"Pensacola, FL",msa,FL,134900.0,145600.0,145000.0,153650.0,150000.0,148000.0,145000.0,139000.0,135000.0,130450.0,130000.0,136550.0,120000.0,129000.0,136000.0,145000.0,145000.0,147000.0,145000.0,130000.0,135000.0,132500.0,127000.0,123300.0,135000.0,126000.0,134000.0,115000.0,130000.0,128500.0,123000.0,126500.0,130000.0,127000.0,131000.0,133000.0,118900.0,116000.0,120000.0,126000.0,130000.0,119900.0,138450.0,125000.0,129950.0,119000.0,118000.0,101000.0,120000.0,125000.0,128000.0,130000.0,142000.0,135000.0,133150.0,120000.0,125000.0,119475.0,115000.0,125500.0,125000.0,126275.0,119950.0,135000.0,138000.0,132700.0,129900.0,133450.0,119000.0,125450.0,116500.0,110000.0,112350.0,120000.0,119950.0,136000.0,138500.0,130000.0,135000.0,129500.0,135000.0,126450.0,126500.0,135000.0,120000.0,135000.0,130000.0,142500.0,142500.0,140000.0,137250.0,134500.0,139950.0,124000.0,138000.0,140000.0,135000.0,141750.0,152250.0,154050.0,169500.0,160400.0,157500.0,155800.0,155000.0,153000.0,152000.0,154950.0,155500.0,159900.0,164450.0,169000.0,175000.0,172900.0,169250.0,166700.0,170100.0,160000.0,162250.0,167750.0,173000.0,177000.0,181000.0,184950.0,194900.0,195000.0,182500.0,181900.0,180000.0,181000.0,185000.0,185000.0,175500.0,177000.0,196000.0,200000.0,202000.0,211500.0,198750.0,202000.0,187850.0,205000.0,198000.0,192500.0,197750.0,212000.0,206000.0,205000.0,225000.0,240000.0,229000.0,227900.0,220000.0,230000.0,230000.0,225000.0,224750.0,237362.0,240000.0,254827.0,266000.0,267000.0,260000.0,261500.0,265000.0,265000.0,255000.0,265000.0,277000.0,285000.0,285000.0,300000.0,303388.0,290000.0,300000.0,280000.0,294950.0,270000.0,266000.0,264700.0,285000.0,292150.0,297750.0,300000.0,305000.0,295000.0,305000.0,299950.0,285000.0,290000.0,279900.0,295000.0,285500.0,290000.0,305000.0,311000.0,330000.0,311500.0,300500.0,297500.0,287750.0,304000.0,300000.0,299450.0,305000.0,305000.0,300000.0,315000.0,301200.0,317285.0,306000.0,310000.0,300050.0,310934.0
395068,112,"Santa Rosa, CA",msa,CA,409500.0,425000.0,410000.0,412500.0,390000.0,370000.0,359000.0,350000.0,333000.0,305000.0,305477.0,300000.0,282000.0,305250.0,295000.0,305000.0,310000.0,332500.0,315000.0,323000.0,337000.0,330000.0,335000.0,330000.0,327000.0,320000.0,325000.0,345000.0,333000.0,332500.0,339500.0,337000.0,310000.0,315000.0,319500.0,300000.0,295000.0,290000.0,289000.0,316000.0,295000.0,315000.0,310000.0,305000.0,290000.0,285000.0,287500.0,300000.0,295000.0,296000.0,310000.0,300000.0,324000.0,320000.0,350000.0,334750.0,347000.0,336250.0,340000.0,340000.0,340000.0,370000.0,378500.0,395000.0,415000.0,429000.0,405000.0,410000.0,420000.0,415000.0,420000.0,400000.0,411000.0,444500.0,425000.0,449000.0,446750.0,450000.0,450000.0,455500.0,440000.0,445000.0,450000.0,452000.0,432500.0,465000.0,480000.0,497000.0,490000.0,500000.0,485000.0,495000.0,490000.0,490000.0,498181.0,505000.0,507000.0,515000.0,515000.0,540000.0,533750.0,515000.0,535000.0,540000.0,542500.0,535500.0,550000.0,535000.0,535000.0,565000.0,570000.0,575000.0,590000.0,575500.0,575000.0,575000.0,590000.0,615000.0,620000.0,601750.0,601000.0,630000.0,638000.0,630000.0,630000.0,614000.0,620000.0,621000.0,608500.0,585000.0,599000.0,599000.0,585000.0,600000.0,600000.0,615750.0,622500.0,600000.0,642500.0,605000.0,610000.0,600000.0,590000.0,599750.0,599000.0,620000.0,605000.0,620000.0,658500.0,685000.0,663500.0,675000.0,679000.0,651000.0,648000.0,645000.0,643500.0,680000.0,705000.0,721000.0,745000.0,721000.0,726500.0,693000.0,695000.0,719000.0,725000.0,740000.0,750000.0,772500.0,800000.0,800000.0,800000.0,766000.0,755000.0,758000.0,730000.0,785000.0,725000.0,685000.0,712000.0,754250.0,800000.0,810000.0,761000.0,802000.0,799000.0,765000.0,780000.0,745000.0,749500.0,754750.0,777500.0,779000.0,780000.0,776000.0,800000.0,794000.0,772500.0,786000.0,769000.0,739500.0,780000.0,750000.0,775750.0,790000.0,793000.0,817500.0,805000.0,785000.0,800000.0,754500.0,753000.0,764185.0
395019,113,"Reno, NV",msa,NV,276500.0,265000.0,275000.0,257000.0,253000.0,247000.0,240000.0,240000.0,220000.0,215000.0,215000.0,195000.0,189950.0,195000.0,179000.0,167000.0,169000.0,173500.0,170000.0,180000.0,168500.0,165000.0,168000.0,160000.0,163000.0,160000.0,167750.0,156000.0,160000.0,157000.0,152500.0,160000.0,165000.0,155500.0,152000.0,145500.0,150000.0,147000.0,130000.0,141000.0,140000.0,138500.0,141500.0,140000.0,137500.0,135000.0,140500.0,127000.0,128500.0,133500.0,140000.0,148000.0,160000.0,150050.0,156500.0,162250.0,166000.0,169000.0,168000.0,169000.0,179500.0,175000.0,189000.0,198500.0,210000.0,200000.0,205000.0,200000.0,200000.0,198000.0,209500.0,198500.0,210000.0,210000.0,215000.0,220000.0,230000.0,226000.0,232000.0,224000.0,232000.0,225000.0,240000.0,232000.0,240000.0,250000.0,250000.0,260000.0,260000.0,265000.0,265000.0,265000.0,260000.0,273500.0,269500.0,256000.0,259900.0,270000.0,276500.0,285000.0,281250.0,290000.0,285000.0,293500.0,289000.0,290000.0,276339.0,282500.0,285500.0,299500.0,297000.0,310000.0,316450.0,335000.0,319500.0,318500.0,330000.0,324500.0,322500.0,335427.0,340000.0,346000.0,355000.0,345000.0,355157.0,359000.0,349000.0,349000.0,352750.0,349900.0,333250.0,339450.0,349500.0,342750.0,342000.0,358950.0,374000.0,368750.0,365000.0,369500.0,369500.0,367500.0,366000.0,380000.0,365000.0,375000.0,380000.0,381500.0,387000.0,416000.0,425000.0,420000.0,430000.0,432000.0,425000.0,425000.0,425000.0,449500.0,460000.0,470000.0,483500.0,495000.0,480000.0,500000.0,490000.0,499900.0,500000.0,526000.0,510000.0,527970.0,549500.0,555000.0,554000.0,525000.0,527500.0,499000.0,520000.0,499000.0,475000.0,470000.0,489999.0,490000.0,495000.0,526000.0,530000.0,534000.0,545000.0,525000.0,544500.0,530000.0,505000.0,525450.0,510000.0,549900.0,530000.0,546500.0,550000.0,569000.0,560385.0,545000.0,560000.0,550000.0,549900.0,516000.0,525000.0,545000.0,541500.0,552800.0,575000.0,550000.0,555000.0,540000.0,557000.0,556207.0
394698,114,"Huntsville, AL",msa,AL,69100.0,72000.0,60000.0,83250.0,66000.0,82500.0,71000.0,77750.0,78000.0,75500.0,71900.0,82500.0,76500.0,79500.0,74000.0,88950.0,74000.0,74950.0,80000.0,78750.0,89500.0,97900.0,89000.0,108000.0,90000.0,99000.0,96000.0,90312.0,87750.0,108000.0,85500.0,92250.0,91500.0,85000.0,79000.0,119950.0,105000.0,91950.0,117750.0,104650.0,95000.0,107000.0,112949.0,114450.0,110500.0,118500.0,105375.0,109000.0,127750.0,122200.0,130000.0,133450.0,145500.0,146000.0,135000.0,126000.0,127500.0,128700.0,125000.0,123000.0,123900.0,126500.0,124900.0,137500.0,139900.0,144900.0,136205.0,132000.0,124000.0,124900.0,134468.0,120000.0,124900.0,138300.0,124000.0,145000.0,140000.0,135000.0,142900.0,140000.0,131000.0,129000.0,135500.0,135000.0,133500.0,130500.0,137000.0,143000.0,150000.0,155000.0,142000.0,127250.0,129000.0,128625.0,132710.0,146950.0,138500.0,140250.0,146000.0,149900.0,154000.0,162250.0,160000.0,158500.0,148000.0,140900.0,150000.0,145950.0,147500.0,152450.0,146500.0,160000.0,156900.0,164000.0,158900.0,153000.0,157500.0,161000.0,182500.0,168250.0,167500.0,179900.0,180000.0,169950.0,180098.0,184900.0,166000.0,167000.0,169000.0,170000.0,170000.0,173000.0,168000.0,175000.0,175000.0,184950.0,190000.0,185000.0,190000.0,185365.0,182930.0,180000.0,189650.0,179000.0,179900.0,195000.0,203000.0,207500.0,207000.0,216000.0,218000.0,220500.0,215000.0,222000.0,226000.0,219900.0,220000.0,225000.0,232000.0,245000.0,260000.0,256500.0,255000.0,255000.0,250000.0,266145.0,253000.0,255000.0,255450.0,275000.0,275000.0,297000.0,289500.0,286000.0,275000.0,283450.0,264000.0,287000.0,259495.0,255000.0,275000.0,278000.0,280000.0,299000.0,305000.0,299000.0,295000.0,299000.0,292000.0,278250.0,275000.0,280000.0,290900.0,285750.0,285000.0,290000.0,310500.0,305250.0,299900.0,305000.0,290000.0,304420.0,300000.0,295000.0,278000.0,299950.0,299950.0,316521.0,315000.0,310000.0,300000.0,310000.0,308200.0,300024.0
394995,115,"Port St. Lucie, FL",msa,FL,167500.0,163300.0,167750.0,165000.0,158000.0,150000.0,144900.0,139500.0,128500.0,125000.0,130000.0,115000.0,119600.0,115000.0,115000.0,110000.0,109000.0,112000.0,113900.0,107250.0,110050.0,110000.0,110000.0,100000.0,100000.0,103000.0,112000.0,106000.0,110000.0,109950.0,104900.0,100000.0,103250.0,102000.0,105000.0,95000.0,106000.0,103000.0,105000.0,109000.0,107650.0,99000.0,102000.0,101000.0,97000.0,100850.0,108250.0,100000.0,103200.0,107500.0,108200.0,118500.0,110000.0,115000.0,115000.0,111000.0,109250.0,113500.0,115000.0,109900.0,110000.0,120000.0,122250.0,125500.0,130000.0,130000.0,129500.0,128000.0,125000.0,127000.0,131000.0,127500.0,124900.0,130850.0,130000.0,133000.0,140950.0,135000.0,144000.0,141200.0,144000.0,138000.0,145000.0,145000.0,146500.0,144700.0,149850.0,156000.0,160000.0,164900.0,158000.0,158500.0,162000.0,153650.0,160000.0,174500.0,155000.0,175000.0,174100.0,180000.0,180000.0,181750.0,181000.0,175000.0,179900.0,170000.0,182750.0,175000.0,188000.0,195000.0,195000.0,201500.0,200000.0,199000.0,199000.0,197880.0,192500.0,197000.0,195000.0,194500.0,199900.0,206000.0,212000.0,212900.0,215000.0,215000.0,219000.0,214500.0,212000.0,205000.0,210000.0,212500.0,220000.0,218000.0,226000.0,225000.0,225000.0,225000.0,220000.0,235000.0,235000.0,229000.0,230000.0,227000.0,229000.0,240000.0,241000.0,229000.0,243000.0,250000.0,250000.0,250000.0,252000.0,257000.0,267500.0,265000.0,269000.0,274900.0,285000.0,289000.0,290000.0,305000.0,300000.0,315000.0,319000.0,313000.0,325000.0,338000.0,337250.0,352900.0,355000.0,375000.0,375000.0,360000.0,360000.0,359000.0,350000.0,350000.0,348000.0,340000.0,350000.0,355000.0,365000.0,373500.0,375000.0,380000.0,365000.0,370000.0,375000.0,369000.0,369900.0,370000.0,370500.0,380000.0,380000.0,395000.0,395000.0,380000.0,390000.0,390000.0,375000.0,375000.0,370000.0,366500.0,386500.0,375000.0,377000.0,385000.0,375000.0,365000.0,380000.0,375000.0,375000.0,372358.0
394761,116,"Lafayette, LA",msa,LA,129000.0,137500.0,130000.0,140700.0,153500.0,138350.0,130750.0,138000.0,146900.0,145500.0,127150.0,129000.0,148558.0,146500.0,133500.0,140950.0,155500.0,144000.0,135000.0,131000.0,128718.0,141700.0,138750.0,135000.0,142036.0,132200.0,137000.0,140500.0,135000.0,,,137250.0,135000.0,152900.0,135000.0,128000.0,126000.0,124900.0,130000.0,136700.0,140000.0,132500.0,139000.0,143000.0,140250.0,117000.0,145000.0,137000.0,135000.0,137000.0,137500.0,140000.0,139750.0,149500.0,78000.0,139000.0,152500.0,130000.0,139900.0,136000.0,120000.0,131867.0,142000.0,154000.0,154000.0,153500.0,147450.0,141700.0,132000.0,127750.0,140000.0,135000.0,135000.0,137750.0,150000.0,140000.0,155000.0,162400.0,155000.0,152000.0,137000.0,136250.0,145750.0,150997.0,137000.0,150000.0,160000.0,164500.0,160000.0,170000.0,152000.0,155000.0,158000.0,148000.0,164000.0,156000.0,145000.0,155000.0,160000.0,162000.0,157900.0,163000.0,155000.0,159825.0,157750.0,154000.0,152750.0,141000.0,155000.0,160000.0,158000.0,160000.0,165000.0,170000.0,159900.0,167000.0,163000.0,162550.0,162000.0,157000.0,155000.0,158950.0,170000.0,175000.0,167000.0,165000.0,165000.0,165000.0,160000.0,158000.0,162000.0,159000.0,163000.0,173250.0,160000.0,175000.0,175000.0,170000.0,172500.0,167250.0,174000.0,170000.0,170000.0,169900.0,169250.0,173920.0,180000.0,177000.0,182000.0,180000.0,175000.0,186000.0,194700.0,190000.0,190500.0,186000.0,181000.0,190000.0,195000.0,199995.0,197500.0,205000.0,206500.0,204500.0,209000.0,196500.0,210000.0,206000.0,214750.0,217500.0,212050.0,220000.0,225000.0,223000.0,210000.0,200000.0,208500.0,190500.0,196000.0,188750.0,210000.0,205000.0,205000.0,212500.0,200000.0,210000.0,204500.0,199000.0,202499.0,196750.0,215000.0,210000.0,200000.0,204900.0,202750.0,198750.0,210000.0,192500.0,208250.0,213000.0,207100.0,210000.0,208000.0,195000.0,206500.0,218000.0,218000.0,223000.0,218000.0,212500.0,225000.0,215000.0,225000.0,213043.0
394898,117,"Myrtle Beach, SC",msa,SC,170000.0,171500.0,172400.0,172000.0,175000.0,164950.0,159000.0,163900.0,156500.0,141000.0,160000.0,158900.0,148000.0,148000.0,140000.0,143206.0,156250.0,150000.0,147000.0,144000.0,143000.0,144750.0,143000.0,150000.0,137000.0,148000.0,141500.0,146000.0,140000.0,137500.0,138250.0,140000.0,137000.0,143000.0,134000.0,129950.0,128000.0,128900.0,127000.0,130000.0,132500.0,129000.0,128000.0,119950.0,124500.0,120000.0,115000.0,120000.0,119000.0,122500.0,129900.0,125000.0,128500.0,119900.0,128750.0,123000.0,122750.0,117500.0,133000.0,120000.0,120000.0,125000.0,120000.0,135000.0,129400.0,131500.0,141750.0,133650.0,130000.0,137000.0,129000.0,130000.0,127000.0,134900.0,139000.0,137500.0,145000.0,135000.0,142000.0,146000.0,143675.0,142000.0,138750.0,139446.0,137700.0,138000.0,140000.0,142375.0,152250.0,145000.0,145725.0,150000.0,149950.0,149000.0,141250.0,150000.0,142250.0,146250.0,147000.0,150000.0,155000.0,154900.0,157000.0,157750.0,155900.0,162750.0,160000.0,160000.0,149000.0,159900.0,159000.0,165000.0,165000.0,167000.0,167000.0,168500.0,165950.0,164000.0,170000.0,165000.0,160500.0,170000.0,170000.0,175000.0,183950.0,176250.0,177000.0,185000.0,186000.0,175000.0,184900.0,175000.0,169000.0,180000.0,173000.0,185000.0,187000.0,185000.0,185000.0,185000.0,185000.0,195000.0,189000.0,188000.0,183500.0,190750.0,203500.0,190000.0,195000.0,205000.0,214260.0,217000.0,215000.0,225000.0,217000.0,222000.0,210000.0,215000.0,219250.0,225000.0,242500.0,247500.0,265000.0,268000.0,249500.0,255000.0,250000.0,250100.0,260000.0,272000.0,284900.0,293000.0,299999.0,290000.0,294000.0,285000.0,299000.0,280000.0,280000.0,270000.0,275000.0,289950.0,286500.0,295000.0,301000.0,301500.0,305750.0,293000.0,308000.0,298900.0,299990.0,305000.0,299000.0,301500.0,322500.0,325000.0,320000.0,320000.0,310000.0,310000.0,315000.0,320000.0,318000.0,300000.0,295000.0,302500.0,320000.0,326000.0,325000.0,320000.0,318950.0,325000.0,320000.0,328801.0
395116,118,"Springfield, MO",msa,MO,119000.0,115000.0,117000.0,121608.0,120000.0,119400.0,120000.0,117700.0,118950.0,107500.0,109900.0,113075.0,119000.0,116250.0,116225.0,122950.0,120000.0,118450.0,116950.0,115000.0,115000.0,113900.0,110000.0,119000.0,112900.0,110000.0,108400.0,114950.0,115000.0,118000.0,119950.0,107689.0,113000.0,104396.0,110000.0,106000.0,113900.0,100000.0,108245.0,103000.0,111000.0,115000.0,111812.0,110000.0,103329.0,108500.0,108420.0,99950.0,109300.0,106950.0,112700.0,119500.0,111750.0,116000.0,115000.0,107500.0,109900.0,110000.0,109000.0,101000.0,101250.0,114000.0,115500.0,124900.0,122500.0,126400.0,126200.0,120309.0,118150.0,121750.0,119200.0,107000.0,108844.0,112375.0,115250.0,120000.0,132000.0,129200.0,128000.0,114000.0,123350.0,125000.0,119900.0,117125.0,117500.0,119000.0,125000.0,125950.0,129500.0,129500.0,134900.0,126000.0,130000.0,125000.0,128500.0,121500.0,125000.0,126400.0,127750.0,134000.0,135000.0,139000.0,134000.0,128500.0,132900.0,137500.0,126969.0,125000.0,129000.0,132950.0,137250.0,134900.0,142500.0,135450.0,139831.0,132558.0,135000.0,138700.0,145500.0,140237.0,137000.0,140000.0,144444.0,150000.0,149900.0,146000.0,147000.0,147500.0,144725.0,147500.0,140000.0,139950.0,140287.0,150000.0,150000.0,162000.0,157870.0,167919.0,157000.0,156000.0,160000.0,149000.0,155000.0,150000.0,160000.0,163200.0,160000.0,163800.0,173570.0,177200.0,178371.0,180000.0,186500.0,175500.0,172000.0,170000.0,185530.0,200000.0,205000.0,215000.0,220000.0,219750.0,225000.0,225000.0,220000.0,225000.0,238041.0,215000.0,229900.0,235000.0,255500.0,253277.0,250000.0,254500.0,245000.0,250000.0,243000.0,242050.0,240000.0,238000.0,244950.0,248500.0,245000.0,271000.0,255000.0,245000.0,259900.0,244000.0,240000.0,249700.0,240500.0,225000.0,235000.0,247855.0,249450.0,259000.0,265000.0,259900.0,260000.0,255000.0,250000.0,259672.0,247900.0,241500.0,250000.0,250000.0,269000.0,267500.0,275000.0,265000.0,259900.0,256968.0,265000.0,268379.0
395195,119,"Visalia, CA",msa,CA,188000.0,193000.0,185000.0,180000.0,177000.0,175500.0,167000.0,155000.0,165000.0,146000.0,140000.0,130000.0,126000.0,130000.0,120500.0,122000.0,135000.0,139250.0,133250.0,130000.0,125000.0,135000.0,130000.0,125000.0,125000.0,129750.0,129000.0,134045.0,125000.0,128000.0,126000.0,123500.0,120000.0,116500.0,120000.0,114750.0,107000.0,110000.0,113500.0,115000.0,117000.0,112250.0,120250.0,115000.0,115000.0,118500.0,117000.0,108000.0,106884.0,115000.0,120000.0,117000.0,120000.0,110000.0,130000.0,123500.0,130000.0,130000.0,134500.0,121500.0,125000.0,133500.0,137000.0,145000.0,145500.0,149000.0,150000.0,150000.0,150000.0,148000.0,147000.0,145000.0,150250.0,159000.0,159000.0,163000.0,160000.0,155000.0,165000.0,165000.0,165500.0,160000.0,165000.0,165000.0,161500.0,165000.0,175000.0,183500.0,180000.0,171000.0,180000.0,179500.0,177250.0,155000.0,188500.0,175000.0,179000.0,180000.0,195000.0,188000.0,193000.0,200000.0,190000.0,185000.0,193250.0,195000.0,195000.0,195000.0,190000.0,198000.0,210000.0,200000.0,213250.0,210000.0,205000.0,204500.0,205750.0,203250.0,200000.0,206000.0,205000.0,211000.0,212500.0,224000.0,225000.0,219000.0,227750.0,216500.0,212000.0,220000.0,217500.0,198000.0,220000.0,223000.0,225000.0,220000.0,229750.0,225000.0,235000.0,235000.0,235000.0,228000.0,235000.0,225000.0,231000.0,235000.0,242500.0,246000.0,250000.0,255000.0,262000.0,255000.0,255000.0,270000.0,275000.0,277500.0,260000.0,273000.0,286000.0,300000.0,307000.0,300000.0,300000.0,285000.0,310000.0,325000.0,301000.0,302000.0,310000.0,330000.0,345000.0,332000.0,343750.0,340000.0,330000.0,305000.0,320000.0,320000.0,320000.0,289000.0,290000.0,309500.0,309500.0,335000.0,345000.0,335000.0,330000.0,345000.0,330000.0,330000.0,325000.0,310000.0,325000.0,348000.0,341000.0,350000.0,340000.0,350000.0,365000.0,340000.0,359000.0,357000.0,359000.0,340000.0,340000.0,367500.0,356000.0,355500.0,355000.0,355000.0,350000.0,345000.0,353250.0,341526.0
394746,120,"Killeen, TX",msa,TX,103000.0,104949.0,109995.0,118000.0,119495.0,118950.0,113000.0,99250.0,103000.0,110000.0,99950.0,105500.0,102900.0,105402.0,112513.0,116750.0,94000.0,119900.0,123050.0,106700.0,116205.0,111310.0,105000.0,104975.0,107000.0,111500.0,112450.0,121000.0,122000.0,113500.0,112700.0,108000.0,105375.0,108439.0,129000.0,104900.0,110000.0,102950.0,105000.0,112900.0,125000.0,112000.0,115950.0,119250.0,107750.0,114500.0,107050.0,115000.0,112545.0,106000.0,116950.0,123250.0,125000.0,117250.0,124900.0,117622.0,115900.0,114000.0,126750.0,103000.0,99900.0,109900.0,106000.0,123000.0,127375.0,120000.0,115000.0,112225.0,114900.0,110000.0,116250.0,99900.0,106628.0,104900.0,116000.0,116000.0,126540.0,120000.0,124700.0,116000.0,111850.0,119950.0,124900.0,113000.0,107500.0,118250.0,128295.0,135000.0,138250.0,132000.0,128000.0,124950.0,129950.0,123750.0,119665.0,123000.0,122000.0,129250.0,130800.0,137000.0,136725.0,142900.0,133500.0,130000.0,138700.0,135000.0,126000.0,129900.0,134000.0,135000.0,139000.0,147500.0,149900.0,147500.0,147000.0,145500.0,148000.0,145000.0,141000.0,137556.0,139500.0,148500.0,149900.0,155000.0,155000.0,157450.0,156000.0,151000.0,152250.0,153000.0,146800.0,145000.0,150000.0,153490.0,159900.0,169000.0,167500.0,164900.0,165000.0,159900.0,162000.0,154900.0,157000.0,155690.0,162500.0,169000.0,173018.0,169900.0,183326.0,184900.0,190000.0,187000.0,182000.0,190000.0,188600.0,180755.0,186250.0,200000.0,215000.0,221000.0,235000.0,232500.0,238500.0,230000.0,231500.0,235000.0,240000.0,240000.0,240000.0,248000.0,275000.0,275000.0,271000.0,277638.0,265000.0,262000.0,255000.0,240000.0,245000.0,250000.0,248000.0,245000.0,251000.0,267250.0,272500.0,259000.0,258000.0,254000.0,248192.0,250000.0,249225.0,249000.0,255000.0,253375.0,243500.0,265000.0,270000.0,265000.0,252500.0,255000.0,249900.0,259900.0,250000.0,247000.0,258400.0,245000.0,255336.0,261000.0,257600.0,274900.0,253270.0,253470.0,260000.0,257911.0
394338,121,"Asheville, NC",msa,NC,187246.0,185000.0,202000.0,198000.0,205000.0,190000.0,187000.0,194500.0,185000.0,184500.0,160000.0,175000.0,186500.0,175000.0,171500.0,192850.0,191500.0,175000.0,167000.0,184500.0,166000.0,175000.0,165500.0,189000.0,175000.0,166000.0,175000.0,182500.0,182500.0,178250.0,170000.0,180550.0,165000.0,175000.0,165000.0,175000.0,170000.0,162000.0,169900.0,172000.0,170000.0,165000.0,185000.0,174000.0,168000.0,173000.0,175000.0,168000.0,160000.0,167000.0,178500.0,174500.0,185000.0,186500.0,193050.0,167800.0,175250.0,172000.0,165000.0,170000.0,165000.0,170000.0,182000.0,184250.0,186250.0,185000.0,185000.0,179000.0,179250.0,165000.0,175000.0,174500.0,165555.0,170149.0,180000.0,187000.0,196750.0,185000.0,190000.0,186000.0,187750.0,185000.0,185000.0,190000.0,181000.0,189000.0,190000.0,210000.0,215000.0,210000.0,200000.0,200000.0,200000.0,205500.0,195000.0,205000.0,205000.0,207250.0,215750.0,221250.0,234000.0,225000.0,225000.0,219000.0,228500.0,219250.0,225000.0,217000.0,225000.0,230000.0,225000.0,240000.0,245000.0,243000.0,242000.0,245000.0,235000.0,245000.0,250000.0,242500.0,244750.0,250000.0,255000.0,258250.0,252000.0,260000.0,250000.0,252000.0,256000.0,255000.0,249750.0,232000.0,260000.0,260000.0,269750.0,275000.0,282000.0,283750.0,270000.0,275000.0,275000.0,277575.0,275000.0,272000.0,274000.0,279750.0,280000.0,284500.0,295000.0,300000.0,312000.0,311000.0,305500.0,315000.0,315000.0,315000.0,315000.0,330000.0,348250.0,350000.0,350000.0,340000.0,352000.0,344000.0,350000.0,350000.0,354000.0,335150.0,330000.0,360000.0,375000.0,395000.0,387750.0,391000.0,385000.0,398445.0,375000.0,365335.0,365500.0,345000.0,395000.0,365000.0,383500.0,397500.0,429750.0,426000.0,403000.0,425500.0,415000.0,445000.0,419000.0,397500.0,405000.0,436500.0,439000.0,468000.0,495000.0,445000.0,465000.0,454500.0,436000.0,426000.0,425000.0,428500.0,415000.0,425000.0,450000.0,440000.0,450000.0,450250.0,445000.0,425000.0,425000.0,451415.0
395244,122,"York, PA",msa,PA,150000.0,157293.0,150687.0,143900.0,164900.0,156000.0,154000.0,148500.0,147000.0,142000.0,141900.0,139950.0,145000.0,147250.0,147000.0,149900.0,154000.0,155000.0,154900.0,150000.0,144950.0,146225.0,140000.0,142000.0,141450.0,140000.0,145000.0,139900.0,145050.0,143900.0,150000.0,139700.0,145500.0,143000.0,138750.0,129900.0,134000.0,130000.0,134500.0,135497.0,140000.0,136000.0,143000.0,142000.0,134000.0,135500.0,124300.0,134000.0,127000.0,133750.0,134950.0,146500.0,143000.0,138900.0,140000.0,134000.0,142000.0,139000.0,125000.0,132399.0,124950.0,130000.0,129000.0,141000.0,142500.0,147000.0,145000.0,130000.0,135000.0,129900.0,130000.0,129950.0,139995.0,137900.0,135000.0,132987.0,143500.0,149000.0,145000.0,142000.0,140000.0,130750.0,139900.0,129400.0,136000.0,139000.0,135900.0,153750.0,154900.0,143800.0,152500.0,151000.0,148900.0,139450.0,136750.0,133000.0,136750.0,142250.0,145000.0,156000.0,159900.0,161000.0,158000.0,150000.0,158900.0,145000.0,145000.0,148000.0,140000.0,145000.0,150000.0,150000.0,165000.0,170000.0,159900.0,164900.0,159900.0,159900.0,155000.0,150000.0,155000.0,162000.0,162250.0,168000.0,177000.0,170000.0,179000.0,164950.0,159900.0,164900.0,164000.0,159950.0,159900.0,165000.0,168000.0,175000.0,175000.0,178000.0,175000.0,183000.0,173000.0,172000.0,169950.0,169500.0,168000.0,170000.0,194500.0,190000.0,195000.0,194950.0,190100.0,189900.0,188250.0,190000.0,174500.0,185000.0,175000.0,176000.0,189900.0,185100.0,196000.0,210000.0,213000.0,220000.0,209000.0,215000.0,200000.0,185000.0,197450.0,200000.0,203950.0,229500.0,246000.0,225000.0,222500.0,220000.0,226000.0,211000.0,217000.0,210000.0,220000.0,221250.0,234000.0,250000.0,249995.0,240000.0,250000.0,237000.0,245000.0,230300.0,245000.0,237000.0,247000.0,225000.0,257000.0,254950.0,256000.0,260000.0,261500.0,250000.0,250000.0,260000.0,250000.0,240000.0,255000.0,259950.0,250000.0,272000.0,273700.0,275000.0,273950.0,259000.0,275000.0,272253.0
395183,123,"Vallejo, CA",msa,CA,330000.0,325000.0,311250.0,299500.0,285000.0,270000.0,255000.0,250000.0,229950.0,225000.0,200000.0,191000.0,195000.0,177250.0,180000.0,185000.0,182500.0,199500.0,195000.0,200000.0,194000.0,210000.0,205000.0,198000.0,192000.0,200000.0,200000.0,210000.0,202000.0,200000.0,196000.0,193750.0,195000.0,206000.0,190000.0,176000.0,175000.0,182250.0,180000.0,185000.0,171500.0,178250.0,184000.0,185000.0,182000.0,180000.0,179000.0,174500.0,169000.0,180000.0,175000.0,185000.0,198000.0,181000.0,183000.0,190000.0,209000.0,205000.0,210000.0,210000.0,210000.0,215000.0,225000.0,238000.0,249000.0,253500.0,270000.0,255500.0,260000.0,260000.0,260000.0,275000.0,263000.0,295000.0,288750.0,296000.0,293000.0,320000.0,296000.0,300000.0,300000.0,300000.0,303000.0,300000.0,310250.0,315000.0,316000.0,325000.0,343000.0,325000.0,330000.0,325000.0,330000.0,330000.0,325000.0,335000.0,339500.0,337250.0,350000.0,360000.0,360000.0,359000.0,375000.0,345000.0,365000.0,349000.0,375000.0,360000.0,355000.0,367500.0,385000.0,385000.0,397000.0,405000.0,392000.0,400000.0,399750.0,400000.0,399500.0,403500.0,410000.0,420000.0,412000.0,430000.0,429750.0,435000.0,430500.0,420000.0,422000.0,429000.0,400000.0,405000.0,400000.0,425000.0,423500.0,435000.0,432500.0,448500.0,435000.0,433000.0,443000.0,430000.0,433500.0,430000.0,437250.0,441250.0,465000.0,448500.0,464000.0,470000.0,475500.0,479500.0,466500.0,480000.0,475000.0,493750.0,485000.0,502000.0,520000.0,545000.0,550000.0,560000.0,555000.0,550000.0,560000.0,568000.0,560000.0,559000.0,570000.0,575000.0,610000.0,600000.0,595000.0,569000.0,560000.0,570000.0,550000.0,550000.0,550000.0,579000.0,525000.0,559500.0,550000.0,582000.0,563407.0,565000.0,570000.0,555000.0,574000.0,550000.0,535000.0,535000.0,540000.0,555000.0,560000.0,555000.0,569500.0,561000.0,555500.0,575000.0,575000.0,565000.0,540000.0,535000.0,575000.0,565000.0,570000.0,575000.0,550000.0,565000.0,575000.0,562500.0,570000.0,549819.0
753917,124,"Santa Maria, CA",msa,CA,405000.0,469500.0,410500.0,345000.0,361500.0,350000.0,322000.0,300000.0,297500.0,260000.0,271000.0,250000.0,250000.0,255000.0,290000.0,255000.0,310000.0,315000.0,303000.0,330000.0,320000.0,316000.0,320000.0,340000.0,305000.0,332250.0,353750.0,330000.0,299000.0,349500.0,375000.0,365000.0,325000.0,320000.0,338000.0,276000.0,329500.0,337500.0,307000.0,282750.0,325000.0,342500.0,325000.0,315000.0,255500.0,285500.0,320000.0,273000.0,255500.0,303500.0,302500.0,347000.0,325000.0,371000.0,320000.0,300000.0,385000.0,327000.0,400000.0,340000.0,375000.0,420500.0,410000.0,510000.0,476500.0,420000.0,420000.0,485000.0,425000.0,382500.0,442750.0,462500.0,465750.0,375000.0,480000.0,455000.0,440000.0,470000.0,501500.0,498500.0,439000.0,495000.0,484000.0,412500.0,460000.0,530000.0,499000.0,500000.0,500000.0,474000.0,505000.0,450000.0,455000.0,500000.0,475500.0,535000.0,552500.0,445000.0,525000.0,475000.0,550000.0,444500.0,552500.0,495000.0,484500.0,499500.0,480000.0,535000.0,505500.0,529000.0,530000.0,540750.0,560000.0,535000.0,547500.0,560000.0,576750.0,550000.0,544750.0,490000.0,582500.0,577000.0,565000.0,551000.0,545000.0,528750.0,525000.0,605000.0,550000.0,555000.0,599000.0,595000.0,550000.0,558000.0,570000.0,562500.0,579500.0,560000.0,570000.0,555000.0,545000.0,583500.0,570000.0,595000.0,590000.0,575000.0,546500.0,529000.0,599000.0,653500.0,695000.0,766500.0,825000.0,800000.0,722000.0,661500.0,850000.0,672500.0,789000.0,770000.0,775000.0,686000.0,795000.0,735000.0,770000.0,779000.0,714500.0,777000.0,790000.0,825000.0,825000.0,817500.0,825500.0,775000.0,802500.0,754500.0,775000.0,710000.0,797000.0,777000.0,780000.0,763000.0,815000.0,829000.0,820000.0,837500.0,937000.0,850000.0,790000.0,845000.0,795000.0,870000.0,815000.0,840000.0,851500.0,888500.0,1000000.0,749500.0,802500.0,907500.0,850000.0,842000.0,765000.0,925000.0,899750.0,910500.0,895000.0,919000.0,885000.0,789000.0,832500.0,855000.0,875000.0,944017.0
395050,125,"Salinas, CA",msa,CA,450000.0,429000.0,405000.0,359500.0,355000.0,325000.0,297500.0,276000.0,280000.0,267000.0,240000.0,225000.0,202000.0,225000.0,211000.0,195000.0,199000.0,220250.0,230000.0,225000.0,232000.0,235000.0,246000.0,245000.0,250000.0,245000.0,235000.0,262000.0,262750.0,267500.0,241750.0,241000.0,250000.0,230000.0,223000.0,242500.0,225000.0,250000.0,250000.0,239000.0,266750.0,240000.0,246250.0,265000.0,247000.0,265000.0,260000.0,260000.0,253250.0,290000.0,290000.0,275000.0,270000.0,275500.0,308000.0,315500.0,285000.0,303500.0,337250.0,320000.0,292000.0,329000.0,364000.0,390000.0,392500.0,374500.0,397000.0,380000.0,385000.0,398500.0,405000.0,375000.0,425000.0,442000.0,431500.0,430000.0,440000.0,430000.0,450000.0,411250.0,425000.0,450000.0,410000.0,396500.0,480000.0,485000.0,459500.0,470000.0,465000.0,445000.0,465000.0,465000.0,470000.0,520000.0,485000.0,475000.0,492000.0,471500.0,520000.0,540000.0,535000.0,510000.0,505000.0,560000.0,487500.0,506000.0,480000.0,575000.0,531250.0,558500.0,545750.0,582000.0,617500.0,585000.0,575000.0,550000.0,562500.0,615000.0,560000.0,571500.0,585000.0,586000.0,605750.0,670000.0,610000.0,602500.0,550000.0,597000.0,590000.0,610000.0,585000.0,570000.0,580000.0,565000.0,585000.0,625000.0,586000.0,628250.0,609500.0,649000.0,592500.0,666500.0,605000.0,625000.0,660750.0,632500.0,610000.0,620000.0,685000.0,740000.0,782500.0,777500.0,755000.0,810000.0,712250.0,750000.0,757500.0,824500.0,763000.0,824000.0,815000.0,786500.0,810000.0,783500.0,815000.0,795000.0,830500.0,815000.0,827500.0,860000.0,846000.0,847500.0,845000.0,885000.0,802500.0,830000.0,800750.0,800000.0,769000.0,840000.0,727000.0,850000.0,850000.0,835000.0,765000.0,850000.0,899000.0,865000.0,1000000.0,817500.0,824000.0,781000.0,840000.0,885000.0,925000.0,945000.0,948375.0,930000.0,838000.0,949000.0,846000.0,855000.0,861000.0,892500.0,900000.0,872500.0,932500.0,962500.0,875000.0,1000000.0,950000.0,905000.0,950000.0,892189.0
395048,126,"Salem, OR",msa,OR,182200.0,194500.0,194400.0,196900.0,200600.0,191500.0,189950.0,185000.0,185000.0,184000.0,182000.0,195000.0,180000.0,180000.0,179600.0,185385.0,179750.0,180000.0,181000.0,170000.0,178602.0,178630.0,167000.0,157950.0,172900.0,174950.0,174000.0,168000.0,169900.0,175000.0,155500.0,154000.0,157000.0,155000.0,155000.0,154850.0,152000.0,150925.0,145500.0,148750.0,153000.0,150000.0,155000.0,161250.0,155950.0,148410.0,150000.0,148000.0,150000.0,149950.0,140000.0,150000.0,150450.0,160000.0,158875.0,159900.0,156050.0,150000.0,140000.0,151500.0,140000.0,158000.0,156687.0,157405.0,160000.0,175000.0,165000.0,170250.0,169950.0,161400.0,161900.0,157000.0,169900.0,169900.0,170000.0,179000.0,185000.0,189900.0,180000.0,180000.0,181500.0,173125.0,172851.0,175000.0,177000.0,190000.0,185000.0,192000.0,200000.0,204000.0,190000.0,195000.0,197000.0,195000.0,198900.0,200000.0,192300.0,200000.0,210000.0,217000.0,225000.0,220000.0,220000.0,225000.0,229700.0,225000.0,224637.0,225000.0,223000.0,234900.0,234950.0,243500.0,245500.0,245000.0,253250.0,247500.0,250000.0,253900.0,260000.0,256900.0,263500.0,266200.0,274000.0,265000.0,275000.0,285000.0,285000.0,277000.0,274950.0,275000.0,275500.0,270000.0,274000.0,282000.0,280000.0,280000.0,295000.0,295000.0,292550.0,287500.0,293000.0,285000.0,294750.0,296000.0,302500.0,314750.0,311500.0,311000.0,320000.0,328350.0,327500.0,338500.0,339900.0,340000.0,348000.0,340480.0,350000.0,368000.0,362000.0,375000.0,388000.0,393950.0,385000.0,386500.0,392000.0,390000.0,390000.0,385000.0,396778.0,415000.0,423000.0,425000.0,421100.0,435000.0,429540.0,423950.0,407774.0,409500.0,400000.0,395000.0,415000.0,401000.0,418750.0,416000.0,436500.0,430000.0,445000.0,432400.0,420000.0,410000.0,412000.0,402499.0,420000.0,420000.0,433500.0,450000.0,435000.0,440000.0,426000.0,434600.0,429900.0,431000.0,435000.0,434000.0,415000.0,447000.0,440000.0,460000.0,445000.0,448250.0,441000.0,463050.0,450000.0,435731.0
394870,127,"Mobile, AL",msa,AL,120375.0,121200.0,129300.0,122500.0,128214.0,123000.0,130000.0,118463.0,124950.0,112000.0,120000.0,102500.0,126200.0,117000.0,115295.0,121500.0,121250.0,118250.0,128340.0,118280.0,115000.0,125000.0,117380.0,100000.0,104000.0,110000.0,120000.0,113250.0,108000.0,105000.0,101040.0,106750.0,94750.0,109900.0,105000.0,95000.0,82500.0,95977.0,94900.0,101094.0,102000.0,104900.0,95000.0,87450.0,83450.0,85525.0,95000.0,79900.0,76325.0,92000.0,88250.0,99900.0,95000.0,97000.0,87000.0,89000.0,92000.0,95000.0,95390.0,80000.0,90000.0,90000.0,89450.0,110000.0,99950.0,95000.0,100000.0,104950.0,102826.0,89900.0,78000.0,98000.0,85000.0,84900.0,91500.0,105000.0,112000.0,115000.0,104750.0,96500.0,95750.0,107000.0,96419.0,101094.0,113400.0,110000.0,105500.0,119000.0,117500.0,112800.0,104341.0,108000.0,104450.0,100000.0,108500.0,96500.0,99500.0,107000.0,125000.0,119900.0,125000.0,125000.0,119750.0,119900.0,138000.0,116000.0,111000.0,113000.0,115300.0,114950.0,123800.0,129900.0,135000.0,129900.0,129000.0,131500.0,129450.0,128750.0,129900.0,155500.0,147900.0,145000.0,151000.0,142500.0,135000.0,129900.0,130750.0,145000.0,134500.0,134000.0,135000.0,125000.0,129950.0,137500.0,137000.0,141000.0,150300.0,146000.0,141000.0,143250.0,138400.0,138500.0,140000.0,139900.0,144950.0,149000.0,157000.0,149900.0,155000.0,156150.0,161225.0,158450.0,159900.0,162750.0,155000.0,168500.0,160000.0,170000.0,169750.0,187500.0,182000.0,185900.0,180000.0,179900.0,189450.0,180000.0,180000.0,173200.0,175000.0,185000.0,200000.0,190000.0,190250.0,189500.0,185000.0,183000.0,198975.0,171000.0,180000.0,173800.0,182000.0,196000.0,196000.0,205000.0,207500.0,200000.0,197000.0,200000.0,195950.0,177500.0,180000.0,189500.0,181750.0,180000.0,200100.0,210000.0,200000.0,203348.0,209000.0,195000.0,188500.0,195000.0,193000.0,199500.0,188000.0,205000.0,220000.0,209550.0,210500.0,219000.0,219950.0,220000.0,207750.0,219840.0
395015,128,"Reading, PA",msa,PA,125000.0,140000.0,135000.0,138000.0,148500.0,155000.0,162591.0,148000.0,143500.0,138500.0,140000.0,123000.0,129900.0,136000.0,143500.0,135000.0,152500.0,152750.0,146056.0,140000.0,139900.0,144500.0,130000.0,125000.0,128250.0,137900.0,139650.0,142200.0,149000.0,135750.0,146250.0,139900.0,136000.0,144000.0,140950.0,138000.0,124900.0,134950.0,140000.0,127500.0,135000.0,140000.0,135000.0,136800.0,133575.0,129500.0,120000.0,130000.0,126000.0,131000.0,135000.0,125000.0,144900.0,142950.0,145000.0,137000.0,130000.0,139000.0,139500.0,129450.0,130000.0,129999.0,127800.0,139900.0,144900.0,150000.0,150000.0,130000.0,135000.0,132950.0,135000.0,139700.0,135000.0,130000.0,130000.0,135000.0,145000.0,153500.0,149900.0,145000.0,125000.0,125000.0,136000.0,123900.0,126000.0,140000.0,137500.0,135000.0,152500.0,153000.0,142750.0,143000.0,147500.0,139450.0,129900.0,134900.0,125315.0,130000.0,135000.0,144950.0,155000.0,152450.0,145750.0,150000.0,149900.0,140000.0,138000.0,147200.0,130000.0,144900.0,142000.0,146000.0,159900.0,160000.0,164900.0,152000.0,148450.0,147750.0,145000.0,145000.0,136000.0,144900.0,140000.0,154000.0,158000.0,161500.0,160000.0,161500.0,146000.0,159900.0,148742.0,145000.0,149950.0,152500.0,155000.0,154750.0,172250.0,170000.0,175000.0,167000.0,168500.0,160750.0,164950.0,159000.0,164200.0,171500.0,184900.0,169900.0,170000.0,186000.0,185000.0,186000.0,180000.0,182200.0,180000.0,184900.0,194500.0,170000.0,172500.0,185000.0,215000.0,200000.0,200000.0,207500.0,200000.0,200000.0,205000.0,195000.0,200000.0,190000.0,208500.0,200500.0,235000.0,205000.0,220000.0,215000.0,210000.0,195000.0,216500.0,189900.0,217500.0,203000.0,220000.0,225000.0,252500.0,250000.0,235000.0,241500.0,239950.0,250000.0,236500.0,230000.0,230075.0,225000.0,230000.0,261500.0,259000.0,261000.0,265000.0,269900.0,263950.0,263950.0,271000.0,267750.0,250000.0,243500.0,260000.0,275000.0,299500.0,287950.0,287950.0,270000.0,280000.0,256057.0
394502,129,"Corpus Christi, TX",msa,TX,126000.0,134250.0,135000.0,128500.0,138895.0,137000.0,129000.0,131150.0,125500.0,126000.0,124450.0,123125.0,121500.0,117000.0,123500.0,130000.0,135000.0,130000.0,135000.0,139500.0,128250.0,133250.0,131000.0,125500.0,117900.0,138000.0,126400.0,130000.0,128000.0,128000.0,138500.0,135000.0,123250.0,131600.0,131000.0,118375.0,129900.0,127250.0,127750.0,124900.0,124500.0,130459.0,127900.0,128250.0,126000.0,130200.0,130000.0,129800.0,124000.0,128500.0,134000.0,144900.0,137625.0,133000.0,137557.0,140000.0,130500.0,143000.0,135000.0,131000.0,132000.0,136250.0,138500.0,149500.0,156250.0,150000.0,147000.0,146500.0,145000.0,149000.0,134950.0,139934.0,162900.0,153682.0,145906.0,155000.0,161000.0,164900.0,167750.0,159900.0,158000.0,165000.0,164900.0,147950.0,159900.0,159900.0,166000.0,169900.0,175000.0,171750.0,165000.0,170000.0,169950.0,162475.0,151300.0,159925.0,163000.0,171000.0,171500.0,185450.0,174717.0,171500.0,175000.0,184900.0,186000.0,163066.0,175935.0,180000.0,174150.0,167500.0,165000.0,177294.0,180200.0,172450.0,161500.0,175640.0,171500.0,175250.0,175000.0,180500.0,175000.0,175000.0,179950.0,184900.0,188000.0,184900.0,189947.0,179000.0,180000.0,182000.0,180000.0,184159.0,185900.0,180000.0,182250.0,194000.0,194900.0,202500.0,192500.0,187000.0,195000.0,194000.0,205000.0,184500.0,202000.0,200000.0,200500.0,205000.0,213539.0,230000.0,222000.0,225000.0,217250.0,230000.0,226107.0,219900.0,240000.0,241750.0,250000.0,241651.0,250000.0,249000.0,259200.0,250500.0,246000.0,249500.0,249000.0,259950.0,255000.0,245000.0,274000.0,285000.0,282500.0,271509.0,281499.0,263000.0,260000.0,250000.0,242500.0,235000.0,249450.0,258000.0,262500.0,275000.0,271000.0,276500.0,275000.0,255000.0,257500.0,271000.0,280000.0,247500.0,269000.0,254500.0,260000.0,272500.0,270000.0,270000.0,267000.0,259900.0,270000.0,250000.0,254900.0,233428.0,275000.0,259000.0,262900.0,265000.0,276750.0,272500.0,274000.0,277900.0,266000.0,248561.0
394820,131,"Manchester, NH",msa,NH,224800.0,219200.0,230000.0,219000.0,229000.0,231250.0,226900.0,223000.0,230000.0,215000.0,217250.0,204500.0,197000.0,195000.0,190000.0,191500.0,220000.0,215000.0,206000.0,213500.0,200000.0,200000.0,198500.0,199900.0,191000.0,189900.0,198600.0,208700.0,220950.0,220000.0,216500.0,199950.0,196950.0,199950.0,204750.0,186000.0,163500.0,182500.0,195000.0,199000.0,199500.0,215000.0,193900.0,193950.0,185000.0,189500.0,177450.0,190000.0,175750.0,175000.0,176300.0,195800.0,190500.0,207900.0,192750.0,175000.0,209950.0,179900.0,179950.0,184950.0,189200.0,180000.0,189900.0,198500.0,215000.0,220000.0,215000.0,210000.0,197500.0,192000.0,190000.0,188650.0,188300.0,189000.0,194900.0,215000.0,219000.0,209900.0,219950.0,195250.0,209950.0,210000.0,206750.0,205000.0,209900.0,205000.0,217000.0,220000.0,240000.0,233266.0,225000.0,218966.0,215966.0,218680.0,209916.0,223000.0,215000.0,215000.0,227950.0,225000.0,237000.0,235533.0,240000.0,235000.0,235000.0,223000.0,231500.0,239233.0,228000.0,236500.0,239933.0,259266.0,265766.0,255000.0,255966.0,247000.0,248966.0,249250.0,248250.0,250000.0,229966.0,242900.0,262533.0,265000.0,280000.0,272500.0,260000.0,268000.0,265000.0,265000.0,250000.0,260000.0,251000.0,260000.0,261000.0,275000.0,292000.0,285000.0,287000.0,274966.0,280000.0,280000.0,275000.0,269966.0,275000.0,290000.0,312266.0,306766.0,316533.0,315000.0,325000.0,315000.0,320000.0,330000.0,320000.0,326000.0,330000.0,321000.0,355000.0,368000.0,380000.0,375000.0,375000.0,375000.0,370000.0,365000.0,351800.0,357000.0,340500.0,375000.0,402250.0,417000.0,419500.0,425000.0,415266.0,411000.0,400000.0,400000.0,409000.0,365000.0,405000.0,396000.0,385900.0,435000.0,450000.0,450000.0,445000.0,445000.0,434716.0,430000.0,443500.0,417000.0,430000.0,457500.0,451000.0,485500.0,499000.0,485000.0,477500.0,475000.0,465000.0,460000.0,475000.0,477500.0,449950.0,490000.0,458766.0,475000.0,505000.0,503688.0,530000.0,502966.0,485000.0,496355.0
394612,132,"Fort Wayne, IN",msa,IN,98000.0,94950.0,108100.0,102436.0,103500.0,105000.0,97800.0,94500.0,92500.0,93000.0,92000.0,79950.0,86000.0,96750.0,100000.0,102000.0,97900.0,109900.0,103233.0,109375.0,104900.0,95000.0,95000.0,100000.0,96500.0,98000.0,105000.0,101000.0,106250.0,115000.0,112000.0,105000.0,112000.0,110000.0,104950.0,91700.0,90000.0,98000.0,110000.0,105750.0,107000.0,111675.0,109000.0,99000.0,103650.0,97650.0,105000.0,88282.0,94800.0,105750.0,104750.0,109900.0,112250.0,114950.0,112500.0,111500.0,111250.0,102500.0,106900.0,96500.0,95400.0,97900.0,107364.0,115000.0,110000.0,113800.0,116000.0,106750.0,105000.0,111500.0,100000.0,89900.0,98000.0,103400.0,107000.0,115000.0,117700.0,121000.0,115000.0,115000.0,110270.0,105000.0,111396.0,92578.0,103000.0,113000.0,114699.0,116900.0,123000.0,127000.0,117900.0,116000.0,113000.0,115250.0,114900.0,112100.0,116500.0,118200.0,124636.0,128000.0,131200.0,127751.0,127500.0,124900.0,125000.0,119900.0,125000.0,120500.0,112950.0,123600.0,125000.0,129000.0,136950.0,135000.0,133433.0,132250.0,133000.0,131000.0,138900.0,132667.0,136000.0,132500.0,131000.0,142200.0,150000.0,146500.0,145900.0,147278.0,146000.0,139700.0,138750.0,126904.0,145000.0,144000.0,155000.0,151700.0,159250.0,159900.0,160000.0,160000.0,147200.0,151500.0,149900.0,141500.0,147500.0,155000.0,154000.0,165000.0,174000.0,167500.0,168217.0,173950.0,175500.0,166000.0,165000.0,165050.0,165000.0,169000.0,169900.0,180000.0,190000.0,186098.0,186250.0,194968.0,185000.0,185500.0,185500.0,177000.0,192000.0,188750.0,200000.0,209900.0,215000.0,212500.0,215000.0,206000.0,204000.0,215000.0,194394.0,189132.0,196750.0,203000.0,215533.0,210000.0,227000.0,240500.0,230500.0,234900.0,210000.0,222700.0,214900.0,217750.0,222000.0,225000.0,231500.0,238437.0,246000.0,239950.0,242000.0,244000.0,245000.0,233000.0,231524.0,228000.0,221500.0,240000.0,243925.0,244250.0,260000.0,250000.0,250000.0,235000.0,246300.0,234530.0
394658,133,"Gulfport, MS",msa,MS,123500.0,131000.0,131250.0,135400.0,136000.0,144500.0,138000.0,144000.0,125000.0,135000.0,121000.0,118500.0,129000.0,132250.0,132400.0,127950.0,140000.0,129497.0,129500.0,126500.0,116000.0,122750.0,125000.0,118000.0,121250.0,124882.0,118000.0,122206.0,115000.0,110000.0,96000.0,115000.0,110000.0,101500.0,95619.0,95000.0,92500.0,88783.0,96000.0,111000.0,109000.0,85750.0,100000.0,90000.0,76819.0,97000.0,98450.0,85750.0,83386.0,91519.0,89000.0,105150.0,94750.0,106000.0,99467.0,103000.0,89900.0,103000.0,94058.0,79742.0,90000.0,90000.0,108250.0,101266.0,109000.0,112200.0,115000.0,99000.0,100100.0,104887.0,93250.0,95500.0,90000.0,89500.0,99581.0,105000.0,110000.0,124450.0,115000.0,119500.0,114900.0,112000.0,115000.0,96625.0,117000.0,112000.0,117000.0,125700.0,120000.0,123500.0,124326.0,128000.0,121500.0,119900.0,112500.0,112250.0,115312.0,115250.0,128435.0,128500.0,125000.0,127500.0,127000.0,121000.0,120500.0,125000.0,127250.0,124900.0,129927.0,127000.0,136028.0,128955.0,143000.0,139000.0,134950.0,135000.0,137245.0,125000.0,126750.0,132000.0,134625.0,126500.0,136500.0,135000.0,155000.0,139900.0,150000.0,147500.0,132000.0,147500.0,129900.0,130000.0,143750.0,140000.0,145000.0,147000.0,155755.0,155750.0,154500.0,151665.0,149900.0,154200.0,155000.0,147000.0,159900.0,162929.0,157500.0,160000.0,166950.0,165223.0,167250.0,168292.0,165000.0,170500.0,179450.0,165000.0,166000.0,183000.0,175279.0,182750.0,187395.0,186000.0,185000.0,190000.0,190000.0,182000.0,184718.0,190000.0,195000.0,200000.0,205000.0,217959.0,220000.0,218500.0,205141.0,210000.0,192000.0,210000.0,193500.0,185000.0,194750.0,200000.0,220000.0,225000.0,229450.0,218250.0,210000.0,220000.0,231500.0,220000.0,210000.0,189900.0,222000.0,220000.0,209000.0,217950.0,231000.0,220000.0,223000.0,227250.0,226000.0,230000.0,227250.0,227500.0,222000.0,235000.0,228250.0,235000.0,237000.0,237500.0,229000.0,245000.0,231479.0,234760.0
395051,134,"Salisbury, MD",msa,DE,220000.0,234900.0,222950.0,232000.0,230000.0,221000.0,218500.0,230000.0,214450.0,205000.0,210000.0,225000.0,225000.0,217659.0,220000.0,230000.0,210000.0,210500.0,225000.0,218000.0,230000.0,205450.0,215000.0,201250.0,211000.0,214124.0,214950.0,210000.0,204900.0,220000.0,210000.0,207000.0,200000.0,208000.0,219900.0,204222.0,177500.0,190000.0,200250.0,203000.0,198250.0,215000.0,186250.0,200000.0,194500.0,181000.0,176040.0,189900.0,195000.0,202000.0,203000.0,205000.0,190000.0,204950.0,195000.0,200000.0,204700.0,210000.0,202000.0,180000.0,185000.0,189950.0,174685.0,214900.0,199945.0,202000.0,210000.0,207750.0,215000.0,202500.0,209000.0,172000.0,177000.0,185000.0,200000.0,200000.0,200000.0,197750.0,194375.0,213375.0,201500.0,191000.0,182000.0,195400.0,173163.0,175000.0,195000.0,205000.0,209900.0,210000.0,200000.0,205000.0,199450.0,210000.0,208000.0,195250.0,186900.0,210000.0,217400.0,207000.0,210000.0,222000.0,216500.0,218000.0,219000.0,211000.0,214450.0,209900.0,205000.0,226725.0,229700.0,233750.0,225500.0,229200.0,240000.0,233000.0,240000.0,240000.0,228000.0,234950.0,222250.0,230000.0,233500.0,240000.0,245000.0,225000.0,225000.0,240000.0,235500.0,230000.0,215000.0,219000.0,228700.0,235898.0,235000.0,250000.0,230000.0,245000.0,254900.0,251250.0,252000.0,254000.0,245950.0,247500.0,234000.0,255000.0,267650.0,249000.0,273100.0,290000.0,299000.0,300000.0,295000.0,305000.0,300350.0,270000.0,290000.0,297000.0,310000.0,311900.0,310000.0,327750.0,317500.0,336500.0,330000.0,335500.0,335000.0,329950.0,345000.0,350000.0,371000.0,381000.0,375000.0,361515.0,350000.0,374000.0,341500.0,359000.0,315000.0,339500.0,330000.0,361000.0,359755.0,360000.0,375000.0,373200.0,390000.0,400000.0,375500.0,382500.0,360000.0,380000.0,382000.0,395000.0,400000.0,390000.0,390000.0,380000.0,380000.0,399900.0,405000.0,391492.0,400000.0,396750.0,390197.0,392000.0,400000.0,435000.0,400000.0,412000.0,424000.0,415000.0,420000.0,415095.0
394596,135,"Flint, MI",msa,MI,69950.0,82100.0,79950.0,69000.0,84500.0,87500.0,75000.0,70000.0,62950.0,59950.0,60075.0,59950.0,57750.0,62000.0,62250.0,64000.0,63600.0,69950.0,65000.0,64900.0,67875.0,65000.0,64200.0,63250.0,61300.0,69000.0,67000.0,67000.0,70000.0,61000.0,64739.0,65500.0,63075.0,60000.0,67500.0,59900.0,55039.0,60000.0,60000.0,57000.0,67250.0,68200.0,66000.0,69900.0,68000.0,65000.0,61665.0,63250.0,56000.0,63000.0,63500.0,68000.0,66950.0,68250.0,70000.0,78349.0,71300.0,78000.0,69000.0,68506.0,59950.0,71200.0,73000.0,77700.0,76800.0,85900.0,84950.0,80000.0,85000.0,84900.0,79950.0,81900.0,79100.0,79900.0,83900.0,91000.0,108250.0,104900.0,112750.0,90000.0,104950.0,95000.0,95000.0,85700.0,102000.0,97000.0,110000.0,109900.0,119000.0,119900.0,117000.0,105000.0,105000.0,110000.0,95000.0,100000.0,99000.0,103800.0,104500.0,119500.0,120000.0,120000.0,121400.0,117750.0,115000.0,114000.0,106000.0,110000.0,101500.0,116900.0,115100.0,125000.0,130000.0,130000.0,123075.0,125000.0,120000.0,124000.0,125000.0,125000.0,110000.0,125000.0,129000.0,135000.0,145000.0,149000.0,142000.0,139900.0,132000.0,129000.0,132550.0,128000.0,130000.0,124280.0,131000.0,143310.0,143250.0,149900.0,143900.0,138000.0,137900.0,139950.0,138147.0,124900.0,135000.0,142250.0,147500.0,140750.0,160000.0,159250.0,154900.0,156500.0,155000.0,159435.0,147950.0,146000.0,137800.0,155000.0,155000.0,170500.0,164450.0,172700.0,165000.0,180000.0,175000.0,165000.0,165000.0,157950.0,154975.0,170000.0,180000.0,175000.0,185000.0,180000.0,189000.0,176000.0,170000.0,164320.0,165000.0,148000.0,160000.0,169450.0,175500.0,187460.0,189900.0,185000.0,188950.0,180000.0,170000.0,164950.0,167000.0,158450.0,169900.0,170000.0,196000.0,200000.0,200000.0,185550.0,199425.0,200000.0,191000.0,175000.0,188700.0,164950.0,166500.0,175000.0,177591.0,215000.0,200000.0,209900.0,219450.0,220000.0,199450.0,187510.0
394972,136,"Peoria, IL",msa,IL,115000.0,107000.0,99500.0,111500.0,114500.0,110000.0,110000.0,101000.0,100000.0,96227.0,99250.0,81750.0,116000.0,97500.0,95500.0,113000.0,120000.0,114000.0,116250.0,107500.0,100000.0,93000.0,101950.0,100000.0,90000.0,94000.0,107000.0,110000.0,118500.0,107000.0,103500.0,93000.0,96000.0,105000.0,101250.0,94000.0,89000.0,92000.0,104000.0,99500.0,110750.0,116500.0,125000.0,115000.0,107500.0,95000.0,100000.0,95000.0,92500.0,109250.0,110000.0,115000.0,120000.0,115500.0,122500.0,118250.0,103000.0,110000.0,99000.0,90000.0,93500.0,104500.0,97000.0,116750.0,126125.0,115000.0,114500.0,107500.0,101750.0,109500.0,110000.0,91000.0,94500.0,95250.0,99500.0,117500.0,126000.0,126000.0,115000.0,112000.0,113250.0,111000.0,101000.0,100000.0,90000.0,112000.0,116000.0,120000.0,125000.0,128000.0,116500.0,115000.0,113500.0,97250.0,97500.0,105000.0,96000.0,113500.0,117250.0,115000.0,115250.0,128000.0,115000.0,115500.0,106250.0,115000.0,100000.0,104900.0,97750.0,113950.0,106000.0,115000.0,125500.0,119000.0,124000.0,119000.0,118750.0,114000.0,110000.0,116000.0,104750.0,112000.0,130000.0,118000.0,123000.0,136750.0,121900.0,118750.0,108000.0,110000.0,116000.0,105000.0,112000.0,106000.0,110000.0,121000.0,125500.0,118000.0,118000.0,120000.0,126250.0,115000.0,109500.0,109000.0,112000.0,125000.0,127500.0,123700.0,130000.0,129700.0,115250.0,129000.0,126450.0,130000.0,115000.0,110000.0,111500.0,123750.0,115000.0,129700.0,132000.0,132900.0,134000.0,124900.0,129950.0,118000.0,112000.0,110000.0,115000.0,122000.0,122000.0,138000.0,142000.0,135000.0,135000.0,132000.0,129000.0,127000.0,122700.0,119500.0,114000.0,116500.0,130000.0,142750.0,150000.0,150000.0,138000.0,140000.0,131500.0,134000.0,140000.0,130000.0,91000.0,,128000.0,150000.0,159000.0,163000.0,160000.0,145000.0,145001.0,149000.0,148000.0,135000.0,130000.0,138000.0,135000.0,165250.0,170000.0,175000.0,165000.0,162250.0,160000.0,156604.0
394439,137,"Canton, OH",msa,OH,97500.0,96000.0,92000.0,101000.0,92000.0,91500.0,103850.0,94000.0,83250.0,79500.0,68000.0,53000.0,80000.0,77150.0,69450.0,79900.0,95000.0,107000.0,84250.0,80000.0,92001.0,89400.0,84500.0,51500.0,75500.0,89950.0,92000.0,92000.0,93500.0,75000.0,78250.0,73850.0,75000.0,84500.0,72000.0,70000.0,69900.0,82750.0,79900.0,83000.0,86900.0,91500.0,83000.0,75950.0,83500.0,81250.0,84950.0,73500.0,80000.0,88000.0,98500.0,90250.0,99950.0,107000.0,96000.0,88950.0,87050.0,94300.0,76000.0,79000.0,78950.0,98000.0,99000.0,95000.0,117750.0,109900.0,110000.0,106000.0,96000.0,80000.0,87100.0,76000.0,90000.0,99900.0,109950.0,103000.0,112500.0,112000.0,108500.0,114900.0,100650.0,108000.0,86500.0,89900.0,88250.0,103950.0,97600.0,110000.0,111000.0,117000.0,113900.0,94600.0,106750.0,92000.0,95425.0,99000.0,96000.0,109000.0,115000.0,114950.0,123000.0,129000.0,121900.0,104900.0,114500.0,105000.0,110000.0,111500.0,104500.0,114500.0,120937.0,120000.0,125000.0,124750.0,123300.0,120000.0,120000.0,124350.0,120450.0,114200.0,125950.0,120400.0,124500.0,123000.0,128000.0,133250.0,137750.0,123900.0,127600.0,127700.0,123000.0,115000.0,122200.0,119900.0,128442.0,140000.0,139900.0,139700.0,133000.0,124000.0,134950.0,115250.0,129000.0,130750.0,118000.0,136900.0,132500.0,135500.0,148900.0,149900.0,154000.0,148000.0,138000.0,134000.0,138500.0,130000.0,124950.0,141950.0,150850.0,161000.0,147000.0,156000.0,149900.0,149700.0,154900.0,154900.0,145000.0,135000.0,145000.0,150000.0,137500.0,162000.0,155000.0,158500.0,159900.0,155900.0,157500.0,150000.0,156000.0,132300.0,146000.0,154950.0,165000.0,159000.0,164900.0,175000.0,169950.0,166300.0,165650.0,155000.0,156400.0,149500.0,148450.0,169950.0,166000.0,166500.0,180000.0,184400.0,183150.0,194850.0,167525.0,188950.0,175000.0,160000.0,165000.0,160000.0,205000.0,182000.0,205000.0,200000.0,195000.0,194000.0,206000.0,201021.0
395070,138,"Savannah, GA",msa,GA,165000.0,163400.0,163750.0,170000.0,164000.0,168000.0,157000.0,148500.0,152500.0,148388.0,148000.0,150750.0,159867.0,148000.0,150000.0,165000.0,161000.0,155000.0,147000.0,154500.0,140100.0,138000.0,135000.0,139341.0,132400.0,147000.0,152500.0,156432.0,150000.0,155000.0,136500.0,150000.0,155000.0,140000.0,134550.0,150000.0,140000.0,141000.0,136000.0,155000.0,147450.0,141750.0,129000.0,138203.0,139900.0,132950.0,133000.0,125674.0,118050.0,148950.0,144950.0,135000.0,156000.0,155000.0,147900.0,128000.0,128500.0,129000.0,140000.0,126000.0,152000.0,152000.0,138500.0,169000.0,162700.0,155000.0,155000.0,155000.0,142500.0,141250.0,145000.0,139000.0,143750.0,153450.0,163137.0,170750.0,171000.0,169000.0,156900.0,163000.0,155000.0,160000.0,147500.0,163950.0,159000.0,179450.0,170000.0,181000.0,199500.0,171900.0,173600.0,169000.0,173000.0,149900.0,169000.0,167500.0,154500.0,177500.0,171600.0,192000.0,190000.0,180650.0,184900.0,175000.0,180000.0,182500.0,174900.0,173000.0,172000.0,175000.0,176600.0,190000.0,199900.0,189000.0,184000.0,186000.0,175000.0,183000.0,185000.0,183750.0,192900.0,188600.0,201500.0,200000.0,210000.0,199450.0,203500.0,200000.0,193000.0,193000.0,187900.0,189950.0,190000.0,197000.0,205000.0,224500.0,215000.0,220000.0,209450.0,200000.0,200000.0,200000.0,211250.0,211575.0,200000.0,215000.0,224450.0,215000.0,225000.0,225000.0,230000.0,235500.0,238000.0,239900.0,235000.0,236950.0,234245.0,244900.0,251000.0,252750.0,259945.0,275000.0,256000.0,260000.0,258005.0,273500.0,255000.0,260000.0,265500.0,274000.0,300000.0,305000.0,305000.0,296300.0,290000.0,289700.0,290000.0,285000.0,270950.0,287250.0,305440.0,300000.0,307000.0,330000.0,335000.0,325000.0,320000.0,340000.0,337500.0,339900.0,308700.0,325000.0,324125.0,349900.0,351700.0,350000.0,360000.0,350000.0,340000.0,339900.0,333900.0,336500.0,342500.0,375000.0,345000.0,360000.0,340000.0,354000.0,359000.0,350000.0,350000.0,360000.0,357000.0,342550.0
394327,139,"Anchorage, AK",msa,AK,235000.0,236801.0,249900.0,247520.0,255000.0,261000.0,257266.0,238169.0,234900.0,240275.0,227000.0,226500.0,228500.0,235000.0,221900.0,236690.0,234500.0,237500.0,237000.0,239000.0,220000.0,215000.0,230000.0,214918.0,209991.0,219900.0,217225.0,237900.0,239350.0,235000.0,230000.0,231750.0,237211.0,229900.0,222000.0,220000.0,225000.0,205000.0,216050.0,219500.0,242000.0,222950.0,223000.0,222000.0,210974.0,219000.0,219700.0,185000.0,205000.0,206489.0,214950.0,224900.0,230000.0,228988.0,221000.0,224500.0,205000.0,211000.0,213000.0,187750.0,193000.0,199900.0,205000.0,214000.0,225000.0,225000.0,225000.0,218250.0,210000.0,200000.0,218950.0,200000.0,199000.0,210000.0,210000.0,215000.0,225000.0,225000.0,229000.0,220000.0,215250.0,219450.0,225000.0,225000.0,220000.0,223750.0,219950.0,225000.0,240000.0,246000.0,262500.0,280000.0,268750.0,265000.0,265000.0,265000.0,275000.0,268000.0,279000.0,285000.0,289000.0,280000.0,279900.0,281450.0,280000.0,294750.0,278250.0,266200.0,274999.0,280000.0,273750.0,278000.0,285000.0,271906.0,269000.0,290000.0,290000.0,274000.0,273900.0,272004.0,269000.0,270865.0,284000.0,280000.0,279000.0,300000.0,298500.0,284900.0,275200.0,280250.0,279900.0,260000.0,258500.0,270000.0,280000.0,285250.0,303335.0,290000.0,297229.0,296750.0,279000.0,274699.0,284000.0,280000.0,290000.0,293000.0,312900.0,299000.0,300000.0,324650.0,305000.0,305000.0,318250.0,320000.0,320000.0,289950.0,297000.0,310000.0,327000.0,334200.0,353375.0,350000.0,327850.0,328500.0,332000.0,332500.0,320000.0,325000.0,325000.0,326000.0,350000.0,375000.0,365000.0,356500.0,357000.0,339500.0,349500.0,330000.0,330000.0,356500.0,358850.0,345000.0,359737.0,380000.0,395000.0,395450.0,372000.0,370000.0,354000.0,373750.0,365000.0,340000.0,350000.0,372500.0,375000.0,399000.0,399950.0,399900.0,415000.0,405000.0,390000.0,399000.0,380000.0,375000.0,375250.0,400000.0,389900.0,425000.0,425000.0,437500.0,419500.0,420000.0,385000.0,410865.0
394372,140,"Beaumont, TX",msa,TX,137520.0,137747.0,123858.0,131524.0,141452.0,143820.0,143760.0,154799.0,130207.0,133240.0,142224.0,131878.0,138070.0,150952.0,140266.0,150074.0,164944.0,139900.0,143732.0,143014.0,145071.0,130412.0,132956.0,152047.0,127290.0,142448.0,133485.0,137308.0,133695.0,130108.0,152024.0,139750.0,148437.0,152366.0,145729.0,139646.0,147939.0,144389.0,142536.0,139541.0,149804.0,138125.0,152164.0,135501.0,148533.0,140047.0,140013.0,151109.0,151279.0,132429.0,151770.0,141859.0,151659.0,159742.0,152367.0,138326.0,152500.0,153500.0,169435.0,139684.0,153257.0,151870.0,153357.0,128000.0,137500.0,123500.0,129900.0,148000.0,112500.0,129950.0,120000.0,114500.0,127000.0,120740.0,130700.0,126000.0,126250.0,137200.0,135000.0,119700.0,135000.0,120000.0,136000.0,123500.0,121200.0,129950.0,132000.0,126000.0,143460.0,129489.0,138484.0,136238.0,129000.0,127744.0,130622.0,129000.0,129694.0,128500.0,135000.0,134500.0,142000.0,134900.0,139934.0,143482.0,144900.0,135000.0,135000.0,136946.0,125000.0,133000.0,139400.0,149000.0,143366.0,155000.0,142971.0,153000.0,142750.0,132500.0,139900.0,125600.0,130000.0,140000.0,140000.0,145500.0,150000.0,155000.0,154900.0,146900.0,145000.0,149450.0,143442.0,144000.0,144000.0,145000.0,152523.0,155000.0,161000.0,157250.0,158850.0,167124.0,167000.0,164950.0,155414.0,145429.0,145000.0,159500.0,163911.0,149850.0,175000.0,166000.0,164661.0,166000.0,171247.0,172000.0,175250.0,167594.0,164661.0,177080.0,188000.0,190000.0,196700.0,189500.0,179500.0,182000.0,190000.0,181500.0,194910.0,184750.0,176000.0,200000.0,195000.0,197750.0,198000.0,195000.0,204835.0,200000.0,189500.0,175000.0,182900.0,165000.0,186500.0,179450.0,193562.0,198000.0,189000.0,199500.0,177700.0,179900.0,183500.0,175500.0,180500.0,192575.0,190750.0,185000.0,187500.0,200000.0,185000.0,226171.0,199900.0,190000.0,196500.0,206000.0,199450.0,197237.0,189500.0,199450.0,198000.0,203000.0,217000.0,203510.0,196000.0,197237.0,204794.0,218802.0
395096,141,"Shreveport, LA",msa,LA,99500.0,115000.0,107000.0,130000.0,119000.0,124765.0,120950.0,122150.0,117000.0,99600.0,126000.0,98000.0,124500.0,118500.0,117725.0,126000.0,130000.0,135950.0,125000.0,120000.0,129706.0,124500.0,119900.0,110000.0,116871.0,122545.0,125000.0,145350.0,139900.0,131625.0,143750.0,126000.0,123595.0,116000.0,125000.0,134000.0,123956.0,137500.0,130250.0,142000.0,154500.0,144750.0,135000.0,155208.0,138109.0,133981.0,130445.0,120000.0,115750.0,114000.0,129500.0,130587.0,137250.0,133000.0,125250.0,130000.0,139241.0,149900.0,115000.0,133250.0,106000.0,142000.0,120000.0,140000.0,135000.0,143000.0,124000.0,135000.0,116370.0,129000.0,125000.0,120000.0,127500.0,137000.0,120000.0,131000.0,134450.0,128183.0,135000.0,123000.0,123545.0,135387.0,134900.0,128718.0,125000.0,122282.0,128000.0,134900.0,150000.0,142500.0,135000.0,144950.0,135750.0,145500.0,150000.0,117450.0,128250.0,136000.0,140000.0,143300.0,146500.0,147000.0,137950.0,128750.0,136500.0,141000.0,139950.0,132000.0,146000.0,136000.0,136300.0,140000.0,149900.0,132750.0,141000.0,137500.0,132900.0,122000.0,119000.0,127500.0,135000.0,135650.0,131750.0,140500.0,143700.0,153900.0,145500.0,139400.0,123000.0,143472.0,120000.0,125000.0,125000.0,127000.0,144900.0,150000.0,146500.0,159000.0,150000.0,148250.0,133500.0,154000.0,145000.0,130000.0,160000.0,138750.0,145700.0,136000.0,150000.0,157000.0,161450.0,159950.0,160000.0,160000.0,154300.0,155000.0,175000.0,181000.0,172500.0,194000.0,200950.0,181000.0,189500.0,183200.0,205000.0,178250.0,186700.0,175000.0,185000.0,180250.0,191000.0,201250.0,205000.0,205000.0,200000.0,188875.0,165000.0,190000.0,190790.0,165000.0,176250.0,179950.0,165000.0,205000.0,206900.0,200000.0,176000.0,179500.0,181000.0,175000.0,187750.0,190000.0,189450.0,189750.0,210000.0,223950.0,204000.0,211250.0,192250.0,199600.0,177000.0,185000.0,179450.0,177000.0,177200.0,193000.0,188250.0,215000.0,227500.0,220000.0,211500.0,206750.0,203351.0,210259.0
395164,142,"Trenton, NJ",msa,NJ,224950.0,238500.0,245250.0,250000.0,263000.0,286500.0,305000.0,241500.0,246500.0,200425.0,200000.0,232500.0,205000.0,200000.0,210000.0,224000.0,252000.0,261735.0,257000.0,244500.0,218000.0,220000.0,220000.0,210500.0,207900.0,213500.0,223200.0,223500.0,257870.0,255000.0,219000.0,230000.0,200000.0,221750.0,221850.0,184625.0,161000.0,200000.0,201000.0,223095.0,225000.0,227000.0,235000.0,222362.0,191500.0,190500.0,196000.0,205000.0,183000.0,168000.0,200000.0,208000.0,275350.0,245000.0,250000.0,230500.0,195000.0,230000.0,191500.0,199750.0,163000.0,188872.0,231000.0,231500.0,292250.0,260000.0,271000.0,220000.0,200000.0,200000.0,220000.0,173250.0,186950.0,206317.0,224900.0,263000.0,260000.0,275000.0,285000.0,220000.0,210000.0,230400.0,219000.0,207750.0,191000.0,217000.0,205000.0,210000.0,274000.0,280000.0,267500.0,222000.0,210000.0,210500.0,198725.0,208000.0,180000.0,175000.0,191000.0,226250.0,270000.0,265000.0,243000.0,230000.0,189000.0,208000.0,190000.0,170000.0,172250.0,185000.0,226500.0,233500.0,235000.0,255000.0,255000.0,218250.0,214500.0,220000.0,191050.0,210000.0,195000.0,185000.0,217633.0,234415.0,270000.0,261000.0,255000.0,226000.0,195000.0,210000.0,199900.0,190000.0,175000.0,198900.0,215250.0,225000.0,255561.0,260000.0,265000.0,235000.0,240000.0,245000.0,227500.0,191000.0,207500.0,230000.0,265000.0,246000.0,282000.0,285000.0,289950.0,280000.0,275000.0,285000.0,275000.0,282100.0,260000.0,275000.0,287500.0,285000.0,325000.0,330000.0,340000.0,295000.0,290000.0,310000.0,290000.0,285000.0,285000.0,256500.0,285000.0,315000.0,330000.0,330000.0,355000.0,332000.0,325000.0,301250.0,299484.0,270000.0,266000.0,275000.0,295000.0,350000.0,376750.0,365000.0,380028.0,350000.0,375000.0,330000.0,355000.0,350000.0,309950.0,335000.0,340900.0,385000.0,450000.0,405000.0,400000.0,389900.0,420000.0,380000.0,400000.0,355350.0,370000.0,349950.0,390000.0,419000.0,435000.0,465000.0,420000.0,412500.0,390000.0,413387.0
394875,143,"Montgomery, AL",msa,AL,138625.0,126750.0,129992.0,143200.0,145000.0,144650.0,130282.0,144000.0,145999.0,118500.0,130000.0,121000.0,137459.0,136500.0,145250.0,140000.0,159400.0,150000.0,138500.0,143100.0,134500.0,126107.0,147000.0,147500.0,149750.0,155000.0,139900.0,148500.0,149500.0,149950.0,157216.0,155000.0,134900.0,144000.0,144450.0,147500.0,136250.0,137250.0,140000.0,143850.0,151800.0,154000.0,125000.0,135750.0,140325.0,132700.0,136500.0,127000.0,129000.0,139900.0,154621.0,164400.0,160000.0,168200.0,145250.0,149000.0,163500.0,155000.0,168000.0,150000.0,159000.0,172950.0,179825.0,180000.0,195000.0,193750.0,187500.0,190000.0,179950.0,170000.0,180000.0,175000.0,165650.0,165000.0,178250.0,186500.0,187250.0,200000.0,189900.0,188000.0,179000.0,175500.0,165750.0,172000.0,167950.0,168250.0,175000.0,190000.0,180500.0,166750.0,133500.0,112000.0,119000.0,115000.0,116750.0,118000.0,115950.0,127500.0,130000.0,137000.0,143512.0,141950.0,132975.0,134000.0,125000.0,120000.0,130895.0,115000.0,115000.0,127400.0,134000.0,132000.0,145000.0,140700.0,140500.0,140750.0,126450.0,132188.0,130000.0,133500.0,125250.0,137750.0,140000.0,144250.0,135000.0,144950.0,127000.0,138819.0,141000.0,135000.0,136225.0,130000.0,139000.0,137750.0,151402.0,150000.0,150000.0,157000.0,150500.0,151000.0,144227.0,158000.0,140000.0,129800.0,134900.0,138450.0,158000.0,160000.0,183000.0,168200.0,158750.0,172500.0,175000.0,162900.0,154600.0,162000.0,153000.0,164762.0,166000.0,174000.0,199950.0,185750.0,179950.0,178500.0,175950.0,159000.0,168002.0,170000.0,171000.0,169999.0,179000.0,185000.0,192050.0,200000.0,180000.0,180000.0,168000.0,156500.0,175000.0,150500.0,165000.0,182000.0,178655.0,194000.0,184500.0,184000.0,190000.0,179000.0,175000.0,170000.0,150000.0,156500.0,179000.0,187000.0,180000.0,210000.0,209250.0,200000.0,182000.0,205000.0,200000.0,192000.0,175000.0,199947.0,211250.0,190250.0,204150.0,245000.0,215000.0,225000.0,220000.0,214500.0,204000.0,208566.0
394520,144,"Davenport, IA",msa,IL,105000.0,106250.0,100000.0,104250.0,105000.0,115375.0,101500.0,100000.0,91750.0,95000.0,95000.0,88000.0,95000.0,96000.0,102250.0,106000.0,117000.0,117000.0,106750.0,111000.0,105000.0,105000.0,95000.0,95000.0,99950.0,101000.0,105000.0,112000.0,110000.0,109000.0,115000.0,117000.0,105000.0,110000.0,92000.0,100000.0,86000.0,99250.0,105000.0,104700.0,120000.0,110000.0,113250.0,108000.0,106000.0,105000.0,92500.0,84000.0,95000.0,100000.0,110000.0,105000.0,121000.0,117000.0,118500.0,116750.0,105750.0,103500.0,100000.0,94250.0,102750.0,106000.0,110000.0,114750.0,123750.0,115000.0,115000.0,113000.0,111000.0,112000.0,103500.0,100000.0,100000.0,100000.0,106000.0,113000.0,124500.0,118000.0,117500.0,115000.0,109000.0,120000.0,106500.0,115000.0,106000.0,108500.0,106000.0,125000.0,129000.0,129000.0,129000.0,120000.0,120500.0,107000.0,110000.0,115000.0,100000.0,114275.0,116250.0,126500.0,126750.0,126250.0,129500.0,120000.0,115000.0,113500.0,120000.0,110000.0,92500.0,110000.0,125000.0,128000.0,129000.0,135000.0,125000.0,120000.0,120000.0,124000.0,123000.0,114000.0,122500.0,120875.0,130000.0,126750.0,135000.0,133000.0,125000.0,137000.0,133000.0,126000.0,116000.0,119250.0,120000.0,125000.0,131250.0,135000.0,146500.0,140000.0,143000.0,140750.0,131000.0,123500.0,127500.0,132250.0,129900.0,130000.0,140000.0,145000.0,143000.0,133000.0,150000.0,146750.0,149250.0,144250.0,145000.0,136500.0,147000.0,139000.0,143000.0,147000.0,160000.0,156000.0,159900.0,155000.0,144900.0,145000.0,144500.0,139000.0,142500.0,149900.0,149000.0,150000.0,164000.0,174500.0,160000.0,155500.0,155000.0,160000.0,146000.0,137750.0,130000.0,138000.0,163000.0,166250.0,168000.0,178000.0,181500.0,178500.0,160250.0,162000.0,165000.0,160500.0,175500.0,165600.0,165000.0,165000.0,185000.0,185000.0,180000.0,180000.0,172000.0,176000.0,170000.0,170000.0,184500.0,173200.0,172000.0,180500.0,190000.0,182450.0,199900.0,175000.0,184000.0,190902.0
395146,145,"Tallahassee, FL",msa,FL,170000.0,160000.0,157500.0,166280.0,175000.0,165000.0,148000.0,156000.0,159500.0,139750.0,142500.0,145000.0,153900.0,145500.0,160000.0,150000.0,168000.0,162500.0,160000.0,156250.0,150150.0,145000.0,123200.0,137450.0,150000.0,150000.0,143750.0,140000.0,142500.0,140000.0,125000.0,140000.0,132000.0,121250.0,140000.0,116700.0,105500.0,126000.0,116250.0,136500.0,127000.0,139900.0,133500.0,143000.0,118750.0,129450.0,120000.0,128500.0,125000.0,132500.0,125750.0,142500.0,148500.0,138000.0,133500.0,142000.0,135000.0,125000.0,132000.0,127000.0,120000.0,140000.0,132000.0,130000.0,130900.0,145000.0,143000.0,133000.0,125000.0,113500.0,124500.0,113700.0,115500.0,128900.0,121400.0,135000.0,135000.0,139000.0,138000.0,134500.0,139000.0,139700.0,130250.0,116000.0,131000.0,146500.0,134000.0,146000.0,160000.0,138000.0,149900.0,133250.0,140000.0,116013.0,123500.0,147750.0,135750.0,135650.0,150000.0,152500.0,160000.0,155000.0,145000.0,152000.0,150000.0,135000.0,160000.0,138900.0,143000.0,149450.0,153000.0,159800.0,175000.0,160000.0,150000.0,159450.0,156000.0,154900.0,160000.0,165250.0,174900.0,160000.0,152000.0,170300.0,175000.0,165500.0,170000.0,165000.0,155000.0,172000.0,159875.0,159896.0,157500.0,173000.0,170000.0,189000.0,189950.0,183850.0,178250.0,162900.0,185000.0,175000.0,192900.0,170250.0,181950.0,197450.0,199900.0,200000.0,194500.0,190000.0,185250.0,216700.0,220000.0,220000.0,190000.0,200000.0,185000.0,197000.0,195000.0,201100.0,222650.0,210000.0,215000.0,214600.0,215000.0,227500.0,215750.0,215000.0,200000.0,225000.0,235000.0,220000.0,239900.0,244500.0,225000.0,234500.0,230000.0,238500.0,245000.0,227500.0,230000.0,232500.0,252500.0,255000.0,260000.0,253000.0,260500.0,236000.0,238400.0,265000.0,266000.0,228300.0,250000.0,265500.0,266000.0,270000.0,265500.0,290000.0,265000.0,285000.0,275000.0,256250.0,275000.0,265000.0,260000.0,251000.0,268000.0,263000.0,280000.0,285000.0,282500.0,266100.0,294950.0,273024.0
394576,146,"Eugene, OR",msa,OR,217900.0,224450.0,218950.0,229900.0,225250.0,229000.0,224830.0,215000.0,210000.0,205700.0,200000.0,200000.0,213000.0,215000.0,200000.0,200000.0,216000.0,214900.0,200000.0,197500.0,195000.0,193500.0,195125.0,189125.0,183950.0,189750.0,181250.0,204000.0,191500.0,205000.0,194500.0,173886.0,162000.0,176500.0,175000.0,155950.0,145000.0,170720.0,163000.0,169450.0,175000.0,180000.0,165000.0,179450.0,152000.0,156500.0,177000.0,156560.0,149000.0,156900.0,165450.0,170000.0,180027.0,167500.0,170000.0,183000.0,170000.0,177000.0,170000.0,188350.0,165000.0,177000.0,206000.0,205000.0,217750.0,218950.0,209950.0,206000.0,189500.0,210750.0,197500.0,203700.0,203000.0,199700.0,201500.0,217000.0,217312.0,212500.0,207000.0,200000.0,209250.0,210000.0,199900.0,200000.0,190000.0,213000.0,216000.0,210500.0,221000.0,228000.0,221000.0,213250.0,227500.0,212000.0,210000.0,215250.0,209900.0,225000.0,225000.0,235950.0,239240.0,240000.0,235000.0,235000.0,242250.0,235000.0,228250.0,235000.0,230000.0,234000.0,249000.0,260000.0,258780.0,255500.0,266500.0,261100.0,265000.0,265900.0,249900.0,253450.0,275500.0,261950.0,275000.0,275000.0,294500.0,286250.0,285000.0,287000.0,284500.0,270000.0,285000.0,274950.0,281000.0,285000.0,290000.0,290000.0,309000.0,300000.0,304500.0,295000.0,294000.0,295000.0,309000.0,308000.0,315000.0,320000.0,323000.0,315000.0,324900.0,330450.0,340000.0,349000.0,355000.0,347800.0,337500.0,351500.0,359600.0,369950.0,360000.0,385000.0,405000.0,395000.0,408000.0,402000.0,399500.0,395000.0,400000.0,388777.0,413250.0,426000.0,448666.0,449200.0,426750.0,435000.0,445000.0,450000.0,419000.0,407000.0,425000.0,417250.0,412000.0,415000.0,438000.0,439950.0,450000.0,450000.0,445000.0,449000.0,429600.0,420000.0,423450.0,418950.0,425000.0,425000.0,451000.0,442500.0,450000.0,473000.0,441250.0,450000.0,470000.0,441900.0,448000.0,435000.0,439000.0,449500.0,464000.0,454000.0,460000.0,480000.0,460000.0,450000.0,450000.0,468624.0
394901,147,"Naples, FL",msa,FL,320000.0,330000.0,309150.0,325000.0,325000.0,282950.0,265000.0,245000.0,248500.0,210000.0,215000.0,196000.0,197000.0,193000.0,195500.0,198500.0,205000.0,194900.0,182350.0,197500.0,190000.0,190000.0,200000.0,190000.0,195000.0,205000.0,213000.0,199761.0,210000.0,190000.0,161250.0,175000.0,160000.0,180000.0,183950.0,175000.0,190500.0,173000.0,200000.0,215000.0,215000.0,193500.0,169000.0,169000.0,167750.0,165000.0,180000.0,190000.0,189500.0,211000.0,225000.0,224000.0,215000.0,189900.0,200000.0,190000.0,192000.0,211000.0,218500.0,210000.0,220000.0,250000.0,250000.0,240000.0,244500.0,227000.0,225000.0,220000.0,237000.0,225000.0,240000.0,250000.0,248000.0,260000.0,261000.0,255000.0,260500.0,252000.0,249950.0,255000.0,247750.0,249900.0,275000.0,303000.0,284000.0,288250.0,300000.0,300000.0,293000.0,275000.0,270000.0,274000.0,260500.0,290000.0,296750.0,311200.0,306000.0,290000.0,309500.0,300500.0,287000.0,285000.0,290000.0,290399.0,285000.0,282000.0,322500.0,310000.0,316000.0,320000.0,320000.0,324000.0,307000.0,290500.0,304500.0,290000.0,310000.0,293000.0,295000.0,307500.0,335000.0,344500.0,325500.0,325000.0,305000.0,312000.0,300000.0,299000.0,311250.0,309000.0,307750.0,322500.0,315000.0,325000.0,322250.0,332425.0,320000.0,300000.0,300000.0,300937.0,314500.0,305000.0,320000.0,315000.0,335000.0,360000.0,335000.0,320000.0,349450.0,350000.0,345000.0,360000.0,375000.0,360000.0,375000.0,375000.0,380000.0,393000.0,412000.0,400000.0,420000.0,420000.0,415000.0,424000.0,435750.0,456250.0,479500.0,492500.0,499900.0,533000.0,540000.0,568000.0,560000.0,500500.0,525000.0,502000.0,495000.0,560000.0,525000.0,555000.0,575000.0,600000.0,600000.0,575000.0,564900.0,579000.0,569450.0,545000.0,555000.0,547000.0,590000.0,610000.0,600000.0,660000.0,627000.0,643437.0,570000.0,570000.0,575000.0,547250.0,540000.0,550000.0,595000.0,645000.0,650000.0,630500.0,580000.0,595000.0,574950.0,560000.0,556000.0,540000.0,535000.0,519442.0
394332,148,"Ann Arbor, MI",msa,MI,160300.0,166000.0,185000.0,187400.0,180000.0,189900.0,177000.0,156000.0,160000.0,160000.0,155000.0,120000.0,133500.0,120000.0,129500.0,145000.0,161000.0,155000.0,155875.0,140000.0,135250.0,136800.0,145000.0,135000.0,119002.0,136250.0,152000.0,157000.0,167500.0,147750.0,155000.0,154950.0,139500.0,130125.0,155000.0,125000.0,128250.0,131000.0,135000.0,155000.0,175000.0,175000.0,144900.0,148000.0,146000.0,143750.0,140000.0,127000.0,135000.0,142500.0,152750.0,159950.0,189450.0,180450.0,165000.0,170500.0,160000.0,190000.0,155000.0,151750.0,144700.0,155000.0,175000.0,188250.0,200000.0,190500.0,195250.0,200000.0,185000.0,182750.0,173500.0,174488.0,165000.0,178060.0,186000.0,200000.0,210000.0,217000.0,198900.0,191500.0,180100.0,199250.0,186000.0,170000.0,181500.0,210000.0,190000.0,217250.0,212000.0,239400.0,204000.0,202000.0,193250.0,191350.0,209000.0,185000.0,199930.0,208950.0,210000.0,230000.0,239000.0,226000.0,220000.0,220000.0,210000.0,220000.0,225000.0,226000.0,210000.0,208000.0,237000.0,259900.0,250000.0,250000.0,245000.0,241000.0,225000.0,225000.0,220550.0,242000.0,263000.0,263000.0,265000.0,275375.0,268500.0,278000.0,268450.0,246500.0,249000.0,250000.0,240000.0,245000.0,255000.0,273000.0,270000.0,279900.0,290000.0,272298.0,279400.0,267250.0,260000.0,247100.0,260000.0,262900.0,239900.0,265000.0,287000.0,297450.0,290000.0,290000.0,278000.0,276500.0,270000.0,279950.0,278000.0,269900.0,265000.0,326000.0,319500.0,325000.0,328700.0,332000.0,305300.0,312500.0,308950.0,324450.0,300000.0,275000.0,310000.0,310000.0,355000.0,377000.0,355000.0,367000.0,350000.0,330000.0,325000.0,338750.0,325000.0,300000.0,319000.0,320500.0,354000.0,382000.0,378165.0,375000.0,360000.0,350000.0,332500.0,345000.0,330000.0,352500.0,342500.0,380000.0,370000.0,402500.0,399950.0,395000.0,372800.0,369950.0,390000.0,370000.0,380000.0,358500.0,355000.0,372500.0,390500.0,395000.0,409000.0,405000.0,412250.0,420000.0,385000.0,400101.0
394927,149,"Ocala, FL",msa,FL,139900.0,134000.0,144600.0,135000.0,145000.0,135000.0,121600.0,132000.0,120000.0,120000.0,119500.0,111000.0,110000.0,98000.0,112000.0,110000.0,110000.0,111900.0,102000.0,93000.0,93850.0,90000.0,99000.0,100000.0,90000.0,90000.0,95000.0,92000.0,89250.0,85000.0,80000.0,77000.0,85000.0,71950.0,76500.0,79900.0,75000.0,75200.0,77000.0,80500.0,76250.0,79500.0,80300.0,73000.0,78000.0,85000.0,80500.0,75000.0,75000.0,85000.0,90000.0,84900.0,84700.0,92500.0,88606.0,90000.0,85450.0,85000.0,88000.0,85000.0,89000.0,95000.0,92250.0,86750.0,90000.0,93750.0,94700.0,95000.0,89950.0,90000.0,85000.0,86750.0,85000.0,89900.0,87050.0,95250.0,101100.0,105000.0,94500.0,87700.0,90500.0,85000.0,90000.0,90000.0,90500.0,100000.0,100000.0,96500.0,101125.0,100000.0,105000.0,109250.0,96050.0,95500.0,104000.0,100000.0,105000.0,113500.0,113750.0,121300.0,119250.0,121500.0,115000.0,124000.0,117000.0,118000.0,120000.0,126900.0,118800.0,125000.0,129000.0,130000.0,140000.0,139000.0,129900.0,145000.0,140500.0,138000.0,137000.0,135000.0,143000.0,144000.0,140000.0,140250.0,154000.0,150000.0,153000.0,150000.0,151250.0,150000.0,158000.0,150000.0,153500.0,154000.0,153000.0,155000.0,170000.0,162900.0,158000.0,155000.0,158000.0,160000.0,167000.0,159850.0,158000.0,169950.0,169900.0,157000.0,168800.0,170000.0,173400.0,169900.0,182500.0,181000.0,174000.0,175000.0,179900.0,191000.0,200000.0,205500.0,216300.0,221150.0,218000.0,229900.0,229500.0,229900.0,234900.0,233350.0,245000.0,252400.0,250000.0,260000.0,266000.0,265350.0,264000.0,255000.0,257500.0,249000.0,239000.0,229500.0,255000.0,256250.0,260000.0,255000.0,250000.0,249900.0,250000.0,246700.0,250000.0,249000.0,245000.0,247500.0,262000.0,264950.0,267500.0,269000.0,265000.0,258000.0,260000.0,255000.0,265000.0,263000.0,260000.0,258500.0,264500.0,258700.0,265000.0,269700.0,260000.0,255000.0,265000.0,255000.0,259945.0,247258.0
394679,150,"Hickory, NC",msa,NC,100000.0,110000.0,105000.0,112500.0,116500.0,108000.0,115000.0,100873.0,111000.0,105000.0,115000.0,98950.0,100000.0,116000.0,102000.0,103000.0,107000.0,119000.0,113000.0,110500.0,107000.0,106000.0,99750.0,123000.0,103500.0,99750.0,109500.0,113000.0,101500.0,109250.0,104000.0,110000.0,112000.0,103000.0,105000.0,90000.0,92000.0,92500.0,94500.0,103520.0,107500.0,97000.0,101000.0,110000.0,110000.0,105000.0,97000.0,99500.0,100000.0,108000.0,112500.0,120000.0,110000.0,102000.0,108000.0,95000.0,113000.0,97250.0,98500.0,100000.0,110000.0,107500.0,100000.0,112000.0,122500.0,125000.0,110000.0,110000.0,105000.0,108000.0,104950.0,105500.0,99950.0,105250.0,105000.0,108345.0,120000.0,117250.0,107000.0,120000.0,119500.0,106500.0,112000.0,96000.0,109000.0,115000.0,114000.0,113500.0,123750.0,125000.0,122000.0,127500.0,115000.0,117000.0,125000.0,108250.0,99000.0,115000.0,127000.0,124000.0,126750.0,140000.0,130000.0,125500.0,119750.0,124500.0,135000.0,116250.0,112000.0,116000.0,135000.0,130000.0,134000.0,135000.0,130000.0,142000.0,137500.0,125000.0,128500.0,139500.0,141000.0,130000.0,140500.0,144000.0,138750.0,147000.0,145000.0,149000.0,137250.0,145000.0,145000.0,144000.0,141000.0,151000.0,158000.0,160000.0,156000.0,168000.0,164000.0,154000.0,157000.0,165000.0,168000.0,154000.0,161500.0,165000.0,173000.0,168000.0,180000.0,179000.0,185000.0,190000.0,189000.0,188500.0,184000.0,179750.0,183000.0,188000.0,182500.0,196000.0,205000.0,190500.0,200000.0,205000.0,201000.0,220000.0,206430.0,205000.0,220000.0,215000.0,225000.0,225000.0,231000.0,220000.0,242000.0,225000.0,226000.0,225000.0,227000.0,215250.0,215000.0,233000.0,230000.0,245000.0,250000.0,241750.0,260000.0,245500.0,243000.0,235000.0,243000.0,234000.0,232500.0,252500.0,255000.0,260000.0,250000.0,268500.0,263500.0,250000.0,265000.0,272500.0,242000.0,257500.0,244000.0,260000.0,263250.0,267000.0,281500.0,265000.0,250000.0,276000.0,265000.0,259381.0
394697,151,"Huntington, WV",msa,OH,82000.0,100000.0,106900.0,109000.0,109200.0,100000.0,112000.0,89850.0,112000.0,85000.0,89900.0,93000.0,98349.0,95000.0,115000.0,110000.0,112750.0,117500.0,100000.0,95000.0,108000.0,103000.0,88000.0,89000.0,99000.0,96750.0,107500.0,110000.0,122425.0,94800.0,116618.0,109000.0,103000.0,109500.0,101500.0,77750.0,97000.0,98500.0,109500.0,105500.0,120000.0,118500.0,121500.0,85000.0,85000.0,100000.0,132000.0,92500.0,115000.0,119700.0,115500.0,115000.0,121000.0,112125.0,115000.0,97750.0,125000.0,124000.0,100000.0,110500.0,103000.0,112250.0,103000.0,121800.0,117000.0,125000.0,117750.0,122000.0,113500.0,105000.0,108000.0,91678.0,102432.0,100000.0,109000.0,119250.0,125000.0,125000.0,123000.0,101500.0,112500.0,99000.0,107500.0,106750.0,118250.0,122000.0,139300.0,127500.0,135000.0,123000.0,129500.0,123500.0,120000.0,120000.0,109000.0,99750.0,120000.0,107500.0,140000.0,119500.0,129000.0,133000.0,130000.0,133000.0,126000.0,127575.0,118250.0,98250.0,102300.0,121750.0,108000.0,125000.0,121000.0,122000.0,120500.0,126000.0,115500.0,112500.0,114250.0,102500.0,115000.0,115500.0,128000.0,127500.0,121450.0,134750.0,122000.0,125000.0,123500.0,120000.0,120000.0,105000.0,132000.0,117900.0,125000.0,130000.0,135000.0,127000.0,135000.0,120000.0,120000.0,117500.0,125250.0,119000.0,125000.0,129500.0,139000.0,125000.0,130750.0,129000.0,147250.0,128500.0,137450.0,144000.0,127850.0,129500.0,138909.0,134950.0,131000.0,145000.0,141900.0,149950.0,152000.0,149000.0,151750.0,150000.0,145000.0,140000.0,140000.0,145000.0,146000.0,158000.0,164000.0,158200.0,160000.0,150000.0,145000.0,159000.0,145000.0,125000.0,139500.0,145000.0,146750.0,160000.0,164900.0,161000.0,162500.0,157500.0,145000.0,160750.0,160500.0,140000.0,145000.0,140750.0,162800.0,170750.0,175000.0,171999.0,160000.0,168000.0,167000.0,169150.0,177000.0,155000.0,170000.0,170000.0,165000.0,190000.0,200000.0,182750.0,179500.0,175000.0,185000.0,174571.0
394602,152,"Fort Collins, CO",msa,CO,216500.0,205000.0,207500.0,215000.0,203550.0,207900.0,208500.0,215000.0,218750.0,200000.0,209430.0,200000.0,195000.0,209950.0,209000.0,199826.0,201025.0,205000.0,204500.0,205000.0,205000.0,202000.0,209900.0,208500.0,213450.0,205000.0,212000.0,212250.0,217450.0,217500.0,214000.0,213000.0,214500.0,204450.0,205000.0,211000.0,213500.0,200000.0,210000.0,210750.0,219500.0,214200.0,214900.0,215000.0,205000.0,218000.0,201000.0,202000.0,205000.0,210000.0,225250.0,221000.0,222000.0,218700.0,218750.0,228500.0,225000.0,222000.0,200000.0,223500.0,213450.0,221500.0,230000.0,230000.0,238250.0,235000.0,245000.0,236900.0,229000.0,227500.0,233000.0,225000.0,227500.0,231900.0,243900.0,245000.0,249000.0,250000.0,245000.0,250000.0,250500.0,249500.0,264000.0,252000.0,262200.0,275000.0,280000.0,276200.0,293750.0,280000.0,280750.0,285500.0,278000.0,275000.0,286900.0,289000.0,295000.0,301000.0,305000.0,312750.0,325000.0,325000.0,314250.0,318250.0,310000.0,321100.0,325000.0,312000.0,332000.0,330000.0,335000.0,345000.0,350750.0,345000.0,346000.0,335000.0,357500.0,340000.0,351250.0,353000.0,355000.0,360000.0,365000.0,377950.0,369000.0,372500.0,375000.0,370000.0,365000.0,369250.0,360000.0,369900.0,375000.0,375500.0,381900.0,395000.0,397750.0,380000.0,389950.0,380000.0,370000.0,360500.0,376105.0,372000.0,375000.0,390000.0,401250.0,396250.0,403150.0,400000.0,410000.0,425000.0,415000.0,400000.0,400000.0,410000.0,425000.0,433250.0,429710.0,460000.0,457000.0,475000.0,475000.0,463600.0,471000.0,465000.0,480000.0,477800.0,512500.0,520000.0,554000.0,550000.0,541500.0,540000.0,521000.0,530000.0,537500.0,525000.0,510000.0,520000.0,515000.0,530000.0,534000.0,550000.0,543250.0,560000.0,542000.0,539900.0,516000.0,492350.0,505000.0,511000.0,540000.0,565000.0,550000.0,568750.0,570000.0,539000.0,530500.0,550000.0,537000.0,536250.0,540000.0,533250.0,526000.0,557500.0,550000.0,550000.0,555000.0,535000.0,554500.0,535000.0,565000.0,511607.0
395033,153,"Rockford, IL",msa,IL,102250.0,106250.0,114900.0,114950.0,122000.0,120000.0,119000.0,108000.0,107800.0,110000.0,111000.0,106250.0,95500.0,98000.0,101000.0,108500.0,109000.0,107500.0,106000.0,111000.0,108500.0,102000.0,104500.0,95000.0,103000.0,107500.0,103000.0,105000.0,99000.0,96000.0,95000.0,103500.0,88000.0,95000.0,90500.0,100000.0,88500.0,79500.0,87000.0,72000.0,84000.0,87500.0,85000.0,85885.0,87000.0,82250.0,79500.0,75000.0,67000.0,77500.0,79000.0,92460.0,88000.0,89950.0,83750.0,77500.0,84500.0,76000.0,80000.0,83000.0,80000.0,82000.0,93200.0,90000.0,85000.0,93500.0,90000.0,85000.0,80750.0,80000.0,76000.0,64000.0,64000.0,75000.0,80000.0,86250.0,91500.0,90000.0,97500.0,90000.0,92000.0,81900.0,80500.0,79500.0,80000.0,75000.0,87500.0,87950.0,102000.0,98250.0,100000.0,93500.0,85000.0,99000.0,86000.0,87500.0,89000.0,99700.0,98000.0,112000.0,108750.0,109950.0,110000.0,114000.0,107000.0,100500.0,102750.0,89500.0,93850.0,96000.0,112000.0,115000.0,116750.0,112000.0,114000.0,113500.0,114000.0,120000.0,120000.0,99500.0,102250.0,110000.0,120000.0,120950.0,127000.0,123500.0,118000.0,123750.0,118000.0,118000.0,104999.0,107500.0,115000.0,115000.0,125000.0,124000.0,129900.0,129900.0,138000.0,125901.0,115000.0,130000.0,120000.0,114950.0,114750.0,130000.0,124000.0,124500.0,130000.0,144000.0,138000.0,138000.0,132500.0,141500.0,130000.0,124000.0,120000.0,125000.0,140000.0,150000.0,150000.0,150000.0,152000.0,148000.0,140000.0,140000.0,144000.0,129000.0,121500.0,143000.0,150000.0,154000.0,165000.0,156000.0,158000.0,155000.0,150000.0,145000.0,145000.0,132500.0,137000.0,145000.0,150000.0,158750.0,161000.0,160100.0,160000.0,171500.0,157000.0,165000.0,155000.0,155000.0,160000.0,173000.0,170000.0,165000.0,184500.0,194000.0,175500.0,180000.0,180000.0,181000.0,168500.0,185000.0,178500.0,180000.0,185000.0,198500.0,190000.0,205000.0,210500.0,198750.0,192000.0,192899.0
394796,154,"Lincoln, NE",msa,NE,125000.0,124000.0,127500.0,124000.0,126750.0,135000.0,128000.0,129500.0,124000.0,125000.0,120000.0,121750.0,131000.0,122000.0,123750.0,128000.0,127000.0,129000.0,128000.0,123000.0,124950.0,125000.0,119500.0,138000.0,125000.0,130000.0,127000.0,128000.0,125900.0,125250.0,125500.0,128000.0,125000.0,129000.0,126500.0,122950.0,130000.0,130000.0,129000.0,125000.0,128000.0,126000.0,130000.0,126000.0,128500.0,129000.0,116000.0,129000.0,133000.0,126500.0,134950.0,127000.0,134000.0,141111.0,134000.0,128500.0,130000.0,134000.0,120000.0,130000.0,124000.0,130000.0,133000.0,137000.0,141500.0,139500.0,135500.0,133500.0,126000.0,125500.0,130500.0,123500.0,128500.0,126000.0,137500.0,138000.0,139000.0,135000.0,140000.0,135000.0,138000.0,139000.0,126500.0,126250.0,137000.0,140000.0,140000.0,150000.0,153000.0,148000.0,152000.0,142000.0,136000.0,142000.0,145000.0,141500.0,142000.0,152500.0,145000.0,153000.0,158000.0,160000.0,151500.0,155000.0,145000.0,148000.0,150000.0,139000.0,147550.0,149000.0,155000.0,155000.0,165000.0,166000.0,162000.0,160000.0,155000.0,161750.0,152000.0,163500.0,170500.0,165000.0,172750.0,167000.0,180000.0,173000.0,172950.0,174000.0,168500.0,180000.0,169450.0,165000.0,165000.0,175000.0,180000.0,185000.0,189000.0,182000.0,182944.0,185500.0,180000.0,180000.0,179900.0,182250.0,166000.0,187500.0,185000.0,205000.0,200000.0,210000.0,200900.0,205000.0,212000.0,210750.0,193500.0,197000.0,219000.0,218500.0,220875.0,220000.0,225000.0,230800.0,230000.0,235000.0,229900.0,223000.0,225000.0,225000.0,219000.0,244500.0,250000.0,242000.0,250000.0,264500.0,250000.0,247500.0,247250.0,240000.0,238250.0,250000.0,234500.0,257052.0,265000.0,264500.0,282000.0,275000.0,266000.0,260000.0,265000.0,268500.0,250000.0,255000.0,248250.0,255750.0,260000.0,275000.0,290000.0,280750.0,275000.0,270000.0,280000.0,260000.0,268000.0,257000.0,265500.0,281250.0,261000.0,290000.0,280000.0,275000.0,285000.0,280000.0,285000.0,280057.0
394622,155,"Gainesville, FL",msa,FL,156000.0,168500.0,165500.0,170000.0,178500.0,159950.0,165000.0,163000.0,155000.0,150500.0,145000.0,169000.0,135000.0,157900.0,172250.0,163500.0,155000.0,149700.0,150000.0,133500.0,148000.0,151500.0,151000.0,150000.0,146950.0,136000.0,157500.0,147250.0,150000.0,142450.0,142000.0,148500.0,133500.0,127500.0,125000.0,115000.0,127500.0,131300.0,123000.0,127000.0,129000.0,120000.0,124900.0,123000.0,120500.0,106000.0,120000.0,117500.0,120000.0,120000.0,107500.0,118000.0,128000.0,118000.0,113500.0,120000.0,123000.0,130000.0,127900.0,104250.0,115000.0,135000.0,127450.0,132950.0,140750.0,135000.0,126200.0,122000.0,119000.0,110000.0,124000.0,105300.0,93500.0,126750.0,130000.0,127750.0,128950.0,135000.0,122750.0,125000.0,126000.0,114950.0,124500.0,114000.0,120000.0,138500.0,136500.0,150000.0,150000.0,141500.0,135000.0,144950.0,128000.0,126250.0,128000.0,132000.0,123350.0,143500.0,155000.0,169900.0,160000.0,153450.0,153750.0,154900.0,162000.0,155000.0,154500.0,145000.0,136250.0,156000.0,162250.0,167000.0,172000.0,167700.0,161625.0,162500.0,165250.0,167000.0,179450.0,150000.0,149000.0,179000.0,175000.0,179000.0,181500.0,178500.0,180000.0,173500.0,169950.0,182000.0,172500.0,162000.0,185000.0,194000.0,179700.0,185000.0,195850.0,197500.0,182000.0,184000.0,200000.0,188500.0,198750.0,180000.0,191500.0,190000.0,200000.0,196000.0,215000.0,209500.0,200000.0,225000.0,198500.0,218500.0,210000.0,211500.0,207500.0,210000.0,229000.0,230000.0,225000.0,240000.0,233750.0,241500.0,244650.0,240000.0,233750.0,216300.0,239950.0,249500.0,258250.0,269900.0,270000.0,264000.0,251450.0,261000.0,255000.0,260000.0,260000.0,277000.0,264850.0,265500.0,279450.0,290000.0,298000.0,279950.0,269500.0,282500.0,262500.0,285000.0,279500.0,260000.0,299000.0,280000.0,300000.0,299900.0,286000.0,282500.0,278800.0,263250.0,285000.0,300000.0,300000.0,269250.0,300000.0,285000.0,300000.0,302500.0,305000.0,300000.0,280000.0,275000.0,298000.0,293655.0
394405,156,"Boulder, CO",msa,CO,295000.0,300000.0,324000.0,318000.0,306500.0,300000.0,302000.0,293500.0,279900.0,283500.0,261500.0,272000.0,273500.0,265000.0,275000.0,269900.0,299950.0,300000.0,297250.0,280000.0,277900.0,275000.0,284950.0,280000.0,293051.0,295000.0,282000.0,288000.0,338250.0,322415.0,328000.0,338150.0,336700.0,322500.0,310000.0,306500.0,305000.0,306350.0,296000.0,310000.0,327500.0,309375.0,299999.0,286625.0,300600.0,309000.0,307650.0,298100.0,290000.0,325000.0,319000.0,354900.0,339500.0,315000.0,319000.0,311500.0,306500.0,300250.0,320000.0,305690.0,326000.0,325000.0,323425.0,349950.0,350000.0,329950.0,323000.0,310000.0,325000.0,314000.0,323000.0,329900.0,324950.0,350000.0,329900.0,325000.0,357250.0,350650.0,335000.0,330275.0,333000.0,344950.0,325000.0,327000.0,348250.0,386000.0,363500.0,388000.0,386250.0,390000.0,369900.0,364950.0,375000.0,385000.0,400000.0,387000.0,412000.0,437000.0,431250.0,439500.0,453500.0,435250.0,425000.0,419500.0,440000.0,441500.0,395840.0,462800.0,418000.0,442000.0,472250.0,493000.0,475000.0,465000.0,445000.0,461500.0,455000.0,435000.0,482750.0,485000.0,496450.0,521000.0,525000.0,520000.0,528000.0,495000.0,485000.0,495000.0,491105.0,485000.0,539250.0,500500.0,500000.0,515000.0,540000.0,530000.0,518000.0,519000.0,520000.0,515000.0,500000.0,512500.0,505000.0,500450.0,510000.0,542500.0,534800.0,515000.0,517500.0,555000.0,570000.0,575000.0,572250.0,559500.0,547500.0,538000.0,548000.0,586500.0,,650000.0,667777.0,640000.0,606000.0,635000.0,665000.0,635000.0,631000.0,652000.0,750000.0,715000.0,772500.0,775000.0,770000.0,703253.0,698000.0,723000.0,672500.0,667250.0,699600.0,680000.0,680000.0,733900.0,750000.0,735000.0,737250.0,745500.0,675000.0,714900.0,750000.0,705000.0,619900.0,655000.0,685000.0,715000.0,768000.0,720000.0,727825.0,770000.0,705000.0,695000.0,742481.0,720000.0,694250.0,700000.0,697000.0,696000.0,750000.0,740000.0,726867.0,723750.0,750000.0,697500.0,750000.0,750201.0
394646,157,"Green Bay, WI",msa,WI,124900.0,136500.0,127900.0,134250.0,138000.0,139900.0,139950.0,124500.0,134250.0,136500.0,120650.0,113250.0,111500.0,119500.0,127500.0,131000.0,119900.0,121000.0,124250.0,124000.0,118000.0,121000.0,120000.0,115000.0,118950.0,123300.0,120400.0,127500.0,130900.0,122600.0,140000.0,125000.0,124950.0,124000.0,130700.0,118650.0,125000.0,113000.0,120000.0,129750.0,132750.0,129900.0,123200.0,119000.0,122500.0,118550.0,121000.0,119750.0,111700.0,127000.0,111500.0,125950.0,129900.0,130000.0,128000.0,122500.0,121900.0,132000.0,120000.0,108000.0,112500.0,135000.0,124900.0,127575.0,130000.0,136300.0,132500.0,130200.0,126500.0,119500.0,111150.0,120800.0,127000.0,129350.0,130000.0,147900.0,136250.0,147500.0,145000.0,141500.0,128000.0,135300.0,129950.0,128700.0,120000.0,129950.0,136000.0,137700.0,146675.0,146500.0,153000.0,138950.0,145000.0,131950.0,139900.0,135000.0,144500.0,135450.0,142700.0,150700.0,149900.0,150950.0,158000.0,143000.0,150000.0,140000.0,152950.0,149100.0,150000.0,147750.0,150000.0,155000.0,155000.0,174150.0,166750.0,152900.0,157000.0,160000.0,155000.0,169900.0,159900.0,168000.0,150000.0,175000.0,174450.0,170000.0,165000.0,172000.0,166700.0,169900.0,163692.0,160500.0,160000.0,165000.0,174250.0,185000.0,190000.0,193000.0,189900.0,185000.0,175500.0,183000.0,172000.0,172250.0,168850.0,183000.0,180500.0,185500.0,195000.0,199900.0,205000.0,196000.0,200000.0,194550.0,185000.0,196500.0,180000.0,205000.0,208450.0,215550.0,220000.0,242000.0,220000.0,222000.0,239000.0,240000.0,215000.0,210000.0,220000.0,235000.0,255000.0,250300.0,250000.0,250000.0,260000.0,260000.0,274000.0,250000.0,250000.0,250000.0,229900.0,256000.0,255000.0,261000.0,302500.0,280000.0,285000.0,275000.0,270000.0,265450.0,261500.0,261666.0,274250.0,284000.0,285000.0,269900.0,307500.0,305000.0,300000.0,290000.0,293500.0,287450.0,285000.0,280000.0,277400.0,300000.0,310000.0,311000.0,310000.0,325000.0,332500.0,324000.0,315000.0,317663.0
394488,158,"Columbus, GA",msa,GA,135000.0,126900.0,135900.0,134759.0,136000.0,129750.0,137950.0,120000.0,114375.0,150000.0,124000.0,124900.0,119200.0,135000.0,115000.0,135000.0,137450.0,148530.0,120000.0,119900.0,123450.0,121100.0,110450.0,110000.0,105000.0,123500.0,118900.0,122448.0,123250.0,117900.0,115000.0,125587.0,118000.0,131000.0,128500.0,91000.0,121245.0,126000.0,118000.0,117255.0,116200.0,130500.0,110500.0,91000.0,110000.0,99900.0,104950.0,93500.0,89250.0,110000.0,120000.0,102491.0,123750.0,125000.0,110000.0,103450.0,112950.0,114950.0,118750.0,108000.0,89000.0,113500.0,107000.0,117750.0,114250.0,117357.0,122000.0,105000.0,95000.0,100000.0,118100.0,110000.0,106000.0,102000.0,106000.0,117873.0,121900.0,132500.0,120000.0,106000.0,122750.0,108000.0,131000.0,109950.0,113250.0,104950.0,115000.0,136000.0,138500.0,129000.0,135800.0,122000.0,112500.0,115000.0,127650.0,115000.0,127750.0,128000.0,135000.0,140000.0,138000.0,151000.0,128450.0,124627.0,125000.0,135000.0,125000.0,108000.0,120000.0,123500.0,134150.0,138500.0,139950.0,150000.0,134925.0,122750.0,135650.0,131200.0,124500.0,123475.0,125950.0,130250.0,140762.0,146330.0,155000.0,154950.0,142500.0,147500.0,125000.0,151375.0,142900.0,118000.0,146500.0,138000.0,149950.0,164950.0,155000.0,150000.0,147500.0,153000.0,153500.0,156500.0,141500.0,142000.0,136000.0,152500.0,150000.0,156000.0,159500.0,170000.0,165000.0,167500.0,172500.0,168750.0,170950.0,169662.0,147000.0,168000.0,170000.0,179900.0,190000.0,178000.0,174450.0,186000.0,180000.0,161000.0,179000.0,175000.0,170000.0,160000.0,200500.0,194750.0,193450.0,181000.0,183675.0,184750.0,177250.0,158500.0,174200.0,165950.0,172500.0,185000.0,180000.0,180500.0,192450.0,205000.0,186000.0,198750.0,172000.0,193000.0,176250.0,175000.0,180000.0,190000.0,200000.0,216000.0,225500.0,215000.0,206900.0,197900.0,185000.0,198250.0,180000.0,183750.0,169950.0,224000.0,201720.0,230000.0,237000.0,229000.0,235000.0,199150.0,229000.0,227738.0
395107,159,"South Bend, IN",msa,IN,88590.0,87392.0,91000.0,94484.0,109400.0,104453.0,89900.0,85000.0,89600.0,81500.0,79500.0,66250.0,70000.0,80500.0,87161.0,108250.0,100000.0,92500.0,105000.0,93000.0,87000.0,89900.0,88201.0,73000.0,76000.0,89950.0,90000.0,104000.0,100000.0,88900.0,85950.0,82000.0,87500.0,83500.0,88000.0,85000.0,74728.0,77500.0,98000.0,82150.0,90000.0,101000.0,92500.0,99450.0,86500.0,85000.0,78500.0,73750.0,67250.0,82237.0,81950.0,94700.0,95000.0,109450.0,106080.0,90000.0,91000.0,103250.0,91250.0,67750.0,73750.0,91000.0,97500.0,102500.0,110540.0,115000.0,108000.0,99000.0,103005.0,105000.0,87900.0,84000.0,91000.0,91500.0,92750.0,115000.0,110000.0,113545.0,125000.0,110134.0,100000.0,87000.0,96500.0,87500.0,86350.0,110000.0,110500.0,118000.0,123500.0,120200.0,119950.0,100920.0,113000.0,110000.0,106193.0,92500.0,99500.0,95000.0,115000.0,122500.0,125000.0,130000.0,120000.0,125000.0,113500.0,113591.0,110000.0,110000.0,106000.0,119900.0,121500.0,124500.0,130000.0,140000.0,125200.0,134218.0,129950.0,130750.0,116000.0,120509.0,120900.0,127750.0,127271.0,125000.0,143950.0,149900.0,140000.0,146125.0,130000.0,134798.0,120005.0,126500.0,112000.0,121000.0,135000.0,142250.0,150598.0,147500.0,157800.0,145000.0,138500.0,137700.0,142250.0,125000.0,131000.0,139950.0,159900.0,150000.0,159250.0,175000.0,165050.0,155000.0,157450.0,160000.0,154845.0,139000.0,142000.0,140000.0,167475.0,166450.0,175000.0,185000.0,185000.0,180000.0,169450.0,176000.0,173000.0,152000.0,159750.0,171000.0,185000.0,200000.0,201000.0,204000.0,180000.0,200600.0,187373.0,167950.0,175000.0,155158.0,182250.0,171500.0,182441.0,193500.0,197500.0,200000.0,205550.0,189020.0,180000.0,185000.0,170000.0,180000.0,175000.0,177500.0,194500.0,200000.0,210371.0,219000.0,232450.0,220000.0,194181.0,199900.0,187750.0,195000.0,184700.0,200000.0,220000.0,216088.0,231500.0,238250.0,230000.0,229000.0,215000.0,201927.0
395109,160,"Spartanburg, SC",msa,SC,109750.0,100000.0,100450.0,108200.0,97177.0,104900.0,92500.0,95000.0,87250.0,101000.0,89950.0,85500.0,80000.0,86500.0,99500.0,100000.0,114000.0,110000.0,103350.0,98300.0,97500.0,102500.0,95000.0,93000.0,79500.0,100000.0,108450.0,99500.0,106525.0,100750.0,90750.0,90000.0,90050.0,115000.0,81500.0,88700.0,89000.0,89900.0,96350.0,92250.0,101400.0,107950.0,112000.0,86300.0,86000.0,95500.0,88250.0,87500.0,95500.0,94620.0,105000.0,94750.0,110000.0,103500.0,100000.0,90000.0,104000.0,85000.0,91450.0,98450.0,92000.0,90450.0,100000.0,105000.0,105900.0,115404.0,105000.0,105000.0,96950.0,100000.0,93000.0,100000.0,85500.0,96815.0,99900.0,114900.0,107750.0,117000.0,116500.0,104900.0,106000.0,109500.0,112000.0,114000.0,105250.0,113500.0,117000.0,116000.0,129900.0,122500.0,124950.0,120000.0,123000.0,116030.0,110000.0,115000.0,105000.0,123500.0,120000.0,124700.0,128500.0,129500.0,132000.0,133800.0,121500.0,129450.0,123050.0,114500.0,130000.0,125000.0,134250.0,135407.0,142250.0,132900.0,140000.0,142500.0,132000.0,135000.0,136000.0,125000.0,140000.0,145000.0,140450.0,138000.0,144000.0,142500.0,141950.0,137245.0,140000.0,141500.0,141000.0,135000.0,141450.0,145000.0,150000.0,157199.0,161200.0,160700.0,155000.0,155000.0,153000.0,155000.0,159900.0,150000.0,150000.0,165000.0,175000.0,165375.0,175000.0,179450.0,189000.0,182000.0,179000.0,181700.0,180000.0,180000.0,180000.0,175000.0,192500.0,205000.0,210750.0,210000.0,205000.0,210000.0,209950.0,210000.0,203380.0,220500.0,209000.0,225000.0,232000.0,230000.0,250000.0,242000.0,234900.0,221650.0,237000.0,215000.0,215000.0,220000.0,225000.0,234000.0,240000.0,242900.0,249000.0,247000.0,245000.0,247800.0,241000.0,240000.0,215000.0,235000.0,228200.0,241900.0,252750.0,250000.0,265000.0,261000.0,250000.0,254500.0,250000.0,250000.0,239250.0,260000.0,249999.0,259900.0,256000.0,260000.0,267500.0,253500.0,275836.0,248750.0,250000.0,257111.0
394645,161,"Greeley, CO",msa,CO,157000.0,168000.0,159000.0,168500.0,166000.0,170000.0,163700.0,163400.0,147000.0,138900.0,144200.0,155000.0,144500.0,148000.0,152000.0,148000.0,159900.0,170000.0,165000.0,149900.0,166500.0,160500.0,155900.0,155000.0,156375.0,170000.0,174000.0,162600.0,161000.0,169950.0,158700.0,151750.0,156147.0,149950.0,147950.0,172900.0,139200.0,149000.0,149950.0,164500.0,165000.0,163000.0,158000.0,155000.0,150000.0,149900.0,145000.0,164000.0,153000.0,163500.0,175075.0,171000.0,187100.0,181500.0,185950.0,184000.0,169900.0,176900.0,174000.0,170000.0,179000.0,182500.0,196500.0,199900.0,195000.0,200000.0,189900.0,187900.0,190000.0,182500.0,192750.0,190000.0,204000.0,213836.0,217875.0,215500.0,213000.0,215000.0,215000.0,220000.0,215000.0,215750.0,220750.0,224500.0,245152.0,229500.0,250000.0,244000.0,244152.0,245112.0,245000.0,247000.0,242000.0,239250.0,249550.0,250000.0,257500.0,257500.0,265000.0,270000.0,275000.0,275000.0,276000.0,270000.0,275000.0,274250.0,280000.0,277500.0,285000.0,280000.0,292000.0,310000.0,305000.0,308174.0,309950.0,308000.0,308500.0,318700.0,300324.0,302784.0,320000.0,319950.0,328000.0,328950.0,326835.0,327606.0,326910.0,320000.0,330000.0,339000.0,329080.0,324900.0,325000.0,341175.0,340000.0,350000.0,340000.0,350000.0,350000.0,348000.0,340000.0,345000.0,345000.0,350000.0,347000.0,365000.0,368000.0,355250.0,365000.0,375000.0,375000.0,379000.0,380000.0,378500.0,385000.0,385000.0,375700.0,410000.0,425000.0,435000.0,430000.0,436750.0,435000.0,445000.0,448500.0,449300.0,446000.0,450000.0,468000.0,479000.0,490000.0,500000.0,492000.0,485000.0,475000.0,470000.0,463750.0,460000.0,443500.0,449900.0,460000.0,450000.0,465000.0,475000.0,473565.0,490000.0,485000.0,465000.0,472500.0,465300.0,460000.0,465000.0,460000.0,485000.0,499450.0,486000.0,489250.0,483750.0,480000.0,477000.0,465000.0,482000.0,490000.0,469000.0,489000.0,478000.0,504875.0,512000.0,492100.0,499995.0,495000.0,485000.0,485750.0,494680.0
394808,162,"Lubbock, TX",msa,TX,99100.0,103000.0,105750.0,111175.0,103000.0,107000.0,113500.0,110000.0,113900.0,104500.0,113500.0,100026.0,113000.0,104700.0,114250.0,108500.0,115000.0,110000.0,117000.0,111500.0,115000.0,105000.0,117000.0,110000.0,110000.0,108000.0,114250.0,112750.0,116500.0,115000.0,114000.0,119750.0,115500.0,115500.0,109950.0,109324.0,105000.0,119450.0,111400.0,117750.0,118250.0,119000.0,120725.0,124473.0,113100.0,121250.0,122250.0,114000.0,118650.0,121000.0,110750.0,122000.0,132000.0,123242.0,119000.0,113407.0,122800.0,125000.0,118500.0,114668.0,121500.0,119100.0,120000.0,128000.0,121170.0,125000.0,120000.0,119788.0,127000.0,129000.0,129000.0,120000.0,123000.0,123250.0,129750.0,127500.0,139950.0,131750.0,128725.0,136000.0,132000.0,127500.0,132000.0,130049.0,126876.0,124900.0,129752.0,135375.0,129250.0,129477.0,130492.0,130500.0,134000.0,134975.0,127297.0,140000.0,132000.0,141727.0,143947.0,147000.0,139000.0,149600.0,161000.0,148000.0,149950.0,151250.0,142000.0,125000.0,133388.0,137900.0,158250.0,152000.0,161500.0,149000.0,145000.0,151250.0,145000.0,150000.0,152900.0,147500.0,149450.0,151055.0,158350.0,152500.0,155000.0,159700.0,156093.0,158983.0,156000.0,156046.0,162075.0,149000.0,161500.0,153000.0,164200.0,170000.0,169000.0,166000.0,170000.0,163000.0,175000.0,159000.0,159950.0,149950.0,169950.0,168450.0,172000.0,174900.0,179900.0,189000.0,180000.0,180000.0,180000.0,192000.0,182525.0,180000.0,185500.0,183377.0,185000.0,210000.0,206905.0,200000.0,200000.0,207500.0,203500.0,209917.0,199250.0,189450.0,195500.0,228773.0,220000.0,220000.0,231000.0,225000.0,222000.0,220000.0,212471.0,214000.0,202250.0,216250.0,202889.0,222000.0,215500.0,228000.0,230000.0,223000.0,229950.0,222000.0,225000.0,220000.0,222500.0,209625.0,215000.0,240000.0,218000.0,237000.0,225000.0,229000.0,230000.0,227500.0,217000.0,215625.0,210000.0,220750.0,227750.0,215000.0,230000.0,230000.0,246000.0,234900.0,223450.0,229500.0,215000.0,229828.0
394471,163,"Clarksville, TN",msa,TN,109950.0,99510.0,102250.0,120000.0,118350.0,119500.0,107000.0,112250.0,108640.0,101000.0,111000.0,119000.0,114500.0,116500.0,117500.0,129500.0,125000.0,121750.0,120000.0,115340.0,114000.0,110000.0,101000.0,115500.0,111626.0,112900.0,121000.0,118450.0,120000.0,120900.0,119900.0,105250.0,115000.0,117000.0,112000.0,124900.0,116407.0,113000.0,114450.0,122900.0,127950.0,123750.0,123140.0,120000.0,116000.0,119900.0,119200.0,125000.0,124900.0,132000.0,124000.0,122250.0,127000.0,127600.0,133500.0,132500.0,122750.0,120550.0,125000.0,113500.0,116000.0,118000.0,120000.0,132700.0,137035.0,132250.0,120400.0,115000.0,114250.0,117500.0,110050.0,114000.0,118000.0,119000.0,117000.0,125000.0,132292.0,128950.0,130000.0,129900.0,125900.0,123250.0,113000.0,125500.0,119583.0,127000.0,128000.0,129500.0,142000.0,135000.0,132250.0,130760.0,128000.0,124000.0,135000.0,125000.0,128500.0,132000.0,129000.0,137750.0,139950.0,150000.0,145000.0,142500.0,143000.0,139950.0,137000.0,130000.0,145000.0,138000.0,135000.0,143700.0,145950.0,155000.0,144750.0,148500.0,150000.0,138900.0,149999.0,142450.0,156000.0,154900.0,155000.0,158000.0,170000.0,165000.0,162000.0,160000.0,155000.0,155000.0,160000.0,152500.0,164000.0,162000.0,170000.0,169900.0,180000.0,180000.0,173000.0,170550.0,160000.0,167000.0,169900.0,173000.0,172000.0,172000.0,185000.0,181700.0,190000.0,197750.0,195000.0,195000.0,196750.0,195000.0,195000.0,194750.0,197000.0,195500.0,224900.0,226000.0,235000.0,235000.0,230000.0,235000.0,245000.0,235000.0,230500.0,240000.0,260000.0,262000.0,265000.0,275000.0,290000.0,279000.0,265000.0,260000.0,270000.0,260000.0,249900.0,258000.0,258500.0,270000.0,270000.0,280000.0,290000.0,285000.0,275000.0,269000.0,270650.0,255000.0,264900.0,267000.0,278450.0,279900.0,275000.0,290000.0,290000.0,286000.0,283000.0,270000.0,281294.0,280823.0,275000.0,280000.0,280000.0,285000.0,283900.0,297900.0,294800.0,284450.0,305950.0,290000.0,290000.0,301036.0
395028,164,"Roanoke, VA",msa,VA,148000.0,159000.0,153000.0,162000.0,167950.0,159950.0,155000.0,152000.0,149950.0,146750.0,140000.0,136982.0,155250.0,136700.0,153000.0,151000.0,166750.0,155950.0,169150.0,163000.0,145000.0,141700.0,143000.0,145950.0,148500.0,150000.0,145000.0,154500.0,145450.0,157750.0,170500.0,159975.0,144500.0,141000.0,143250.0,137000.0,139750.0,125000.0,139000.0,148000.0,146000.0,154000.0,165500.0,130900.0,140000.0,144450.0,155250.0,123800.0,120000.0,131000.0,145000.0,151912.0,168000.0,150000.0,143000.0,140000.0,140000.0,149950.0,133900.0,138100.0,133975.0,141750.0,152750.0,160550.0,157250.0,159500.0,154000.0,157000.0,153000.0,150000.0,138000.0,146000.0,134950.0,152500.0,147554.0,155000.0,164000.0,163750.0,157975.0,155500.0,144450.0,156500.0,140000.0,152700.0,155500.0,144500.0,149950.0,167000.0,172000.0,162750.0,159000.0,150500.0,156000.0,154475.0,150000.0,155000.0,145000.0,141950.0,150000.0,161500.0,168975.0,157000.0,156900.0,158000.0,160000.0,163750.0,156500.0,141000.0,152500.0,158500.0,155500.0,171025.0,165000.0,175600.0,164000.0,169500.0,152500.0,160000.0,150000.0,159950.0,151500.0,150000.0,170000.0,174000.0,182250.0,172000.0,169950.0,176000.0,170000.0,158875.0,165725.0,162000.0,165000.0,169900.0,175000.0,182000.0,189925.0,188000.0,191000.0,170000.0,178900.0,187350.0,174000.0,182000.0,179924.0,185000.0,188000.0,191775.0,202000.0,207000.0,215000.0,215000.0,214475.0,210000.0,203575.0,200000.0,200500.0,210000.0,200000.0,227500.0,220000.0,218000.0,204500.0,238975.0,221750.0,214275.0,225000.0,215000.0,219250.0,215000.0,228250.0,250000.0,255000.0,242000.0,245000.0,237450.0,230250.0,225000.0,218500.0,235000.0,222400.0,245000.0,225000.0,245000.0,270000.0,258500.0,239950.0,245000.0,255000.0,240000.0,249975.0,236000.0,255000.0,250000.0,263000.0,277000.0,292500.0,273500.0,265000.0,271000.0,283400.0,285000.0,257900.0,253750.0,279500.0,270000.0,279891.0,289450.0,299975.0,305000.0,275000.0,280000.0,296500.0,298077.0
394579,165,"Evansville, IN",msa,IN,102000.0,100000.0,94200.0,103000.0,110000.0,112242.0,109400.0,102929.0,104229.0,99250.0,94000.0,89300.0,105050.0,107000.0,99000.0,118000.0,110000.0,108750.0,102000.0,99700.0,109000.0,103900.0,104900.0,107000.0,109900.0,107250.0,108000.0,118133.0,109900.0,98750.0,120000.0,109875.0,105000.0,110500.0,118088.0,95000.0,112018.0,107500.0,115000.0,117000.0,112900.0,121250.0,113680.0,110000.0,120000.0,106000.0,106500.0,113250.0,107643.0,122000.0,108000.0,114000.0,123000.0,114900.0,120000.0,120000.0,115000.0,129000.0,100000.0,112460.0,99900.0,109900.0,106000.0,128000.0,128200.0,118900.0,117600.0,119000.0,109000.0,117750.0,102000.0,98900.0,101500.0,117000.0,111000.0,125000.0,121000.0,123000.0,128000.0,118750.0,127500.0,123250.0,117900.0,117500.0,116900.0,119900.0,124000.0,130000.0,127900.0,131950.0,129767.0,121900.0,125300.0,120005.0,116500.0,127450.0,114000.0,119988.0,130445.0,129900.0,139000.0,135275.0,133944.0,136000.0,130000.0,128000.0,129635.0,123000.0,123000.0,135000.0,126739.0,130000.0,136597.0,133000.0,133031.0,131500.0,128893.0,129101.0,135000.0,137950.0,129900.0,138000.0,140500.0,147000.0,148000.0,145000.0,135000.0,142526.0,143950.0,139900.0,142000.0,130000.0,126749.0,145000.0,145000.0,148750.0,144001.0,153000.0,154900.0,159900.0,155000.0,155000.0,145000.0,149900.0,149450.0,136000.0,148000.0,150498.0,154950.0,160000.0,165522.0,169700.0,164000.0,163445.0,155000.0,169900.0,153250.0,165000.0,171000.0,168217.0,180000.0,183615.0,179450.0,175000.0,185000.0,171408.0,180000.0,164099.0,169200.0,175000.0,185000.0,182000.0,188730.0,180000.0,185000.0,180000.0,195000.0,175000.0,155000.0,171000.0,177500.0,180000.0,186000.0,205000.0,214100.0,214750.0,206675.0,190000.0,210000.0,185000.0,185000.0,197129.0,196200.0,204817.0,200328.0,200000.0,218000.0,213750.0,210000.0,219700.0,183771.0,209000.0,208000.0,190757.0,190000.0,210000.0,210000.0,230000.0,227000.0,225000.0,235500.0,230000.0,215000.0,218328.0
394747,167,"Kingsport, TN",msa,TN,97000.0,91550.0,104500.0,110000.0,108000.0,99000.0,100000.0,94950.0,100000.0,89500.0,85000.0,90000.0,90000.0,89750.0,93500.0,104250.0,99900.0,99900.0,105000.0,105000.0,97500.0,98348.0,92629.0,101014.0,85211.0,96220.0,95000.0,102750.0,94950.0,93000.0,95000.0,102500.0,106900.0,95000.0,98250.0,98000.0,94950.0,92000.0,100000.0,102800.0,103655.0,115500.0,94825.0,104000.0,90000.0,93000.0,95000.0,90000.0,90000.0,97000.0,102950.0,103374.0,98600.0,105000.0,95000.0,97000.0,100000.0,100000.0,86950.0,99950.0,95000.0,96250.0,107000.0,110000.0,110450.0,110000.0,110000.0,90500.0,96000.0,97125.0,102900.0,90000.0,102500.0,102000.0,97500.0,108000.0,105000.0,109500.0,112500.0,100000.0,104000.0,103950.0,102650.0,78499.0,102284.0,103250.0,97000.0,110000.0,120000.0,113600.0,112500.0,116000.0,102900.0,110000.0,100000.0,93200.0,98337.0,112268.0,117500.0,122500.0,115000.0,124000.0,115500.0,125000.0,126000.0,123050.0,115000.0,109750.0,105500.0,115000.0,119500.0,118000.0,129000.0,130000.0,125000.0,126000.0,130000.0,128000.0,125100.0,125000.0,125000.0,123000.0,125000.0,130000.0,134450.0,126200.0,125000.0,137000.0,129985.0,120000.0,124500.0,125000.0,126000.0,134950.0,128500.0,126900.0,140000.0,139000.0,140000.0,142700.0,151950.0,140000.0,135000.0,140000.0,127000.0,146950.0,141450.0,135500.0,157950.0,152500.0,155000.0,159000.0,152000.0,165000.0,149450.0,145000.0,150000.0,162500.0,160000.0,160000.0,166750.0,170000.0,174250.0,160000.0,172000.0,172500.0,175000.0,155000.0,159900.0,175000.0,175000.0,200000.0,185000.0,191000.0,195000.0,179900.0,191000.0,175000.0,179250.0,182665.0,190000.0,167500.0,195000.0,210000.0,214000.0,220000.0,200000.0,210000.0,215000.0,205250.0,200050.0,200000.0,187000.0,216000.0,211400.0,235000.0,235000.0,236000.0,221000.0,240000.0,220000.0,230000.0,230000.0,230000.0,200000.0,222500.0,236000.0,242000.0,249900.0,240000.0,230000.0,230000.0,242000.0,231084.0
394741,168,"Kennewick, WA",msa,WA,141396.0,139924.0,136764.0,138000.0,158157.0,146269.0,145500.0,146038.0,142864.0,139900.0,145532.0,141500.0,141825.0,135000.0,134089.0,149869.0,156469.0,148500.0,152250.0,147459.0,151710.0,147900.0,150421.0,146018.0,148500.0,163000.0,158500.0,152000.0,152020.0,164000.0,149950.0,154900.0,157088.0,165000.0,160000.0,148750.0,150000.0,150000.0,155000.0,155000.0,154900.0,157250.0,166500.0,159950.0,155000.0,149900.0,162105.0,162500.0,163077.0,165000.0,169000.0,163750.0,159000.0,165000.0,156000.0,163000.0,169900.0,169000.0,163000.0,154700.0,167200.0,164945.0,172495.0,164900.0,166750.0,166750.0,166450.0,163500.0,168222.0,165307.0,158000.0,160000.0,157450.0,164000.0,168000.0,175000.0,169900.0,173000.0,173719.0,175359.0,174719.0,173859.0,174719.0,174619.0,172719.0,171719.0,188983.0,179719.0,186469.0,184669.0,189969.0,180859.0,187119.0,185000.0,199000.0,199900.0,194950.0,186000.0,199900.0,207500.0,210000.0,219950.0,203500.0,201000.0,208075.0,212000.0,215000.0,207500.0,209894.0,215000.0,217144.0,229900.0,239719.0,228000.0,242000.0,239809.0,234619.0,234000.0,241969.0,229359.0,244000.0,239719.0,252853.0,249809.0,266863.0,268000.0,279216.0,272439.0,268745.0,264500.0,260824.0,266709.0,268000.0,270000.0,275000.0,291925.0,314000.0,290000.0,298500.0,296667.0,298787.0,293250.0,305000.0,279900.0,280000.0,293527.0,300000.0,305000.0,301000.0,329900.0,310000.0,320000.0,315000.0,323000.0,310000.0,313000.0,310000.0,325000.0,322500.0,355450.0,365000.0,375000.0,380000.0,365000.0,375000.0,363000.0,380000.0,385000.0,394500.0,398450.0,410000.0,409900.0,414500.0,419950.0,405500.0,415450.0,415000.0,385000.0,395000.0,378650.0,392000.0,389000.0,377150.0,399900.0,420000.0,418500.0,410000.0,400000.0,407000.0,401600.0,385750.0,406000.0,405000.0,420000.0,410000.0,415500.0,417000.0,434000.0,425000.0,420000.0,425000.0,410000.0,415000.0,422500.0,430000.0,420000.0,419500.0,428950.0,430000.0,426000.0,439900.0,420500.0,425000.0,411433.0
395179,169,"Utica, NY",msa,NY,84750.0,81450.0,85000.0,89250.0,85417.0,100000.0,93000.0,93280.0,85000.0,89950.0,82256.0,76785.0,88000.0,75250.0,87500.0,95400.0,92750.0,93000.0,96700.0,85000.0,101150.0,85000.0,88000.0,85000.0,81500.0,79950.0,89000.0,90950.0,99000.0,93000.0,98000.0,93182.0,98580.0,99950.0,103950.0,81500.0,89500.0,86600.0,87250.0,100000.0,86900.0,92600.0,99000.0,103000.0,96000.0,93920.0,96000.0,80000.0,85000.0,82000.0,94000.0,98500.0,101995.0,108250.0,104000.0,97750.0,94080.0,99250.0,92000.0,98000.0,86900.0,84200.0,94250.0,94340.0,100700.0,110250.0,116600.0,100701.0,101000.0,99060.0,100000.0,93750.0,103000.0,85000.0,98050.0,92500.0,106249.0,90752.0,105000.0,102500.0,105000.0,103037.0,110000.0,95000.0,90000.0,97000.0,92500.0,92700.0,94000.0,112000.0,120000.0,105000.0,108500.0,102771.0,95200.0,94000.0,94500.0,94870.0,84500.0,110000.0,109000.0,110000.0,115860.0,110000.0,95000.0,102000.0,112750.0,90000.0,91000.0,91750.0,89000.0,96818.0,95910.0,119225.0,115000.0,125000.0,125000.0,119440.0,121500.0,110000.0,100617.0,105500.0,113000.0,121720.0,115500.0,123000.0,128000.0,123600.0,120000.0,126500.0,121000.0,115750.0,116900.0,115300.0,113298.0,115000.0,134000.0,124750.0,132000.0,134950.0,141000.0,134000.0,133950.0,126500.0,121370.0,130000.0,127350.0,134950.0,139900.0,143000.0,145000.0,145000.0,155000.0,150000.0,152000.0,143550.0,145000.0,142500.0,156200.0,160500.0,150000.0,162900.0,168800.0,169750.0,177700.0,163000.0,171000.0,169750.0,162000.0,161000.0,163000.0,164100.0,168750.0,175000.0,195000.0,180000.0,185000.0,175000.0,172000.0,169950.0,169600.0,165000.0,165000.0,159000.0,185400.0,196100.0,200000.0,210000.0,169128.0,195645.0,190000.0,203625.0,196000.0,173000.0,190000.0,200000.0,200000.0,218800.0,213950.0,215000.0,208500.0,212000.0,214900.0,205000.0,202500.0,194000.0,200000.0,235950.0,225000.0,254400.0,235000.0,240999.0,241000.0,209522.0
394660,170,"Hagerstown, MD",msa,MD,194000.0,185000.0,193750.0,191000.0,189327.0,182900.0,179900.0,174900.0,170000.0,165000.0,155000.0,168000.0,153750.0,162000.0,155000.0,152250.0,170000.0,155000.0,144700.0,149450.0,154900.0,149155.0,138000.0,149500.0,145000.0,143650.0,143500.0,142900.0,147125.0,136500.0,144950.0,132000.0,137000.0,122444.0,125000.0,118950.0,128750.0,116000.0,135000.0,128750.0,125000.0,120000.0,121250.0,129900.0,135500.0,125000.0,134000.0,120000.0,123450.0,120000.0,132000.0,127000.0,139950.0,135000.0,143000.0,126500.0,134000.0,140000.0,125575.0,130000.0,128950.0,138000.0,142000.0,140000.0,133500.0,165000.0,154950.0,151150.0,139900.0,145900.0,139950.0,139900.0,134000.0,136000.0,149000.0,143000.0,156000.0,149900.0,149000.0,150000.0,159900.0,148000.0,140000.0,133000.0,132500.0,145000.0,144700.0,154000.0,153500.0,158000.0,158000.0,156950.0,145000.0,143500.0,144000.0,145500.0,135000.0,141000.0,159900.0,155000.0,169900.0,164000.0,159999.0,157450.0,167250.0,160750.0,154450.0,142500.0,160000.0,150000.0,160000.0,170000.0,175000.0,170000.0,164950.0,175000.0,159747.0,169450.0,163675.0,166000.0,175000.0,166000.0,174750.0,178950.0,181950.0,181250.0,194900.0,172990.0,179900.0,170000.0,179900.0,178000.0,172675.0,170000.0,180500.0,185000.0,195000.0,190000.0,194650.0,187000.0,184000.0,190000.0,187000.0,178500.0,193425.0,195000.0,205000.0,199900.0,215400.0,217000.0,213000.0,219450.0,219000.0,218000.0,210000.0,210000.0,205000.0,219900.0,225000.0,215000.0,235000.0,240000.0,240000.0,240000.0,242000.0,240000.0,245000.0,236900.0,240000.0,260000.0,256000.0,260000.0,265000.0,269167.0,255000.0,260000.0,250000.0,254000.0,256000.0,240737.0,250000.0,255000.0,274278.0,273000.0,282000.0,275000.0,279650.0,263750.0,269900.0,278500.0,265000.0,260000.0,299000.0,279000.0,289000.0,281000.0,292600.0,290758.0,300000.0,288150.0,290000.0,280000.0,289000.0,292000.0,293950.0,300390.0,305000.0,299000.0,300000.0,307500.0,305000.0,300000.0,315000.0,294826.0
394543,171,"Duluth, MN",msa,MN,102500.0,116300.0,124375.0,129750.0,128900.0,121051.0,123848.0,108675.0,102500.0,122500.0,106000.0,97600.0,112250.0,102000.0,97425.0,119900.0,109000.0,123000.0,115000.0,112420.0,105000.0,104750.0,105000.0,104000.0,108700.0,100000.0,119250.0,117000.0,126000.0,129450.0,125000.0,103500.0,110500.0,103000.0,105000.0,91005.0,102900.0,107000.0,105000.0,120000.0,122250.0,115000.0,119950.0,119750.0,95000.0,104000.0,111000.0,92000.0,96450.0,95000.0,113000.0,119450.0,119950.0,125300.0,120000.0,125000.0,110000.0,118000.0,117500.0,105000.0,92100.0,108500.0,110106.0,118900.0,139900.0,129950.0,128875.0,117750.0,115000.0,117000.0,110000.0,106000.0,110000.0,115000.0,122500.0,128000.0,140000.0,139750.0,135000.0,125000.0,124500.0,120000.0,123475.0,107625.0,107500.0,126250.0,130750.0,140000.0,149000.0,140000.0,138900.0,129900.0,121000.0,114950.0,122500.0,121500.0,125000.0,124250.0,127000.0,140750.0,147000.0,150000.0,140000.0,139900.0,136379.0,136447.0,128500.0,129000.0,115000.0,131250.0,140000.0,147000.0,162500.0,155750.0,147900.0,145750.0,138575.0,137000.0,139000.0,141000.0,147000.0,123500.0,140000.0,137500.0,165250.0,165500.0,159000.0,157500.0,140000.0,148000.0,145000.0,137500.0,125000.0,156000.0,153750.0,165000.0,172500.0,168000.0,162700.0,152000.0,149950.0,153900.0,138000.0,130500.0,140500.0,156000.0,180500.0,177500.0,184393.0,183300.0,177500.0,181300.0,175000.0,179950.0,170000.0,170000.0,149375.0,168500.0,186000.0,191000.0,208000.0,190000.0,213812.0,195000.0,199350.0,200000.0,182000.0,165000.0,179750.0,207000.0,197000.0,230000.0,225000.0,225751.0,213000.0,225000.0,200000.0,196500.0,181250.0,172500.0,215000.0,195000.0,209950.0,230000.0,259000.0,235000.0,235950.0,229900.0,230000.0,209900.0,206200.0,212500.0,195000.0,200000.0,225000.0,235000.0,283500.0,245000.0,250000.0,252500.0,228900.0,239500.0,220000.0,200000.0,208250.0,212250.0,241000.0,236900.0,270000.0,282000.0,250000.0,260000.0,247000.0,260961.0
394937,172,"Olympia, WA",msa,WA,230000.0,240000.0,245825.0,250000.0,241500.0,246090.0,243000.0,241000.0,245000.0,253379.0,234971.0,235000.0,239950.0,231000.0,225000.0,229000.0,230975.0,235000.0,230000.0,233500.0,222700.0,228467.0,215000.0,219000.0,217036.0,214000.0,215000.0,220000.0,232000.0,232000.0,224900.0,218200.0,206000.0,200000.0,213994.0,184750.0,188250.0,189250.0,195500.0,196500.0,200000.0,227000.0,190250.0,189750.0,205500.0,197500.0,183760.0,188500.0,187000.0,186500.0,195900.0,205100.0,216750.0,200450.0,200000.0,189900.0,206250.0,195500.0,183080.0,200000.0,179900.0,202000.0,200000.0,204450.0,205000.0,215000.0,213800.0,205000.0,192500.0,200000.0,204000.0,200000.0,187000.0,200000.0,205250.0,215000.0,219000.0,219667.0,222619.0,219719.0,219719.0,209900.0,223609.0,202219.0,209719.0,209719.0,214719.0,225859.0,234719.0,234719.0,231469.0,231969.0,229359.0,226857.0,229950.0,224719.0,234008.0,229719.0,244719.0,254719.0,249719.0,254432.0,259219.0,262219.0,249719.0,249619.0,249719.0,238719.0,254612.0,249719.0,259719.0,270000.0,279719.0,278720.0,274719.0,274719.0,265719.0,274719.0,275109.0,271219.0,279747.0,289029.0,289719.0,299719.0,309219.0,298910.0,309719.0,285219.0,294859.0,299000.0,300000.0,300000.0,300000.0,313000.0,309500.0,330000.0,329112.0,325000.0,335000.0,334900.0,325000.0,335000.0,319950.0,340000.0,333750.0,340000.0,345000.0,360000.0,365000.0,375000.0,380000.0,382000.0,380000.0,385000.0,385000.0,399500.0,405000.0,413250.0,425000.0,435000.0,455000.0,450000.0,460000.0,460000.0,460000.0,450000.0,467326.0,456500.0,470000.0,487130.0,504000.0,520000.0,510000.0,495000.0,480075.0,481500.0,488450.0,450000.0,477499.0,456850.0,458000.0,475000.0,480000.0,495000.0,509000.0,490000.0,517500.0,486000.0,487000.0,500000.0,487450.0,490000.0,484250.0,495500.0,503000.0,496000.0,499999.0,515000.0,505000.0,489500.0,499975.0,503000.0,487500.0,515000.0,515000.0,504000.0,525000.0,527500.0,525000.0,515000.0,505000.0,512500.0,503500.0,503001.0
394803,173,"Longview, TX",msa,TX,154884.0,136336.0,153566.0,137365.0,153191.0,138211.0,153570.0,154444.0,132168.0,133143.0,132636.0,123328.0,144850.0,151711.0,139581.0,144541.0,159235.0,142021.0,143339.0,147865.0,127612.0,131987.0,130159.0,136561.0,124891.0,134423.0,143539.0,133000.0,141538.0,163302.0,146264.0,134441.0,144025.0,136256.0,142720.0,133948.0,140000.0,160746.0,150946.0,147995.0,163359.0,138960.0,145902.0,154226.0,153781.0,153637.0,149804.0,146720.0,142318.0,165122.0,163602.0,133949.0,158378.0,153523.0,142973.0,141224.0,165346.0,130000.0,132500.0,122000.0,142000.0,132500.0,141151.0,140000.0,141750.0,160600.0,141872.0,143866.0,128950.0,142500.0,135000.0,137000.0,138000.0,135938.0,139750.0,150000.0,130000.0,136750.0,139123.0,146400.0,143000.0,140000.0,145900.0,139900.0,137158.0,149900.0,135100.0,149750.0,148716.0,150000.0,151000.0,163000.0,148000.0,143366.0,148639.0,134000.0,143950.0,137000.0,148000.0,145000.0,155000.0,152750.0,145000.0,151527.0,136500.0,157000.0,143500.0,134500.0,160000.0,134950.0,142000.0,152000.0,145000.0,151193.0,150000.0,151000.0,143000.0,157000.0,149950.0,152367.0,144500.0,163750.0,159900.0,163725.0,165750.0,169924.0,155000.0,149950.0,159900.0,164000.0,169950.0,159000.0,168618.0,158450.0,179347.0,175400.0,182000.0,171000.0,180500.0,154000.0,165000.0,173500.0,170000.0,156000.0,165000.0,168200.0,166555.0,184876.0,185000.0,178700.0,185000.0,187500.0,189000.0,204500.0,184583.0,177000.0,198712.0,205000.0,193000.0,209700.0,208250.0,215000.0,224999.0,210000.0,220350.0,225500.0,222500.0,200000.0,227000.0,250000.0,235000.0,240250.0,247000.0,238500.0,240000.0,229950.0,226500.0,244000.0,245250.0,209000.0,247750.0,223900.0,233750.0,239000.0,255000.0,255250.0,220000.0,245750.0,234650.0,236000.0,225500.0,212500.0,230000.0,230000.0,250000.0,245000.0,244950.0,249000.0,249900.0,263750.0,263000.0,249950.0,249500.0,232450.0,251000.0,260000.0,241000.0,248000.0,290000.0,263000.0,263125.0,245000.0,251000.0,278827.0
395229,174,"Wilmington, NC",msa,NC,215000.0,200000.0,200000.0,210000.0,217000.0,214000.0,230000.0,210000.0,205000.0,191500.0,196000.0,204000.0,198000.0,205500.0,190000.0,200500.0,193500.0,188000.0,195000.0,190000.0,187500.0,180000.0,188000.0,185000.0,200000.0,174000.0,187000.0,177000.0,197000.0,199000.0,205000.0,179000.0,178250.0,183000.0,178000.0,169000.0,153500.0,185000.0,162500.0,175000.0,180000.0,173500.0,181750.0,168250.0,166750.0,150000.0,159500.0,160000.0,159500.0,170000.0,178500.0,163000.0,175000.0,174250.0,168000.0,150750.0,160000.0,167000.0,169500.0,162500.0,165500.0,168500.0,175500.0,173000.0,186000.0,188000.0,179000.0,168250.0,177000.0,165000.0,166437.0,161592.0,195000.0,171000.0,182250.0,195000.0,180000.0,185000.0,175000.0,183000.0,187607.0,194500.0,196000.0,184000.0,165000.0,190000.0,195000.0,192750.0,195000.0,200000.0,200000.0,190000.0,192000.0,189250.0,198000.0,185500.0,193500.0,195250.0,210000.0,220000.0,200000.0,205500.0,210000.0,198750.0,206500.0,215000.0,225000.0,191000.0,205000.0,222000.0,223000.0,223000.0,230750.0,225500.0,238000.0,224000.0,220000.0,227405.0,216000.0,220500.0,231500.0,228000.0,232000.0,235750.0,242250.0,237000.0,230000.0,239000.0,231420.0,220000.0,222750.0,235000.0,219000.0,235500.0,235000.0,243000.0,251000.0,242000.0,250000.0,265950.0,240000.0,264000.0,244500.0,235000.0,260250.0,267500.0,258000.0,252000.0,275000.0,291000.0,296250.0,285000.0,290000.0,280000.0,290000.0,275000.0,283500.0,305000.0,280000.0,310000.0,315000.0,315750.0,315750.0,319000.0,314000.0,332500.0,330000.0,325000.0,325000.0,346000.0,369000.0,377500.0,385000.0,391500.0,376500.0,360000.0,378500.0,369750.0,345000.0,350000.0,380000.0,378500.0,383500.0,407000.0,414000.0,408000.0,405000.0,375500.0,400000.0,412000.0,400000.0,405999.0,410000.0,399000.0,419000.0,430000.0,439000.0,418500.0,432500.0,410000.0,435000.0,427000.0,420000.0,425000.0,433500.0,435000.0,429000.0,447628.0,450000.0,430000.0,462500.0,450000.0,453000.0,447874.0
395061,175,"San Luis Obispo, CA",msa,CA,480000.0,460000.0,464750.0,425000.0,455500.0,457500.0,412500.0,410000.0,392500.0,376500.0,393500.0,372000.0,365750.0,360000.0,359500.0,369000.0,374500.0,385000.0,385000.0,385000.0,375000.0,382500.0,387500.0,372500.0,369500.0,369000.0,350500.0,353750.0,395000.0,375000.0,375000.0,353250.0,350000.0,365000.0,335000.0,318500.0,320000.0,345000.0,360000.0,351000.0,327000.0,320000.0,340000.0,325000.0,330000.0,355000.0,325000.0,310500.0,308500.0,351000.0,344000.0,375000.0,370000.0,365000.0,358000.0,385000.0,359000.0,353000.0,379000.0,377500.0,377500.0,372000.0,386500.0,411750.0,412500.0,421250.0,419000.0,419000.0,426500.0,430000.0,440000.0,412500.0,426500.0,450000.0,410000.0,449000.0,455000.0,451000.0,436250.0,430000.0,412500.0,415000.0,443500.0,450000.0,451000.0,475000.0,465750.0,469000.0,480000.0,466500.0,482000.0,487000.0,486000.0,475000.0,478500.0,471250.0,450000.0,490000.0,515000.0,515000.0,480000.0,524000.0,505000.0,525000.0,494000.0,515000.0,500000.0,504000.0,495000.0,529500.0,539500.0,540000.0,519000.0,550000.0,560000.0,569000.0,540000.0,574500.0,566000.0,547000.0,572500.0,560000.0,555000.0,600000.0,555000.0,600000.0,591500.0,600000.0,550000.0,575500.0,589000.0,567500.0,555500.0,575000.0,610000.0,569000.0,599000.0,600000.0,575000.0,605000.0,585000.0,575000.0,590000.0,612500.0,592000.0,600000.0,575000.0,558750.0,607500.0,600000.0,640000.0,650000.0,650000.0,675000.0,675000.0,655000.0,629000.0,675000.0,723000.0,700000.0,725000.0,735000.0,735000.0,707500.0,750000.0,740000.0,750000.0,815000.0,768000.0,778000.0,825000.0,845000.0,842500.0,825000.0,795000.0,783000.0,776000.0,823750.0,809250.0,740000.0,785750.0,803500.0,800000.0,822500.0,800000.0,807250.0,806750.0,819500.0,849000.0,858000.0,810000.0,825000.0,850000.0,822500.0,875000.0,800000.0,827750.0,907500.0,875000.0,819000.0,857500.0,852250.0,857000.0,825000.0,900000.0,885000.0,907000.0,892500.0,820000.0,865000.0,889500.0,869000.0,875000.0,846385.0
753875,176,"Crestview, FL",msa,FL,211250.0,231000.0,222500.0,242000.0,260000.0,226000.0,219900.0,205000.0,187000.0,194950.0,190750.0,197500.0,195000.0,200000.0,200000.0,206000.0,205000.0,214250.0,201150.0,211000.0,204250.0,175000.0,194350.0,209000.0,200000.0,199500.0,200000.0,192750.0,177500.0,176000.0,180000.0,175000.0,188250.0,192000.0,190000.0,171750.0,165000.0,195250.0,182500.0,198000.0,195000.0,185000.0,185000.0,177000.0,171500.0,164750.0,169950.0,170000.0,148000.0,176000.0,200000.0,199900.0,195000.0,187500.0,190000.0,185000.0,185000.0,199000.0,183500.0,185000.0,159000.0,197250.0,195000.0,205000.0,210000.0,218000.0,201000.0,190000.0,182000.0,190000.0,194850.0,197000.0,192000.0,192000.0,188000.0,220000.0,192500.0,209000.0,206000.0,199950.0,198950.0,200500.0,209900.0,215500.0,223750.0,217000.0,210000.0,223000.0,237000.0,235000.0,227000.0,215000.0,205000.0,206000.0,207550.0,220500.0,226250.0,221750.0,248500.0,246000.0,255557.0,250000.0,250000.0,238000.0,220000.0,245450.0,232900.0,232000.0,246950.0,260000.0,260000.0,250000.0,274900.0,245000.0,246700.0,225000.0,247500.0,235000.0,260250.0,265000.0,263700.0,275000.0,265750.0,279900.0,287500.0,264622.0,273000.0,272500.0,275000.0,283000.0,253000.0,273800.0,250000.0,275000.0,269000.0,280000.0,285000.0,279000.0,285000.0,274950.0,260450.0,281200.0,292000.0,275000.0,275000.0,290000.0,280000.0,295000.0,331687.0,345000.0,359950.0,370000.0,345000.0,367750.0,360000.0,365000.0,360000.0,390000.0,389500.0,414950.0,375900.0,390000.0,372500.0,381000.0,399900.0,410000.0,410000.0,420000.0,425000.0,442500.0,481500.0,456250.0,450500.0,410000.0,419000.0,441500.0,400000.0,385000.0,395000.0,395000.0,410000.0,450000.0,435000.0,425000.0,430000.0,410500.0,449900.0,435000.0,431000.0,415000.0,405000.0,445000.0,437500.0,437500.0,465000.0,475000.0,479900.0,425000.0,435000.0,410000.0,425000.0,425000.0,415000.0,450000.0,425000.0,428000.0,429950.0,432500.0,462500.0,460000.0,435000.0,472500.0,475000.0,446146.0
394851,177,"Merced, CA",msa,CA,189000.0,197500.0,177750.0,162000.0,155000.0,150000.0,135000.0,135000.0,126000.0,120500.0,115000.0,115000.0,102500.0,104250.0,105000.0,105000.0,108750.0,105000.0,110000.0,115000.0,110000.0,120000.0,115000.0,115000.0,115000.0,112500.0,117000.0,119000.0,120000.0,118000.0,120000.0,120000.0,115500.0,115000.0,112000.0,105750.0,111250.0,114000.0,109000.0,110000.0,115000.0,109950.0,116900.0,115000.0,115000.0,115000.0,109450.0,108000.0,110000.0,111750.0,112000.0,120000.0,107450.0,119000.0,115750.0,137500.0,119250.0,125000.0,130000.0,130000.0,130000.0,131000.0,138000.0,144000.0,146750.0,155000.0,153750.0,165250.0,160000.0,150000.0,155750.0,155000.0,171500.0,157500.0,175000.0,160000.0,172500.0,170000.0,176250.0,166250.0,185000.0,175000.0,182500.0,160000.0,171000.0,176250.0,177000.0,200000.0,204000.0,210000.0,188000.0,200000.0,201500.0,195000.0,201000.0,191000.0,208500.0,195000.0,208000.0,210000.0,216000.0,223000.0,216500.0,214750.0,217750.0,210000.0,235000.0,220000.0,231000.0,220000.0,220000.0,228000.0,240000.0,250000.0,249500.0,237000.0,237250.0,250000.0,233000.0,251500.0,236250.0,240000.0,246000.0,251000.0,257000.0,245000.0,255000.0,260000.0,265000.0,239000.0,245000.0,250000.0,259000.0,242250.0,257500.0,270000.0,285000.0,264000.0,275500.0,275000.0,280000.0,262750.0,268500.0,273000.0,273250.0,279000.0,277000.0,275000.0,288000.0,295000.0,320000.0,310000.0,309500.0,317000.0,305000.0,307000.0,315000.0,330000.0,327500.0,350000.0,372000.0,365000.0,370000.0,375000.0,366500.0,370000.0,368000.0,380000.0,395500.0,405000.0,399000.0,410000.0,395000.0,405000.0,385000.0,383750.0,380000.0,360750.0,375000.0,374000.0,385000.0,394990.0,370000.0,390000.0,400000.0,405000.0,400000.0,388605.0,405000.0,393000.0,392495.0,380000.0,415000.0,390000.0,385500.0,415000.0,410000.0,396500.0,415000.0,396000.0,403000.0,400000.0,405000.0,409500.0,427500.0,415000.0,400000.0,417500.0,409000.0,420000.0,416000.0,430000.0,425000.0,405432.0
395197,178,"Waco, TX",msa,TX,,,,,,,,,,,,,,,,,,,,,,,,,,,,,,,,,,,,120450.0,130250.0,173210.0,122315.0,125787.0,130000.0,147669.0,115000.0,128500.0,113000.0,124000.0,125000.0,103125.0,109900.0,126250.0,125000.0,131750.0,119613.0,139700.0,132500.0,115500.0,128900.0,121900.0,127000.0,112000.0,115500.0,120000.0,115738.0,131000.0,135000.0,137200.0,132750.0,114250.0,135000.0,122500.0,131000.0,114459.0,110000.0,123000.0,120900.0,135000.0,136750.0,134950.0,134750.0,140000.0,134250.0,145000.0,135000.0,129700.0,140000.0,138150.0,145000.0,151500.0,155800.0,135000.0,135000.0,154500.0,140050.0,137000.0,144900.0,126000.0,135000.0,151000.0,152450.0,157125.0,165000.0,155000.0,158499.0,151300.0,140000.0,153250.0,155000.0,146000.0,149250.0,171000.0,157950.0,159900.0,180125.0,174700.0,169650.0,177715.0,175400.0,160000.0,174950.0,138000.0,172447.0,174523.0,175900.0,180131.0,189000.0,184950.0,179950.0,180000.0,182750.0,170000.0,164450.0,179750.0,165500.0,172000.0,180000.0,184950.0,199900.0,185000.0,199700.0,187000.0,197000.0,185900.0,177000.0,184000.0,183750.0,192300.0,183000.0,209275.0,216750.0,209000.0,215000.0,210000.0,228750.0,208500.0,214900.0,212500.0,218950.0,219000.0,230000.0,235000.0,250000.0,259950.0,245000.0,242000.0,227500.0,235500.0,249900.0,249000.0,250000.0,240000.0,252000.0,290000.0,263000.0,269000.0,275000.0,252750.0,280000.0,232000.0,238750.0,250000.0,260000.0,236450.0,241183.0,277000.0,280000.0,288974.0,260000.0,249225.0,278250.0,257000.0,255000.0,255900.0,265000.0,283000.0,270000.0,280000.0,285000.0,280000.0,289000.0,260000.0,281500.0,275000.0,277500.0,272750.0,250000.0,283000.0,280000.0,280000.0,290957.0,302500.0,275000.0,279500.0,255853.0,267809.0
394447,179,"Cedar Rapids, IA",msa,IA,114500.0,117500.0,121000.0,124500.0,131500.0,120250.0,117500.0,122000.0,122500.0,125500.0,120000.0,129000.0,114225.0,119500.0,127500.0,133000.0,130750.0,129500.0,124500.0,122000.0,124000.0,118000.0,123000.0,124500.0,122000.0,120250.0,127250.0,121500.0,131500.0,129500.0,128500.0,129500.0,122000.0,118500.0,124500.0,104250.0,122000.0,123000.0,118000.0,121500.0,128500.0,125500.0,129500.0,124500.0,126250.0,123250.0,116000.0,117250.0,125500.0,125000.0,118500.0,124250.0,130500.0,131000.0,126500.0,126775.0,122000.0,125250.0,128000.0,127000.0,125000.0,124750.0,125940.0,138700.0,135500.0,130000.0,130000.0,134000.0,120250.0,120000.0,123000.0,119395.0,115500.0,132000.0,134500.0,130000.0,135000.0,134750.0,133500.0,127950.0,128250.0,133000.0,127500.0,128625.0,122000.0,147350.0,133000.0,134000.0,139950.0,143250.0,136000.0,127000.0,135000.0,136500.0,133000.0,122000.0,124500.0,127500.0,131000.0,136500.0,143000.0,136000.0,138000.0,135250.0,140000.0,139000.0,135000.0,130500.0,127750.0,143000.0,135000.0,135250.0,146500.0,142000.0,142500.0,144000.0,139000.0,148500.0,137000.0,139000.0,133500.0,140000.0,144250.0,148000.0,150000.0,159000.0,152000.0,165000.0,142000.0,140000.0,145250.0,148500.0,136000.0,146000.0,161500.0,151500.0,165000.0,159700.0,160000.0,159500.0,160000.0,155000.0,155000.0,149900.0,146500.0,153000.0,159900.0,163000.0,164500.0,166500.0,170000.0,174000.0,172000.0,175000.0,165000.0,159900.0,165000.0,154900.0,173000.0,180000.0,180000.0,185000.0,182000.0,174350.0,180000.0,169925.0,165000.0,172000.0,166500.0,170450.0,180000.0,195000.0,188250.0,199250.0,200000.0,192500.0,186500.0,189000.0,187500.0,173900.0,173250.0,188575.0,187100.0,190000.0,200000.0,199000.0,200000.0,209500.0,194500.0,192250.0,195000.0,200000.0,207100.0,185000.0,203000.0,203450.0,210000.0,225000.0,210000.0,215000.0,205000.0,203250.0,215000.0,198000.0,200000.0,195000.0,200000.0,223000.0,224000.0,224000.0,215000.0,220000.0,230000.0,217443.0
394348,180,"Atlantic City, NJ",msa,NJ,242500.0,249900.0,223000.0,255500.0,235625.0,240000.0,225000.0,216900.0,221000.0,209500.0,199500.0,199000.0,214000.0,215000.0,210000.0,200000.0,212875.0,215000.0,200000.0,218500.0,200850.0,185000.0,193000.0,190000.0,193200.0,194300.0,190000.0,207500.0,198675.0,190000.0,198500.0,210000.0,215000.0,205000.0,199000.0,182000.0,168250.0,185000.0,217000.0,196600.0,187500.0,192900.0,166250.0,216250.0,195000.0,190000.0,177000.0,160000.0,167000.0,190000.0,187250.0,183750.0,189200.0,201500.0,178000.0,177638.0,197000.0,194250.0,195000.0,170000.0,162000.0,160250.0,196250.0,185000.0,200000.0,189000.0,199900.0,190000.0,186187.0,188250.0,185000.0,170000.0,159000.0,160000.0,183950.0,189500.0,175000.0,179250.0,175000.0,178750.0,187975.0,165000.0,150000.0,157000.0,149500.0,155000.0,135900.0,169900.0,155500.0,150000.0,150000.0,163000.0,162500.0,138000.0,158620.0,152500.0,145000.0,139500.0,140000.0,160000.0,158550.0,148500.0,145000.0,175000.0,157000.0,165000.0,133250.0,134500.0,118400.0,150340.0,145000.0,149807.0,170000.0,150000.0,163000.0,166000.0,163750.0,158500.0,165000.0,161250.0,159500.0,157000.0,180000.0,175000.0,172875.0,180625.0,178500.0,165000.0,173500.0,165500.0,170000.0,170000.0,159900.0,174000.0,182000.0,175000.0,194700.0,182100.0,188636.0,196250.0,177000.0,180000.0,183250.0,163000.0,175000.0,185000.0,192875.0,185000.0,220000.0,220000.0,230000.0,225000.0,225000.0,235000.0,245000.0,225000.0,230000.0,235000.0,235000.0,240000.0,242500.0,235000.0,234000.0,243000.0,235000.0,259000.0,245000.0,239900.0,257000.0,269750.0,255135.0,275000.0,275000.0,268000.0,261000.0,275000.0,260000.0,253750.0,264900.0,235000.0,239000.0,269000.0,269000.0,275000.0,279900.0,285000.0,323778.0,295000.0,310000.0,295000.0,296000.0,250000.0,290000.0,325000.0,314500.0,312450.0,298000.0,304000.0,322000.0,332500.0,335000.0,325000.0,315000.0,318000.0,310999.0,318131.0,320000.0,350000.0,360000.0,349000.0,345000.0,330000.0,372000.0,388408.0
394412,181,"Bremerton, WA",msa,WA,250205.0,250280.0,260000.0,245280.0,270280.0,252030.0,275730.0,250280.0,235280.0,240280.0,225280.0,239780.0,225280.0,231000.0,239280.0,239280.0,265530.0,255090.0,245280.0,245280.0,240000.0,231846.0,239280.0,225230.0,230280.0,229530.0,245280.0,249000.0,242780.0,262280.0,267730.0,240280.0,220140.0,222640.0,240000.0,222280.0,238780.0,226530.0,210000.0,236715.0,234730.0,247780.0,230280.0,210280.0,225280.0,227640.0,210280.0,180280.0,222975.0,210040.0,231780.0,219280.0,245230.0,235280.0,238780.0,220530.0,230230.0,230280.0,218230.0,220280.0,209280.0,245280.0,223780.0,235280.0,236500.0,229000.0,245807.0,229340.0,225280.0,208280.0,230280.0,207950.0,230140.0,210755.0,215000.0,215780.0,245000.0,238030.0,243500.0,240000.0,236900.0,236000.0,225000.0,219250.0,233000.0,230000.0,250000.0,252250.0,266000.0,269900.0,244000.0,246000.0,240000.0,255000.0,250000.0,255777.0,245000.0,257750.0,266500.0,263000.0,287550.0,275000.0,290000.0,282500.0,285500.0,282492.0,282062.0,275000.0,280000.0,286100.0,295833.0,304000.0,324000.0,307800.0,316500.0,300000.0,317250.0,307800.0,304725.0,295499.0,330000.0,320500.0,335000.0,348560.0,330000.0,343250.0,333000.0,338623.0,332000.0,313750.0,323750.0,324750.0,327475.0,327005.0,330000.0,365000.0,365200.0,360000.0,377500.0,369000.0,370000.0,366750.0,370000.0,375000.0,370000.0,374000.0,389250.0,381000.0,409000.0,420000.0,407500.0,408000.0,410000.0,439000.0,405000.0,409250.0,420000.0,445000.0,465000.0,466750.0,485000.0,490000.0,478500.0,490000.0,482000.0,490000.0,482500.0,485000.0,487500.0,503250.0,545000.0,530000.0,588000.0,516000.0,515000.0,496000.0,485000.0,500000.0,469000.0,475000.0,465000.0,499973.0,481750.0,509000.0,515000.0,500000.0,525000.0,513000.0,500000.0,499450.0,499000.0,499725.0,455000.0,500000.0,551000.0,562000.0,549000.0,536000.0,550000.0,525000.0,530000.0,550000.0,523000.0,460000.0,471567.0,530000.0,552000.0,577000.0,574500.0,550000.0,575000.0,530000.0,569000.0,502703.0
395103,182,"Sioux Falls, SD",msa,SD,,,,,,,,,,,,,114500.0,108500.0,110000.0,125000.0,154500.0,134000.0,139950.0,126000.0,137400.0,128800.0,133150.0,136250.0,140000.0,146700.0,137000.0,144900.0,150000.0,141700.0,149000.0,150850.0,139900.0,146000.0,141900.0,135750.0,132900.0,135250.0,146500.0,144625.0,140500.0,146200.0,138400.0,142000.0,137000.0,128000.0,126900.0,141150.0,133000.0,142500.0,147000.0,146900.0,147500.0,153000.0,146500.0,145000.0,142000.0,139875.0,142720.0,139000.0,127900.0,154450.0,152000.0,155000.0,149400.0,150000.0,151000.0,146500.0,141950.0,142500.0,140950.0,139900.0,145000.0,150000.0,151000.0,156750.0,156375.0,153850.0,162500.0,145000.0,159450.0,160950.0,167500.0,161500.0,177500.0,172200.0,168000.0,175000.0,178800.0,178000.0,175000.0,166000.0,172900.0,158750.0,156750.0,176000.0,174150.0,170000.0,174900.0,182500.0,185450.0,185250.0,189900.0,185000.0,182500.0,177900.0,179900.0,184900.0,173250.0,180950.0,185000.0,193000.0,200000.0,185900.0,199900.0,197500.0,190500.0,190300.0,188950.0,192500.0,189250.0,200500.0,198950.0,200000.0,212000.0,209500.0,200000.0,202750.0,200000.0,195000.0,189325.0,192389.0,203700.0,200000.0,211400.0,209900.0,220000.0,219450.0,217500.0,202500.0,209900.0,225000.0,212500.0,209000.0,194900.0,215000.0,217000.0,222000.0,229000.0,231000.0,230000.0,234200.0,233500.0,221000.0,231000.0,216500.0,235000.0,242000.0,248000.0,255000.0,275000.0,266250.0,270000.0,269750.0,260000.0,255250.0,256850.0,270000.0,260000.0,260000.0,283500.0,300000.0,315000.0,309500.0,300000.0,300000.0,290000.0,280500.0,277000.0,265000.0,265000.0,280000.0,300000.0,306000.0,315950.0,316000.0,310000.0,289000.0,294650.0,300000.0,285000.0,302500.0,297500.0,299000.0,305000.0,315000.0,323500.0,325000.0,309000.0,305500.0,330000.0,305250.0,301000.0,294250.0,300000.0,309950.0,313450.0,320000.0,320000.0,330000.0,347000.0,325000.0,325000.0,314221.0
395065,183,"Santa Cruz, CA",msa,CA,630750.0,557500.0,605000.0,575000.0,538750.0,567000.0,505000.0,450000.0,470500.0,400000.0,430500.0,389500.0,372000.0,360000.0,392000.0,410000.0,433000.0,497500.0,439000.0,450000.0,469000.0,479500.0,455000.0,410000.0,485000.0,501000.0,467000.0,471727.0,453000.0,460000.0,481000.0,481500.0,396000.0,497500.0,422500.0,400000.0,375000.0,397500.0,390000.0,400000.0,446250.0,415000.0,452500.0,425000.0,385000.0,375000.0,409000.0,357500.0,420000.0,405000.0,412500.0,429000.0,400000.0,499000.0,501000.0,499000.0,460000.0,460000.0,486000.0,411500.0,429250.0,462000.0,545000.0,539500.0,513000.0,535000.0,555000.0,570000.0,537000.0,545000.0,549500.0,512500.0,560000.0,540000.0,582500.0,620500.0,650000.0,640000.0,589500.0,628750.0,635250.0,595500.0,638750.0,601500.0,626500.0,632250.0,665000.0,630000.0,650000.0,666500.0,657000.0,675000.0,680000.0,650000.0,650000.0,679750.0,650000.0,680000.0,700000.0,720000.0,729000.0,673500.0,740000.0,700000.0,700500.0,730500.0,653500.0,655750.0,675500.0,700000.0,750000.0,745000.0,770000.0,729000.0,699500.0,765000.0,800000.0,800000.0,705000.0,700000.0,727500.0,800000.0,797500.0,800000.0,820000.0,780000.0,805500.0,830000.0,785000.0,765000.0,777500.0,752000.0,785000.0,825000.0,824000.0,784000.0,826300.0,800000.0,800000.0,726000.0,785000.0,795000.0,825000.0,799250.0,743000.0,850000.0,809000.0,814000.0,850000.0,865000.0,860000.0,922500.0,900000.0,879000.0,899000.0,950000.0,869500.0,920000.0,1100000.0,1060000.0,1000000.0,1100000.0,1062500.0,975000.0,920000.0,1005000.0,965000.0,1070000.0,1200000.0,1300000.0,1260000.0,1127500.0,1162500.0,1127500.0,1147000.0,1110500.0,1232500.0,995000.0,960000.0,1000000.0,1087500.0,1100000.0,1100000.0,1200000.0,1105000.0,1200000.0,1116500.0,990000.0,1005000.0,1091000.0,992500.0,876000.0,975000.0,1035000.0,1100000.0,1072000.0,1200000.0,1127500.0,1200000.0,1107500.0,1150000.0,1200000.0,1020000.0,950000.0,1025000.0,1191250.0,1120000.0,1200000.0,1100000.0,1264000.0,1200000.0,1144000.0,1050000.0,1022772.0
394572,184,"Erie, PA",msa,PA,97000.0,92200.0,92500.0,103000.0,109000.0,117750.0,97750.0,94500.0,95000.0,85900.0,89950.0,86500.0,87000.0,80500.0,94000.0,100000.0,108900.0,117800.0,108950.0,95900.0,100450.0,91500.0,96250.0,84950.0,81450.0,97000.0,105000.0,100125.0,115500.0,114920.0,106225.0,95750.0,96900.0,115000.0,98000.0,85000.0,114950.0,95000.0,105000.0,110500.0,111500.0,119000.0,120000.0,105000.0,109728.0,112900.0,114500.0,101500.0,100610.0,97500.0,104500.0,114750.0,126000.0,119900.0,115000.0,114900.0,102500.0,122250.0,100500.0,115000.0,91950.0,103500.0,103000.0,108000.0,113500.0,125000.0,119900.0,105000.0,114000.0,106000.0,105250.0,109000.0,98000.0,110000.0,110000.0,115800.0,119000.0,127250.0,125950.0,105000.0,117000.0,115000.0,112000.0,107900.0,112000.0,101000.0,130000.0,126000.0,115000.0,120500.0,129950.0,112500.0,107000.0,98500.0,114167.0,101250.0,105000.0,97900.0,119000.0,122000.0,115500.0,139900.0,124950.0,123000.0,125000.0,119900.0,119950.0,101244.0,108950.0,119000.0,112000.0,114900.0,130000.0,119390.0,130700.0,129900.0,119000.0,110000.0,117675.0,126000.0,100000.0,116000.0,117750.0,115000.0,128200.0,134950.0,125000.0,119500.0,120000.0,114450.0,110000.0,94500.0,109900.0,115000.0,118000.0,123950.0,139000.0,129900.0,133000.0,130000.0,119000.0,120500.0,124000.0,110000.0,114500.0,126900.0,125450.0,140000.0,131450.0,142250.0,139000.0,136300.0,145750.0,134500.0,136900.0,125000.0,122750.0,120000.0,135500.0,145500.0,142500.0,150500.0,160000.0,145000.0,144000.0,156000.0,142000.0,126500.0,139900.0,151075.0,135000.0,170000.0,165000.0,184750.0,157500.0,159950.0,165000.0,141250.0,175000.0,140000.0,139500.0,147000.0,155000.0,150000.0,193750.0,174000.0,180000.0,160000.0,165000.0,170000.0,156900.0,165000.0,160000.0,164950.0,175000.0,181000.0,201000.0,188450.0,185500.0,193000.0,185000.0,210000.0,190000.0,162950.0,162000.0,175000.0,169900.0,200000.0,200000.0,215000.0,215000.0,190000.0,201550.0,196665.0
394924,185,"Norwich, CT",msa,CT,205000.0,226910.0,233750.0,240000.0,235000.0,237500.0,228706.0,221750.0,215000.0,191625.0,207000.0,189950.0,195000.0,194000.0,215000.0,215000.0,211325.0,218500.0,220000.0,201000.0,205000.0,215000.0,190000.0,192000.0,215000.0,225000.0,200000.0,204000.0,212000.0,191000.0,223000.0,222500.0,226000.0,185000.0,200500.0,206000.0,189500.0,173000.0,179900.0,189000.0,196000.0,195000.0,200000.0,194900.0,177000.0,195000.0,195500.0,179350.0,179250.0,199000.0,225000.0,210000.0,209000.0,230000.0,190000.0,215000.0,190000.0,215000.0,179000.0,174000.0,169000.0,189900.0,199500.0,188500.0,210000.0,225000.0,220000.0,200000.0,199400.0,185000.0,183250.0,168450.0,166250.0,182250.0,173800.0,190000.0,207000.0,190000.0,205000.0,199900.0,187000.0,190000.0,185000.0,175000.0,157500.0,180000.0,175000.0,200000.0,199500.0,216125.0,191375.0,179500.0,167500.0,185000.0,181000.0,175000.0,186981.0,173500.0,179950.0,190000.0,210000.0,199900.0,204000.0,189000.0,187500.0,200000.0,199000.0,206500.0,195000.0,170000.0,209900.0,210000.0,230000.0,222750.0,208500.0,212000.0,215000.0,208300.0,214950.0,205200.0,205000.0,219900.0,212700.0,227500.0,225000.0,220000.0,225000.0,226500.0,220000.0,215000.0,211200.0,217500.0,206000.0,217500.0,225000.0,232000.0,247000.0,226000.0,231000.0,227500.0,225000.0,235000.0,226000.0,219750.0,225000.0,224450.0,240000.0,236333.0,253000.0,260000.0,263000.0,274000.0,260000.0,260000.0,255000.0,257000.0,260000.0,243000.0,283500.0,276250.0,290000.0,285665.0,290000.0,290000.0,271250.0,276000.0,293750.0,280000.0,269000.0,280000.0,277000.0,300000.0,320000.0,300000.0,300000.0,315000.0,320000.0,280000.0,290000.0,291000.0,290000.0,309000.0,295000.0,321500.0,350000.0,335000.0,340000.0,331500.0,327500.0,330000.0,308000.0,305000.0,310000.0,328000.0,345000.0,365000.0,372000.0,365000.0,377500.0,377500.0,362500.0,350000.0,375000.0,340000.0,350000.0,365000.0,345500.0,382000.0,385000.0,400000.0,390000.0,405000.0,385000.0,387781.0
394323,186,"Amarillo, TX",msa,TX,114800.0,110000.0,115000.0,115450.0,121560.0,114500.0,124000.0,128000.0,127000.0,110000.0,105500.0,119000.0,114475.0,119500.0,119450.0,125000.0,127000.0,118000.0,122000.0,115000.0,119950.0,119700.0,112500.0,122184.0,107787.0,111000.0,115000.0,117862.0,130000.0,123900.0,128500.0,124750.0,126000.0,120000.0,115000.0,123500.0,106000.0,123000.0,118250.0,116150.0,137238.0,122000.0,131248.0,124500.0,126500.0,128000.0,122622.0,128000.0,114822.0,126750.0,127500.0,142075.0,125841.0,135000.0,145000.0,135450.0,134350.0,121890.0,123500.0,114107.0,124000.0,124500.0,130000.0,135500.0,144000.0,150000.0,137500.0,138000.0,137373.0,136000.0,135000.0,124700.0,135500.0,141000.0,135000.0,139000.0,141500.0,145950.0,150000.0,135000.0,135500.0,125000.0,146140.0,131500.0,144450.0,135500.0,142000.0,157500.0,143750.0,155000.0,166000.0,147500.0,152500.0,137500.0,139950.0,145000.0,138450.0,150000.0,153500.0,151250.0,157000.0,162000.0,150000.0,163750.0,146700.0,144000.0,151700.0,151183.0,147250.0,140000.0,153900.0,160000.0,159778.0,157000.0,151731.0,146750.0,158000.0,154000.0,146000.0,160500.0,152861.0,151527.0,157000.0,160000.0,161450.0,160000.0,165000.0,170000.0,152750.0,148750.0,152250.0,159750.0,153950.0,157950.0,155000.0,168000.0,170850.0,169950.0,160000.0,168500.0,166750.0,165000.0,163000.0,164100.0,160000.0,159000.0,175000.0,177500.0,193000.0,186092.0,192283.0,186000.0,199943.0,195000.0,182500.0,184500.0,187500.0,197500.0,199900.0,200050.0,210523.0,207000.0,200000.0,205000.0,200075.0,195000.0,190722.0,198500.0,205000.0,200000.0,232000.0,215450.0,226750.0,229000.0,226600.0,210000.0,217000.0,210000.0,220000.0,217000.0,210000.0,216000.0,222499.0,221450.0,220000.0,228000.0,217500.0,222500.0,234000.0,205000.0,233250.0,225000.0,219000.0,225000.0,217000.0,230000.0,255065.0,229500.0,244950.0,231000.0,229000.0,221000.0,219900.0,219200.0,225000.0,228000.0,228815.0,240000.0,253500.0,248500.0,239250.0,237400.0,245440.0,232960.0
395171,188,"Tuscaloosa, AL",msa,AL,139950.0,140000.0,138344.0,142918.0,138750.0,145000.0,131830.0,126000.0,131076.0,132440.0,128900.0,124000.0,135000.0,121669.0,134459.0,132050.0,147500.0,143471.0,119900.0,131038.0,128884.0,130000.0,125100.0,130296.0,125000.0,136277.0,132768.0,139970.0,128649.0,140040.0,134900.0,128700.0,122133.0,116600.0,120500.0,134200.0,121579.0,107162.0,125605.0,135000.0,124196.0,143887.0,135000.0,134920.0,130716.0,122203.0,119979.0,123500.0,132000.0,127000.0,125331.0,142678.0,127000.0,142225.0,137000.0,125765.0,135000.0,143000.0,144950.0,124943.0,133475.0,143450.0,123000.0,123000.0,137084.0,139750.0,126000.0,136464.0,136800.0,158900.0,130000.0,118071.0,140000.0,158750.0,148892.0,159200.0,153625.0,146861.0,166502.0,152255.0,169900.0,144986.0,171500.0,176000.0,142700.0,161020.0,159276.0,156500.0,172500.0,163750.0,161000.0,167088.0,144200.0,158220.0,165900.0,146000.0,144000.0,153000.0,145000.0,163375.0,164950.0,160000.0,132000.0,148500.0,147200.0,148250.0,154400.0,144000.0,146250.0,152500.0,149900.0,155700.0,147950.0,173500.0,156400.0,155000.0,159000.0,151450.0,148950.0,167750.0,160000.0,155000.0,164900.0,168750.0,167900.0,159950.0,158250.0,180000.0,166950.0,164950.0,164950.0,164500.0,160000.0,167500.0,169900.0,181500.0,169900.0,178250.0,174900.0,195500.0,170000.0,175000.0,175793.0,165000.0,164900.0,185900.0,180000.0,199900.0,188000.0,194000.0,198400.0,210900.0,189000.0,194450.0,190000.0,189150.0,209950.0,205000.0,207500.0,209900.0,220000.0,220900.0,205000.0,211000.0,224950.0,209500.0,200000.0,205000.0,212000.0,215000.0,222500.0,228000.0,246750.0,242250.0,221800.0,204250.0,212500.0,219700.0,217450.0,205000.0,220000.0,229900.0,218000.0,232250.0,225000.0,245000.0,234900.0,242250.0,225000.0,257900.0,242000.0,225000.0,253900.0,245250.0,237425.0,260000.0,249900.0,259950.0,260000.0,265000.0,250000.0,244000.0,243400.0,239500.0,224900.0,247000.0,250000.0,255000.0,249924.0,241950.0,256000.0,249950.0,235000.0,255496.0
394483,189,"College Station, TX",msa,TX,136000.0,137950.0,139950.0,139000.0,143456.0,146500.0,146750.0,134000.0,141000.0,142500.0,144000.0,160000.0,141450.0,153100.0,138900.0,149000.0,149000.0,150000.0,148000.0,149300.0,120750.0,137500.0,149000.0,152500.0,161000.0,153000.0,149950.0,150000.0,154737.0,155000.0,145500.0,146365.0,155000.0,150200.0,151000.0,142400.0,141841.0,149500.0,150000.0,150000.0,146500.0,148500.0,145000.0,157250.0,145000.0,154000.0,151950.0,140599.0,156500.0,151750.0,154250.0,153125.0,146500.0,148000.0,158500.0,157000.0,155500.0,144500.0,146262.0,151000.0,145000.0,156375.0,156000.0,163250.0,159950.0,160000.0,157000.0,152000.0,169240.0,160000.0,154375.0,151000.0,164250.0,156000.0,162950.0,159792.0,162250.0,164900.0,164750.0,162500.0,162500.0,166000.0,175000.0,180000.0,165000.0,176150.0,174000.0,175187.0,182950.0,184000.0,179900.0,185000.0,175000.0,181500.0,184900.0,170000.0,189950.0,190000.0,190000.0,192250.0,198000.0,198625.0,190000.0,193500.0,199900.0,200951.0,188950.0,188502.0,193750.0,204900.0,203850.0,200000.0,199500.0,216000.0,209900.0,230000.0,203000.0,195000.0,201500.0,203650.0,215000.0,220000.0,215000.0,214900.0,217750.0,206000.0,231500.0,221000.0,234900.0,212250.0,204500.0,209250.0,212000.0,218750.0,219000.0,215000.0,213750.0,215000.0,231000.0,207450.0,227000.0,220000.0,223750.0,217000.0,209900.0,221500.0,225000.0,224900.0,218000.0,227000.0,232500.0,225000.0,247500.0,233000.0,237000.0,234323.0,245000.0,241000.0,235000.0,241722.0,250575.0,252725.0,260000.0,260000.0,265000.0,265000.0,265000.0,269950.0,259950.0,281000.0,300000.0,285000.0,285319.0,285000.0,303255.0,290000.0,307449.0,293500.0,295000.0,267250.0,281000.0,282500.0,295893.0,322500.0,294700.0,295750.0,315000.0,305992.0,310000.0,291250.0,290613.0,291250.0,304900.0,307000.0,300000.0,319000.0,322000.0,306350.0,321000.0,330000.0,322500.0,312000.0,299900.0,330000.0,300000.0,308700.0,310000.0,307948.0,319750.0,299000.0,310908.0,314957.0,320000.0,313479.0
394732,190,"Kalamazoo, MI",msa,MI,104750.0,102700.0,108000.0,115900.0,112500.0,109955.0,117000.0,108400.0,97950.0,95072.0,98000.0,79000.0,87750.0,95000.0,94000.0,98000.0,100000.0,110000.0,109000.0,107900.0,91000.0,100100.0,90000.0,90000.0,90000.0,95000.0,102000.0,114900.0,112000.0,116225.0,106400.0,108000.0,102000.0,96000.0,98000.0,94650.0,96250.0,80000.0,105000.0,112050.0,107418.0,109000.0,100000.0,97900.0,93500.0,95700.0,94849.0,99000.0,88867.0,108700.0,95000.0,106000.0,117000.0,118250.0,117375.0,115000.0,110000.0,115000.0,114000.0,86500.0,100000.0,95000.0,111350.0,115000.0,122860.0,127750.0,125000.0,121500.0,113450.0,99000.0,107250.0,100000.0,107250.0,115350.0,115000.0,129950.0,138500.0,135000.0,137000.0,120000.0,124500.0,109950.0,110000.0,110000.0,112500.0,128250.0,123450.0,128000.0,141500.0,140750.0,136500.0,134950.0,125500.0,115000.0,127950.0,116900.0,113000.0,119000.0,134500.0,145000.0,139500.0,143700.0,139150.0,139900.0,133250.0,133000.0,134450.0,122450.0,118000.0,129900.0,137500.0,155000.0,155000.0,145500.0,149000.0,148950.0,150000.0,135900.0,155000.0,141500.0,139900.0,142500.0,130000.0,162000.0,161000.0,163800.0,152000.0,155000.0,150000.0,146000.0,149900.0,135000.0,143000.0,155000.0,146500.0,168500.0,169000.0,176000.0,173700.0,170000.0,164965.0,165000.0,167750.0,140000.0,150000.0,164697.0,171000.0,170000.0,175000.0,185000.0,200000.0,188500.0,190000.0,200000.0,185000.0,165500.0,165000.0,184000.0,191000.0,194900.0,210000.0,210000.0,215209.0,215000.0,208000.0,200000.0,205000.0,177250.0,180000.0,205900.0,201700.0,235000.0,235525.0,231500.0,232500.0,220000.0,230500.0,215000.0,190000.0,198250.0,200000.0,235000.0,220000.0,225000.0,250500.0,250500.0,240000.0,240000.0,245000.0,225000.0,219950.0,200000.0,225000.0,224750.0,236000.0,242000.0,267900.0,263500.0,265000.0,261750.0,220000.0,254950.0,230000.0,239450.0,225000.0,240750.0,250000.0,260100.0,275000.0,265000.0,277000.0,275000.0,250000.0,259933.0
394811,191,"Lynchburg, VA",msa,VA,142000.0,140550.0,140000.0,154950.0,162500.0,159900.0,161500.0,146800.0,148950.0,153000.0,145500.0,150500.0,151600.0,140000.0,155000.0,147000.0,143450.0,157500.0,151800.0,144000.0,148000.0,150100.0,137250.0,144000.0,162250.0,139250.0,137000.0,150000.0,154950.0,130000.0,162492.0,155000.0,143500.0,153000.0,145500.0,143000.0,138800.0,130000.0,133000.0,146000.0,144200.0,149900.0,155000.0,151900.0,140000.0,130810.0,146975.0,146250.0,138000.0,142405.0,134000.0,128400.0,144250.0,157500.0,145000.0,146450.0,137000.0,155000.0,132000.0,140000.0,136300.0,140000.0,136000.0,165000.0,158000.0,146950.0,151250.0,145000.0,140000.0,149500.0,141400.0,151800.0,128000.0,139950.0,145500.0,150000.0,151000.0,164950.0,138000.0,152875.0,137000.0,155000.0,150000.0,139250.0,149000.0,160450.0,137000.0,164000.0,159000.0,155000.0,150000.0,150000.0,154575.0,147500.0,152750.0,153450.0,152500.0,145000.0,150000.0,154000.0,156950.0,160000.0,166000.0,168000.0,163000.0,145950.0,156000.0,155500.0,149400.0,143000.0,158850.0,157700.0,176500.0,172950.0,170000.0,163000.0,156450.0,157500.0,165000.0,159950.0,162500.0,172000.0,163000.0,161660.0,189950.0,169900.0,180000.0,165000.0,165000.0,165000.0,167500.0,151500.0,159500.0,169200.0,168000.0,174000.0,193000.0,170000.0,179900.0,170400.0,179950.0,173950.0,175450.0,170011.0,162500.0,179900.0,191000.0,182500.0,188561.0,209950.0,192900.0,200000.0,202500.0,211250.0,196700.0,192000.0,186500.0,209950.0,197560.0,210000.0,222500.0,226000.0,228000.0,215000.0,227000.0,243652.0,217600.0,225000.0,224950.0,215450.0,230000.0,245000.0,257750.0,265000.0,245000.0,233000.0,240000.0,240000.0,240000.0,244250.0,215000.0,241000.0,231500.0,250500.0,249000.0,241000.0,260000.0,239900.0,229500.0,218000.0,216500.0,210000.0,225000.0,230000.0,241500.0,255950.0,269950.0,255500.0,250000.0,250000.0,265000.0,280000.0,255000.0,251000.0,258200.0,274900.0,259900.0,283250.0,299900.0,306250.0,290000.0,293700.0,279950.0,302401.0
394455,192,"Charleston, WV",msa,WV,97000.0,95000.0,112270.0,114559.0,110000.0,110000.0,116500.0,97000.0,105000.0,109250.0,90000.0,84725.0,117000.0,100000.0,115000.0,102500.0,110000.0,114000.0,117975.0,106000.0,104900.0,112500.0,114200.0,110500.0,83000.0,91500.0,92500.0,104000.0,100000.0,94000.0,85000.0,102000.0,94350.0,102000.0,100000.0,95000.0,87500.0,83500.0,95000.0,105000.0,102500.0,100500.0,115000.0,100000.0,105500.0,105000.0,96750.0,104000.0,94250.0,110000.0,115000.0,109200.0,104000.0,124900.0,109000.0,93000.0,118250.0,103000.0,87250.0,76500.0,105000.0,109000.0,112000.0,100000.0,95000.0,120000.0,103750.0,134950.0,102000.0,96000.0,111000.0,97500.0,75000.0,93000.0,107250.0,105500.0,110000.0,106000.0,109450.0,94000.0,118000.0,107000.0,99000.0,102000.0,93000.0,113000.0,99000.0,123500.0,125000.0,120000.0,122000.0,113000.0,108250.0,120000.0,94750.0,113750.0,104000.0,116500.0,100000.0,121000.0,120500.0,119500.0,119700.0,125500.0,125000.0,115000.0,119500.0,120000.0,109500.0,109750.0,104000.0,122500.0,117500.0,118414.0,116000.0,119000.0,123000.0,120000.0,122500.0,114000.0,114000.0,111250.0,125000.0,112250.0,135000.0,121000.0,116000.0,118500.0,120000.0,123700.0,108250.0,110000.0,91300.0,112500.0,110000.0,120000.0,125000.0,124000.0,132125.0,130000.0,108000.0,107500.0,120000.0,115000.0,120000.0,119000.0,114000.0,120000.0,123000.0,139900.0,134900.0,135000.0,130000.0,128875.0,128000.0,120000.0,106750.0,130000.0,131000.0,140000.0,148950.0,145500.0,150000.0,151500.0,152380.0,154950.0,150000.0,144000.0,137000.0,150000.0,147500.0,152500.0,146000.0,158000.0,152625.0,157500.0,145000.0,135000.0,130000.0,140000.0,133125.0,148000.0,134000.0,145000.0,152440.0,171250.0,139250.0,167500.0,137000.0,154000.0,157750.0,157500.0,140000.0,159900.0,153000.0,155500.0,175000.0,178000.0,163000.0,159000.0,163500.0,180000.0,153207.0,157500.0,151500.0,167750.0,175250.0,160000.0,175450.0,180000.0,180000.0,170000.0,148500.0,161482.0
395240,193,"Yakima, WA",msa,WA,148702.0,145062.0,159000.0,155750.0,149950.0,145000.0,143250.0,137000.0,135000.0,149899.0,132092.0,119000.0,140000.0,135014.0,149999.0,165000.0,161000.0,150000.0,155000.0,141780.0,149700.0,140000.0,129900.0,143250.0,153500.0,150000.0,154215.0,149900.0,138500.0,145000.0,149996.0,155950.0,143750.0,144950.0,146000.0,126500.0,129750.0,154900.0,147500.0,138037.0,149900.0,139000.0,147500.0,139250.0,150421.0,129450.0,152500.0,150000.0,141225.0,132750.0,150000.0,156317.0,160000.0,152450.0,155000.0,155000.0,153500.0,154719.0,133500.0,140000.0,143000.0,159450.0,138000.0,154500.0,165750.0,147900.0,163000.0,150650.0,155000.0,150000.0,155000.0,148850.0,148000.0,154000.0,147162.0,152780.0,156280.0,151191.0,162455.0,160000.0,151500.0,146850.0,162179.0,137500.0,139000.0,163777.0,164000.0,161000.0,165000.0,173800.0,165500.0,179750.0,160000.0,159450.0,163250.0,160000.0,155950.0,170000.0,173999.0,175000.0,178000.0,184000.0,172500.0,185000.0,177000.0,174950.0,172000.0,177750.0,180000.0,184500.0,179950.0,185450.0,199500.0,196750.0,197697.0,209950.0,187625.0,195500.0,195000.0,178500.0,189600.0,199326.0,214000.0,211000.0,225500.0,221200.0,220000.0,227000.0,209600.0,223483.0,197697.0,189101.0,214175.0,215000.0,209500.0,232622.0,256474.0,268745.0,251000.0,250000.0,255000.0,261882.0,245000.0,233750.0,200000.0,237750.0,262000.0,237700.0,277218.0,278000.0,282000.0,283000.0,255000.0,265000.0,273000.0,286000.0,268500.0,299950.0,292750.0,290000.0,325000.0,312500.0,315000.0,315000.0,315000.0,302499.0,319999.0,300000.0,284500.0,289900.0,335000.0,334000.0,330000.0,351000.0,345000.0,330000.0,317000.0,350000.0,310000.0,300000.0,334500.0,304450.0,330000.0,339500.0,335000.0,335000.0,361750.0,348000.0,345000.0,320000.0,320000.0,300000.0,306750.0,314999.0,362000.0,320000.0,340000.0,359900.0,362500.0,358000.0,355000.0,350000.0,335000.0,355000.0,351000.0,358000.0,345000.0,360500.0,357250.0,379900.0,345000.0,350000.0,385000.0,357649.0
394585,194,"Fargo, ND",msa,ND,139900.0,128250.0,138000.0,136000.0,144900.0,138900.0,144950.0,136450.0,141095.0,141278.0,137900.0,122000.0,138000.0,129900.0,140250.0,140500.0,138750.0,144997.0,136750.0,141000.0,135000.0,134475.0,136900.0,138950.0,130000.0,142000.0,134250.0,139585.0,150000.0,152250.0,158800.0,146147.0,139900.0,138500.0,149300.0,156500.0,139500.0,135000.0,136500.0,143000.0,142500.0,153000.0,143400.0,149000.0,152000.0,138500.0,151000.0,155500.0,136000.0,136750.0,140000.0,142900.0,151500.0,146200.0,148900.0,147900.0,143600.0,149700.0,154000.0,144000.0,145725.0,155000.0,149900.0,148000.0,161000.0,159000.0,159000.0,158500.0,160000.0,152000.0,149900.0,141750.0,138500.0,157500.0,148750.0,158000.0,164950.0,165000.0,170000.0,170300.0,165000.0,169625.0,155000.0,164363.0,165000.0,174000.0,165950.0,178000.0,181138.0,182500.0,179000.0,177500.0,176000.0,179000.0,185000.0,180200.0,177500.0,188500.0,182900.0,195250.0,199750.0,185000.0,197500.0,205000.0,205000.0,198000.0,198000.0,196000.0,189000.0,183000.0,192000.0,200000.0,204000.0,204000.0,215000.0,209000.0,203000.0,192900.0,201765.0,186750.0,193500.0,207000.0,212900.0,215000.0,215000.0,210000.0,205000.0,200000.0,205000.0,203688.0,202200.0,193000.0,197500.0,206600.0,198000.0,199950.0,215500.0,215000.0,217000.0,212500.0,213000.0,208200.0,207250.0,204950.0,203950.0,199500.0,217500.0,215500.0,225000.0,228000.0,232500.0,234200.0,235000.0,235000.0,218000.0,220000.0,220000.0,211500.0,238000.0,249337.0,250000.0,245200.0,255000.0,246000.0,240000.0,241551.0,249900.0,278000.0,240000.0,249900.0,245000.0,261000.0,275000.0,275000.0,260000.0,269900.0,266500.0,240000.0,245000.0,254000.0,260000.0,243000.0,287000.0,286100.0,294000.0,272500.0,275000.0,272000.0,272000.0,276000.0,269450.0,276250.0,275900.0,280000.0,280000.0,300000.0,299900.0,307750.0,295000.0,295000.0,307000.0,290000.0,309950.0,302000.0,297000.0,285000.0,304950.0,302250.0,312000.0,299950.0,314000.0,309500.0,315000.0,293891.0
394387,195,"Binghamton, NY",msa,NY,86000.0,91110.0,110000.0,113400.0,109750.0,93730.0,109000.0,109381.0,90000.0,105000.0,91500.0,92680.0,97750.0,94000.0,117000.0,95000.0,108000.0,105321.0,112000.0,97400.0,116950.0,100700.0,101531.0,85053.0,102310.0,97000.0,101000.0,92553.0,110000.0,97061.0,104000.0,102600.0,100000.0,114500.0,99640.0,107500.0,96000.0,91612.0,96400.0,99900.0,117000.0,115500.0,100779.0,111702.0,105159.0,108240.0,99468.0,101000.0,105000.0,85000.0,95000.0,111000.0,105660.0,113740.0,120000.0,95000.0,89550.0,114148.0,85000.0,87900.0,93850.0,105000.0,103191.0,103000.0,92000.0,107000.0,112500.0,110500.0,110400.0,92500.0,104500.0,79521.0,98507.0,94500.0,95572.0,105500.0,114000.0,106000.0,114950.0,90000.0,100000.0,91500.0,105319.0,79787.0,83521.0,96500.0,89270.0,111702.0,111250.0,109506.0,110000.0,102159.0,104000.0,108510.0,99468.0,88148.0,102840.0,100000.0,100500.0,90000.0,101500.0,107500.0,100000.0,98936.0,99900.0,94500.0,99468.0,85000.0,80000.0,79000.0,97872.0,95000.0,112000.0,120000.0,105691.0,97000.0,102000.0,97925.0,104000.0,100000.0,96808.0,94500.0,116787.0,117000.0,129393.0,126000.0,119000.0,113500.0,110000.0,124000.0,101130.0,99500.0,97000.0,100700.0,115000.0,100531.0,123000.0,125000.0,129900.0,122000.0,109950.0,110950.0,117000.0,120000.0,106000.0,118792.0,119100.0,127500.0,121170.0,133900.0,140000.0,142655.0,133917.0,139900.0,142500.0,127500.0,134000.0,126000.0,130000.0,145000.0,145000.0,160560.0,160000.0,155000.0,153250.0,155000.0,145000.0,127500.0,142000.0,151500.0,140384.0,166000.0,170000.0,172050.0,159900.0,157000.0,163000.0,155000.0,159950.0,144600.0,143350.0,150000.0,154500.0,161000.0,189999.0,163500.0,180000.0,175000.0,169000.0,185000.0,172500.0,174900.0,153000.0,164900.0,165000.0,169000.0,190000.0,184300.0,191000.0,185000.0,175000.0,193000.0,180000.0,174234.0,168000.0,170000.0,179000.0,180550.0,183500.0,219450.0,210000.0,190000.0,199950.0,196943.0
394609,196,"Fort Smith, AR",msa,AR,90000.0,83250.0,93500.0,93000.0,97000.0,101000.0,102000.0,90500.0,84250.0,76000.0,96000.0,75519.0,88000.0,90000.0,94500.0,91000.0,98250.0,96000.0,95000.0,100000.0,94750.0,84750.0,91000.0,95000.0,80000.0,100000.0,90000.0,95500.0,95000.0,85000.0,98100.0,86000.0,91750.0,89000.0,88500.0,79500.0,103000.0,80000.0,85000.0,85000.0,86500.0,87250.0,92750.0,100000.0,86000.0,97000.0,87000.0,85000.0,82500.0,85025.0,100000.0,95000.0,102500.0,91497.0,94000.0,109000.0,105000.0,75000.0,85500.0,80000.0,90000.0,89000.0,98000.0,99000.0,98000.0,95000.0,102000.0,90000.0,88000.0,98000.0,83900.0,85000.0,86850.0,91500.0,89900.0,89500.0,112000.0,100000.0,100500.0,100000.0,105000.0,92900.0,85000.0,104500.0,89000.0,110000.0,100000.0,100000.0,102750.0,107900.0,98400.0,98750.0,88000.0,88000.0,90000.0,94750.0,86000.0,94900.0,101500.0,113000.0,110500.0,114000.0,111750.0,110000.0,100000.0,104999.0,98250.0,110000.0,100250.0,117000.0,109500.0,98500.0,108500.0,121650.0,112250.0,113500.0,113950.0,104000.0,115000.0,97500.0,110250.0,118000.0,114000.0,124750.0,125000.0,118950.0,120500.0,109700.0,124900.0,111000.0,115000.0,112000.0,115000.0,122100.0,118250.0,120000.0,133100.0,125000.0,134750.0,116000.0,122500.0,123500.0,122600.0,120000.0,120000.0,123000.0,132000.0,136375.0,140000.0,137970.0,146000.0,145000.0,150000.0,139900.0,155000.0,147500.0,156850.0,155000.0,147500.0,168250.0,163900.0,165000.0,156500.0,160000.0,164950.0,165000.0,164000.0,162500.0,158106.0,165100.0,158000.0,175000.0,176000.0,180000.0,175000.0,178850.0,160000.0,165000.0,165000.0,159900.0,163500.0,159950.0,166000.0,180000.0,179000.0,179750.0,185700.0,186000.0,195000.0,191000.0,153000.0,152500.0,194000.0,177000.0,184000.0,208999.0,196500.0,182500.0,200500.0,196450.0,180000.0,179950.0,180000.0,188000.0,194682.0,178500.0,185000.0,219500.0,199950.0,213000.0,198000.0,205000.0,210000.0,204941.0
394334,197,"Appleton, WI",msa,WI,119000.0,127500.0,120000.0,125000.0,141250.0,137750.0,127900.0,118900.0,135000.0,122450.0,115000.0,118900.0,127000.0,119950.0,122900.0,127500.0,138825.0,124900.0,126000.0,124600.0,119900.0,120000.0,120000.0,131250.0,127000.0,116000.0,124000.0,126000.0,140000.0,128950.0,127900.0,126450.0,129575.0,117400.0,121250.0,123000.0,119750.0,130000.0,123000.0,119000.0,128000.0,122000.0,131844.0,125000.0,126900.0,109750.0,114900.0,118000.0,129950.0,113950.0,120000.0,122250.0,126250.0,140000.0,133500.0,137000.0,120000.0,125000.0,119000.0,110000.0,122300.0,123250.0,116300.0,120900.0,137500.0,136700.0,128000.0,125000.0,123500.0,124400.0,129900.0,118000.0,117500.0,131000.0,132900.0,133000.0,134900.0,128000.0,142250.0,151950.0,128000.0,122000.0,118000.0,118000.0,141000.0,130500.0,146000.0,143000.0,144700.0,144450.0,143750.0,143000.0,141250.0,129000.0,130000.0,130200.0,130000.0,133000.0,141500.0,155000.0,146950.0,153200.0,155000.0,149900.0,150200.0,151019.0,140000.0,139100.0,128300.0,141000.0,153400.0,155000.0,165450.0,172000.0,154900.0,180000.0,155000.0,149900.0,154500.0,163500.0,158200.0,175000.0,168500.0,168150.0,169875.0,168950.0,170725.0,172250.0,175000.0,170500.0,155000.0,160000.0,160000.0,164900.0,174950.0,177250.0,185500.0,186500.0,184975.0,173450.0,179000.0,182500.0,170000.0,160900.0,182600.0,173450.0,175000.0,185000.0,199900.0,199500.0,195000.0,186500.0,205000.0,191000.0,187000.0,175600.0,168000.0,190500.0,199600.0,215000.0,225500.0,240000.0,233500.0,230000.0,224900.0,232500.0,223000.0,238250.0,218000.0,230000.0,250000.0,250000.0,270000.0,250000.0,250000.0,265000.0,240000.0,248000.0,243500.0,267950.0,219950.0,250000.0,260000.0,261500.0,262450.0,275000.0,270000.0,285000.0,265000.0,260000.0,252150.0,269900.0,275000.0,269900.0,285000.0,299900.0,296500.0,293053.0,323000.0,300000.0,297900.0,278200.0,281250.0,278200.0,286500.0,307125.0,299900.0,305000.0,315000.0,300000.0,320000.0,300000.0,299000.0,286920.0
845160,198,"Prescott Valley, AZ",msa,AZ,225000.0,229000.0,246100.0,245000.0,210000.0,215000.0,215000.0,227000.0,217750.0,190000.0,185000.0,200000.0,198900.0,169000.0,190000.0,184500.0,187500.0,189000.0,175000.0,182275.0,176250.0,165000.0,159000.0,164990.0,150950.0,160500.0,168000.0,160000.0,157000.0,158500.0,155000.0,152000.0,158450.0,157500.0,156600.0,145000.0,137900.0,134950.0,138900.0,140000.0,138250.0,150000.0,153750.0,144450.0,132250.0,151000.0,136900.0,135750.0,150000.0,142000.0,130000.0,165000.0,154450.0,155000.0,146000.0,156000.0,154500.0,163400.0,154000.0,148250.0,154900.0,153500.0,165000.0,176000.0,190000.0,180000.0,178327.0,184000.0,179000.0,170000.0,178450.0,162500.0,170000.0,181400.0,180000.0,185500.0,203750.0,200000.0,194125.0,212000.0,200500.0,207000.0,194000.0,209950.0,190000.0,214900.0,217500.0,212250.0,222000.0,211250.0,207000.0,215000.0,217000.0,229000.0,213750.0,220000.0,214950.0,210300.0,225000.0,224000.0,239900.0,236539.0,237950.0,229000.0,243900.0,230000.0,250000.0,242500.0,248450.0,260000.0,267500.0,258700.0,270000.0,280000.0,255000.0,279500.0,273900.0,282500.0,288500.0,275000.0,279750.0,289500.0,275000.0,300000.0,298000.0,290000.0,295000.0,294000.0,286000.0,294000.0,289950.0,299000.0,294450.0,285000.0,310000.0,309950.0,314450.0,308250.0,305000.0,315000.0,319950.0,314900.0,325000.0,320500.0,330000.0,328500.0,335000.0,315000.0,330500.0,337000.0,375000.0,367000.0,381500.0,370000.0,380000.0,390000.0,400000.0,370500.0,400000.0,420000.0,449900.0,440000.0,445000.0,440000.0,445000.0,450000.0,455000.0,450000.0,455000.0,469950.0,485105.0,509250.0,494900.0,480000.0,482500.0,439000.0,463500.0,465000.0,450000.0,445000.0,455000.0,502000.0,489900.0,489000.0,513500.0,500000.0,,,477000.0,515000.0,525000.0,500000.0,466500.0,494000.0,549500.0,510000.0,519500.0,482000.0,472500.0,515000.0,500000.0,520000.0,497450.0,494100.0,500000.0,520000.0,495000.0,499250.0,499400.0,520000.0,485000.0,495250.0,530000.0,519807.0
395161,199,"Topeka, KS",msa,KS,88500.0,104950.0,97500.0,104000.0,117200.0,106655.0,109250.0,97400.0,101000.0,85682.0,99900.0,78500.0,87900.0,109000.0,109900.0,115000.0,105000.0,115000.0,107500.0,101095.0,99500.0,100500.0,99400.0,97500.0,109227.0,103950.0,103000.0,118100.0,102578.0,105000.0,113000.0,111950.0,95000.0,90950.0,115000.0,87500.0,90950.0,106000.0,102000.0,110000.0,109000.0,116350.0,119500.0,100000.0,113500.0,110425.0,104900.0,93000.0,108000.0,99500.0,107100.0,115000.0,128000.0,115000.0,110000.0,103250.0,108500.0,101450.0,93000.0,99250.0,95750.0,116500.0,110000.0,115000.0,126000.0,120250.0,111750.0,105900.0,105000.0,105500.0,116000.0,93000.0,88500.0,105000.0,104750.0,119900.0,125875.0,110050.0,105548.0,119900.0,105225.0,118000.0,90000.0,92900.0,113000.0,112000.0,112500.0,132375.0,129000.0,122000.0,109000.0,103000.0,120500.0,126500.0,118250.0,113000.0,108000.0,102500.0,115900.0,124950.0,128825.0,122200.0,131000.0,124000.0,112250.0,134490.0,120000.0,109000.0,111000.0,124900.0,118750.0,124000.0,140000.0,140000.0,130000.0,132700.0,116000.0,121333.0,120000.0,140200.0,110000.0,120100.0,130000.0,135723.0,148500.0,130000.0,137000.0,135000.0,129400.0,130000.0,115000.0,125550.0,109950.0,120000.0,129000.0,142500.0,157000.0,143700.0,139988.0,146000.0,125000.0,138500.0,130000.0,129750.0,125000.0,147000.0,135450.0,154690.0,146000.0,139500.0,136250.0,146750.0,139110.0,140125.0,147500.0,143750.0,144505.0,158000.0,149900.0,156750.0,165500.0,167500.0,183750.0,159900.0,170000.0,168000.0,157500.0,153950.0,145000.0,165000.0,160000.0,187950.0,199000.0,190000.0,175000.0,188000.0,176500.0,162250.0,163000.0,142250.0,155000.0,160000.0,190000.0,176000.0,202000.0,200000.0,190000.0,170000.0,195500.0,173500.0,189750.0,185000.0,189000.0,183000.0,183250.0,218000.0,215000.0,220000.0,211000.0,194500.0,213500.0,207000.0,186500.0,167050.0,197000.0,200000.0,198250.0,220000.0,225000.0,215000.0,220000.0,213000.0,215000.0,212351.0
394813,200,"Macon, GA",msa,GA,93750.0,119800.0,98500.0,112650.0,122000.0,104950.0,104300.0,105000.0,87000.0,88500.0,85000.0,107000.0,91737.0,90000.0,108600.0,119367.0,115000.0,115160.0,116000.0,109900.0,119200.0,105575.0,93000.0,87000.0,99500.0,97000.0,102600.0,103250.0,105000.0,90550.0,101915.0,82000.0,75600.0,74900.0,92250.0,106250.0,105100.0,108250.0,73651.0,95000.0,96250.0,75000.0,84475.0,74250.0,97500.0,89700.0,85000.0,74950.0,75000.0,75000.0,83135.0,94450.0,100750.0,66750.0,90000.0,95199.0,84250.0,88000.0,79500.0,90000.0,76252.0,90000.0,65000.0,95000.0,87500.0,81775.0,80000.0,74950.0,85000.0,78950.0,98950.0,77500.0,70000.0,78910.0,79000.0,91650.0,99750.0,99000.0,105000.0,107500.0,87350.0,97850.0,90000.0,75000.0,82500.0,99950.0,90000.0,86450.0,102000.0,95000.0,115400.0,101500.0,101000.0,72000.0,93250.0,76000.0,87500.0,112000.0,98250.0,103000.0,108000.0,113000.0,103034.0,86000.0,89700.0,100000.0,99037.0,80000.0,92275.0,95000.0,120637.0,112700.0,123250.0,101975.0,115000.0,114901.0,115000.0,110000.0,108750.0,92500.0,92950.0,109900.0,119950.0,125500.0,122500.0,126000.0,122950.0,123886.0,115200.0,111500.0,122000.0,91000.0,117500.0,105177.0,116750.0,137500.0,152000.0,130000.0,132000.0,128000.0,119950.0,112500.0,124900.0,120500.0,105250.0,143600.0,140000.0,127000.0,136000.0,153700.0,145000.0,139999.0,126000.0,137200.0,143250.0,125500.0,115000.0,123000.0,125500.0,155000.0,151000.0,150000.0,138000.0,144000.0,135500.0,151700.0,133000.0,120000.0,130000.0,130000.0,150000.0,152500.0,160000.0,130000.0,165000.0,145000.0,138500.0,139000.0,135000.0,120000.0,120000.0,125000.0,155000.0,150500.0,182500.0,162000.0,175000.0,136400.0,148750.0,182000.0,135000.0,176000.0,145000.0,158750.0,146000.0,180000.0,170000.0,141500.0,175000.0,195500.0,157000.0,163750.0,179900.0,164000.0,169000.0,165000.0,173440.0,181000.0,215000.0,190000.0,175250.0,200000.0,180000.0,183731.0
395174,201,"Tyler, TX",msa,TX,130795.0,170112.0,164065.0,165773.0,151900.0,167508.0,150050.0,134668.0,164900.0,163602.0,131309.0,133350.0,138674.0,162204.0,182625.0,170965.0,170800.0,164900.0,171927.0,208000.0,168000.0,164165.0,170784.0,147579.0,165857.0,164223.0,163006.0,190204.0,169560.0,181700.0,153344.0,175300.0,181730.0,177500.0,150000.0,149702.0,140814.0,158266.0,165000.0,176663.0,158000.0,151055.0,181354.0,150000.0,157938.0,175177.0,152450.0,147000.0,158250.0,156500.0,171000.0,174354.0,191100.0,168000.0,179500.0,158800.0,167000.0,159000.0,154500.0,145150.0,155000.0,166924.0,159000.0,158500.0,168000.0,167700.0,165346.0,143980.0,164661.0,134300.0,156750.0,171988.0,186000.0,160250.0,166729.0,166507.0,196423.0,178000.0,174671.0,175000.0,152250.0,183250.0,181339.0,153900.0,192661.0,165000.0,170988.0,184250.0,178000.0,169500.0,174700.0,153553.0,160650.0,166000.0,153750.0,175000.0,165250.0,164000.0,160750.0,170000.0,174534.0,169000.0,174000.0,175000.0,169900.0,165000.0,170500.0,162250.0,175812.0,180000.0,179000.0,188000.0,191750.0,189900.0,180000.0,190000.0,188000.0,188250.0,185000.0,188450.0,199000.0,198900.0,191900.0,189000.0,205000.0,210000.0,186774.0,197000.0,183421.0,185750.0,198250.0,191000.0,185000.0,192500.0,195000.0,203148.0,200000.0,227244.0,215000.0,201456.0,195993.0,210000.0,211500.0,199500.0,220000.0,228289.0,195500.0,220000.0,223500.0,227900.0,240000.0,232000.0,227000.0,235000.0,238450.0,235000.0,235000.0,251000.0,241000.0,250000.0,251500.0,262500.0,251900.0,258000.0,275000.0,255500.0,255000.0,253279.0,278500.0,288000.0,270000.0,290000.0,317000.0,300000.0,305000.0,290750.0,304000.0,285000.0,282250.0,250000.0,260000.0,295000.0,289200.0,312400.0,300000.0,306599.0,299500.0,309616.0,292500.0,305000.0,290000.0,283000.0,269300.0,271057.0,290000.0,303231.0,314339.0,293800.0,312000.0,324830.0,322000.0,314950.0,321250.0,264224.0,293500.0,299434.0,284500.0,301977.0,335000.0,322450.0,320000.0,315000.0,305000.0,295895.0
394361,202,"Barnstable Town, MA",msa,MA,325000.0,318500.0,300000.0,325000.0,312750.0,290000.0,297500.0,310000.0,315000.0,295800.0,310000.0,235000.0,237750.0,280000.0,300000.0,285000.0,311500.0,287000.0,300000.0,296000.0,296425.0,283000.0,325000.0,327500.0,275000.0,283000.0,307000.0,287000.0,330000.0,291500.0,301000.0,310000.0,304000.0,296500.0,300000.0,302500.0,280000.0,271500.0,290000.0,302000.0,302000.0,294000.0,297500.0,319000.0,307500.0,300000.0,300000.0,291250.0,259900.0,290000.0,305000.0,313750.0,315000.0,284500.0,297500.0,300000.0,305000.0,315000.0,333000.0,280000.0,287000.0,312500.0,300000.0,322000.0,322950.0,325000.0,320000.0,330425.0,325000.0,317500.0,306000.0,320750.0,315000.0,299500.0,311000.0,330000.0,332000.0,310000.0,349750.0,330000.0,338500.0,327700.0,349500.0,328500.0,335000.0,330000.0,320000.0,324950.0,328500.0,320000.0,340000.0,345000.0,334500.0,350000.0,344900.0,321300.0,320000.0,305100.0,334900.0,340000.0,350000.0,340000.0,350000.0,358250.0,367000.0,360000.0,349900.0,340000.0,350000.0,347500.0,347250.0,372500.0,355000.0,361000.0,355799.0,380000.0,377250.0,375000.0,383000.0,354956.0,370500.0,371250.0,373450.0,388500.0,395500.0,386000.0,375000.0,388450.0,424950.0,390000.0,355000.0,375000.0,366000.0,383000.0,389000.0,389950.0,415000.0,388950.0,401000.0,400000.0,395000.0,397000.0,381442.0,386250.0,390000.0,415000.0,405000.0,416000.0,420000.0,450000.0,459900.0,489000.0,490000.0,515000.0,480000.0,489900.0,475000.0,494900.0,541000.0,521000.0,535000.0,516500.0,525000.0,540000.0,539500.0,550000.0,550500.0,534000.0,535000.0,550000.0,625000.0,615000.0,590000.0,625000.0,605000.0,595000.0,624500.0,625000.0,589000.0,549000.0,595000.0,599500.0,635000.0,624950.0,646500.0,625000.0,642500.0,655000.0,685000.0,658000.0,605000.0,605000.0,630000.0,617500.0,695000.0,675000.0,700000.0,682500.0,640000.0,675000.0,703000.0,695000.0,650000.0,682000.0,650000.0,650000.0,688750.0,682500.0,693750.0,700000.0,670000.0,690000.0,750000.0,675627.0
394519,203,"Daphne, AL",msa,AL,174250.0,155092.0,170000.0,182777.0,193400.0,210000.0,158500.0,160000.0,172000.0,161500.0,150000.0,150850.0,133267.0,148171.0,158176.0,160682.0,165000.0,165000.0,150623.0,153183.0,150283.0,160000.0,141671.0,137018.0,139000.0,144700.0,150500.0,130250.0,162500.0,145000.0,145000.0,150000.0,150000.0,143400.0,152500.0,144000.0,132000.0,141000.0,150000.0,147000.0,160000.0,150000.0,141410.0,147386.0,147100.0,137000.0,138000.0,132000.0,162000.0,161750.0,166000.0,164500.0,149500.0,167450.0,149900.0,155000.0,155250.0,171900.0,160000.0,138000.0,140000.0,159900.0,157750.0,165000.0,160000.0,167750.0,159250.0,157000.0,160000.0,160000.0,159950.0,160900.0,155250.0,168000.0,163500.0,170000.0,170000.0,165000.0,167000.0,166900.0,160000.0,170250.0,175000.0,176750.0,187000.0,180000.0,195000.0,197800.0,203000.0,187000.0,185000.0,182932.0,174950.0,174000.0,181150.0,172000.0,176732.0,187500.0,200000.0,181875.0,201955.0,187074.0,190000.0,204250.0,205000.0,191900.0,195125.0,188900.0,183150.0,193000.0,199000.0,207250.0,219900.0,194500.0,219000.0,200100.0,206000.0,227500.0,219000.0,203500.0,205000.0,229000.0,235000.0,220100.0,224500.0,219950.0,220000.0,225000.0,227000.0,235000.0,229950.0,230000.0,215000.0,219500.0,242000.0,260000.0,262000.0,256000.0,250000.0,254900.0,254900.0,260000.0,250000.0,273947.0,265000.0,253000.0,258250.0,245000.0,278750.0,280000.0,300000.0,280000.0,258762.0,294500.0,294000.0,279900.0,295000.0,339450.0,315000.0,319250.0,329700.0,315000.0,339000.0,311262.0,327250.0,328750.0,367815.0,337000.0,348950.0,359900.0,373000.0,370000.0,380000.0,368500.0,369500.0,373000.0,357000.0,350000.0,360500.0,350000.0,393000.0,389900.0,384700.0,373700.0,369950.0,391000.0,375000.0,349000.0,387000.0,355000.0,392500.0,356250.0,360000.0,358995.0,385000.0,410000.0,386000.0,381338.0,392000.0,355000.0,365000.0,352000.0,382750.0,377950.0,379000.0,400000.0,390000.0,390000.0,370000.0,394900.0,375000.0,380000.0,390750.0,387801.0
394378,205,"Bellingham, WA",msa,WA,256751.0,265280.0,252280.0,247755.0,275280.0,265430.0,250180.0,248280.0,240280.0,263180.0,249280.0,232280.0,250280.0,253780.0,255280.0,237390.0,256780.0,239180.0,250280.0,236480.0,239280.0,240280.0,237780.0,245280.0,230280.0,228280.0,230180.0,231780.0,235280.0,249580.0,250280.0,243750.0,233280.0,237280.0,232530.0,232280.0,219280.0,215280.0,231530.0,240280.0,235280.0,230280.0,225280.0,215280.0,232780.0,209280.0,220280.0,220280.0,197780.0,223780.0,234280.0,225280.0,242280.0,225280.0,235780.0,235280.0,238890.0,236280.0,235280.0,225280.0,225000.0,220280.0,247780.0,237530.0,235230.0,240280.0,247780.0,235280.0,240140.0,249780.0,235000.0,224280.0,225280.0,225280.0,244280.0,236530.0,260280.0,253780.0,266500.0,238000.0,235000.0,239000.0,250000.0,254500.0,245000.0,240000.0,264950.0,265000.0,270000.0,273750.0,262000.0,258800.0,263500.0,271575.0,265000.0,258799.0,278000.0,274500.0,270000.0,278750.0,276500.0,285200.0,291550.0,282250.0,295000.0,299600.0,286625.0,275000.0,300000.0,314000.0,300000.0,309500.0,305000.0,324900.0,330000.0,305000.0,305000.0,325000.0,324332.0,330000.0,332500.0,329000.0,342450.0,350000.0,355000.0,350000.0,355000.0,350000.0,350000.0,355250.0,350000.0,350000.0,358000.0,340000.0,385000.0,375000.0,385000.0,372191.0,367000.0,360000.0,395000.0,371000.0,374000.0,355000.0,388000.0,391660.0,388000.0,402250.0,402000.0,412500.0,427900.0,442000.0,439500.0,425250.0,427000.0,435000.0,430000.0,459180.0,475500.0,510000.0,515000.0,505000.0,537500.0,532500.0,533000.0,535200.0,527000.0,502000.0,527500.0,580000.0,572500.0,600000.0,615000.0,556250.0,570000.0,545500.0,520000.0,535000.0,575000.0,503312.0,535000.0,520000.0,560000.0,531000.0,560000.0,525000.0,525000.0,550000.0,570000.0,567500.0,528500.0,580000.0,549000.0,614200.0,615000.0,602000.0,579500.0,630000.0,620000.0,599500.0,572500.0,600000.0,582500.0,560000.0,595000.0,607500.0,590000.0,600000.0,606950.0,615000.0,605000.0,583000.0,599000.0,590763.0
394429,206,"Burlington, VT",msa,VT,217500.0,222750.0,231950.0,230000.0,253000.0,223000.0,230000.0,225000.0,215500.0,200000.0,237000.0,235500.0,196000.0,210000.0,237450.0,213000.0,239500.0,228500.0,220250.0,215000.0,219900.0,211500.0,215000.0,236000.0,188000.0,219900.0,256000.0,218500.0,235500.0,257000.0,241500.0,242000.0,230000.0,228500.0,239950.0,218500.0,205125.0,225000.0,213000.0,227850.0,220000.0,230900.0,215000.0,234855.0,225900.0,249000.0,242500.0,201000.0,204900.0,223000.0,225000.0,224900.0,235000.0,234000.0,239900.0,249000.0,225000.0,230000.0,226900.0,220500.0,232000.0,232500.0,230000.0,233300.0,250000.0,248500.0,240000.0,226250.0,224000.0,225000.0,223250.0,236000.0,230000.0,230500.0,230000.0,246610.0,235000.0,256250.0,244900.0,232500.0,235000.0,243750.0,217000.0,238900.0,225000.0,230000.0,236000.0,257250.0,257500.0,260000.0,239700.0,248000.0,235000.0,232000.0,231500.0,228750.0,225000.0,236000.0,265300.0,256000.0,260500.0,252500.0,240000.0,245000.0,255000.0,254900.0,240000.0,246400.0,262750.0,247800.0,262500.0,270000.0,270000.0,274900.0,285000.0,260500.0,266000.0,270000.0,285000.0,258000.0,248000.0,261000.0,284000.0,265000.0,280000.0,278500.0,265500.0,275000.0,284172.0,281000.0,279000.0,268800.0,266500.0,270000.0,270000.0,291500.0,300000.0,284900.0,299450.0,292000.0,275000.0,291250.0,271000.0,275000.0,258000.0,283250.0,274900.0,266000.0,310000.0,300000.0,307000.0,315000.0,317500.0,315000.0,320000.0,310000.0,281500.0,311000.0,309000.0,337000.0,340000.0,365000.0,361000.0,328000.0,360000.0,348000.0,353000.0,335000.0,308000.0,354950.0,369000.0,400000.0,393000.0,401000.0,400000.0,398000.0,396250.0,385000.0,375000.0,390000.0,380000.0,375000.0,380000.0,400000.0,410750.0,407500.0,390000.0,422500.0,385500.0,400000.0,373500.0,398000.0,350000.0,334500.0,437500.0,415000.0,430250.0,452000.0,460000.0,416500.0,425000.0,423500.0,369900.0,419900.0,400000.0,442450.0,449000.0,465950.0,486000.0,450000.0,489450.0,465000.0,460000.0,443706.0
395030,207,"Rochester, MN",msa,MN,143750.0,158450.0,152500.0,153700.0,160000.0,158700.0,149000.0,137000.0,139950.0,133250.0,140000.0,144900.0,129775.0,135900.0,148400.0,151950.0,152900.0,140000.0,149000.0,132250.0,133650.0,129000.0,134900.0,133900.0,144500.0,143000.0,135125.0,142250.0,142560.0,135000.0,140500.0,137700.0,140250.0,130000.0,140140.0,120000.0,141500.0,130000.0,132412.0,144962.0,145000.0,153000.0,144200.0,130000.0,127500.0,125000.0,122375.0,134450.0,130000.0,149900.0,149900.0,144250.0,154500.0,159000.0,144000.0,137000.0,137700.0,147000.0,135725.0,136450.0,143500.0,146000.0,144950.0,159900.0,155699.0,154900.0,149900.0,143000.0,144450.0,139900.0,132950.0,138000.0,135000.0,152500.0,156000.0,159401.0,168500.0,163475.0,150000.0,157000.0,149950.0,151000.0,147500.0,153750.0,159900.0,164950.0,168500.0,169950.0,166950.0,164950.0,160000.0,162000.0,158500.0,159450.0,153856.0,157700.0,165700.0,161000.0,169225.0,173575.0,184700.0,180450.0,165750.0,169000.0,169500.0,173000.0,174900.0,175500.0,176250.0,181800.0,181248.0,194300.0,191200.0,177750.0,194000.0,186000.0,175000.0,184400.0,180000.0,189900.0,186125.0,197650.0,185000.0,205000.0,214200.0,200000.0,210000.0,196000.0,199250.0,197000.0,190000.0,202900.0,200000.0,205000.0,218200.0,215000.0,229250.0,220000.0,222250.0,215000.0,209900.0,210600.0,222000.0,215500.0,218000.0,225000.0,226000.0,227450.0,230000.0,233500.0,255000.0,242700.0,240000.0,234751.0,226000.0,227000.0,225000.0,235000.0,240000.0,255000.0,275000.0,260000.0,262000.0,270000.0,264950.0,260000.0,268450.0,258000.0,266000.0,270000.0,280000.0,300000.0,305000.0,280000.0,283000.0,270500.0,265000.0,265000.0,259900.0,254500.0,262500.0,269900.0,275200.0,292750.0,293500.0,290000.0,289000.0,274900.0,285000.0,284000.0,260000.0,273000.0,275000.0,300000.0,312500.0,310000.0,315000.0,319950.0,310000.0,299950.0,299350.0,297500.0,285000.0,287000.0,304000.0,299000.0,308450.0,319900.0,347000.0,320000.0,324900.0,315000.0,315000.0,319184.0
753895,208,"Lafayette, IN",msa,IN,112000.0,110000.0,103500.0,111500.0,114000.0,120000.0,110500.0,118000.0,117350.0,104000.0,107250.0,114624.0,122500.0,105500.0,106000.0,117500.0,122692.0,119000.0,113761.0,106250.0,106000.0,104000.0,108000.0,101750.0,107000.0,115000.0,118450.0,117839.0,123500.0,123300.0,111000.0,116000.0,104450.0,118000.0,110000.0,99900.0,109000.0,104562.0,114900.0,112000.0,122000.0,125000.0,110000.0,111250.0,118000.0,105200.0,111250.0,95000.0,93800.0,119151.0,114000.0,120000.0,129500.0,130000.0,121300.0,130000.0,115000.0,118350.0,119500.0,116500.0,106250.0,117000.0,110000.0,127425.0,128900.0,130000.0,123200.0,118000.0,119000.0,117000.0,126000.0,115500.0,118000.0,117500.0,115250.0,125900.0,139431.0,129000.0,123000.0,118000.0,118500.0,115000.0,132000.0,117450.0,128902.0,122592.0,130000.0,132074.0,145500.0,138000.0,140000.0,127900.0,129000.0,136500.0,122000.0,134450.0,124450.0,132400.0,135000.0,149307.0,144900.0,144000.0,136014.0,137750.0,135200.0,144950.0,140500.0,139900.0,122500.0,139900.0,145000.0,145000.0,158997.0,145000.0,148275.0,145000.0,139000.0,145974.0,140000.0,145000.0,133000.0,149450.0,150000.0,158000.0,167625.0,155000.0,161000.0,148000.0,152000.0,154500.0,139750.0,146000.0,150594.0,134500.0,160288.0,171588.0,177000.0,186000.0,162750.0,160000.0,168000.0,175000.0,159340.0,155000.0,165900.0,172450.0,170950.0,186000.0,184562.0,180500.0,186000.0,190950.0,189632.0,186350.0,175000.0,190000.0,177325.0,180886.0,190617.0,200000.0,206698.0,200550.0,210000.0,215000.0,190000.0,200000.0,198000.0,191195.0,189500.0,203200.0,205000.0,240000.0,239900.0,230000.0,228000.0,206000.0,222000.0,205000.0,198900.0,197750.0,209900.0,237000.0,220000.0,250676.0,258186.0,264500.0,250000.0,240000.0,247017.0,238000.0,240000.0,236900.0,242925.0,262712.0,254000.0,288000.0,260000.0,285000.0,263000.0,265000.0,272500.0,267000.0,250000.0,257500.0,265000.0,299850.0,284950.0,285000.0,292750.0,290000.0,279457.0,283000.0,268000.0,246941.0
394454,209,"Champaign, IL",msa,IL,115000.0,134000.0,128000.0,125500.0,134250.0,128000.0,127000.0,133250.0,103000.0,111000.0,121500.0,105000.0,130750.0,120000.0,119500.0,132000.0,136250.0,131000.0,130000.0,108000.0,122500.0,120750.0,130000.0,119500.0,112000.0,126000.0,133000.0,135000.0,131500.0,140000.0,136000.0,125000.0,132500.0,118450.0,108000.0,134750.0,120000.0,129000.0,123500.0,132500.0,128500.0,134500.0,127500.0,129000.0,119450.0,112000.0,124500.0,124000.0,118500.0,138250.0,128000.0,130000.0,146500.0,132250.0,140500.0,128250.0,127500.0,130000.0,112500.0,92000.0,115500.0,130000.0,128500.0,129700.0,138500.0,132750.0,140000.0,132000.0,114225.0,114500.0,110000.0,123000.0,111250.0,119500.0,135250.0,142950.0,137750.0,139500.0,136500.0,130900.0,121500.0,129750.0,125000.0,133900.0,132750.0,144500.0,136750.0,135500.0,145000.0,150000.0,139900.0,135000.0,136250.0,128500.0,125000.0,134950.0,118387.0,135000.0,130000.0,132500.0,142500.0,141250.0,140000.0,140000.0,135000.0,125000.0,128250.0,125000.0,124500.0,138250.0,135000.0,144900.0,153000.0,153500.0,125000.0,139250.0,143750.0,133500.0,138500.0,127250.0,132000.0,136250.0,140000.0,146000.0,152250.0,145000.0,141250.0,145250.0,127500.0,123000.0,143000.0,144000.0,133500.0,131125.0,139000.0,142350.0,148000.0,150000.0,151250.0,148266.0,153000.0,142750.0,150000.0,124500.0,125000.0,140500.0,147500.0,156500.0,160000.0,157000.0,163500.0,165000.0,155000.0,167750.0,141000.0,135000.0,140000.0,160000.0,154723.0,167500.0,174500.0,165000.0,166750.0,154000.0,149700.0,158775.0,163000.0,151500.0,164750.0,160000.0,165000.0,179000.0,180000.0,178000.0,177250.0,165000.0,165000.0,166500.0,150000.0,135000.0,155000.0,157250.0,172750.0,180000.0,208500.0,188500.0,182500.0,189000.0,179000.0,175500.0,171000.0,160000.0,185000.0,178000.0,219000.0,195000.0,215000.0,220000.0,199000.0,199500.0,205000.0,200000.0,201000.0,180000.0,212500.0,210000.0,210000.0,221000.0,232000.0,229000.0,240000.0,205000.0,215900.0,223083.0
394848,210,"Medford, OR",msa,OR,250000.0,244500.0,239000.0,225000.0,242875.0,239000.0,272250.0,239000.0,230000.0,215000.0,208000.0,209750.0,209950.0,180000.0,197750.0,195000.0,187000.0,212500.0,200000.0,185000.0,185750.0,178000.0,175000.0,186500.0,159450.0,155000.0,173000.0,169365.0,180500.0,184500.0,165000.0,147500.0,188450.0,149950.0,158500.0,138000.0,165000.0,158842.0,150000.0,145000.0,169500.0,150000.0,174950.0,180000.0,155000.0,145000.0,145500.0,152000.0,144900.0,165000.0,175000.0,180000.0,172850.0,185000.0,201000.0,180000.0,181685.0,206000.0,188500.0,179000.0,200000.0,186000.0,227000.0,220000.0,223300.0,235000.0,195500.0,220702.0,218500.0,239250.0,217000.0,204500.0,225000.0,220000.0,200000.0,220000.0,229900.0,250000.0,240875.0,203500.0,226500.0,230000.0,237500.0,240250.0,220000.0,222000.0,249200.0,255000.0,250000.0,255000.0,230000.0,235000.0,240000.0,245000.0,231125.0,249000.0,230000.0,236000.0,236250.0,262750.0,264500.0,257850.0,270000.0,263000.0,253000.0,264000.0,254000.0,265000.0,256500.0,265000.0,280000.0,270000.0,288750.0,286750.0,285000.0,267900.0,275000.0,279950.0,279900.0,287500.0,259950.0,287500.0,290000.0,297500.0,302437.0,299900.0,306000.0,289500.0,285000.0,285000.0,299000.0,278000.0,288000.0,296000.0,300000.0,310000.0,316400.0,313000.0,325000.0,309950.0,305000.0,305000.0,315000.0,318250.0,300000.0,323500.0,324950.0,305000.0,335000.0,350000.0,356950.0,345000.0,350500.0,349500.0,357000.0,360000.0,335000.0,380000.0,380000.0,404000.0,410000.0,375546.0,403040.0,397000.0,389500.0,404641.0,405000.0,398250.0,423000.0,420250.0,439900.0,425000.0,452500.0,445750.0,438000.0,410000.0,425000.0,410700.0,395000.0,410500.0,399450.0,400000.0,414950.0,433000.0,464000.0,425000.0,426975.0,427000.0,410000.0,440000.0,403337.0,426000.0,425000.0,449000.0,426000.0,424950.0,439000.0,445449.0,445000.0,413500.0,439000.0,425000.0,427500.0,439950.0,415000.0,430333.0,425000.0,429500.0,455000.0,435000.0,445000.0,415000.0,445000.0,425693.0
845164,211,"Lebanon, NH",msa,NH,200000.0,209000.0,182000.0,210000.0,200000.0,198750.0,184500.0,176850.0,180000.0,173000.0,165000.0,139000.0,146600.0,154900.0,137450.0,166800.0,176000.0,170000.0,175000.0,168000.0,170000.0,170000.0,157000.0,150650.0,152500.0,153750.0,184000.0,168950.0,190000.0,177500.0,184000.0,164500.0,172000.0,188500.0,171000.0,165000.0,152000.0,170000.0,173750.0,180000.0,173950.0,181000.0,177250.0,168000.0,159000.0,152750.0,160000.0,159500.0,148400.0,155000.0,160199.0,176500.0,180000.0,163450.0,169750.0,170000.0,159500.0,162000.0,161000.0,170500.0,155000.0,159000.0,162500.0,165000.0,185000.0,178500.0,168250.0,171000.0,155500.0,160000.0,154250.0,140000.0,144950.0,175000.0,168000.0,175000.0,188500.0,175000.0,181750.0,180000.0,162250.0,164000.0,165000.0,150000.0,150000.0,175000.0,179933.0,188250.0,189000.0,180400.0,170000.0,176000.0,175766.0,156000.0,162900.0,174500.0,153000.0,163500.0,189000.0,190000.0,189000.0,185000.0,183000.0,175000.0,188000.0,171000.0,175000.0,172733.0,170000.0,186000.0,199900.0,189000.0,212000.0,187500.0,191000.0,175000.0,191000.0,195000.0,170000.0,192000.0,210000.0,179000.0,211000.0,220000.0,198500.0,194000.0,187533.0,195000.0,199933.0,212000.0,197500.0,161600.0,181000.0,195000.0,209266.0,221000.0,200500.0,205000.0,210000.0,215000.0,200000.0,192000.0,220000.0,175000.0,195100.0,205500.0,229000.0,230000.0,244000.0,238750.0,244900.0,250000.0,260500.0,247000.0,255000.0,236500.0,220000.0,245000.0,281250.0,275500.0,299000.0,280000.0,296000.0,290000.0,289000.0,266466.0,285000.0,275000.0,299933.0,290900.0,335614.0,335000.0,337000.0,335000.0,320133.0,320000.0,305000.0,313766.0,300000.0,320000.0,280000.0,320000.0,345000.0,350000.0,375000.0,390000.0,365000.0,355000.0,360000.0,346000.0,352500.0,325000.0,355333.0,373000.0,399000.0,380000.0,365000.0,385000.0,375000.0,410000.0,385000.0,377500.0,366000.0,365000.0,376500.0,375000.0,410000.0,407533.0,425000.0,400000.0,404000.0,385000.0,390000.0,404507.0
394459,212,"Charlottesville, VA",msa,VA,241188.0,243000.0,240000.0,244000.0,260000.0,246000.0,256250.0,220000.0,228000.0,255000.0,248000.0,227000.0,232500.0,239900.0,215000.0,246000.0,232000.0,249900.0,260000.0,250000.0,216750.0,230000.0,235000.0,205500.0,248000.0,227000.0,255000.0,227750.0,265000.0,253500.0,215500.0,213000.0,240000.0,225000.0,215000.0,210000.0,203256.0,212000.0,244503.0,236500.0,233450.0,225125.0,224000.0,204000.0,225500.0,195000.0,205000.0,211150.0,187000.0,224900.0,212500.0,233000.0,254500.0,228000.0,210000.0,207000.0,218100.0,231250.0,210350.0,221500.0,229450.0,223000.0,252000.0,245500.0,265000.0,257500.0,229000.0,230000.0,225000.0,230000.0,230000.0,203400.0,190000.0,220000.0,242450.0,256000.0,279000.0,265000.0,256500.0,232671.0,220000.0,221750.0,235000.0,210700.0,215000.0,233500.0,230000.0,258787.0,261000.0,258500.0,236900.0,250000.0,212700.0,225000.0,254000.0,229000.0,247750.0,223540.0,248750.0,275000.0,295000.0,262650.0,250200.0,261750.0,230000.0,249900.0,242450.0,252000.0,249000.0,252000.0,283750.0,279900.0,285000.0,275450.0,260000.0,250100.0,254500.0,255000.0,272000.0,243750.0,258700.0,256000.0,289500.0,275000.0,285000.0,285000.0,274112.0,257000.0,246500.0,261000.0,269900.0,267450.0,257500.0,269950.0,290000.0,310000.0,314600.0,303500.0,290000.0,254000.0,290000.0,268000.0,279500.0,275000.0,284000.0,297000.0,324500.0,324550.0,315000.0,308900.0,310000.0,317000.0,309000.0,350000.0,314750.0,325000.0,305000.0,340000.0,355000.0,377500.0,370000.0,368000.0,345000.0,335000.0,347000.0,346500.0,386000.0,350000.0,374500.0,367500.0,395000.0,416250.0,413875.0,401000.0,400000.0,359000.0,375000.0,405000.0,390000.0,365700.0,372000.0,363500.0,425000.0,425000.0,425000.0,400000.0,413750.0,395000.0,412200.0,389500.0,435000.0,384500.0,365000.0,440000.0,453000.0,429000.0,470000.0,450000.0,413000.0,430500.0,440000.0,471500.0,439900.0,464000.0,405000.0,485000.0,499000.0,466000.0,497500.0,419000.0,445000.0,420000.0,482180.0,473471.0
394763,213,"Lake Charles, LA",msa,LA,91250.0,115000.0,90000.0,96250.0,125000.0,121250.0,107450.0,112900.0,130000.0,120000.0,116250.0,117000.0,110000.0,109681.0,120000.0,114875.0,120000.0,123500.0,125000.0,107037.0,106000.0,132000.0,127875.0,85750.0,110000.0,122000.0,120000.0,133000.0,99900.0,116000.0,123500.0,130500.0,124000.0,95200.0,110000.0,92500.0,82500.0,110000.0,111000.0,107250.0,132050.0,106000.0,118400.0,105000.0,119500.0,117000.0,122000.0,105000.0,108000.0,123250.0,100750.0,125000.0,105000.0,124500.0,135000.0,130000.0,126800.0,129000.0,128000.0,122500.0,112500.0,145000.0,150000.0,119250.0,132000.0,125000.0,135000.0,136250.0,143625.0,124000.0,124750.0,135000.0,140000.0,132000.0,136500.0,128800.0,136192.0,143000.0,140000.0,156425.0,130450.0,138000.0,148000.0,125950.0,125250.0,146537.0,150500.0,154500.0,148700.0,155000.0,135000.0,148000.0,149750.0,130000.0,180000.0,145000.0,159500.0,171000.0,165000.0,170000.0,160000.0,165800.0,155000.0,172500.0,159250.0,161200.0,184500.0,147000.0,123500.0,165000.0,160000.0,165000.0,172800.0,165000.0,160500.0,183225.0,183750.0,189900.0,193635.0,197900.0,187567.0,177750.0,193700.0,190000.0,178500.0,180000.0,177000.0,188750.0,162000.0,196500.0,165000.0,169250.0,147000.0,196000.0,159500.0,185000.0,184900.0,199950.0,190000.0,194000.0,185500.0,162250.0,185000.0,198450.0,174500.0,171000.0,180500.0,178000.0,198500.0,174000.0,202000.0,229000.0,180000.0,169900.0,169000.0,162000.0,145000.0,160000.0,166000.0,170000.0,177950.0,180000.0,172500.0,189500.0,176000.0,200000.0,197500.0,179000.0,175000.0,200000.0,188500.0,185000.0,175750.0,182000.0,184500.0,175000.0,190000.0,160000.0,163000.0,171450.0,180000.0,195000.0,208000.0,192500.0,195500.0,189000.0,182950.0,188000.0,162500.0,197500.0,166500.0,192000.0,189500.0,218000.0,177000.0,197200.0,199000.0,210575.0,196000.0,212000.0,195000.0,178000.0,167000.0,211500.0,220000.0,199950.0,205000.0,202500.0,205000.0,199900.0,200000.0,215000.0,200000.0,204196.0
394773,214,"Las Cruces, NM",msa,NM,159017.0,180000.0,160000.0,182500.0,163500.0,178900.0,160000.0,161500.0,163124.0,150000.0,145701.0,147847.0,147950.0,169000.0,150000.0,177000.0,154473.0,158750.0,156250.0,165975.0,147060.0,141161.0,158500.0,174500.0,162528.0,160000.0,154974.0,150000.0,154000.0,160000.0,164000.0,132000.0,158203.0,165000.0,171996.0,146000.0,152500.0,149287.0,155000.0,146500.0,146000.0,148750.0,144547.0,140500.0,156095.0,146400.0,143000.0,151000.0,139260.0,131350.0,140329.0,144900.0,138000.0,143000.0,132334.0,137000.0,137500.0,145000.0,133972.0,135000.0,135000.0,144000.0,148500.0,137450.0,138245.0,155000.0,142050.0,140000.0,149650.0,135000.0,140450.0,151750.0,155500.0,130336.0,140000.0,151000.0,135000.0,137500.0,148250.0,145500.0,142250.0,145000.0,149047.0,141783.0,138689.0,138400.0,138000.0,152500.0,148000.0,148500.0,159000.0,145000.0,149650.0,152000.0,160000.0,144000.0,153000.0,161000.0,156500.0,155000.0,153000.0,165500.0,147100.0,157000.0,164250.0,151300.0,146828.0,150000.0,158250.0,166300.0,150000.0,172500.0,169000.0,161000.0,160075.0,161950.0,168950.0,162500.0,163000.0,171844.0,170000.0,161417.0,171375.0,184362.0,185000.0,193400.0,175812.0,172350.0,171000.0,176500.0,159000.0,170000.0,175000.0,176000.0,180000.0,180000.0,180000.0,181000.0,183000.0,179500.0,184750.0,188500.0,172900.0,193000.0,185000.0,187000.0,187000.0,179000.0,193500.0,199900.0,205500.0,212000.0,205000.0,212656.0,210000.0,210250.0,220000.0,215000.0,227550.0,240000.0,245000.0,253750.0,238000.0,243000.0,235000.0,251000.0,239500.0,255000.0,253699.0,255250.0,270000.0,276000.0,284500.0,279687.0,278250.0,260000.0,287000.0,258000.0,255000.0,258500.0,282950.0,265500.0,288000.0,280000.0,286000.0,285000.0,305000.0,280000.0,300346.0,275000.0,280000.0,287750.0,268500.0,285000.0,293000.0,280000.0,295000.0,308850.0,275000.0,295000.0,287640.0,282000.0,301500.0,290000.0,295004.0,317600.0,296000.0,313500.0,275000.0,314900.0,289000.0,317821.0,300000.0,290328.0
394464,215,"Chico, CA",msa,CA,225000.0,216000.0,240000.0,246500.0,245000.0,226500.0,240000.0,215000.0,210000.0,189500.0,200000.0,199750.0,207000.0,190000.0,187500.0,215000.0,220000.0,200000.0,190000.0,198000.0,195000.0,176250.0,180000.0,153750.0,175000.0,191000.0,180000.0,180000.0,180000.0,182000.0,181500.0,165000.0,191250.0,175500.0,180000.0,143000.0,140000.0,172500.0,167000.0,170750.0,165000.0,160000.0,165000.0,164000.0,159500.0,166000.0,148500.0,128000.0,160000.0,160000.0,165250.0,159000.0,170000.0,160000.0,165000.0,168000.0,180000.0,175000.0,179750.0,167500.0,165500.0,185000.0,165000.0,205000.0,200000.0,200500.0,189000.0,190000.0,211000.0,200500.0,189500.0,194000.0,185000.0,210000.0,195000.0,218000.0,219000.0,210000.0,214000.0,200000.0,218500.0,220000.0,213750.0,204000.0,205000.0,196000.0,229000.0,232500.0,229000.0,246000.0,223500.0,234000.0,232000.0,205000.0,230000.0,225500.0,230000.0,240000.0,222250.0,240500.0,250000.0,246250.0,245000.0,250500.0,255500.0,238000.0,253500.0,230000.0,260000.0,265000.0,257500.0,265000.0,255000.0,270000.0,263250.0,285000.0,265000.0,268000.0,260000.0,275000.0,262000.0,261000.0,278750.0,290000.0,294000.0,286000.0,279000.0,274000.0,272000.0,294000.0,335000.0,325000.0,312500.0,328500.0,325000.0,325000.0,350000.0,313500.0,310000.0,295000.0,325000.0,305000.0,294000.0,329000.0,305000.0,310000.0,310000.0,310000.0,349500.0,369000.0,347500.0,365000.0,349000.0,367500.0,357500.0,360000.0,360000.0,360000.0,375000.0,375000.0,400000.0,419500.0,385000.0,382000.0,381000.0,385000.0,390000.0,400000.0,378000.0,400000.0,425000.0,425000.0,409000.0,420000.0,409000.0,385000.0,383000.0,375000.0,370000.0,325000.0,360000.0,355000.0,401500.0,394000.0,380000.0,380000.0,352500.0,400000.0,375750.0,385000.0,379500.0,325000.0,401500.0,350000.0,380000.0,399500.0,389500.0,387000.0,410000.0,399000.0,390000.0,395000.0,400000.0,403000.0,395000.0,374500.0,375000.0,365000.0,398000.0,409500.0,376500.0,395000.0,390000.0,398386.0
394681,216,"Hilton Head Island, SC",msa,SC,240000.0,319000.0,285000.0,287500.0,285000.0,289250.0,300000.0,270241.0,267750.0,250000.0,242000.0,215000.0,250000.0,244750.0,252500.0,249900.0,249000.0,240000.0,250000.0,205500.0,235000.0,250000.0,223290.0,215500.0,200000.0,219000.0,225000.0,226000.0,240000.0,225000.0,200000.0,200000.0,210000.0,205000.0,228500.0,192000.0,185500.0,204250.0,237500.0,200000.0,220000.0,192000.0,227750.0,213000.0,212500.0,198500.0,175000.0,218500.0,219950.0,180000.0,195000.0,218000.0,220000.0,195000.0,195000.0,220000.0,202000.0,202500.0,197000.0,200000.0,187000.0,215000.0,207000.0,239000.0,240000.0,265000.0,220000.0,203000.0,199250.0,205000.0,222500.0,186000.0,198000.0,212500.0,224000.0,226000.0,255500.0,210000.0,216000.0,216500.0,229900.0,231500.0,238750.0,205000.0,235000.0,231000.0,249900.0,254000.0,248500.0,255000.0,255000.0,216000.0,237500.0,230000.0,234000.0,270500.0,235653.0,238000.0,240000.0,245000.0,260500.0,247500.0,248950.0,250000.0,249000.0,250000.0,257500.0,255500.0,246000.0,241000.0,268000.0,260000.0,265000.0,255000.0,257000.0,265500.0,268000.0,265000.0,275000.0,288500.0,270000.0,271500.0,280750.0,305000.0,282000.0,265000.0,275000.0,285000.0,285000.0,283000.0,310000.0,277000.0,270000.0,301000.0,270000.0,295000.0,290000.0,295000.0,283000.0,285000.0,325000.0,280000.0,300000.0,310000.0,280000.0,305000.0,300000.0,300000.0,329000.0,335000.0,334250.0,361500.0,360000.0,363000.0,359450.0,370000.0,360000.0,343000.0,360000.0,385000.0,377500.0,387000.0,378000.0,370000.0,417000.0,395000.0,400000.0,390000.0,396000.0,407250.0,439500.0,457000.0,465000.0,431000.0,410000.0,415000.0,450000.0,475000.0,450000.0,472500.0,418500.0,460000.0,495000.0,450000.0,515000.0,500000.0,473212.0,530000.0,475000.0,525000.0,499900.0,522495.0,490000.0,512500.0,550000.0,535901.0,533000.0,529000.0,535000.0,535000.0,525000.0,553500.0,539900.0,550000.0,575000.0,580000.0,535000.0,535000.0,520000.0,471250.0,540000.0,509000.0,501000.0,520270.0
394346,217,"Athens, GA",msa,GA,145000.0,144900.0,151000.0,146328.0,160000.0,147500.0,153000.0,123000.0,132500.0,134099.0,136000.0,148950.0,130000.0,127950.0,146000.0,152105.0,142000.0,141950.0,133000.0,136000.0,131131.0,147100.0,129950.0,123125.0,123668.0,140000.0,143450.0,135000.0,149000.0,137150.0,135675.0,117000.0,138057.0,124700.0,123361.0,139750.0,105250.0,114563.0,122000.0,133025.0,124250.0,124450.0,123500.0,114137.0,120000.0,119889.0,106450.0,94000.0,105250.0,110500.0,130000.0,133000.0,130000.0,140500.0,140000.0,117875.0,120000.0,118313.0,124044.0,126600.0,116250.0,119000.0,138950.0,142750.0,147000.0,139000.0,121000.0,127500.0,126000.0,128850.0,123500.0,128000.0,123750.0,126500.0,136500.0,144400.0,150750.0,139500.0,151000.0,145000.0,152500.0,138229.0,133500.0,129250.0,142250.0,152000.0,157500.0,155750.0,153000.0,148250.0,150250.0,157200.0,148000.0,149250.0,165000.0,152500.0,152500.0,151000.0,171750.0,162000.0,165000.0,162950.0,165000.0,155000.0,162500.0,143250.0,144750.0,175000.0,138950.0,160000.0,180000.0,169500.0,172000.0,180000.0,169900.0,175000.0,162000.0,169250.0,189200.0,158450.0,182000.0,165000.0,185500.0,187250.0,189900.0,195000.0,180000.0,180500.0,186500.0,185800.0,170000.0,182500.0,171000.0,200000.0,185450.0,195000.0,202500.0,198000.0,193250.0,200000.0,196000.0,196000.0,195000.0,195000.0,199900.0,233500.0,233000.0,218000.0,215950.0,240000.0,232055.0,225000.0,229900.0,214560.0,215000.0,219000.0,190000.0,240000.0,254950.0,250500.0,269500.0,243000.0,256250.0,266500.0,260000.0,279000.0,250000.0,263000.0,257000.0,291437.0,300000.0,303750.0,315000.0,318000.0,265750.0,299900.0,285000.0,295000.0,285000.0,256750.0,297925.0,301500.0,311000.0,315000.0,345000.0,307000.0,324000.0,348750.0,325000.0,329000.0,317000.0,298775.0,315000.0,320000.0,345000.0,372500.0,360000.0,367000.0,330000.0,343500.0,335000.0,347500.0,327500.0,327500.0,311250.0,340000.0,375750.0,349825.0,375000.0,347500.0,340000.0,319450.0,377500.0,339926.0
394765,218,"Lake Havasu City, AZ",msa,AZ,177500.0,175000.0,175000.0,180000.0,168500.0,170000.0,151000.0,146300.0,134700.0,133335.0,135700.0,124000.0,135000.0,129000.0,126500.0,136000.0,129900.0,120000.0,129950.0,125000.0,119900.0,120000.0,115250.0,117500.0,116500.0,113500.0,110000.0,118500.0,114950.0,109000.0,99900.0,104500.0,110000.0,113000.0,97000.0,104450.0,108000.0,104950.0,106250.0,112000.0,107000.0,108800.0,105099.0,97000.0,110000.0,115900.0,102250.0,105000.0,106000.0,113250.0,120000.0,116500.0,111000.0,122450.0,120000.0,105000.0,129000.0,116000.0,113000.0,119900.0,130850.0,125000.0,126550.0,128000.0,140000.0,130000.0,127000.0,125000.0,135400.0,129450.0,130972.0,135000.0,130000.0,132750.0,132248.0,124900.0,143000.0,132000.0,135000.0,135000.0,137500.0,147750.0,135000.0,131375.0,145000.0,144000.0,144000.0,146000.0,152000.0,146000.0,139000.0,144650.0,140000.0,124450.0,152550.0,136900.0,148000.0,142250.0,145000.0,157600.0,154000.0,158400.0,151000.0,150250.0,163000.0,155000.0,149450.0,167500.0,152400.0,157000.0,167000.0,155000.0,160000.0,169700.0,164475.0,164750.0,159975.0,165000.0,172550.0,174950.0,170000.0,184900.0,176750.0,184450.0,179000.0,200000.0,197500.0,185000.0,195000.0,210000.0,220750.0,202000.0,201200.0,211000.0,209000.0,227900.0,200000.0,219500.0,229300.0,225000.0,230000.0,226900.0,230000.0,235000.0,228000.0,235000.0,236500.0,239000.0,247000.0,265000.0,250000.0,259900.0,271800.0,276605.0,257000.0,274000.0,295500.0,295000.0,276000.0,295000.0,285000.0,300000.0,306839.0,287000.0,302972.0,321250.0,337500.0,315000.0,330000.0,349000.0,345000.0,350000.0,300000.0,310000.0,300000.0,305000.0,331950.0,306000.0,304500.0,300000.0,320000.0,325000.0,328500.0,342000.0,324900.0,342000.0,315000.0,345000.0,307500.0,315000.0,305000.0,329000.0,330000.0,345000.0,347750.0,369500.0,348250.0,350000.0,335000.0,340000.0,355000.0,350000.0,337500.0,365000.0,355000.0,349000.0,337450.0,356700.0,355000.0,330000.0,360000.0,330000.0,350000.0,358012.0
394485,219,"Columbia, MO",msa,MO,142250.0,129890.0,135000.0,145000.0,149000.0,145000.0,150000.0,154000.0,139000.0,130000.0,139031.0,144819.0,145000.0,150000.0,133500.0,137895.0,145238.0,137950.0,146401.0,140423.0,144369.0,132000.0,144950.0,130110.0,139000.0,136500.0,146475.0,135983.0,141700.0,142300.0,142738.0,143000.0,148900.0,151750.0,148443.0,159000.0,155986.0,142000.0,144500.0,144331.0,140000.0,145000.0,140000.0,147119.0,150400.0,150200.0,148141.0,150000.0,142298.0,150200.0,148950.0,156275.0,155718.0,144638.0,149000.0,147000.0,150500.0,150950.0,153500.0,140000.0,149490.0,150000.0,145000.0,155800.0,149950.0,152250.0,151500.0,154900.0,149900.0,159900.0,144840.0,147000.0,143400.0,156800.0,150000.0,152575.0,165250.0,159000.0,165000.0,156500.0,158500.0,147000.0,154200.0,157250.0,165000.0,165000.0,158500.0,169950.0,173000.0,168000.0,168000.0,152050.0,156756.0,164000.0,145000.0,149500.0,164250.0,168900.0,166000.0,167950.0,163000.0,165000.0,174000.0,168943.0,164250.0,175000.0,161200.0,156000.0,158878.0,168500.0,174500.0,170900.0,174750.0,165500.0,173750.0,170000.0,167250.0,177371.0,168500.0,190000.0,175000.0,186250.0,178000.0,171000.0,187000.0,185000.0,189500.0,176957.0,168975.0,177000.0,184900.0,169000.0,179500.0,197500.0,184582.0,200000.0,198000.0,187415.0,198707.0,206500.0,194000.0,190750.0,173500.0,195750.0,185000.0,192000.0,202000.0,205000.0,207500.0,210508.0,211498.0,217455.0,216250.0,224500.0,204000.0,216500.0,197500.0,209950.0,230000.0,220250.0,245000.0,230000.0,241195.0,229000.0,225000.0,225000.0,225000.0,208000.0,230000.0,226650.0,262000.0,270000.0,285000.0,253599.0,253750.0,268000.0,260000.0,239950.0,229900.0,247500.0,264622.0,259000.0,257750.0,280000.0,277500.0,295900.0,272450.0,265000.0,285000.0,260000.0,260000.0,270000.0,299000.0,290000.0,296417.0,270750.0,285000.0,314500.0,287000.0,300000.0,279500.0,285000.0,276500.0,282500.0,275000.0,293000.0,286000.0,315000.0,331238.0,317500.0,323746.0,300000.0,294500.0,308835.0
395114,220,"Springfield, IL",msa,IL,102900.0,113000.0,99250.0,121000.0,113125.0,110000.0,112750.0,104500.0,103500.0,104000.0,90000.0,99000.0,93000.0,115500.0,105000.0,110000.0,120000.0,116000.0,114000.0,110000.0,104000.0,110000.0,110000.0,103000.0,111250.0,120000.0,113000.0,116475.0,127750.0,109000.0,110000.0,111750.0,117000.0,106000.0,103750.0,116000.0,102500.0,113000.0,115000.0,127500.0,127750.0,122000.0,119000.0,111500.0,108500.0,109500.0,122250.0,112000.0,106500.0,110000.0,121500.0,116250.0,125500.0,128750.0,120500.0,116000.0,109000.0,112000.0,105000.0,114000.0,125000.0,110000.0,107000.0,118000.0,129000.0,120000.0,120000.0,120500.0,118000.0,100000.0,106500.0,119250.0,119250.0,102500.0,103000.0,120000.0,150000.0,130500.0,135500.0,127750.0,112000.0,107100.0,112000.0,102700.0,120000.0,114250.0,117750.0,124250.0,130000.0,124500.0,130000.0,119250.0,118750.0,124000.0,115000.0,108000.0,103500.0,131500.0,125000.0,139000.0,135250.0,126250.0,140000.0,126500.0,123000.0,125000.0,125000.0,136000.0,108500.0,120000.0,116000.0,128000.0,132500.0,140000.0,127500.0,130000.0,126750.0,129000.0,125500.0,122750.0,124500.0,130000.0,134000.0,126500.0,139000.0,129000.0,136500.0,123500.0,126500.0,125000.0,115000.0,113000.0,122750.0,125000.0,130000.0,145000.0,148000.0,149000.0,140000.0,143500.0,125000.0,132750.0,127500.0,115000.0,126000.0,140000.0,144500.0,154500.0,148750.0,155000.0,155500.0,148750.0,145000.0,135000.0,135500.0,122000.0,120000.0,128000.0,134900.0,133450.0,141000.0,147000.0,149000.0,142750.0,150000.0,134000.0,150000.0,135000.0,135000.0,125500.0,140250.0,150000.0,159000.0,160000.0,162000.0,151000.0,149750.0,127500.0,140000.0,118500.0,125000.0,150000.0,144750.0,138000.0,151500.0,155000.0,146000.0,166000.0,158000.0,163000.0,154250.0,169000.0,145000.0,155000.0,169950.0,174250.0,183500.0,181000.0,189500.0,184500.0,172000.0,175000.0,165250.0,181000.0,143750.0,165000.0,180000.0,200000.0,200000.0,203000.0,200000.0,182900.0,190000.0,175877.0
394872,222,"Monroe, LA",msa,LA,105000.0,105000.0,99750.0,105000.0,125000.0,109500.0,94125.0,127500.0,97000.0,93000.0,103000.0,107600.0,120000.0,111000.0,130000.0,122500.0,115000.0,123900.0,129037.0,105750.0,118548.0,116600.0,124500.0,104900.0,110000.0,108000.0,117000.0,120000.0,120000.0,121750.0,120750.0,106500.0,125000.0,123900.0,115000.0,124200.0,133750.0,104000.0,122500.0,135000.0,138250.0,129900.0,128500.0,128950.0,125750.0,108000.0,119850.0,118500.0,120500.0,122500.0,132450.0,124900.0,115950.0,131500.0,115000.0,124700.0,124500.0,121000.0,120950.0,111000.0,127300.0,115000.0,125200.0,130000.0,140000.0,134500.0,140000.0,113250.0,119500.0,129000.0,129900.0,114500.0,120000.0,105000.0,136500.0,132750.0,120000.0,128500.0,144900.0,144000.0,130000.0,139000.0,135000.0,131500.0,130750.0,144350.0,139000.0,142750.0,150950.0,150000.0,148500.0,127500.0,135000.0,134500.0,148500.0,131900.0,109450.0,136200.0,140450.0,140700.0,142000.0,148000.0,154000.0,145000.0,144000.0,147050.0,140000.0,141250.0,132000.0,138750.0,132500.0,145000.0,135500.0,154650.0,165000.0,140000.0,155000.0,150000.0,149900.0,138600.0,152000.0,151500.0,149950.0,161000.0,146000.0,140000.0,153500.0,177000.0,155000.0,171200.0,148000.0,122000.0,152500.0,141900.0,155000.0,174494.0,160000.0,169500.0,169900.0,157000.0,147250.0,155000.0,164950.0,146500.0,149450.0,165000.0,167500.0,176000.0,175000.0,185000.0,205000.0,172000.0,173000.0,181750.0,172000.0,197500.0,182750.0,165000.0,184000.0,185000.0,207000.0,190000.0,176500.0,199500.0,190000.0,185000.0,175000.0,160000.0,162450.0,194950.0,184075.0,210000.0,190000.0,215000.0,190000.0,183500.0,195000.0,169500.0,175000.0,160000.0,160000.0,170450.0,173500.0,163911.0,185000.0,186000.0,190000.0,184250.0,170000.0,199000.0,181000.0,200000.0,170000.0,187500.0,215000.0,213303.0,202010.0,190000.0,185000.0,189650.0,199900.0,199900.0,190000.0,199900.0,178500.0,194000.0,195750.0,224600.0,220000.0,192000.0,219000.0,207000.0,185000.0,201167.0
394565,223,"Elkhart, IN",msa,IN,103450.0,107586.0,112750.0,115000.0,121575.0,125000.0,119200.0,98900.0,97900.0,108950.0,85500.0,74000.0,100000.0,90000.0,88750.0,95900.0,106987.0,101500.0,109500.0,103500.0,93950.0,95500.0,89000.0,80000.0,72000.0,90000.0,92500.0,101950.0,99750.0,103900.0,99095.0,99887.0,99100.0,94150.0,76000.0,75500.0,75000.0,96000.0,86750.0,95000.0,98405.0,107250.0,99500.0,93500.0,95000.0,103450.0,95000.0,86250.0,105000.0,90000.0,96127.0,112750.0,99500.0,108750.0,107750.0,98000.0,110750.0,115000.0,95625.0,100000.0,90000.0,90000.0,106750.0,108000.0,110000.0,118000.0,112250.0,100000.0,104100.0,112500.0,106833.0,102500.0,105000.0,107000.0,105000.0,115000.0,116950.0,119500.0,120000.0,111000.0,120000.0,100000.0,121000.0,119000.0,115300.0,123000.0,120500.0,125500.0,137000.0,125000.0,130000.0,130000.0,129900.0,133755.0,119450.0,125900.0,107500.0,127500.0,128600.0,141115.0,140650.0,136500.0,139500.0,145000.0,134000.0,137000.0,140900.0,132500.0,130000.0,138500.0,137000.0,138500.0,152900.0,145000.0,153500.0,143000.0,147950.0,145859.0,139000.0,138950.0,139900.0,144500.0,141000.0,155390.0,152750.0,159250.0,167000.0,160000.0,159950.0,151000.0,146500.0,139900.0,145500.0,154000.0,161918.0,158000.0,169900.0,169950.0,160800.0,159000.0,161900.0,169900.0,160000.0,155750.0,159900.0,156000.0,175500.0,169450.0,177000.0,191000.0,180773.0,179302.0,182900.0,180000.0,175000.0,167500.0,165000.0,185000.0,185000.0,190000.0,200000.0,208719.0,205000.0,222000.0,210084.0,202500.0,225000.0,190000.0,210000.0,199950.0,215000.0,212556.0,230000.0,235500.0,215000.0,205000.0,208750.0,222450.0,210000.0,197950.0,202000.0,219950.0,200000.0,222000.0,230000.0,225000.0,225000.0,235000.0,225000.0,238950.0,180000.0,211000.0,186250.0,225000.0,225000.0,235000.0,237000.0,231000.0,235000.0,250751.0,240000.0,239900.0,235000.0,200000.0,234900.0,239950.0,249900.0,238750.0,265000.0,265000.0,254950.0,263000.0,250000.0,254068.0
394726,224,"Johnson City, TN",msa,TN,104950.0,116500.0,120000.0,108000.0,111750.0,108750.0,112000.0,117500.0,108597.0,113012.0,108700.0,114000.0,89500.0,110000.0,110000.0,115000.0,120000.0,135000.0,109900.0,109900.0,112200.0,109900.0,99000.0,119700.0,99710.0,115300.0,111800.0,128000.0,113250.0,106000.0,122000.0,113250.0,125000.0,100000.0,110000.0,100000.0,110500.0,118500.0,115900.0,119950.0,118000.0,135500.0,109500.0,102203.0,118000.0,120000.0,105800.0,84650.0,108500.0,101184.0,110000.0,121000.0,125000.0,130000.0,120500.0,96000.0,116750.0,122000.0,114250.0,103500.0,113950.0,122000.0,115380.0,125000.0,132750.0,114825.0,112500.0,111275.0,114723.0,113500.0,109000.0,105000.0,105000.0,100000.0,107000.0,124750.0,120000.0,121500.0,123250.0,124750.0,122000.0,112000.0,115750.0,96975.0,99148.0,125000.0,125000.0,121250.0,125400.0,122000.0,130000.0,118422.0,127500.0,126500.0,113400.0,116500.0,132500.0,116250.0,121000.0,125000.0,130000.0,140000.0,123000.0,130000.0,127000.0,129250.0,138657.0,111000.0,115000.0,136000.0,135500.0,142000.0,146900.0,134000.0,146820.0,150036.0,132500.0,138000.0,138950.0,152250.0,139000.0,152500.0,151950.0,151000.0,150000.0,150000.0,133750.0,143500.0,154900.0,150000.0,154800.0,148500.0,145000.0,146250.0,158750.0,151250.0,150000.0,152500.0,160000.0,148000.0,155000.0,153000.0,147750.0,149000.0,147000.0,163750.0,156000.0,153000.0,172000.0,172500.0,172250.0,167000.0,165000.0,178950.0,165000.0,168950.0,165000.0,171750.0,180000.0,185000.0,199450.0,195000.0,195000.0,210000.0,210000.0,207300.0,197000.0,179900.0,186000.0,195000.0,215000.0,230000.0,245500.0,225550.0,222000.0,205000.0,216500.0,232500.0,215000.0,214500.0,200000.0,215000.0,225000.0,255000.0,250000.0,253500.0,260000.0,245500.0,255000.0,220000.0,227736.0,204000.0,246000.0,258450.0,249950.0,263000.0,287500.0,272000.0,275000.0,260000.0,251000.0,245000.0,241000.0,280000.0,263500.0,262000.0,284500.0,340000.0,295000.0,265000.0,274000.0,299000.0,290867.0,257316.0
395247,225,"Yuma, AZ",msa,AZ,159000.0,165000.0,158750.0,165250.0,149900.0,152700.0,37485.0,151000.0,160000.0,127900.0,130000.0,145000.0,163500.0,131000.0,141000.0,158000.0,127175.0,128700.0,129250.0,126000.0,115750.0,125000.0,126000.0,118625.0,121000.0,126000.0,134275.0,117000.0,133050.0,134500.0,142250.0,125000.0,121700.0,111250.0,112000.0,104200.0,105000.0,100000.0,103000.0,116200.0,116000.0,109900.0,113450.0,114900.0,105500.0,115000.0,95000.0,110000.0,110250.0,111000.0,105000.0,105000.0,119250.0,106000.0,105000.0,110000.0,108500.0,103500.0,113650.0,119900.0,109000.0,115000.0,111500.0,117450.0,120000.0,130000.0,110000.0,109950.0,114950.0,106000.0,111250.0,122000.0,116000.0,120000.0,129200.0,122000.0,128990.0,126000.0,129900.0,134250.0,116162.0,134000.0,123000.0,125000.0,119000.0,136950.0,129950.0,120000.0,134000.0,133900.0,135000.0,127000.0,124000.0,118950.0,130000.0,120000.0,127000.0,140000.0,138400.0,138069.0,136500.0,134700.0,141000.0,135000.0,139800.0,148500.0,139700.0,139675.0,137000.0,135000.0,135475.0,147750.0,149000.0,143000.0,147500.0,143250.0,139900.0,149950.0,134900.0,149750.0,147500.0,146000.0,145000.0,155775.0,172000.0,160000.0,160000.0,169000.0,157450.0,158900.0,169000.0,158000.0,155000.0,147500.0,168250.0,165000.0,177250.0,179900.0,168000.0,174900.0,179900.0,184000.0,168450.0,165000.0,178750.0,166000.0,176500.0,190000.0,190000.0,194850.0,194900.0,201250.0,200750.0,204950.0,206000.0,198850.0,212000.0,223000.0,221500.0,235000.0,245000.0,252500.0,230000.0,240500.0,240000.0,242450.0,247500.0,252750.0,250000.0,268220.0,263125.0,285450.0,275000.0,265000.0,270000.0,274900.0,240000.0,265720.0,260000.0,239999.0,268000.0,262000.0,252500.0,270177.0,275000.0,270000.0,266000.0,280705.0,261500.0,265000.0,269900.0,279000.0,259900.0,275000.0,268000.0,280000.0,300000.0,300000.0,295000.0,300000.0,303500.0,296000.0,275000.0,277000.0,260000.0,275000.0,299000.0,278000.0,296900.0,310000.0,287250.0,284900.0,279750.0,277006.0
394623,226,"Gainesville, GA",msa,GA,155000.0,157500.0,170500.0,153950.0,162500.0,148000.0,150000.0,147000.0,129700.0,134700.0,153000.0,151000.0,125000.0,137500.0,135500.0,123500.0,145000.0,152000.0,143000.0,137450.0,141950.0,137000.0,113000.0,127000.0,109400.0,122000.0,137100.0,127250.0,124500.0,145000.0,135000.0,101000.0,120519.0,114391.0,119000.0,112950.0,112000.0,98300.0,103450.0,110000.0,107248.0,105000.0,101750.0,77101.0,104000.0,89450.0,88000.0,92750.0,97125.0,99950.0,115000.0,115000.0,107000.0,109900.0,108250.0,94400.0,96875.0,112449.0,92000.0,97000.0,94250.0,117000.0,120000.0,131000.0,145000.0,130000.0,131550.0,125250.0,127000.0,125877.0,134900.0,140900.0,138071.0,134950.0,157250.0,149000.0,149700.0,155500.0,165000.0,138250.0,132500.0,142375.0,143500.0,127000.0,160000.0,157750.0,169900.0,152250.0,170000.0,165000.0,177000.0,158500.0,155000.0,139900.0,159000.0,150000.0,152500.0,165850.0,171000.0,175000.0,180000.0,178500.0,180000.0,164950.0,184500.0,175000.0,173500.0,170000.0,162650.0,175000.0,185000.0,189500.0,191500.0,202000.0,181995.0,190500.0,199850.0,189500.0,200000.0,175000.0,183000.0,211750.0,212500.0,210000.0,214450.0,225000.0,210000.0,212800.0,200000.0,210000.0,204900.0,212000.0,214450.0,217000.0,222670.0,233500.0,229900.0,245000.0,227588.0,220000.0,238700.0,230000.0,234000.0,228250.0,240000.0,245000.0,238000.0,230500.0,249700.0,264450.0,265000.0,260000.0,260500.0,266500.0,252500.0,269900.0,260000.0,276500.0,298000.0,280000.0,300000.0,320000.0,315000.0,290000.0,330000.0,308950.0,310350.0,314000.0,321100.0,331810.0,349949.0,357950.0,362500.0,353500.0,343937.0,360500.0,346000.0,330000.0,326000.0,316000.0,332500.0,357800.0,373000.0,375000.0,379000.0,369900.0,385000.0,340000.0,365000.0,360250.0,365000.0,350000.0,365000.0,365500.0,415000.0,380000.0,385000.0,382400.0,390000.0,389900.0,367000.0,390000.0,399900.0,375000.0,392950.0,368000.0,400000.0,393500.0,406500.0,410000.0,400000.0,400000.0,397000.0,383719.0
394716,227,"Jacksonville, NC",msa,NC,139500.0,131000.0,140000.0,144750.0,150000.0,146500.0,145000.0,140000.0,148000.0,140000.0,137500.0,137500.0,145000.0,147000.0,143000.0,153000.0,156000.0,158000.0,147000.0,147250.0,145000.0,140000.0,140000.0,143000.0,148000.0,142000.0,141000.0,150000.0,148000.0,155000.0,150000.0,139000.0,150000.0,150000.0,139000.0,154900.0,145000.0,146000.0,149000.0,144750.0,155000.0,150000.0,139950.0,140000.0,145000.0,130000.0,124000.0,133000.0,136000.0,142000.0,142500.0,143250.0,155000.0,149500.0,151250.0,145000.0,130000.0,135000.0,130000.0,145000.0,130000.0,130500.0,137700.0,139900.0,139750.0,141500.0,120000.0,121750.0,124000.0,115250.0,120000.0,110417.0,126500.0,117500.0,117500.0,127750.0,123018.0,116500.0,118000.0,116500.0,115000.0,125000.0,122750.0,116250.0,129750.0,129805.0,134900.0,133000.0,135000.0,132250.0,122500.0,131000.0,125000.0,125950.0,125000.0,115000.0,119500.0,133000.0,140000.0,138000.0,137000.0,145250.0,143000.0,142000.0,130000.0,130000.0,125000.0,126000.0,128000.0,135000.0,137000.0,148000.0,150000.0,145250.0,145000.0,150000.0,140000.0,144500.0,141750.0,146554.0,135000.0,148000.0,146000.0,147500.0,166000.0,164750.0,158500.0,145500.0,147000.0,151000.0,145250.0,149350.0,147000.0,159000.0,165000.0,166000.0,171000.0,179000.0,169000.0,160000.0,165750.0,170000.0,164000.0,162750.0,165000.0,170000.0,175500.0,175000.0,185000.0,189000.0,185000.0,182000.0,176000.0,175500.0,180000.0,173750.0,180000.0,185000.0,185000.0,197500.0,215000.0,205000.0,207500.0,200000.0,205000.0,204000.0,205000.0,202000.0,212000.0,220000.0,220000.0,240745.0,247000.0,234750.0,240000.0,230000.0,236250.0,225000.0,235000.0,235000.0,240000.0,238000.0,252000.0,260000.0,260000.0,265000.0,252250.0,257500.0,255500.0,245000.0,232000.0,236000.0,245000.0,252500.0,265000.0,275000.0,276500.0,265000.0,265000.0,270000.0,260000.0,269000.0,262500.0,250000.0,271250.0,265000.0,280000.0,285000.0,286000.0,284000.0,282500.0,285000.0,278250.0,273058.0
394597,228,"Florence, SC",msa,SC,102500.0,100000.0,96750.0,89000.0,99700.0,101000.0,100000.0,90500.0,97700.0,89500.0,98500.0,90000.0,84000.0,90125.0,102000.0,105000.0,99000.0,114900.0,98750.0,100000.0,107250.0,99600.0,86500.0,109000.0,114250.0,113900.0,117500.0,114000.0,103000.0,99000.0,88250.0,118000.0,82000.0,86500.0,97450.0,112750.0,100000.0,81655.0,98000.0,97900.0,99500.0,121500.0,100000.0,110000.0,97750.0,100000.0,111000.0,105500.0,112500.0,112000.0,120000.0,115000.0,125000.0,108000.0,112000.0,129000.0,123000.0,99000.0,85000.0,125000.0,94950.0,82500.0,112000.0,113000.0,119500.0,95000.0,120000.0,109900.0,88250.0,92450.0,125000.0,109500.0,95000.0,95000.0,86754.0,107000.0,128000.0,114350.0,95500.0,112000.0,113000.0,91500.0,121000.0,112000.0,82500.0,94250.0,114900.0,118750.0,120000.0,128995.0,100000.0,119900.0,119500.0,128250.0,120750.0,100000.0,114000.0,125000.0,135000.0,119500.0,136750.0,134900.0,129900.0,138000.0,108120.0,130000.0,115000.0,119000.0,115000.0,110250.0,114500.0,124450.0,135000.0,122950.0,126000.0,128000.0,130000.0,120000.0,137200.0,120500.0,123750.0,119901.0,120000.0,133000.0,126000.0,127000.0,134000.0,127150.0,130000.0,125500.0,125000.0,125500.0,120000.0,114000.0,127000.0,135000.0,133750.0,157500.0,132200.0,139450.0,125000.0,119000.0,140000.0,125400.0,135000.0,132000.0,134400.0,140000.0,145500.0,159000.0,140000.0,155000.0,157900.0,150000.0,159900.0,145000.0,153000.0,153000.0,157500.0,165000.0,154950.0,165000.0,169450.0,160000.0,150500.0,159000.0,155900.0,169900.0,167000.0,175500.0,175000.0,166750.0,170400.0,195000.0,168500.0,175000.0,152000.0,169500.0,150000.0,156250.0,157900.0,169900.0,170000.0,179000.0,177000.0,189900.0,165000.0,180000.0,174750.0,178000.0,168000.0,166000.0,173450.0,165000.0,175000.0,193000.0,205000.0,187450.0,188000.0,185500.0,193000.0,195500.0,195000.0,175000.0,167450.0,175000.0,199900.0,218500.0,225000.0,201000.0,202500.0,221000.0,210000.0,194826.0
394680,229,"Hilo, HI",msa,HI,326250.0,362500.0,350000.0,373000.0,288950.0,305000.0,285000.0,307700.0,257500.0,219450.0,265000.0,240000.0,235000.0,275000.0,242500.0,275000.0,280000.0,200000.0,260000.0,239000.0,275000.0,258350.0,250000.0,239250.0,230000.0,275000.0,231500.0,262500.0,227500.0,217500.0,220000.0,240000.0,265000.0,255000.0,230000.0,202500.0,240000.0,227000.0,259900.0,225000.0,230000.0,210000.0,207500.0,205500.0,215000.0,203750.0,239500.0,222000.0,220000.0,215000.0,230000.0,248000.0,235000.0,230200.0,250000.0,210000.0,258500.0,221000.0,275000.0,250500.0,250000.0,265000.0,320000.0,280000.0,263750.0,260000.0,269500.0,248500.0,209950.0,249500.0,235900.0,239000.0,260000.0,252101.0,270000.0,283500.0,270400.0,302000.0,277500.0,275000.0,268500.0,262500.0,280000.0,320000.0,255000.0,323750.0,300000.0,294000.0,275000.0,300000.0,280000.0,333500.0,280000.0,287000.0,270000.0,280000.0,286500.0,325000.0,360000.0,299500.0,346000.0,279250.0,307250.0,354500.0,336940.0,305000.0,288750.0,345225.0,353000.0,345000.0,349000.0,315000.0,357000.0,290500.0,336000.0,324000.0,340000.0,369999.0,340000.0,328500.0,315000.0,405000.0,380000.0,410000.0,402500.0,325000.0,382500.0,334000.0,315000.0,399000.0,389000.0,319500.0,358750.0,385000.0,385000.0,405000.0,389500.0,375000.0,360000.0,358250.0,365000.0,382000.0,363375.0,435000.0,400000.0,417500.0,373451.0,385000.0,408000.0,377000.0,472500.0,440000.0,425000.0,450000.0,472500.0,475000.0,515000.0,467750.0,497635.0,499500.0,480000.0,422000.0,460667.0,465000.0,475000.0,525000.0,494000.0,530585.0,530000.0,545000.0,550000.0,510000.0,494500.0,503500.0,505000.0,550000.0,521529.0,500000.0,525000.0,536675.0,515000.0,563000.0,543500.0,505000.0,534000.0,549129.0,527500.0,539702.0,575000.0,506500.0,540000.0,508000.0,534500.0,622500.0,620000.0,634964.0,575000.0,632000.0,550000.0,600000.0,577500.0,560000.0,504500.0,600000.0,610000.0,650000.0,603130.0,579000.0,605000.0,540000.0,515262.0,584300.0,550000.0,571987.0
395118,230,"St. Cloud, MN",msa,MN,137450.0,152300.0,155000.0,145000.0,160000.0,150000.0,141600.0,134145.0,137000.0,135000.0,126537.0,123450.0,123450.0,130000.0,127700.0,132000.0,136000.0,139750.0,147500.0,138950.0,132916.0,126000.0,133900.0,129000.0,125375.0,132750.0,133000.0,139450.0,138500.0,137900.0,147000.0,127200.0,141850.0,121000.0,130000.0,115000.0,114250.0,118000.0,117800.0,119777.0,132500.0,129450.0,133900.0,136500.0,129450.0,120000.0,139000.0,124900.0,109000.0,129376.0,128000.0,129900.0,141100.0,143000.0,143500.0,132000.0,125500.0,133900.0,135000.0,120500.0,130000.0,128500.0,134934.0,136000.0,146250.0,140600.0,145950.0,146950.0,136000.0,127000.0,137750.0,135000.0,144283.0,147500.0,133950.0,140000.0,150000.0,159900.0,149900.0,155000.0,144000.0,132000.0,143300.0,152250.0,147000.0,154000.0,146500.0,155000.0,167000.0,160000.0,155000.0,152000.0,147700.0,147000.0,137000.0,149400.0,156500.0,145450.0,157500.0,165000.0,164000.0,167000.0,165000.0,164950.0,162900.0,159950.0,157900.0,150000.0,150000.0,160450.0,166400.0,169925.0,175900.0,172900.0,175000.0,163674.0,166250.0,165000.0,149600.0,150250.0,155000.0,164950.0,173000.0,175000.0,185000.0,178900.0,187500.0,176175.0,172900.0,176900.0,169900.0,169750.0,159000.0,186600.0,182500.0,196150.0,195000.0,199500.0,194950.0,189950.0,192400.0,184835.0,173000.0,173875.0,172500.0,186000.0,207250.0,207900.0,205000.0,206750.0,217000.0,214500.0,214000.0,222000.0,195000.0,205000.0,196700.0,218000.0,215000.0,229900.0,239000.0,235000.0,234000.0,220000.0,233500.0,218750.0,230000.0,218000.0,202250.0,242500.0,240750.0,267500.0,260000.0,253693.0,260000.0,247000.0,245000.0,258000.0,229000.0,240000.0,233500.0,235825.0,244500.0,283250.0,273000.0,260000.0,275000.0,280000.0,254950.0,257500.0,255000.0,251250.0,245950.0,254190.0,270000.0,279000.0,300000.0,303000.0,297000.0,291500.0,257500.0,265000.0,271500.0,256450.0,265000.0,275000.0,283500.0,295000.0,299000.0,299900.0,293000.0,288750.0,278350.0,295164.0
395011,231,"Racine, WI",msa,WI,145100.0,149450.0,157600.0,169450.0,161250.0,151000.0,160000.0,148482.0,150950.0,140000.0,131000.0,152950.0,125000.0,131250.0,139500.0,156000.0,142000.0,135400.0,153500.0,136200.0,132550.0,138000.0,143000.0,112500.0,118300.0,137500.0,135000.0,129900.0,146000.0,135000.0,136000.0,130000.0,125000.0,144000.0,122500.0,105000.0,122500.0,107850.0,105000.0,95000.0,119500.0,111250.0,105450.0,115000.0,119250.0,94000.0,89950.0,95000.0,106050.0,80000.0,116000.0,114900.0,115000.0,115000.0,118000.0,127050.0,103692.0,111455.0,139900.0,81200.0,86500.0,124100.0,110000.0,102700.0,119000.0,121750.0,134500.0,119450.0,115000.0,128200.0,123000.0,96000.0,105950.0,105350.0,125000.0,134500.0,130000.0,120000.0,131750.0,129000.0,145900.0,120000.0,130000.0,122250.0,115000.0,144900.0,139750.0,126500.0,151000.0,137250.0,145750.0,126950.0,123400.0,153400.0,120000.0,119600.0,116000.0,139000.0,141000.0,138000.0,160000.0,150000.0,145500.0,150000.0,150000.0,142500.0,150000.0,133500.0,134900.0,129900.0,163000.0,140000.0,165000.0,159000.0,167050.0,147500.0,158000.0,157900.0,158500.0,166000.0,139950.0,162100.0,166750.0,169950.0,175000.0,172500.0,165500.0,166000.0,165000.0,165500.0,169900.0,156950.0,144000.0,159900.0,175000.0,189000.0,190000.0,167500.0,190000.0,193000.0,179950.0,169950.0,173750.0,159500.0,167450.0,180350.0,169900.0,199000.0,188500.0,199900.0,196000.0,188250.0,165000.0,175000.0,170000.0,168250.0,160000.0,170500.0,189000.0,180000.0,206000.0,205000.0,190000.0,175000.0,170000.0,188000.0,179000.0,157500.0,179900.0,172500.0,180000.0,180000.0,205000.0,188000.0,190650.0,175000.0,190000.0,210000.0,185000.0,187000.0,175000.0,190000.0,201000.0,210000.0,235000.0,235000.0,237150.0,240000.0,246000.0,240000.0,230000.0,225000.0,220500.0,220000.0,237500.0,237500.0,240000.0,250650.0,265000.0,253000.0,255000.0,260000.0,275000.0,257000.0,220000.0,246000.0,265000.0,265000.0,279450.0,255000.0,292000.0,253000.0,250000.0,273504.0
394380,232,"Bend, OR",msa,OR,295000.0,276250.0,260000.0,297000.0,317475.0,275000.0,270000.0,269000.0,249000.0,249500.0,200000.0,208000.0,215000.0,203000.0,197000.0,176827.0,194400.0,182750.0,193050.0,180000.0,181000.0,179000.0,177950.0,173500.0,175000.0,160000.0,165000.0,165000.0,169950.0,167000.0,149950.0,164500.0,180000.0,171500.0,146672.0,152837.0,149625.0,160000.0,153950.0,150000.0,161444.0,169500.0,178000.0,180000.0,166750.0,170000.0,161500.0,155000.0,160000.0,166900.0,165000.0,200000.0,179250.0,196500.0,197200.0,195000.0,201000.0,168000.0,182000.0,200000.0,195000.0,220700.0,244000.0,230000.0,238000.0,250000.0,235000.0,240000.0,230000.0,237950.0,230250.0,255000.0,226000.0,241500.0,245000.0,250000.0,259100.0,256000.0,255000.0,250000.0,255800.0,244000.0,255000.0,266500.0,270000.0,275000.0,280000.0,284500.0,285000.0,285000.0,280275.0,294500.0,296000.0,290000.0,264000.0,295000.0,270000.0,299950.0,309000.0,318000.0,313000.0,326000.0,320000.0,322500.0,329000.0,315000.0,312450.0,370000.0,332000.0,340000.0,348250.0,346400.0,350000.0,352125.0,350000.0,362250.0,353000.0,365000.0,368000.0,347000.0,379947.0,383000.0,375000.0,380000.0,407500.0,399000.0,390000.0,395000.0,380000.0,375000.0,379500.0,401000.0,374900.0,389950.0,402450.0,427000.0,414975.0,410000.0,433000.0,398500.0,424950.0,380000.0,390000.0,415000.0,399900.0,427000.0,420000.0,419500.0,433625.0,470000.0,443387.0,479500.0,465325.0,477000.0,485000.0,538250.0,525000.0,525000.0,550500.0,571250.0,584000.0,600000.0,575000.0,600000.0,600000.0,635000.0,601000.0,649450.0,692500.0,674000.0,709000.0,685000.0,663700.0,670000.0,662000.0,672000.0,630508.0,600000.0,521000.0,563500.0,598500.0,620000.0,599000.0,649500.0,650000.0,705500.0,670000.0,667500.0,670000.0,649900.0,642450.0,675000.0,675000.0,705000.0,670000.0,710500.0,725000.0,660000.0,660000.0,630000.0,685000.0,649750.0,635000.0,672175.0,650000.0,725000.0,699000.0,720000.0,697000.0,720750.0,735000.0,718000.0,693500.0,670392.0
395047,233,"Saginaw, MI",msa,MI,63750.0,65000.0,81000.0,84000.0,85000.0,83347.0,73000.0,65372.0,70900.0,66750.0,43150.0,44250.0,53280.0,52450.0,63000.0,70000.0,69750.0,68000.0,59950.0,80000.0,67000.0,78000.0,77000.0,59000.0,72500.0,67400.0,71044.0,68500.0,67250.0,60900.0,72496.0,66390.0,61000.0,68950.0,70800.0,69900.0,65000.0,58000.0,64500.0,59500.0,82207.0,74450.0,65000.0,66000.0,64000.0,75000.0,70500.0,64000.0,46500.0,64500.0,63000.0,70750.0,67500.0,68950.0,61900.0,65000.0,70000.0,68000.0,69950.0,65000.0,57750.0,66000.0,65500.0,87000.0,76000.0,77000.0,85000.0,70000.0,87500.0,68450.0,68000.0,83675.0,57000.0,60000.0,59900.0,60000.0,84000.0,90000.0,84750.0,89700.0,87250.0,80600.0,75000.0,66950.0,63600.0,66500.0,81500.0,85000.0,89000.0,98750.0,85000.0,86450.0,71275.0,80500.0,77000.0,80000.0,79500.0,71750.0,87000.0,85000.0,93000.0,104500.0,90000.0,82250.0,93000.0,85500.0,83500.0,70000.0,78000.0,77629.0,86450.0,93500.0,101000.0,105000.0,96000.0,104450.0,87250.0,81008.0,95000.0,85000.0,104000.0,90000.0,92500.0,92500.0,108000.0,100000.0,105000.0,117000.0,90500.0,91000.0,105500.0,83000.0,87000.0,102000.0,97000.0,99900.0,125100.0,107750.0,114750.0,95000.0,111000.0,103000.0,104500.0,98000.0,97234.0,105000.0,123750.0,115000.0,114250.0,122000.0,130000.0,113500.0,110000.0,114450.0,132000.0,121250.0,114000.0,127200.0,131255.0,133250.0,147300.0,141500.0,135000.0,129900.0,140000.0,138000.0,130000.0,135900.0,139450.0,115000.0,129900.0,145000.0,155000.0,142000.0,145000.0,153800.0,139900.0,135000.0,129700.0,137500.0,136000.0,140000.0,134950.0,135000.0,161975.0,137500.0,158250.0,154000.0,152000.0,160000.0,144000.0,130000.0,126000.0,140000.0,159900.0,170000.0,147250.0,178700.0,150000.0,165000.0,163000.0,172000.0,150000.0,125000.0,171601.0,149000.0,142850.0,165000.0,175500.0,185000.0,174625.0,177500.0,175000.0,148695.0
395202,234,"Warner Robins, GA",msa,GA,112750.0,115381.0,105000.0,121190.0,128200.0,126500.0,127900.0,114000.0,102000.0,115000.0,97000.0,109500.0,101750.0,110000.0,124500.0,119750.0,125250.0,111450.0,124000.0,115250.0,109900.0,116000.0,105900.0,120000.0,130000.0,122500.0,114000.0,119000.0,121750.0,126000.0,115000.0,118000.0,103000.0,83000.0,104500.0,110000.0,122000.0,112000.0,110275.0,125000.0,110000.0,110000.0,120000.0,103000.0,90000.0,106000.0,91000.0,106750.0,104000.0,105500.0,100000.0,101000.0,100517.0,100600.0,99000.0,105500.0,106500.0,114000.0,98450.0,105000.0,107613.0,108000.0,109550.0,115000.0,130500.0,110000.0,103000.0,84950.0,119900.0,79000.0,114500.0,88750.0,100000.0,115875.0,103300.0,118000.0,122000.0,128000.0,120000.0,120500.0,97250.0,95000.0,90250.0,95000.0,110385.0,120000.0,116000.0,122652.0,121000.0,122600.0,123500.0,110000.0,115750.0,125000.0,117000.0,119900.0,124500.0,121500.0,125000.0,125000.0,130000.0,136700.0,120000.0,123000.0,126000.0,130500.0,104500.0,117500.0,128250.0,119000.0,126000.0,125750.0,147000.0,137000.0,136250.0,134900.0,130000.0,139000.0,134000.0,126200.0,126450.0,129000.0,133150.0,135000.0,142000.0,141000.0,136000.0,150000.0,142500.0,144700.0,140000.0,143000.0,142300.0,139000.0,148250.0,149000.0,155000.0,150000.0,149250.0,149250.0,140450.0,149200.0,147500.0,139450.0,139900.0,147500.0,160000.0,161400.0,155000.0,167000.0,180000.0,153750.0,170000.0,164050.0,150000.0,164500.0,147500.0,157000.0,154000.0,160000.0,170000.0,184000.0,175000.0,176500.0,177500.0,192000.0,176500.0,171500.0,176000.0,187500.0,195000.0,205000.0,222750.0,218000.0,215000.0,217500.0,197500.0,185950.0,197799.0,202500.0,200000.0,205000.0,215000.0,225900.0,236450.0,230000.0,235000.0,229900.0,220000.0,200000.0,230000.0,200000.0,220000.0,225000.0,220000.0,249500.0,233350.0,240000.0,245000.0,247250.0,226450.0,221500.0,240000.0,224950.0,230000.0,236500.0,235000.0,249949.0,260000.0,237949.0,245000.0,252250.0,240000.0,240503.0
395151,235,"Terre Haute, IN",msa,IN,59900.0,69463.0,76450.0,82250.0,82003.0,77039.0,76500.0,74950.0,68000.0,61000.0,69900.0,63700.0,59774.0,76000.0,64950.0,79950.0,79081.0,81000.0,82450.0,71000.0,68000.0,70000.0,70302.0,60000.0,71294.0,65000.0,79950.0,72000.0,75000.0,82500.0,70000.0,75000.0,86000.0,89000.0,78798.0,55000.0,68000.0,69000.0,73500.0,77700.0,75000.0,86000.0,78500.0,91950.0,77500.0,70950.0,79900.0,62931.0,59000.0,71200.0,70000.0,84500.0,79000.0,81784.0,85000.0,82903.0,80000.0,87000.0,84700.0,62500.0,73000.0,86700.0,71000.0,78000.0,83500.0,87500.0,90000.0,87500.0,69900.0,68998.0,77250.0,72500.0,66000.0,81000.0,77000.0,77425.0,93000.0,98950.0,77500.0,80100.0,78500.0,81250.0,84000.0,72900.0,85000.0,86250.0,80200.0,75000.0,91500.0,99200.0,97900.0,87270.0,77900.0,88450.0,92419.0,77900.0,77500.0,72900.0,90000.0,93000.0,100000.0,89500.0,91450.0,91250.0,110900.0,83500.0,84900.0,87000.0,73500.0,83900.0,91638.0,100025.0,84900.0,101095.0,97349.0,79900.0,89373.0,95000.0,90644.0,78900.0,90000.0,95000.0,84368.0,97876.0,107450.0,88450.0,94000.0,107000.0,90000.0,93000.0,102500.0,113000.0,107500.0,100000.0,93117.0,113000.0,102000.0,120750.0,105000.0,115000.0,115000.0,112500.0,110540.0,87000.0,106500.0,104700.0,113000.0,120861.0,108500.0,99933.0,129101.0,121250.0,113150.0,138000.0,104900.0,111500.0,104450.0,101236.0,115000.0,127271.0,122000.0,131260.0,129450.0,121603.0,135500.0,125000.0,129900.0,120000.0,124900.0,118500.0,133000.0,142409.0,155000.0,140000.0,150978.0,101000.0,132250.0,128815.0,130250.0,135750.0,118000.0,130000.0,135000.0,132150.0,162528.0,139900.0,149950.0,135000.0,145000.0,131750.0,130000.0,118900.0,161000.0,149297.0,140125.0,155000.0,152000.0,149900.0,169500.0,160000.0,165350.0,147950.0,149688.0,125000.0,135000.0,150000.0,148750.0,175000.0,157000.0,170500.0,163500.0,161580.0,153850.0,180401.0
395162,236,"Torrington, CT",msa,CT,280000.0,250000.0,219000.0,228125.0,223500.0,229950.0,206000.0,219950.0,217750.0,194000.0,187000.0,205562.0,190500.0,200000.0,183500.0,199500.0,240000.0,230000.0,200000.0,224500.0,215000.0,187500.0,200000.0,191750.0,217500.0,199000.0,182300.0,219900.0,196000.0,216500.0,230000.0,240000.0,200000.0,221975.0,209000.0,210000.0,199000.0,189900.0,210000.0,198950.0,212000.0,222000.0,185800.0,202000.0,197000.0,201500.0,182500.0,196000.0,171000.0,166000.0,181000.0,210000.0,203000.0,193000.0,206500.0,210000.0,186200.0,191000.0,173500.0,176700.0,164500.0,175000.0,172750.0,199950.0,219000.0,204500.0,212500.0,206950.0,186900.0,206500.0,187500.0,180000.0,155000.0,194750.0,192500.0,200000.0,214950.0,189302.0,200000.0,204500.0,215000.0,197000.0,183000.0,186375.0,159900.0,172750.0,178500.0,215000.0,205000.0,190000.0,199950.0,195850.0,183000.0,184000.0,185000.0,160000.0,185000.0,165000.0,185000.0,190000.0,219900.0,216000.0,199225.0,200000.0,212500.0,179000.0,188946.0,186900.0,183500.0,179250.0,197000.0,191250.0,190750.0,232900.0,216500.0,180000.0,219950.0,201000.0,203000.0,207500.0,179250.0,170000.0,197450.0,210000.0,238000.0,226500.0,217500.0,225000.0,230000.0,195300.0,205000.0,196000.0,171500.0,176500.0,207500.0,239000.0,240000.0,226000.0,238000.0,209750.0,220000.0,228500.0,240500.0,229450.0,211500.0,220000.0,269900.0,255000.0,265500.0,277200.0,271450.0,299500.0,284900.0,275000.0,270000.0,278000.0,262500.0,245000.0,276500.0,265000.0,299000.0,290000.0,277500.0,279950.0,287000.0,276250.0,275000.0,270000.0,277500.0,282500.0,306370.0,280000.0,300000.0,325000.0,305000.0,294922.0,305000.0,300000.0,305000.0,260000.0,254450.0,280000.0,325000.0,320000.0,365000.0,381000.0,322500.0,310000.0,350000.0,319500.0,307500.0,330000.0,301200.0,315000.0,355000.0,350000.0,390000.0,364731.0,350000.0,360000.0,365000.0,335000.0,340000.0,340000.0,332500.0,340000.0,373250.0,367500.0,425000.0,400000.0,375000.0,375000.0,380000.0,365389.0
395009,237,"Punta Gorda, FL",msa,FL,144950.0,136500.0,155250.0,157500.0,150000.0,150000.0,141000.0,132950.0,126800.0,110000.0,110000.0,100600.0,115000.0,112000.0,110000.0,108450.0,124900.0,125000.0,105000.0,107700.0,105000.0,95000.0,110000.0,96300.0,110000.0,111000.0,105000.0,106750.0,108250.0,99000.0,90000.0,95000.0,90450.0,92500.0,95000.0,82500.0,80000.0,84750.0,96500.0,105900.0,105000.0,95875.0,87700.0,85199.0,79000.0,92500.0,95147.0,80000.0,99000.0,105000.0,100000.0,115000.0,109300.0,101000.0,109450.0,112500.0,100000.0,109900.0,104950.0,115000.0,100000.0,123500.0,116000.0,130000.0,125000.0,127000.0,125500.0,130000.0,115500.0,114500.0,139000.0,110000.0,115750.0,120000.0,130000.0,130000.0,139750.0,130000.0,127100.0,130000.0,129100.0,134500.0,135000.0,140000.0,129300.0,141500.0,139500.0,152000.0,153000.0,155000.0,149950.0,140000.0,145000.0,149500.0,150000.0,152050.0,146000.0,164000.0,170000.0,170000.0,165000.0,163000.0,170000.0,170000.0,171450.0,164900.0,165000.0,165000.0,170000.0,173000.0,172750.0,179900.0,179000.0,180000.0,180000.0,175000.0,162500.0,170184.0,190000.0,172000.0,176500.0,182250.0,199900.0,192500.0,200000.0,179900.0,190000.0,187000.0,189900.0,205000.0,192750.0,195000.0,194000.0,195000.0,215000.0,206000.0,207000.0,192500.0,208000.0,199900.0,208750.0,219500.0,210000.0,215000.0,225000.0,222000.0,219000.0,230000.0,225500.0,237000.0,227000.0,238500.0,245000.0,245000.0,234500.0,238700.0,236500.0,244000.0,250000.0,260000.0,264900.0,269000.0,265000.0,285000.0,275500.0,279000.0,303500.0,295000.0,310000.0,325000.0,350000.0,339900.0,335000.0,325500.0,328000.0,325000.0,300000.0,300000.0,300000.0,294500.0,285000.0,325000.0,326250.0,340000.0,335000.0,325800.0,300000.0,290000.0,300000.0,316500.0,325000.0,339750.0,332000.0,345000.0,338500.0,345000.0,330000.0,318000.0,300000.0,309900.0,317500.0,300000.0,320000.0,314000.0,300000.0,319500.0,300000.0,295000.0,291500.0,315000.0,290000.0,280000.0,297200.0,282871.0
394386,239,"Billings, MT",msa,MT,,,,,,,,,,,,,185435.0,186735.0,170240.0,174431.0,189662.0,178874.0,186098.0,180499.0,183746.0,186948.0,183216.0,183947.0,191130.0,194144.0,194947.0,192993.0,207309.0,211847.0,192312.0,182764.0,203665.0,196434.0,221796.0,176418.0,192540.0,204373.0,167250.0,179900.0,180500.0,185100.0,170000.0,180000.0,174450.0,189450.0,186500.0,177950.0,174450.0,183658.0,184000.0,185000.0,184800.0,194250.0,195000.0,200000.0,189500.0,199900.0,189900.0,178000.0,180000.0,205000.0,189500.0,210500.0,205000.0,213763.0,212184.0,196447.0,207278.0,202400.0,199000.0,205000.0,199337.0,192000.0,202000.0,208000.0,212224.0,213250.0,214920.0,206900.0,210540.0,210000.0,197500.0,212541.0,219750.0,209000.0,215000.0,210950.0,223000.0,212400.0,220000.0,218000.0,228200.0,215000.0,204825.0,204500.0,214500.0,212900.0,209950.0,216338.0,219000.0,227000.0,223950.0,221796.0,212613.0,230000.0,225000.0,230000.0,204500.0,217500.0,218000.0,225450.0,245000.0,230000.0,238500.0,218000.0,229900.0,227500.0,234650.0,215000.0,222500.0,225000.0,229950.0,247000.0,245000.0,240000.0,249450.0,247500.0,236800.0,234900.0,225000.0,230000.0,232000.0,240000.0,240000.0,240000.0,253750.0,265000.0,245000.0,250000.0,245000.0,245500.0,244900.0,250750.0,229000.0,243950.0,251325.0,247500.0,269900.0,264250.0,279000.0,279900.0,285000.0,280000.0,270850.0,290000.0,267750.0,275100.0,290000.0,288500.0,320000.0,310000.0,321750.0,308825.0,324892.0,315000.0,315000.0,325000.0,332500.0,355000.0,379750.0,350000.0,385000.0,369950.0,385000.0,355500.0,340000.0,325000.0,349000.0,334450.0,345000.0,350000.0,345000.0,375000.0,400000.0,375000.0,372366.0,385000.0,365000.0,350000.0,375000.0,374900.0,355000.0,369900.0,384200.0,393000.0,372500.0,392500.0,380000.0,388372.0,379000.0,371000.0,362000.0,359875.0,353750.0,385200.0,375000.0,367500.0,389900.0,403450.0,384000.0,399000.0,371750.0,370162.0
395018,240,"Redding, CA",msa,CA,225250.0,225000.0,232500.0,230000.0,225000.0,230000.0,225000.0,200500.0,207000.0,200000.0,190000.0,201000.0,180000.0,163000.0,201500.0,181000.0,171000.0,190000.0,189000.0,186000.0,190000.0,188500.0,179000.0,176000.0,193000.0,171000.0,166500.0,171000.0,177000.0,170000.0,170000.0,173500.0,157750.0,168000.0,152000.0,142000.0,160000.0,155000.0,153500.0,155000.0,160000.0,152000.0,166000.0,170000.0,147500.0,141000.0,152000.0,144000.0,140000.0,132883.0,155000.0,153500.0,170000.0,155000.0,155000.0,148000.0,175000.0,162000.0,159000.0,172500.0,178000.0,164250.0,175000.0,183000.0,182000.0,189500.0,187000.0,177750.0,195000.0,191250.0,165000.0,180000.0,165000.0,181250.0,187000.0,188500.0,206500.0,210000.0,190000.0,210000.0,212000.0,207000.0,200000.0,187250.0,208000.0,197750.0,219750.0,220000.0,218000.0,223000.0,225000.0,220000.0,212000.0,215000.0,215000.0,221000.0,205000.0,210000.0,215000.0,219500.0,235000.0,217750.0,230000.0,222000.0,238000.0,245000.0,224000.0,216000.0,234000.0,229500.0,235000.0,235000.0,255000.0,246250.0,234000.0,237500.0,247000.0,235000.0,245000.0,245000.0,246000.0,241750.0,245000.0,235000.0,257750.0,267750.0,269545.0,244500.0,250000.0,248250.0,246000.0,250000.0,264250.0,264000.0,264000.0,266500.0,272000.0,273000.0,270000.0,272500.0,278000.0,254000.0,262000.0,280000.0,260000.0,295000.0,269250.0,273000.0,290000.0,290000.0,310000.0,310000.0,315000.0,301000.0,292500.0,298000.0,313500.0,323000.0,325000.0,328000.0,340000.0,354000.0,345000.0,350000.0,333000.0,360000.0,350000.0,362000.0,359000.0,369000.0,362000.0,389000.0,375000.0,360000.0,351000.0,354500.0,354000.0,326000.0,320000.0,345000.0,332500.0,348000.0,355000.0,365000.0,360000.0,350000.0,350000.0,382000.0,353500.0,345000.0,355000.0,377000.0,356500.0,355000.0,345000.0,363000.0,390500.0,369000.0,360500.0,370000.0,383500.0,330000.0,344000.0,360000.0,375000.0,360000.0,362000.0,367750.0,375000.0,348500.0,360000.0,375000.0,355000.0,356209.0
394748,241,"Kingston, NY",msa,NY,222000.0,210500.0,230000.0,231750.0,211000.0,240000.0,226000.0,210000.0,223500.0,195000.0,210000.0,190000.0,154225.0,188000.0,183500.0,196500.0,192500.0,184000.0,187500.0,208000.0,211562.0,220150.0,209750.0,210900.0,185500.0,207120.0,205000.0,208750.0,181750.0,206500.0,187417.0,208000.0,191580.0,228000.0,163700.0,185650.0,210000.0,194400.0,182000.0,180000.0,178000.0,196000.0,188449.0,196850.0,193500.0,192750.0,191000.0,158250.0,172250.0,175000.0,187000.0,186000.0,199455.0,172000.0,196350.0,175000.0,180413.0,171000.0,169588.0,167000.0,180000.0,174000.0,195000.0,186750.0,202625.0,170000.0,212500.0,195000.0,172000.0,186000.0,175000.0,166526.0,184850.0,170000.0,178500.0,205000.0,162750.0,168964.0,210000.0,170000.0,186000.0,186533.0,194000.0,161000.0,169500.0,177000.0,199187.0,189500.0,178928.0,175000.0,210000.0,185000.0,179000.0,164000.0,179000.0,166500.0,159787.0,185000.0,169000.0,170106.0,195000.0,180000.0,185000.0,195000.0,196000.0,178000.0,222500.0,181500.0,184000.0,166100.0,170000.0,180500.0,190000.0,185000.0,200000.0,204537.0,190000.0,215000.0,200500.0,185000.0,210000.0,205000.0,215000.0,223000.0,218000.0,224500.0,214350.0,215000.0,220000.0,210000.0,235000.0,232500.0,202500.0,229825.0,225000.0,235000.0,219900.0,240000.0,243552.0,232000.0,225000.0,235160.0,243504.0,225000.0,210000.0,233375.0,260000.0,252500.0,257000.0,300000.0,300000.0,290000.0,294000.0,295000.0,290000.0,276500.0,272500.0,290000.0,316000.0,295000.0,319900.0,325000.0,325250.0,317000.0,320000.0,320000.0,330000.0,331000.0,335000.0,317500.0,337500.0,340000.0,328000.0,385000.0,371000.0,380000.0,365000.0,356450.0,367000.0,325000.0,291000.0,376000.0,325500.0,348000.0,375000.0,405000.0,399500.0,420000.0,385000.0,398000.0,400000.0,405500.0,368500.0,395000.0,399000.0,415000.0,410000.0,453250.0,445000.0,410000.0,447500.0,442500.0,405555.0,432000.0,345000.0,399500.0,432000.0,418000.0,429950.0,420000.0,472500.0,475000.0,412000.0,438946.0
394960,242,"Panama City, FL",msa,FL,195000.0,225000.0,210000.0,192000.0,218000.0,197000.0,189950.0,176000.0,185000.0,187450.0,166450.0,168500.0,183000.0,167000.0,160000.0,177000.0,185000.0,171500.0,169000.0,161750.0,170000.0,170000.0,169900.0,160000.0,175250.0,164000.0,157100.0,146500.0,160000.0,158100.0,145425.0,162500.0,149000.0,153000.0,151100.0,144000.0,165000.0,145000.0,142650.0,150000.0,132500.0,149000.0,149450.0,149900.0,150000.0,149600.0,165000.0,150000.0,129000.0,133100.0,150000.0,150000.0,159900.0,154100.0,150000.0,149950.0,145000.0,141000.0,149000.0,145000.0,155000.0,158500.0,154500.0,154900.0,165000.0,152900.0,154750.0,157550.0,173250.0,153500.0,160000.0,144250.0,150000.0,137750.0,159900.0,146000.0,160000.0,160000.0,162000.0,156950.0,151500.0,163950.0,165000.0,145000.0,164000.0,189750.0,160000.0,180000.0,165500.0,157000.0,166000.0,174200.0,175200.0,174000.0,182000.0,174900.0,165000.0,175000.0,179000.0,173000.0,181000.0,190000.0,189000.0,175000.0,163900.0,180000.0,185000.0,177000.0,174500.0,194900.0,197000.0,200000.0,182000.0,193000.0,199900.0,198888.0,189000.0,198450.0,204900.0,210000.0,199900.0,224000.0,215000.0,220000.0,220000.0,225000.0,216000.0,220000.0,247500.0,220000.0,192500.0,180000.0,180000.0,195000.0,200000.0,199000.0,198000.0,210000.0,220000.0,225000.0,220000.0,222700.0,230000.0,215000.0,241500.0,219000.0,213000.0,215000.0,237500.0,247500.0,250000.0,249000.0,255000.0,257950.0,265000.0,263500.0,280000.0,277500.0,273000.0,300000.0,290000.0,315000.0,305000.0,300000.0,310000.0,335000.0,339900.0,335000.0,327000.0,350000.0,355000.0,355000.0,352500.0,335000.0,354250.0,375000.0,350000.0,330000.0,336250.0,320000.0,332500.0,359000.0,360000.0,368000.0,370000.0,350000.0,373000.0,363000.0,350000.0,350000.0,365000.0,358000.0,360000.0,344500.0,371500.0,359500.0,355800.0,370000.0,360000.0,360000.0,365000.0,344950.0,337450.0,325000.0,349850.0,340000.0,350000.0,360000.0,345000.0,340000.0,344000.0,362500.0,355000.0,375859.0
394729,243,"Joplin, MO",msa,MO,73500.0,84018.0,85000.0,93500.0,89900.0,85659.0,86500.0,86875.0,86000.0,86551.0,77750.0,95000.0,77000.0,80900.0,81250.0,81338.0,92900.0,92000.0,82950.0,84000.0,93900.0,87013.0,89900.0,93950.0,88200.0,79000.0,84500.0,90500.0,84750.0,85000.0,88300.0,91475.0,89250.0,93000.0,86000.0,61549.0,72000.0,79500.0,88706.0,84553.0,102900.0,111565.0,92500.0,87051.0,89900.0,79700.0,81604.0,84500.0,82800.0,86000.0,79500.0,93750.0,94500.0,92000.0,93100.0,91000.0,85686.0,74512.0,76000.0,83900.0,75000.0,84950.0,88697.0,99000.0,97750.0,100000.0,99900.0,91750.0,82500.0,83000.0,85000.0,87000.0,90000.0,95000.0,97000.0,102500.0,93750.0,92700.0,101000.0,96000.0,83072.0,89500.0,96500.0,81221.0,95000.0,110263.0,90000.0,115750.0,116500.0,95000.0,107500.0,111250.0,100000.0,108000.0,95175.0,94750.0,102500.0,104000.0,111000.0,110000.0,106750.0,114400.0,117500.0,112000.0,106075.0,103000.0,107500.0,92000.0,97647.0,103500.0,109000.0,118000.0,117239.0,118750.0,108500.0,115489.0,104800.0,106120.0,105000.0,123500.0,120000.0,119950.0,120925.0,122000.0,129475.0,128000.0,122700.0,114950.0,99950.0,120000.0,109900.0,105000.0,121100.0,117157.0,127500.0,128750.0,136000.0,127900.0,128500.0,123000.0,140000.0,123500.0,130750.0,116250.0,127750.0,134000.0,137500.0,145250.0,136500.0,145000.0,140000.0,145000.0,155000.0,149000.0,160000.0,148500.0,147700.0,144000.0,151700.0,160000.0,178250.0,160500.0,155000.0,155000.0,157000.0,156250.0,161600.0,156000.0,163000.0,170000.0,180000.0,186725.0,190000.0,168950.0,165300.0,172000.0,171700.0,168750.0,165000.0,155000.0,180000.0,169900.0,178750.0,195500.0,175000.0,189821.0,195000.0,190000.0,185000.0,175000.0,176250.0,199125.0,200000.0,205000.0,185000.0,204900.0,199125.0,200900.0,199800.0,200000.0,205900.0,208500.0,194900.0,206050.0,193000.0,189900.0,201898.0,197395.0,206000.0,220000.0,215500.0,215000.0,185000.0,191697.0
394539,244,"Dover, DE",msa,DE,185000.0,181000.0,192950.0,199000.0,203000.0,186000.0,210450.0,188500.0,184900.0,190000.0,180000.0,167920.0,167000.0,166500.0,185000.0,177450.0,189950.0,193765.0,192004.0,189900.0,179950.0,179500.0,178000.0,190000.0,170950.0,165000.0,185450.0,181250.0,170000.0,153000.0,172000.0,169750.0,161000.0,179950.0,190000.0,157500.0,150000.0,150000.0,156750.0,146000.0,160450.0,161700.0,159945.0,150000.0,144700.0,156000.0,154750.0,134500.0,141900.0,162000.0,156000.0,154900.0,165000.0,159950.0,158400.0,157000.0,165000.0,157500.0,145000.0,160950.0,162000.0,157250.0,159900.0,149950.0,176900.0,187400.0,165375.0,169950.0,161700.0,155000.0,137500.0,163750.0,165000.0,175000.0,150000.0,160000.0,165250.0,197000.0,170000.0,175000.0,170225.0,160000.0,161635.0,169900.0,154900.0,183500.0,177500.0,167750.0,185000.0,185000.0,187500.0,170000.0,160000.0,168175.0,168250.0,185000.0,175000.0,187500.0,196950.0,185000.0,204950.0,183750.0,188050.0,186225.0,165500.0,189950.0,170900.0,182900.0,188500.0,190000.0,180000.0,192000.0,192250.0,190000.0,206500.0,193000.0,195000.0,187000.0,179500.0,195000.0,193000.0,189900.0,185750.0,195000.0,204000.0,207500.0,190000.0,210000.0,199900.0,199950.0,200000.0,205000.0,194450.0,205000.0,184450.0,215000.0,222000.0,225000.0,230000.0,221000.0,225000.0,225000.0,200000.0,220000.0,218000.0,212500.0,223375.0,229900.0,237850.0,245000.0,248000.0,248250.0,249900.0,248000.0,245450.0,238000.0,245000.0,250000.0,259900.0,268000.0,275375.0,280000.0,280000.0,285000.0,290000.0,277500.0,282500.0,247000.0,273300.0,260000.0,315000.0,290000.0,302750.0,305000.0,295000.0,300000.0,305500.0,295000.0,275900.0,260000.0,279950.0,292450.0,299000.0,314000.0,315000.0,341500.0,305000.0,329948.0,300000.0,295000.0,292500.0,320000.0,340500.0,292500.0,335000.0,335000.0,328000.0,340000.0,339000.0,335000.0,345000.0,330000.0,340000.0,329000.0,321495.0,330376.0,338000.0,333750.0,350000.0,346500.0,331000.0,329950.0,343500.0,309605.0
394712,246,"Jackson, TN",msa,TN,83000.0,87425.0,92000.0,96150.0,100000.0,98950.0,98000.0,80653.0,87400.0,84500.0,87235.0,75400.0,87313.0,86450.0,85750.0,99200.0,89900.0,95000.0,99230.0,96750.0,90450.0,88500.0,89000.0,67762.0,89684.0,98000.0,88000.0,89000.0,93950.0,87000.0,78400.0,89600.0,70000.0,91900.0,81450.0,86750.0,74400.0,76391.0,88000.0,99750.0,79500.0,87432.0,89900.0,78010.0,93000.0,77250.0,78500.0,69900.0,82000.0,81700.0,86450.0,95550.0,92000.0,82400.0,99500.0,88350.0,68950.0,74900.0,78500.0,76144.0,87250.0,80450.0,79089.0,78500.0,103750.0,99900.0,88000.0,83500.0,78900.0,88900.0,77982.0,73500.0,80000.0,83000.0,83000.0,95275.0,98000.0,89200.0,97450.0,85000.0,88000.0,86700.0,90000.0,81505.0,79750.0,86675.0,99000.0,99900.0,104000.0,98450.0,102700.0,93400.0,90240.0,90062.0,81250.0,90000.0,92200.0,90000.0,93000.0,115300.0,99000.0,120000.0,107500.0,101000.0,94900.0,109950.0,99950.0,86000.0,101500.0,106016.0,106200.0,119900.0,121000.0,112000.0,128340.0,121750.0,114900.0,112750.0,120000.0,120000.0,105500.0,130000.0,119700.0,134200.0,123642.0,140000.0,122750.0,125000.0,122500.0,116000.0,116900.0,123000.0,121800.0,129000.0,123000.0,123500.0,125399.0,140000.0,130000.0,135000.0,130000.0,144050.0,129500.0,117250.0,125000.0,128900.0,162000.0,145000.0,149900.0,146650.0,149000.0,148400.0,151500.0,151500.0,154900.0,157000.0,139450.0,154250.0,161500.0,164500.0,165000.0,161000.0,185000.0,174500.0,194950.0,180000.0,174500.0,189900.0,169900.0,199900.0,189300.0,199450.0,205000.0,193000.0,189450.0,187500.0,199900.0,180000.0,178000.0,172450.0,165000.0,160000.0,192000.0,204150.0,190000.0,190000.0,199900.0,198500.0,187500.0,160918.0,181500.0,180000.0,180000.0,199900.0,215000.0,204250.0,197450.0,229000.0,207000.0,215000.0,204500.0,197000.0,205000.0,175000.0,222450.0,200000.0,199900.0,189900.0,209500.0,197850.0,210000.0,211650.0,219000.0,190804.0
395246,247,"Yuba City, CA",msa,CA,220000.0,209500.0,199250.0,195000.0,185500.0,190000.0,177500.0,179750.0,172000.0,165000.0,160000.0,165000.0,144500.0,152000.0,159500.0,155000.0,150000.0,151000.0,151500.0,158000.0,150000.0,155000.0,155000.0,149000.0,150000.0,148500.0,165000.0,165500.0,160000.0,160000.0,155000.0,156000.0,132000.0,145250.0,145000.0,155000.0,137000.0,135750.0,141500.0,131000.0,147250.0,140000.0,138750.0,140000.0,127500.0,140000.0,133000.0,133000.0,126000.0,143250.0,135000.0,127000.0,140000.0,140000.0,141000.0,142500.0,144000.0,141500.0,147500.0,154500.0,160000.0,150000.0,160000.0,175000.0,180000.0,170000.0,176000.0,185000.0,182250.0,190000.0,189250.0,188000.0,170000.0,198000.0,199500.0,190000.0,195000.0,195000.0,200000.0,190750.0,186000.0,189500.0,199000.0,200000.0,199750.0,205000.0,190000.0,210500.0,228000.0,218500.0,222000.0,220500.0,235000.0,221000.0,215000.0,205000.0,222000.0,225000.0,220000.0,225000.0,245000.0,247000.0,240500.0,239500.0,230000.0,250000.0,236000.0,240000.0,255000.0,245000.0,250000.0,265000.0,270000.0,260000.0,272000.0,261750.0,266000.0,265000.0,254500.0,265000.0,275000.0,272000.0,275000.0,275000.0,296500.0,272500.0,280000.0,275000.0,267500.0,268500.0,295000.0,275000.0,285000.0,282500.0,291750.0,307000.0,292000.0,305000.0,300000.0,308500.0,290000.0,310000.0,299000.0,303250.0,295000.0,305000.0,306000.0,297000.0,330000.0,325000.0,331000.0,341000.0,325000.0,345000.0,342000.0,357000.0,355750.0,360000.0,379000.0,369500.0,400500.0,392500.0,384500.0,391000.0,400000.0,394000.0,393000.0,397500.0,411750.0,425500.0,429500.0,420000.0,430000.0,425000.0,415000.0,430000.0,390000.0,388500.0,381000.0,385000.0,392900.0,389995.0,400000.0,420000.0,421500.0,385000.0,409500.0,413500.0,395000.0,399000.0,382500.0,387750.0,386000.0,405500.0,420000.0,425000.0,435000.0,410000.0,415000.0,407500.0,414000.0,400000.0,430000.0,405000.0,415000.0,418700.0,415000.0,450000.0,394500.0,420000.0,405000.0,412000.0,430000.0,426765.0
394406,248,"Bowling Green, KY",msa,KY,,,,,,,,,,,,,,85000.0,92777.0,112000.0,92500.0,83460.0,80250.0,74000.0,94000.0,90950.0,95450.0,111550.0,117250.0,111500.0,111000.0,128950.0,109250.0,131750.0,113250.0,111500.0,112700.0,120000.0,126000.0,114250.0,110750.0,126000.0,110000.0,118000.0,118350.0,128000.0,112750.0,127000.0,125190.0,105250.0,100485.0,110000.0,112250.0,115100.0,120375.0,129000.0,133000.0,139950.0,116887.0,132300.0,115370.0,120000.0,129500.0,118000.0,136000.0,116000.0,118500.0,131000.0,135000.0,130750.0,124900.0,125000.0,118000.0,119000.0,104793.0,110000.0,112000.0,120000.0,118200.0,135000.0,147500.0,139000.0,140000.0,145500.0,145000.0,130500.0,139000.0,129000.0,137000.0,130750.0,127750.0,141500.0,149150.0,146500.0,140500.0,133125.0,146250.0,129000.0,145000.0,137750.0,130000.0,154000.0,141750.0,160000.0,153400.0,150750.0,160000.0,140000.0,155000.0,140000.0,142950.0,143700.0,152750.0,145000.0,149950.0,146000.0,170000.0,165000.0,158011.0,158000.0,147500.0,169900.0,152000.0,149000.0,146900.0,151400.0,158000.0,157000.0,164950.0,174500.0,185000.0,156500.0,165000.0,152250.0,155000.0,145000.0,167500.0,166375.0,171200.0,183000.0,172500.0,175000.0,175000.0,175000.0,189200.0,192900.0,168000.0,170000.0,174850.0,183500.0,204950.0,189000.0,208000.0,194950.0,199900.0,205000.0,205000.0,209500.0,191250.0,176750.0,190000.0,198500.0,212500.0,207500.0,244500.0,220000.0,210900.0,214950.0,237000.0,215000.0,254000.0,214900.0,225000.0,222000.0,247050.0,215000.0,255000.0,233450.0,245700.0,240000.0,231000.0,235000.0,207450.0,220000.0,244950.0,212500.0,250000.0,243700.0,250000.0,270000.0,269950.0,255000.0,260000.0,261500.0,265000.0,250000.0,247500.0,264900.0,245000.0,275000.0,260000.0,273750.0,265750.0,286000.0,269950.0,269450.0,262950.0,270000.0,255000.0,274900.0,270000.0,287000.0,299900.0,276000.0,263750.0,283450.0,275000.0,268927.0
395119,249,"St. George, UT",msa,UT,256000.0,238000.0,229000.0,222000.0,245000.0,215450.0,230000.0,230000.0,206600.0,204500.0,192500.0,187550.0,182900.0,209500.0,214000.0,204500.0,215750.0,180000.0,173250.0,185000.0,184500.0,196500.0,164900.0,170000.0,160500.0,167500.0,165000.0,163500.0,186187.0,177500.0,166000.0,142700.0,148000.0,169700.0,155000.0,140000.0,169750.0,162541.0,147500.0,152125.0,154000.0,160700.0,149000.0,148900.0,153950.0,157900.0,161000.0,147900.0,157950.0,160000.0,156250.0,163000.0,165750.0,163000.0,159900.0,170000.0,154900.0,169800.0,162500.0,173000.0,170000.0,180000.0,180950.0,179950.0,197000.0,196000.0,198000.0,185000.0,196000.0,186750.0,188000.0,195000.0,192900.0,184000.0,184000.0,207500.0,195000.0,200000.0,191000.0,180000.0,193250.0,197950.0,198500.0,210000.0,214100.0,199950.0,206000.0,209500.0,212000.0,209900.0,205000.0,213950.0,214150.0,211250.0,214000.0,202714.0,220000.0,214046.0,245000.0,226575.0,242250.0,223250.0,231500.0,232500.0,229000.0,238950.0,237000.0,234900.0,242000.0,237700.0,255000.0,266845.0,254900.0,261500.0,257062.0,255000.0,265000.0,264497.0,254000.0,276250.0,273000.0,293600.0,277000.0,279950.0,293900.0,290000.0,286000.0,277450.0,290000.0,283250.0,279400.0,290000.0,279944.0,289750.0,294600.0,295250.0,307000.0,299900.0,315000.0,309784.0,312000.0,305000.0,295750.0,283180.0,314500.0,325664.0,314408.0,315000.0,337000.0,343000.0,359500.0,370000.0,372400.0,370750.0,385000.0,351171.0,380000.0,419625.0,415000.0,449750.0,437408.0,455000.0,442644.0,425407.0,463750.0,466316.0,447500.0,477500.0,492500.0,535000.0,572500.0,524900.0,547500.0,527268.0,505450.0,469000.0,510974.0,480000.0,457523.0,444000.0,439900.0,475000.0,497750.0,508000.0,480000.0,492747.0,454686.0,525000.0,480000.0,540000.0,485000.0,511424.0,480000.0,519500.0,556000.0,500500.0,485000.0,512500.0,508000.0,505000.0,518450.0,495000.0,500000.0,534000.0,500000.0,521000.0,498000.0,530000.0,546000.0,510000.0,527434.0,497500.0,539292.0,538152.0
394896,250,"Muskegon, MI",msa,MI,58500.0,67950.0,82000.0,74500.0,85000.0,84450.0,75000.0,73000.0,63000.0,59900.0,69900.0,60000.0,65000.0,53401.0,64900.0,62900.0,61750.0,73950.0,67601.0,75000.0,69450.0,75700.0,66000.0,55000.0,65500.0,59900.0,71500.0,73500.0,74100.0,62000.0,58750.0,65000.0,70185.0,68450.0,64000.0,58700.0,69900.0,69900.0,68000.0,65500.0,69020.0,70000.0,74550.0,77000.0,75000.0,76500.0,62900.0,59000.0,55250.0,59950.0,65250.0,70000.0,79000.0,80000.0,80000.0,70000.0,80000.0,84250.0,64700.0,65070.0,75900.0,73250.0,82000.0,82000.0,91882.0,100300.0,78900.0,89900.0,75000.0,76250.0,85000.0,80250.0,75000.0,77500.0,81000.0,92900.0,99850.0,108900.0,97250.0,98000.0,98000.0,84000.0,84900.0,84000.0,80000.0,99450.0,89900.0,104750.0,105000.0,107600.0,88200.0,100000.0,106000.0,89000.0,103000.0,95000.0,95000.0,97000.0,92850.0,103900.0,119225.0,119950.0,110000.0,103500.0,110825.0,103000.0,107400.0,110000.0,91925.0,99500.0,115000.0,121000.0,124000.0,122000.0,125000.0,122000.0,116450.0,119900.0,115000.0,104900.0,110000.0,115497.0,124000.0,129900.0,124000.0,124000.0,125000.0,120000.0,120000.0,110000.0,110500.0,125000.0,123500.0,135000.0,129500.0,140000.0,135000.0,146000.0,145000.0,140500.0,131000.0,129950.0,134950.0,109950.0,125000.0,112425.0,149450.0,131000.0,150000.0,159900.0,161000.0,164900.0,165000.0,147000.0,137750.0,140000.0,145000.0,149450.0,160000.0,165000.0,166000.0,162900.0,165000.0,180000.0,175000.0,161500.0,160900.0,153720.0,179000.0,160000.0,182250.0,176000.0,187250.0,202000.0,208350.0,203250.0,194000.0,175000.0,190000.0,169000.0,151250.0,175000.0,176000.0,190000.0,205000.0,210000.0,213400.0,209950.0,206500.0,201500.0,188500.0,181750.0,174900.0,190000.0,199000.0,200000.0,224500.0,220000.0,225000.0,200000.0,220000.0,209550.0,209140.0,210000.0,205000.0,209950.0,218000.0,220000.0,230000.0,257450.0,248000.0,236000.0,226200.0,212939.0
394299,251,"Abilene, TX",msa,TX,109900.0,97500.0,100400.0,111000.0,113570.0,99900.0,118500.0,106000.0,133600.0,89200.0,98500.0,95000.0,87750.0,103500.0,110000.0,112950.0,114500.0,127250.0,98875.0,100098.0,95000.0,109250.0,117515.0,116000.0,97900.0,105000.0,100770.0,99900.0,119900.0,114900.0,117400.0,104750.0,115900.0,84900.0,110000.0,109400.0,105250.0,104000.0,105000.0,115250.0,108000.0,123000.0,109000.0,125000.0,119450.0,120000.0,110000.0,105750.0,115000.0,103000.0,108000.0,114450.0,119450.0,129200.0,128500.0,125000.0,120000.0,129000.0,100500.0,123500.0,111625.0,102200.0,115000.0,132500.0,127700.0,145338.0,120000.0,135000.0,115500.0,121350.0,106000.0,120000.0,126500.0,113500.0,121000.0,132900.0,135000.0,148750.0,130397.0,126000.0,130000.0,131500.0,124975.0,120000.0,126500.0,136250.0,127000.0,143900.0,145500.0,149800.0,141750.0,148000.0,144950.0,135000.0,142650.0,128000.0,127000.0,141000.0,139700.0,157200.0,157500.0,154759.0,145000.0,134920.0,135000.0,128500.0,136283.0,155000.0,136900.0,144750.0,140904.0,149900.0,145250.0,154791.0,141000.0,153000.0,139000.0,139900.0,138713.0,144800.0,142692.0,147000.0,155000.0,158000.0,151950.0,142750.0,142700.0,169950.0,159000.0,157450.0,166103.0,139900.0,150000.0,154450.0,160000.0,170357.0,175500.0,166000.0,174700.0,165000.0,152000.0,173752.0,155000.0,161450.0,148000.0,149250.0,169000.0,166000.0,184900.0,189900.0,180000.0,179900.0,179900.0,185450.0,175950.0,175000.0,209000.0,176000.0,188450.0,195000.0,215500.0,200000.0,205000.0,200000.0,202000.0,194500.0,208000.0,195500.0,215000.0,205000.0,200500.0,230000.0,230000.0,224500.0,245000.0,209500.0,200000.0,190000.0,205000.0,201749.0,195500.0,210000.0,199950.0,214950.0,205000.0,232000.0,220000.0,233000.0,221500.0,208750.0,191200.0,234000.0,241250.0,219900.0,225000.0,239450.0,238965.0,241000.0,235000.0,240000.0,234250.0,219000.0,227700.0,221000.0,228750.0,239760.0,210000.0,267000.0,244950.0,244500.0,262000.0,239500.0,235000.0,245757.0
394707,252,"Iowa City, IA",msa,IA,168000.0,170000.0,155000.0,162000.0,158500.0,150000.0,150000.0,156750.0,147750.0,123000.0,140500.0,134000.0,136750.0,140000.0,167000.0,150000.0,165000.0,142500.0,145000.0,136500.0,128000.0,140000.0,174500.0,152500.0,149500.0,158500.0,162000.0,156500.0,162500.0,169000.0,162250.0,140000.0,156000.0,160000.0,154750.0,139500.0,168500.0,149000.0,161000.0,157000.0,168000.0,160000.0,148000.0,150000.0,145500.0,142750.0,170000.0,147750.0,177500.0,146900.0,160000.0,162250.0,172000.0,165000.0,165000.0,148450.0,145900.0,156750.0,148500.0,140000.0,152711.0,150000.0,161750.0,169000.0,179000.0,173500.0,165000.0,162000.0,175000.0,155250.0,165000.0,165000.0,170000.0,162500.0,152000.0,180000.0,179500.0,179700.0,172000.0,172000.0,165000.0,175000.0,176000.0,211000.0,166250.0,168500.0,165000.0,190000.0,189000.0,190000.0,178500.0,165000.0,167750.0,184000.0,177000.0,180000.0,176500.0,175000.0,192000.0,185000.0,197000.0,184500.0,199000.0,184000.0,186500.0,200000.0,170000.0,192500.0,206500.0,199900.0,218000.0,200000.0,205000.0,217000.0,207000.0,195000.0,199000.0,194000.0,205000.0,192000.0,194000.0,215000.0,224750.0,227500.0,230000.0,207750.0,218875.0,210000.0,202250.0,209000.0,207500.0,222000.0,224500.0,221000.0,213000.0,216000.0,225000.0,220000.0,226250.0,215000.0,206750.0,250000.0,210000.0,217000.0,200000.0,221000.0,232500.0,229000.0,235000.0,235000.0,230500.0,233000.0,239000.0,247000.0,215000.0,211500.0,220000.0,239750.0,232500.0,229950.0,246000.0,241000.0,240000.0,248000.0,235000.0,232750.0,239500.0,227750.0,230000.0,240000.0,251000.0,260000.0,275000.0,265000.0,250000.0,239450.0,250000.0,222000.0,225500.0,265500.0,238000.0,285000.0,269900.0,272000.0,280000.0,286500.0,286000.0,249000.0,260000.0,276500.0,275000.0,285000.0,280000.0,250500.0,263000.0,271500.0,287000.0,287000.0,319950.0,263500.0,290500.0,277950.0,280000.0,300000.0,269000.0,300000.0,285000.0,315253.0,321675.0,299500.0,314500.0,283750.0,292000.0,309635.0
394860,254,"Midland, TX",msa,TX,154900.0,167000.0,149954.0,165500.0,178500.0,174500.0,177000.0,162900.0,156862.0,166250.0,170000.0,162500.0,169120.0,159900.0,169850.0,179000.0,174452.0,169900.0,168000.0,162114.0,162500.0,153950.0,166400.0,159900.0,162000.0,159900.0,155000.0,166000.0,169211.0,184450.0,174000.0,174953.0,171750.0,168000.0,179900.0,170400.0,176500.0,176450.0,159000.0,188825.0,173500.0,183200.0,187176.0,193443.0,169500.0,187000.0,175000.0,178700.0,179950.0,188000.0,190000.0,217750.0,200750.0,202434.0,203000.0,199500.0,216500.0,200000.0,200000.0,204320.0,209950.0,186700.0,203690.0,210000.0,223000.0,214450.0,220000.0,232000.0,209000.0,216000.0,210000.0,220000.0,230000.0,214900.0,210000.0,235000.0,264450.0,243189.0,230000.0,217645.0,236538.0,234375.0,226215.0,221000.0,217208.0,218500.0,218007.0,219900.0,249000.0,226000.0,225000.0,214662.0,225000.0,225703.0,223290.0,220924.0,222000.0,220000.0,207250.0,233500.0,242000.0,220000.0,246750.0,245000.0,245000.0,220000.0,242250.0,226750.0,230000.0,240000.0,250000.0,242500.0,265955.0,259900.0,250000.0,253500.0,235000.0,235826.0,250000.0,252172.0,277500.0,268450.0,290000.0,286000.0,296000.0,289000.0,285000.0,289450.0,286250.0,282450.0,275750.0,285000.0,290000.0,300000.0,310000.0,301000.0,309000.0,307267.0,309000.0,299450.0,284000.0,295500.0,300000.0,285000.0,286250.0,316000.0,299000.0,280000.0,290000.0,293750.0,300000.0,300000.0,285000.0,280000.0,283750.0,312500.0,305000.0,290000.0,304000.0,298000.0,305000.0,314000.0,300000.0,305000.0,303000.0,320000.0,304500.0,300000.0,309000.0,315000.0,312500.0,329500.0,330000.0,320000.0,335000.0,310000.0,305000.0,295000.0,315000.0,315000.0,298000.0,317500.0,325250.0,325000.0,335500.0,339000.0,326500.0,339999.0,350000.0,332000.0,320000.0,325000.0,330000.0,331500.0,330000.0,339950.0,382500.0,355000.0,375000.0,345000.0,365000.0,335500.0,350000.0,350000.0,356500.0,365000.0,339900.0,345000.0,365000.0,346250.0,370000.0,375000.0,340000.0,384848.0
753869,255,"Bloomington, IL",msa,IL,130500.0,136250.0,139250.0,147750.0,142000.0,144750.0,146000.0,144000.0,139500.0,139500.0,148500.0,139000.0,139750.0,137000.0,130000.0,145000.0,138000.0,150000.0,149000.0,135000.0,133000.0,130000.0,145500.0,145000.0,147000.0,140000.0,135250.0,144750.0,144200.0,145000.0,140000.0,147000.0,136750.0,152000.0,146750.0,129000.0,131500.0,133100.0,135000.0,139500.0,152500.0,152000.0,151000.0,145500.0,140000.0,121900.0,143250.0,137000.0,133250.0,137000.0,136000.0,140750.0,163500.0,149250.0,140500.0,145000.0,145000.0,148000.0,132000.0,132000.0,153500.0,142000.0,142500.0,155000.0,160000.0,149950.0,139500.0,143500.0,128750.0,137000.0,135000.0,125000.0,134250.0,148500.0,131000.0,145500.0,147000.0,155000.0,143000.0,136000.0,150000.0,147250.0,136500.0,135000.0,144250.0,153500.0,140000.0,142950.0,156000.0,148000.0,146000.0,149400.0,140000.0,148950.0,130000.0,132250.0,130750.0,140000.0,150000.0,143750.0,150500.0,159500.0,152250.0,146950.0,145750.0,152500.0,142000.0,136000.0,149000.0,146000.0,148000.0,147500.0,161750.0,155000.0,155000.0,155000.0,145000.0,149000.0,127500.0,138000.0,149500.0,150000.0,147000.0,148250.0,160500.0,163500.0,162500.0,155000.0,158000.0,153000.0,158000.0,144500.0,137500.0,153500.0,150000.0,158250.0,164500.0,162500.0,144000.0,155750.0,146250.0,153000.0,145500.0,151000.0,145000.0,145000.0,163000.0,165000.0,164000.0,163250.0,163500.0,162500.0,158500.0,155000.0,150000.0,154500.0,148250.0,148000.0,152250.0,170250.0,175000.0,171250.0,180000.0,180000.0,171750.0,167000.0,156050.0,164500.0,177625.0,173000.0,177287.0,190000.0,202000.0,215000.0,195000.0,182000.0,185000.0,200000.0,157500.0,177500.0,166500.0,190000.0,225000.0,213500.0,228750.0,238500.0,202000.0,225000.0,195000.0,203000.0,200000.0,205000.0,197500.0,215000.0,218000.0,239450.0,256000.0,230000.0,230000.0,225000.0,230750.0,195000.0,233000.0,210000.0,213750.0,220000.0,242500.0,233000.0,269000.0,250000.0,235000.0,232000.0,235000.0,248697.0
394944,257,"Oshkosh, WI",msa,WI,115500.0,123000.0,130000.0,120000.0,126000.0,125000.0,123000.0,124950.0,120000.0,103500.0,95750.0,105100.0,134400.0,100900.0,106000.0,109900.0,108850.0,109900.0,118000.0,119900.0,115000.0,117000.0,108500.0,129000.0,119750.0,121500.0,125000.0,121900.0,126000.0,122000.0,105300.0,128900.0,135450.0,129200.0,112000.0,130000.0,94900.0,100000.0,94900.0,119750.0,116500.0,112450.0,123250.0,105000.0,120500.0,120000.0,93526.0,113500.0,103000.0,100000.0,110399.0,118500.0,118000.0,125500.0,121950.0,117500.0,121000.0,104000.0,122000.0,109250.0,120000.0,127000.0,126950.0,128000.0,138000.0,118200.0,128000.0,107900.0,135000.0,125000.0,110000.0,113750.0,116500.0,113000.0,127200.0,121000.0,119500.0,131950.0,139400.0,130500.0,129500.0,125000.0,133000.0,136500.0,114000.0,120000.0,121450.0,130000.0,139200.0,136000.0,145000.0,129500.0,131000.0,126000.0,126500.0,124900.0,122000.0,134900.0,123500.0,127700.0,136324.0,134000.0,136000.0,133950.0,127450.0,140000.0,129950.0,129500.0,132000.0,139900.0,124500.0,152000.0,165000.0,153466.0,144900.0,139950.0,144000.0,139900.0,137000.0,127500.0,139900.0,129500.0,138900.0,155000.0,155000.0,158000.0,161350.0,150000.0,155000.0,130500.0,167700.0,139500.0,155000.0,152000.0,146000.0,139900.0,147000.0,163000.0,159950.0,153950.0,149450.0,155000.0,163950.0,168000.0,149950.0,169700.0,158250.0,155000.0,170000.0,180000.0,174000.0,165000.0,163000.0,170000.0,170500.0,171500.0,175750.0,172900.0,170000.0,188000.0,185000.0,190000.0,193000.0,180000.0,200000.0,183000.0,177000.0,202600.0,173000.0,200000.0,195000.0,216000.0,225000.0,215000.0,215000.0,230000.0,210000.0,196900.0,190000.0,183100.0,200000.0,208000.0,222500.0,252500.0,233000.0,225000.0,237000.0,240777.0,250000.0,225500.0,226000.0,205000.0,220000.0,225000.0,245000.0,245000.0,273000.0,256500.0,260000.0,249000.0,245000.0,250000.0,242000.0,240000.0,215000.0,257000.0,255500.0,265000.0,276000.0,270000.0,256750.0,270000.0,252500.0,247225.0
394555,258,"Eau Claire, WI",msa,WI,120850.0,134000.0,118000.0,128750.0,129950.0,135000.0,134950.0,119000.0,104450.0,104500.0,104000.0,113000.0,115000.0,119400.0,115000.0,120000.0,119950.0,119900.0,127900.0,115000.0,119900.0,115000.0,108500.0,107750.0,119450.0,118600.0,116200.0,121000.0,120000.0,126000.0,109450.0,121500.0,136500.0,122400.0,123000.0,105000.0,93733.0,109100.0,114900.0,131500.0,132500.0,120000.0,130500.0,122600.0,102875.0,120000.0,125000.0,113450.0,103000.0,116500.0,114700.0,124450.0,138950.0,135950.0,130000.0,135500.0,119900.0,124000.0,109400.0,112100.0,111550.0,120250.0,139014.0,135000.0,146750.0,134875.0,139450.0,136250.0,129900.0,138000.0,124000.0,109900.0,124000.0,123650.0,122000.0,128500.0,141700.0,129450.0,137500.0,138500.0,122000.0,127250.0,120000.0,140000.0,132000.0,132800.0,135000.0,138215.0,147775.0,137950.0,129900.0,136750.0,133450.0,120000.0,145450.0,139950.0,130000.0,139900.0,145000.0,140500.0,145900.0,146000.0,148100.0,136000.0,155000.0,134900.0,143350.0,135000.0,138300.0,148500.0,149500.0,152800.0,169000.0,161000.0,167900.0,161000.0,152000.0,149900.0,150000.0,135250.0,161700.0,161000.0,165000.0,175450.0,170200.0,172500.0,175000.0,160000.0,165000.0,170000.0,168500.0,156500.0,163750.0,169000.0,189450.0,184900.0,185000.0,185000.0,185000.0,168000.0,174900.0,175000.0,176000.0,172450.0,176750.0,174900.0,197000.0,202000.0,180000.0,200000.0,210000.0,202500.0,200000.0,193000.0,199275.0,176750.0,191000.0,186250.0,224000.0,206850.0,224000.0,225000.0,231000.0,235000.0,230000.0,220000.0,230000.0,218000.0,258000.0,235000.0,270000.0,234950.0,259750.0,280000.0,245000.0,270450.0,243500.0,232500.0,219950.0,245000.0,242000.0,272500.0,259000.0,265000.0,265000.0,277500.0,295000.0,259950.0,250000.0,247900.0,247200.0,265000.0,250000.0,282500.0,299900.0,315000.0,309950.0,285000.0,290000.0,270000.0,268000.0,285400.0,285000.0,289000.0,270500.0,258500.0,264000.0,294000.0,300000.0,291000.0,276000.0,295000.0,299950.0,264474.0
394651,259,"Greenville, NC",msa,NC,127000.0,109750.0,115000.0,131500.0,105500.0,122000.0,127750.0,105000.0,115000.0,146500.0,109500.0,123500.0,111500.0,114460.0,124900.0,122450.0,127000.0,121500.0,124000.0,120500.0,122000.0,123500.0,104000.0,106500.0,117250.0,120000.0,125000.0,127900.0,127500.0,117250.0,125000.0,113500.0,110500.0,129000.0,110000.0,125650.0,130000.0,122500.0,127000.0,120500.0,123000.0,110000.0,131500.0,124900.0,120000.0,122000.0,126500.0,95000.0,98000.0,134000.0,119000.0,119750.0,119000.0,131500.0,116000.0,127750.0,115000.0,133500.0,111000.0,105500.0,149750.0,110750.0,125000.0,128000.0,140000.0,130500.0,111500.0,122000.0,98000.0,110000.0,92625.0,115000.0,119500.0,129000.0,108500.0,128250.0,117500.0,128500.0,113250.0,129500.0,128500.0,116000.0,123000.0,117000.0,105000.0,112750.0,125000.0,126000.0,135000.0,123750.0,116250.0,115000.0,129000.0,128000.0,125000.0,115500.0,130000.0,118350.0,124000.0,132500.0,134000.0,137000.0,150000.0,125000.0,130000.0,126000.0,130000.0,130000.0,130500.0,125000.0,126000.0,140000.0,142250.0,142000.0,130000.0,133500.0,124000.0,128000.0,140000.0,128250.0,127000.0,134500.0,131000.0,145000.0,141500.0,143000.0,132500.0,141000.0,136900.0,146500.0,149000.0,139000.0,131000.0,127000.0,155000.0,145000.0,160000.0,161500.0,136000.0,142500.0,153750.0,140900.0,145750.0,137500.0,144500.0,155250.0,147500.0,145000.0,165000.0,161500.0,175000.0,160000.0,164000.0,162875.0,169900.0,156000.0,166000.0,150000.0,170000.0,170000.0,192750.0,206000.0,191500.0,195000.0,185000.0,176000.0,190000.0,186250.0,186000.0,205000.0,200000.0,200000.0,225500.0,238500.0,210000.0,220000.0,220000.0,225000.0,200000.0,200000.0,208500.0,190000.0,232500.0,243750.0,240000.0,250000.0,218500.0,233500.0,210500.0,233000.0,215000.0,213500.0,207500.0,218000.0,217500.0,235000.0,250000.0,248000.0,255000.0,233500.0,228000.0,225000.0,243000.0,240000.0,235500.0,230000.0,226500.0,250000.0,240000.0,250000.0,227500.0,228000.0,265000.0,239115.0
394428,260,"Burlington, NC",msa,NC,125000.0,104000.0,102400.0,124000.0,134500.0,119000.0,118500.0,100000.0,101000.0,99000.0,110000.0,108000.0,100000.0,107000.0,109500.0,113000.0,119500.0,128500.0,120500.0,119000.0,114000.0,125750.0,110000.0,97500.0,115000.0,107500.0,117000.0,125500.0,100500.0,107000.0,117000.0,108000.0,100000.0,88500.0,111000.0,119500.0,114000.0,98500.0,121500.0,130000.0,108000.0,95000.0,119500.0,100000.0,135000.0,105000.0,114000.0,72000.0,118500.0,125000.0,107000.0,110000.0,120000.0,119500.0,116000.0,114500.0,117000.0,116000.0,115500.0,92000.0,118500.0,124000.0,118000.0,115000.0,127000.0,126000.0,116000.0,127000.0,119000.0,110000.0,115000.0,110000.0,104250.0,124000.0,123450.0,123000.0,115000.0,130000.0,110000.0,128000.0,125000.0,108000.0,120000.0,98500.0,118500.0,134000.0,127000.0,129250.0,136000.0,121000.0,127500.0,121000.0,129500.0,122000.0,118500.0,122000.0,125000.0,132000.0,127000.0,140000.0,134500.0,153745.0,134000.0,125000.0,134000.0,132500.0,139900.0,146537.0,127000.0,139000.0,140000.0,155000.0,146000.0,149000.0,150000.0,145000.0,140000.0,140000.0,142000.0,140000.0,160000.0,150000.0,156490.0,155000.0,149241.0,160000.0,142000.0,165000.0,142000.0,165000.0,162000.0,146000.0,149500.0,147000.0,172000.0,161500.0,160000.0,172000.0,165000.0,158000.0,155000.0,150000.0,163000.0,147000.0,160000.0,175000.0,171500.0,163000.0,179500.0,197250.0,194000.0,170000.0,183750.0,185000.0,178500.0,170000.0,182000.0,187125.0,185000.0,227250.0,210000.0,200000.0,232000.0,224500.0,231750.0,204500.0,235500.0,200000.0,201000.0,218500.0,250000.0,271000.0,257500.0,255000.0,250000.0,230000.0,248500.0,230000.0,207000.0,225000.0,240000.0,210000.0,235000.0,260000.0,250000.0,262500.0,240000.0,251000.0,230000.0,232500.0,201000.0,232000.0,243500.0,243750.0,266500.0,250000.0,258000.0,269000.0,281500.0,255000.0,265500.0,271500.0,268000.0,260000.0,228350.0,288000.0,221550.0,272000.0,292000.0,287950.0,280000.0,267500.0,267500.0,259377.0
395210,261,"Waterloo, IA",msa,IA,116750.0,107000.0,99250.0,107000.0,119000.0,123000.0,113250.0,106000.0,105000.0,120000.0,95750.0,95000.0,98000.0,110000.0,100000.0,99500.0,110000.0,118000.0,108000.0,118000.0,110000.0,109250.0,110000.0,86500.0,106000.0,102500.0,110000.0,115000.0,102000.0,97000.0,95750.0,108000.0,114000.0,120000.0,110000.0,85000.0,96000.0,110000.0,101500.0,115000.0,120000.0,125000.0,128750.0,121000.0,130000.0,125000.0,118500.0,107500.0,117000.0,116000.0,126000.0,125000.0,132000.0,130500.0,118500.0,127500.0,134500.0,120000.0,118025.0,128250.0,125000.0,127500.0,133500.0,122975.0,136750.0,132500.0,144000.0,129000.0,130000.0,128000.0,117500.0,125000.0,114500.0,127250.0,120000.0,121173.0,133000.0,134000.0,135000.0,125500.0,126500.0,131000.0,141000.0,119500.0,119000.0,138000.0,135000.0,129900.0,132437.0,127000.0,125000.0,132000.0,123500.0,118500.0,125000.0,103000.0,135000.0,130000.0,125000.0,129000.0,136000.0,130750.0,125000.0,133000.0,124900.0,125000.0,130000.0,124950.0,115000.0,114000.0,135000.0,137250.0,140000.0,138000.0,142500.0,146500.0,128950.0,132700.0,135000.0,132000.0,119000.0,135750.0,140000.0,144500.0,140000.0,151250.0,141000.0,141750.0,138500.0,124500.0,145000.0,136000.0,130250.0,128500.0,143500.0,142000.0,150000.0,151000.0,146000.0,147000.0,140000.0,153000.0,130250.0,128750.0,125000.0,140000.0,153000.0,148750.0,154500.0,144000.0,160000.0,159900.0,134937.0,140000.0,148000.0,152000.0,133000.0,144000.0,151900.0,147500.0,165000.0,160000.0,150000.0,168000.0,150000.0,149500.0,152500.0,145750.0,144750.0,141000.0,154500.0,171500.0,179750.0,175000.0,170000.0,162750.0,156375.0,155000.0,164900.0,157950.0,160000.0,158000.0,161000.0,167500.0,185000.0,170000.0,177000.0,170000.0,180000.0,170000.0,167000.0,162000.0,187500.0,185000.0,169000.0,180000.0,200500.0,194000.0,183900.0,184700.0,211750.0,189062.0,189000.0,180250.0,166500.0,194000.0,175000.0,203000.0,200000.0,208500.0,215000.0,220000.0,183250.0,200739.0
394480,262,"Coeur d'Alene, ID",msa,ID,220000.0,202200.0,189900.0,214500.0,215000.0,205000.0,192900.0,194500.0,195000.0,195000.0,188500.0,167000.0,160000.0,165500.0,179500.0,172500.0,178500.0,177250.0,177989.0,170900.0,176000.0,161000.0,175000.0,186000.0,160000.0,166200.0,162500.0,166500.0,170306.0,172000.0,168000.0,173750.0,165000.0,170000.0,175000.0,141426.0,144500.0,170000.0,159900.0,154750.0,155000.0,160000.0,165900.0,148500.0,169300.0,150000.0,146500.0,165000.0,151000.0,160500.0,168500.0,159900.0,169000.0,179000.0,171700.0,164000.0,167500.0,189000.0,176900.0,161750.0,170000.0,176000.0,172500.0,175500.0,183900.0,190000.0,187000.0,174650.0,180000.0,169900.0,197750.0,186200.0,190500.0,167850.0,175000.0,186900.0,190000.0,199500.0,200000.0,188500.0,190000.0,192000.0,188558.0,184975.0,194000.0,190500.0,200000.0,216500.0,210000.0,197200.0,205000.0,198987.0,205000.0,215000.0,195000.0,199900.0,213000.0,217000.0,205000.0,214900.0,225000.0,227325.0,245750.0,235000.0,225000.0,240000.0,237000.0,227972.0,238875.0,243500.0,236250.0,251500.0,254250.0,258750.0,255500.0,254016.0,253000.0,273000.0,264341.0,248500.0,264005.0,282800.0,267000.0,279700.0,289900.0,280900.0,298500.0,292000.0,280000.0,287000.0,279000.0,270000.0,285000.0,287000.0,299000.0,305000.0,315000.0,320000.0,334400.0,320000.0,308500.0,352000.0,342000.0,315000.0,335000.0,327000.0,343750.0,344000.0,350700.0,394500.0,394750.0,418500.0,406000.0,438700.0,415606.0,440021.0,450000.0,490000.0,475000.0,480000.0,491000.0,525000.0,509500.0,489500.0,504000.0,498000.0,500000.0,518797.0,507500.0,561500.0,588250.0,590000.0,559950.0,545000.0,508277.0,495000.0,525000.0,468285.0,511000.0,493000.0,475000.0,495500.0,535000.0,543000.0,540000.0,556500.0,539500.0,550000.0,570000.0,521950.0,531071.0,460000.0,537000.0,525000.0,558000.0,565000.0,570000.0,599900.0,539000.0,548950.0,550000.0,535000.0,540000.0,551225.0,552000.0,557388.0,568500.0,585000.0,569000.0,580000.0,575000.0,559500.0,570000.0,574970.0
394553,263,"East Stroudsburg, PA",msa,PA,154000.0,174000.0,166750.0,154500.0,165000.0,161500.0,170000.0,160000.0,164000.0,150000.0,148000.0,160000.0,130000.0,142450.0,145000.0,151750.0,155000.0,130000.0,150000.0,135500.0,149000.0,156000.0,130000.0,140000.0,145900.0,130000.0,144000.0,147250.0,139900.0,133750.0,156500.0,122900.0,142420.0,127350.0,124700.0,115000.0,118350.0,116700.0,133950.0,131100.0,132425.0,134550.0,125400.0,132950.0,95000.0,126900.0,106250.0,121920.0,110000.0,118000.0,119400.0,117000.0,127000.0,119000.0,110000.0,120000.0,112700.0,109500.0,110000.0,95000.0,95000.0,110000.0,116000.0,114450.0,117050.0,110750.0,98500.0,112500.0,105000.0,113750.0,115000.0,98000.0,100000.0,77900.0,90250.0,103500.0,108000.0,106400.0,113500.0,100000.0,109900.0,103750.0,106000.0,85000.0,82000.0,84250.0,103425.0,95000.0,114900.0,110125.0,95000.0,102000.0,101000.0,89950.0,96750.0,99450.0,87000.0,94000.0,107250.0,112500.0,112900.0,106000.0,115000.0,114950.0,120000.0,110000.0,110000.0,114000.0,105000.0,100000.0,119950.0,120000.0,133637.0,130000.0,130000.0,134000.0,134000.0,134000.0,140000.0,135000.0,135500.0,137000.0,137500.0,149500.0,147030.0,151000.0,140000.0,145000.0,144450.0,149000.0,142500.0,136000.0,142500.0,135000.0,162000.0,140000.0,156000.0,160000.0,155000.0,153750.0,160060.0,160950.0,152000.0,155000.0,149900.0,150000.0,162500.0,150000.0,160500.0,179900.0,181250.0,182250.0,190000.0,190000.0,205000.0,190000.0,197000.0,219000.0,225000.0,235000.0,226500.0,240000.0,235000.0,235000.0,240500.0,236500.0,236000.0,230266.0,250000.0,262000.0,275000.0,251000.0,269450.0,275000.0,255750.0,275000.0,262000.0,250000.0,265000.0,283500.0,250000.0,275000.0,272500.0,263000.0,289900.0,283833.0,280500.0,283163.0,285000.0,280000.0,295000.0,265000.0,263500.0,285250.0,280000.0,280000.0,300000.0,300000.0,286354.0,300000.0,310000.0,298000.0,315000.0,280000.0,300000.0,297250.0,305000.0,297100.0,293000.0,308000.0,299000.0,318500.0,300000.0,309358.0
395007,264,"Pueblo, CO",msa,CO,104000.0,106450.0,95000.0,115000.0,103935.0,97125.0,122850.0,89900.0,89925.0,83400.0,98085.0,120501.0,99500.0,111500.0,111875.0,110000.0,108050.0,120000.0,122500.0,110000.0,106300.0,112900.0,113700.0,96500.0,99900.0,115000.0,109000.0,110000.0,116234.0,107600.0,116300.0,112750.0,119000.0,94500.0,108000.0,94750.0,128000.0,97400.0,101425.0,108500.0,94500.0,107855.0,107000.0,115000.0,110000.0,94300.0,100000.0,83250.0,102500.0,89000.0,104000.0,109000.0,119501.0,99499.0,107500.0,110000.0,112500.0,98000.0,94250.0,104900.0,94000.0,99900.0,121147.0,120900.0,125732.0,117000.0,118000.0,111900.0,103000.0,123550.0,117325.0,101354.0,110000.0,112000.0,121500.0,128500.0,123500.0,134900.0,124900.0,114950.0,131750.0,122000.0,122500.0,119250.0,105000.0,125000.0,135000.0,128000.0,139900.0,149163.0,136800.0,150000.0,144000.0,121000.0,133000.0,138000.0,125000.0,142250.0,141950.0,145000.0,147000.0,147500.0,159900.0,137000.0,147000.0,148250.0,147000.0,128358.0,144450.0,136925.0,157900.0,159500.0,168000.0,155500.0,160000.0,177000.0,165000.0,163000.0,147000.0,150000.0,158000.0,168826.0,171000.0,165000.0,187000.0,169950.0,175000.0,175000.0,165450.0,163250.0,145000.0,170000.0,180000.0,174950.0,169775.0,188200.0,202000.0,195000.0,197750.0,190000.0,185000.0,200000.0,182500.0,189000.0,174000.0,189250.0,193500.0,180000.0,202450.0,220000.0,220000.0,240000.0,222500.0,240000.0,221450.0,225500.0,215000.0,225000.0,245500.0,250000.0,250000.0,270000.0,280000.0,269450.0,259000.0,265000.0,275000.0,250000.0,268000.0,275000.0,276000.0,308750.0,278750.0,295000.0,260000.0,259900.0,246500.0,266000.0,245000.0,250000.0,270000.0,295000.0,278000.0,272746.0,280000.0,289950.0,295000.0,264000.0,284000.0,248000.0,275000.0,280000.0,283450.0,295000.0,271450.0,303000.0,304500.0,292950.0,318250.0,294000.0,282500.0,299900.0,287000.0,277000.0,290000.0,291250.0,304000.0,303500.0,278000.0,307500.0,299000.0,289450.0,267000.0,259877.0
394392,265,"Blacksburg, VA",msa,VA,161000.0,138375.0,151000.0,157000.0,158000.0,159900.0,146000.0,128500.0,136000.0,139900.0,122000.0,137000.0,145000.0,135000.0,156450.0,142750.0,168000.0,152000.0,140000.0,131000.0,136450.0,129250.0,140000.0,112500.0,129500.0,148500.0,154750.0,130000.0,145500.0,160000.0,125000.0,130000.0,127000.0,144000.0,115000.0,135150.0,132200.0,145000.0,136437.0,141000.0,166000.0,145000.0,139250.0,128750.0,144250.0,128550.0,139750.0,132000.0,147450.0,128900.0,168000.0,142500.0,155000.0,142500.0,165000.0,153000.0,144700.0,150000.0,154950.0,138900.0,137500.0,152250.0,145000.0,163000.0,189500.0,158500.0,153000.0,147000.0,142500.0,136000.0,117950.0,121450.0,142300.0,140250.0,147000.0,152500.0,173500.0,161500.0,146000.0,135000.0,151800.0,147000.0,162050.0,132475.0,135000.0,158000.0,152500.0,178500.0,166450.0,184000.0,152000.0,148500.0,148000.0,145000.0,142500.0,133500.0,149500.0,149000.0,160000.0,155000.0,179700.0,154500.0,173367.0,149500.0,146000.0,153193.0,150000.0,142800.0,128750.0,169900.0,146000.0,158000.0,180000.0,190000.0,174000.0,165450.0,155000.0,175000.0,167000.0,160000.0,160000.0,167500.0,185250.0,211000.0,193500.0,188000.0,157500.0,167500.0,171500.0,180000.0,163000.0,149000.0,178000.0,197500.0,185000.0,195000.0,192000.0,189000.0,197000.0,187000.0,170000.0,179500.0,199750.0,179950.0,190000.0,217950.0,197450.0,215000.0,206000.0,249900.0,185600.0,205000.0,231900.0,213900.0,191000.0,181162.0,204500.0,235000.0,207500.0,247750.0,242500.0,265175.0,235000.0,225000.0,227000.0,225000.0,230000.0,246500.0,243500.0,266000.0,262450.0,245000.0,293000.0,260000.0,248900.0,265000.0,238950.0,237500.0,247500.0,235500.0,244000.0,234500.0,285000.0,313000.0,272500.0,273500.0,259900.0,275000.0,269000.0,236500.0,265000.0,268500.0,267000.0,259000.0,270000.0,290500.0,280000.0,282500.0,317900.0,275000.0,265000.0,281000.0,267500.0,279500.0,250000.0,280000.0,273000.0,338000.0,319000.0,303000.0,291000.0,275000.0,290000.0,277023.0
395215,266,"Wausau, WI",msa,WI,115000.0,115400.0,107000.0,118900.0,115000.0,115750.0,125000.0,116500.0,136500.0,106500.0,111500.0,121250.0,103900.0,119900.0,118000.0,110000.0,118500.0,112600.0,108333.0,110000.0,115000.0,110000.0,87500.0,99000.0,123250.0,105450.0,101000.0,108000.0,116900.0,120000.0,117000.0,91000.0,120000.0,101000.0,111700.0,106000.0,91000.0,89750.0,107787.0,123000.0,114500.0,105500.0,119000.0,99900.0,116500.0,107000.0,102500.0,86000.0,77500.0,80000.0,102000.0,105000.0,118000.0,107000.0,115000.0,100500.0,115750.0,99500.0,117500.0,100700.0,114250.0,95750.0,114000.0,110000.0,103500.0,123150.0,121500.0,118450.0,99900.0,99500.0,108500.0,105000.0,113900.0,113000.0,105000.0,115700.0,132450.0,125000.0,125000.0,120500.0,125000.0,109500.0,122750.0,100500.0,115500.0,110000.0,123750.0,127000.0,132000.0,135300.0,132500.0,118000.0,120000.0,110500.0,99000.0,112350.0,108250.0,128700.0,116500.0,120750.0,138000.0,130000.0,130000.0,127500.0,126750.0,120000.0,143000.0,105750.0,90000.0,123000.0,130500.0,127500.0,154900.0,130000.0,145000.0,130000.0,139900.0,131500.0,131500.0,120000.0,140500.0,133000.0,145500.0,131250.0,150000.0,150000.0,140000.0,144500.0,141000.0,131100.0,124900.0,138750.0,125000.0,157900.0,146100.0,150250.0,160000.0,147900.0,164450.0,149700.0,150000.0,141450.0,145000.0,135000.0,143500.0,154250.0,152000.0,159950.0,151500.0,180000.0,174900.0,165000.0,170000.0,150000.0,171000.0,149000.0,145000.0,165000.0,158100.0,170200.0,182500.0,190000.0,169450.0,185000.0,190000.0,175000.0,173100.0,160000.0,183450.0,175000.0,195500.0,182750.0,220000.0,197000.0,190000.0,205500.0,185500.0,180500.0,171000.0,184950.0,179000.0,186000.0,185250.0,208000.0,212000.0,205000.0,233500.0,226000.0,215000.0,207000.0,175000.0,190000.0,200000.0,206500.0,242500.0,242000.0,230000.0,228800.0,240000.0,234250.0,246000.0,230000.0,236350.0,195000.0,220000.0,202750.0,220600.0,229000.0,243000.0,252500.0,265000.0,240000.0,235000.0,269358.0
394720,268,"Janesville, WI",msa,WI,120000.0,120000.0,117400.0,115000.0,125900.0,111250.0,117450.0,118333.0,128000.0,95500.0,86850.0,87500.0,106900.0,110000.0,107450.0,116000.0,109500.0,115500.0,118000.0,112900.0,113500.0,110000.0,87500.0,85000.0,99000.0,107750.0,106250.0,100500.0,108750.0,110250.0,99950.0,74500.0,95000.0,90000.0,90000.0,68000.0,82000.0,100150.0,96500.0,88000.0,87500.0,94950.0,90250.0,82300.0,89500.0,93300.0,85500.0,68500.0,80000.0,85000.0,89000.0,93950.0,110000.0,110000.0,100000.0,100000.0,90300.0,85050.0,102900.0,86500.0,81000.0,99900.0,104500.0,116250.0,114900.0,108000.0,107500.0,114000.0,105000.0,104950.0,109500.0,96500.0,87950.0,104000.0,103500.0,115900.0,109975.0,117500.0,113750.0,128900.0,116100.0,105000.0,97000.0,115000.0,93250.0,119900.0,107950.0,126900.0,127500.0,125000.0,119900.0,119350.0,114500.0,117450.0,113500.0,125000.0,118000.0,119900.0,131400.0,122500.0,140000.0,134000.0,138950.0,139500.0,138000.0,120650.0,129950.0,115000.0,103000.0,134000.0,136000.0,137000.0,137500.0,137000.0,135900.0,137000.0,140000.0,133700.0,130200.0,144000.0,135500.0,145000.0,135850.0,150000.0,156500.0,153250.0,159000.0,142000.0,150000.0,146000.0,132500.0,137400.0,145000.0,149900.0,143500.0,155000.0,170000.0,170000.0,160000.0,158000.0,164900.0,161750.0,153000.0,145000.0,148500.0,166450.0,164000.0,164500.0,176000.0,183000.0,179900.0,179900.0,179900.0,169200.0,173400.0,171250.0,173400.0,180500.0,180000.0,195000.0,190650.0,180000.0,186000.0,199950.0,189000.0,180000.0,180000.0,175000.0,181200.0,176500.0,199950.0,210500.0,231000.0,225500.0,227500.0,225000.0,207500.0,200000.0,199950.0,207050.0,215000.0,205000.0,200000.0,234000.0,245000.0,228500.0,230000.0,225300.0,219900.0,236000.0,214950.0,210000.0,201000.0,216250.0,238950.0,240000.0,265000.0,260000.0,250000.0,240000.0,240000.0,245000.0,235000.0,218000.0,255000.0,239000.0,245000.0,270000.0,250000.0,265000.0,275000.0,256750.0,255000.0,264856.0
394393,270,"Bloomington, IN",msa,IN,125020.0,125000.0,154950.0,125050.0,146950.0,139678.0,141000.0,142000.0,130950.0,145500.0,124000.0,142000.0,138000.0,124900.0,140000.0,143500.0,138000.0,137000.0,137000.0,134750.0,147137.0,132900.0,141500.0,120000.0,141700.0,124900.0,145000.0,148000.0,145000.0,164500.0,138900.0,123500.0,145226.0,141000.0,130450.0,133755.0,117500.0,141250.0,134000.0,152150.0,158200.0,149750.0,135900.0,140000.0,127500.0,131500.0,132000.0,121000.0,135000.0,147500.0,150000.0,154950.0,163250.0,150000.0,130000.0,145000.0,134000.0,147000.0,147500.0,132500.0,130999.0,158200.0,147500.0,156700.0,150000.0,162500.0,139000.0,135500.0,137500.0,146500.0,143500.0,136550.0,157250.0,140750.0,156180.0,160000.0,144000.0,151632.0,156400.0,151000.0,142000.0,127481.0,145000.0,146400.0,126000.0,156000.0,153750.0,161200.0,166500.0,164000.0,146750.0,155000.0,150000.0,137500.0,136250.0,135750.0,155450.0,158950.0,165000.0,157250.0,164950.0,164450.0,155000.0,162250.0,136900.0,159500.0,158000.0,153500.0,143000.0,174000.0,160000.0,169900.0,190950.0,175000.0,160000.0,164000.0,180050.0,155000.0,169900.0,162000.0,191000.0,190000.0,177352.0,202037.0,175000.0,198394.0,175000.0,173000.0,174500.0,182000.0,179200.0,189450.0,185250.0,185000.0,212500.0,215000.0,208400.0,195000.0,191750.0,190000.0,188592.0,187000.0,204634.0,183679.0,187900.0,215186.0,210000.0,229000.0,215000.0,209000.0,230000.0,224000.0,246700.0,227000.0,224750.0,244000.0,199000.0,247276.0,253750.0,250000.0,257000.0,230000.0,235000.0,225000.0,238000.0,228950.0,238250.0,231250.0,238000.0,265250.0,275000.0,264950.0,277000.0,260000.0,251500.0,245000.0,246000.0,264900.0,255000.0,240000.0,236000.0,245000.0,231000.0,282500.0,302750.0,257000.0,260000.0,315000.0,280000.0,262000.0,243000.0,270000.0,275000.0,295000.0,305500.0,325160.0,329950.0,299625.0,305000.0,290000.0,280000.0,294000.0,269900.0,291613.0,265000.0,295000.0,332500.0,295000.0,305500.0,320000.0,283250.0,291500.0,318000.0,289586.0
394710,272,"Jackson, MI",msa,MI,82500.0,71000.0,69900.0,67750.0,80000.0,75000.0,82050.0,80000.0,63900.0,65250.0,69350.0,48500.0,43250.0,50000.0,53750.0,69450.0,62250.0,65500.0,69750.0,68000.0,74000.0,74900.0,67000.0,63350.0,54900.0,66600.0,65000.0,60000.0,69000.0,61000.0,59905.0,80000.0,58300.0,60000.0,70000.0,53000.0,49900.0,64000.0,60000.0,58000.0,74000.0,71000.0,61200.0,74000.0,63207.0,57250.0,65000.0,70000.0,56000.0,64000.0,75000.0,69900.0,74900.0,75000.0,75500.0,76350.0,69000.0,78000.0,65500.0,75500.0,50550.0,70000.0,71000.0,79200.0,85000.0,81250.0,83750.0,91000.0,92500.0,83400.0,101000.0,70000.0,63000.0,78000.0,87900.0,90084.0,115000.0,95000.0,93000.0,90000.0,92000.0,94750.0,94300.0,95000.0,94375.0,112000.0,95450.0,122500.0,113750.0,110000.0,117000.0,116950.0,118000.0,89950.0,93150.0,77500.0,78000.0,100000.0,97250.0,106500.0,118900.0,115000.0,119900.0,118750.0,125000.0,119950.0,115000.0,111850.0,110000.0,103900.0,120000.0,120750.0,135850.0,135000.0,125000.0,125000.0,117500.0,120000.0,119900.0,120000.0,100000.0,122250.0,111000.0,134950.0,125000.0,133000.0,126000.0,123400.0,134900.0,115500.0,131712.0,119950.0,130000.0,111250.0,130000.0,132000.0,144950.0,139900.0,145500.0,143085.0,137750.0,150000.0,130000.0,117375.0,134950.0,137500.0,143000.0,142750.0,137000.0,160000.0,165000.0,155000.0,160000.0,151000.0,150000.0,144950.0,145000.0,145000.0,153050.0,153750.0,150500.0,162000.0,180000.0,176000.0,176000.0,170000.0,161500.0,145000.0,167500.0,158900.0,165000.0,170000.0,183000.0,169000.0,176000.0,170000.0,155000.0,149900.0,165000.0,150000.0,141900.0,139950.0,172200.0,169450.0,180000.0,200000.0,185000.0,185000.0,190000.0,171900.0,177500.0,168950.0,170000.0,192000.0,204000.0,210000.0,200000.0,210500.0,185750.0,200750.0,210000.0,194000.0,191000.0,178999.0,182000.0,203750.0,207750.0,221100.0,240000.0,235000.0,209900.0,207500.0,200000.0,204287.0
395125,273,"State College, PA",msa,PA,150000.0,172000.0,192000.0,181250.0,197100.0,177500.0,167500.0,135000.0,165000.0,156500.0,165000.0,149500.0,139500.0,192000.0,165778.0,180000.0,185000.0,178500.0,171950.0,173700.0,170000.0,176500.0,166457.0,175750.0,190000.0,183110.0,165000.0,182750.0,188250.0,181457.0,186000.0,163000.0,165000.0,160000.0,198500.0,193635.0,169000.0,175949.0,158800.0,193000.0,192000.0,184500.0,185000.0,171250.0,169100.0,186000.0,192500.0,169000.0,180000.0,189900.0,182750.0,190000.0,211800.0,203000.0,187000.0,185950.0,174000.0,168500.0,177483.0,174500.0,190000.0,168500.0,193750.0,187500.0,219500.0,215450.0,195750.0,189950.0,176500.0,176600.0,185550.0,185500.0,183250.0,172000.0,201750.0,215500.0,198000.0,212950.0,207000.0,213250.0,179500.0,205000.0,185000.0,154900.0,201250.0,192000.0,204750.0,221000.0,227000.0,228700.0,215900.0,180750.0,185000.0,204000.0,198500.0,200000.0,218000.0,185000.0,238900.0,220000.0,247000.0,230000.0,225000.0,204500.0,204700.0,200000.0,196942.0,226100.0,220000.0,208000.0,235000.0,229000.0,247000.0,237000.0,239900.0,202000.0,225000.0,199900.0,202500.0,239000.0,180000.0,208000.0,233000.0,275000.0,271000.0,252500.0,231000.0,250500.0,225000.0,217250.0,242650.0,209500.0,228500.0,225750.0,226369.0,277000.0,270000.0,280000.0,268500.0,245000.0,242500.0,237500.0,244600.0,242500.0,248500.0,249950.0,277250.0,249900.0,295000.0,260000.0,275000.0,259950.0,260000.0,265000.0,252000.0,238000.0,243650.0,265500.0,280000.0,275400.0,285000.0,300000.0,279900.0,279950.0,265000.0,266500.0,270000.0,275000.0,251000.0,290000.0,329900.0,336000.0,315000.0,322500.0,313550.0,299000.0,299950.0,301200.0,297500.0,265000.0,322000.0,340000.0,329950.0,305950.0,342501.0,362500.0,325000.0,300000.0,315000.0,297000.0,291000.0,302500.0,268000.0,332500.0,339000.0,374995.0,340000.0,350000.0,332450.0,325000.0,329000.0,350000.0,328000.0,342450.0,328600.0,360125.0,355000.0,365000.0,389000.0,350250.0,385000.0,340000.0,350000.0,323054.0
395079,274,"Sebastian, FL",msa,FL,169000.0,165000.0,188350.0,177000.0,176500.0,171250.0,154500.0,150000.0,156000.0,145500.0,140000.0,117500.0,135000.0,130000.0,140000.0,140000.0,126900.0,132000.0,122550.0,131500.0,120000.0,123000.0,102750.0,148500.0,120000.0,115000.0,107000.0,125000.0,132500.0,125050.0,111450.0,108000.0,112500.0,115000.0,123750.0,107000.0,99000.0,113950.0,120000.0,135000.0,111000.0,108500.0,115000.0,96000.0,96000.0,111500.0,110000.0,127000.0,92000.0,113250.0,124000.0,125000.0,130000.0,114500.0,117000.0,121800.0,125000.0,115000.0,125000.0,117500.0,119000.0,130000.0,139000.0,125500.0,130000.0,140000.0,150000.0,124950.0,125000.0,126500.0,130000.0,128950.0,147900.0,142750.0,139950.0,151312.0,142000.0,134900.0,125000.0,150000.0,139125.0,146800.0,155500.0,140200.0,150000.0,143000.0,160000.0,170250.0,160000.0,149000.0,155000.0,156100.0,157000.0,168000.0,155000.0,156900.0,175000.0,160000.0,175000.0,180000.0,195000.0,186000.0,178000.0,180000.0,175000.0,191000.0,175000.0,180000.0,175000.0,191450.0,193000.0,210000.0,213000.0,212000.0,187000.0,200000.0,189450.0,176000.0,207500.0,202150.0,217100.0,195000.0,224150.0,218900.0,225000.0,212000.0,223500.0,215000.0,205000.0,224500.0,210250.0,200000.0,213500.0,227000.0,225000.0,238250.0,215000.0,223750.0,230000.0,225000.0,215000.0,240000.0,229000.0,226750.0,221000.0,239450.0,242500.0,239900.0,230000.0,242725.0,250000.0,254950.0,260000.0,255500.0,250000.0,261500.0,257000.0,282500.0,285000.0,305000.0,299450.0,302000.0,295000.0,289000.0,284300.0,287900.0,305000.0,320000.0,309000.0,340000.0,341000.0,342500.0,350000.0,320000.0,333000.0,309900.0,307000.0,320000.0,332500.0,346500.0,342714.0,382000.0,349900.0,369000.0,365000.0,325000.0,325000.0,346500.0,345000.0,345000.0,355000.0,376000.0,385000.0,404182.0,399500.0,382250.0,375000.0,371750.0,325500.0,344950.0,350000.0,390000.0,365000.0,369000.0,380000.0,360000.0,382000.0,357000.0,382500.0,338250.0,345000.0,350000.0,343750.0,359918.0
394523,276,"Decatur, AL",msa,AL,65000.0,55700.0,78000.0,68500.0,75800.0,70000.0,75000.0,80000.0,67500.0,75500.0,74000.0,84000.0,72500.0,87000.0,42250.0,54000.0,72000.0,73400.0,54500.0,62750.0,63559.0,72000.0,79500.0,82500.0,68950.0,74950.0,57500.0,76712.0,59750.0,54900.0,54500.0,70250.0,46500.0,67000.0,59000.0,69750.0,57000.0,60000.0,65500.0,68000.0,74900.0,63000.0,59000.0,49900.0,56550.0,70200.0,53250.0,68000.0,62000.0,75500.0,80000.0,82950.0,82000.0,90500.0,90346.0,86250.0,102500.0,85950.0,89250.0,88000.0,80000.0,95000.0,87500.0,114900.0,102250.0,100000.0,98950.0,96500.0,82000.0,82500.0,90000.0,94750.0,103950.0,108130.0,110000.0,102150.0,118450.0,110000.0,110299.0,124950.0,102000.0,112000.0,98000.0,102750.0,99500.0,93500.0,108000.0,127000.0,105000.0,100500.0,110000.0,110000.0,93650.0,107766.0,102250.0,99785.0,100000.0,99500.0,125000.0,120000.0,119900.0,124900.0,115000.0,119900.0,125000.0,118000.0,108250.0,107500.0,92900.0,119900.0,106500.0,106950.0,126000.0,122500.0,114850.0,105500.0,107500.0,122000.0,116750.0,104500.0,124000.0,113500.0,115000.0,140000.0,125000.0,126750.0,140000.0,124900.0,116000.0,129450.0,119000.0,123850.0,125000.0,147900.0,137000.0,142000.0,121000.0,124900.0,124000.0,123450.0,128625.0,114500.0,121000.0,117500.0,137500.0,128950.0,139900.0,139000.0,145000.0,158900.0,138000.0,156875.0,152170.0,153450.0,160000.0,150000.0,149900.0,140000.0,141000.0,175000.0,159900.0,170000.0,160000.0,165050.0,152900.0,159900.0,195000.0,175000.0,187000.0,167704.0,207500.0,185000.0,195000.0,206000.0,199950.0,182000.0,190000.0,179000.0,175000.0,167500.0,196000.0,180000.0,206400.0,200000.0,225000.0,206000.0,200500.0,200525.0,207250.0,192450.0,203250.0,198894.0,218500.0,209000.0,210000.0,210000.0,215000.0,183750.0,227924.0,224400.0,192000.0,215000.0,212500.0,225000.0,199900.0,220000.0,230754.0,224000.0,226500.0,212000.0,204000.0,210000.0,230000.0,205688.0
394453,277,"Chambersburg, PA",msa,PA,180000.0,175000.0,159500.0,167000.0,175000.0,169000.0,160550.0,170400.0,159500.0,151500.0,158000.0,143000.0,160000.0,160000.0,148000.0,159950.0,175000.0,164500.0,158000.0,169000.0,150000.0,146900.0,169900.0,144200.0,139950.0,141750.0,149300.0,142000.0,155000.0,149900.0,170000.0,148400.0,140000.0,145000.0,147000.0,130000.0,143200.0,136500.0,147500.0,134000.0,154500.0,150000.0,133500.0,155000.0,131000.0,125075.0,131000.0,138000.0,145000.0,142000.0,160500.0,131950.0,143000.0,145000.0,142000.0,152900.0,155450.0,145000.0,137500.0,132450.0,149900.0,144000.0,151400.0,148000.0,154900.0,149900.0,137750.0,139900.0,145375.0,144000.0,132000.0,139900.0,149995.0,124000.0,152000.0,135000.0,155000.0,159950.0,149000.0,154900.0,147000.0,139900.0,131500.0,135000.0,146450.0,139450.0,145000.0,149450.0,154500.0,149900.0,145000.0,135000.0,134000.0,143950.0,149000.0,139950.0,142900.0,141500.0,151000.0,155000.0,155000.0,160000.0,157000.0,151000.0,160500.0,159000.0,150472.0,149950.0,139000.0,160000.0,158000.0,154000.0,164800.0,169500.0,160000.0,154950.0,159900.0,158000.0,159250.0,149900.0,167000.0,165000.0,169900.0,169900.0,174950.0,168450.0,169450.0,169900.0,170000.0,175000.0,175000.0,155000.0,169900.0,169900.0,167500.0,179500.0,179900.0,188250.0,173000.0,170000.0,184500.0,170500.0,178000.0,166450.0,168000.0,179450.0,180000.0,184000.0,200000.0,191000.0,193000.0,200000.0,200000.0,189900.0,194900.0,202000.0,185000.0,189900.0,205000.0,195000.0,205000.0,219950.0,212000.0,210000.0,205000.0,212000.0,186000.0,200000.0,204900.0,230000.0,215000.0,241000.0,235500.0,250000.0,229500.0,235000.0,225400.0,233450.0,238600.0,240000.0,229000.0,230000.0,227500.0,255000.0,260000.0,256750.0,234000.0,265000.0,245000.0,252000.0,235000.0,253500.0,240000.0,255000.0,245000.0,278000.0,255000.0,268000.0,265000.0,250000.0,264000.0,255000.0,259950.0,259900.0,275000.0,266500.0,252000.0,267000.0,304500.0,280000.0,288900.0,262500.0,279900.0,269922.0
395193,278,"Vineland, NJ",msa,NJ,147000.0,147400.0,152000.0,158250.0,152750.0,150000.0,140300.0,135000.0,135000.0,147450.0,138700.0,128500.0,145000.0,111900.0,108250.0,132500.0,150000.0,135000.0,158500.0,139500.0,145000.0,139000.0,128000.0,145000.0,124500.0,145000.0,139950.0,143750.0,140000.0,138400.0,119000.0,123500.0,119950.0,135800.0,128800.0,130000.0,142000.0,99000.0,121900.0,125500.0,120000.0,137000.0,121900.0,129000.0,120000.0,129400.0,119750.0,104400.0,128500.0,131750.0,139000.0,130000.0,125000.0,132000.0,134500.0,125000.0,117950.0,118000.0,100000.0,106400.0,101500.0,120000.0,105000.0,119950.0,119000.0,110000.0,132500.0,120000.0,125000.0,96250.0,134000.0,115000.0,92000.0,120500.0,111000.0,109950.0,121750.0,139000.0,116500.0,123750.0,130000.0,103000.0,111000.0,100000.0,127900.0,129000.0,100750.0,130000.0,125000.0,121500.0,119000.0,120000.0,101000.0,134500.0,106450.0,128000.0,98000.0,125000.0,110000.0,114575.0,125000.0,130000.0,129000.0,127700.0,127700.0,125000.0,135000.0,90000.0,100000.0,126000.0,106500.0,125000.0,135000.0,125000.0,111069.0,107000.0,124000.0,139890.0,150000.0,134000.0,121000.0,120000.0,133500.0,127000.0,140500.0,134000.0,139900.0,132000.0,145000.0,127500.0,125000.0,112000.0,102000.0,126250.0,125000.0,113500.0,137500.0,123000.0,145000.0,142000.0,124000.0,146000.0,139000.0,144500.0,139000.0,144900.0,159000.0,150500.0,160000.0,158000.0,155000.0,167500.0,170000.0,170000.0,160000.0,175000.0,160000.0,167450.0,162500.0,174900.0,186000.0,185000.0,198000.0,190500.0,184000.0,186500.0,180000.0,169900.0,175000.0,170500.0,175000.0,205000.0,205000.0,210000.0,215000.0,200750.0,192500.0,175000.0,216000.0,175000.0,197500.0,196000.0,200000.0,222000.0,208000.0,203000.0,200000.0,224950.0,214750.0,214564.0,210000.0,199900.0,200000.0,220000.0,235000.0,245337.0,250000.0,250000.0,239750.0,232050.0,229000.0,235000.0,240000.0,200000.0,270000.0,255000.0,230595.0,260000.0,241250.0,264500.0,259950.0,271250.0,259900.0,235457.0
394703,279,"Idaho Falls, ID",msa,ID,158950.0,141362.0,148000.0,155000.0,158500.0,160000.0,151950.0,147000.0,146300.0,144000.0,155000.0,153000.0,142000.0,146900.0,146000.0,131500.0,144200.0,148950.0,138500.0,134000.0,139450.0,141900.0,141850.0,148500.0,133900.0,135500.0,144000.0,130000.0,156500.0,139900.0,147900.0,134000.0,123500.0,122750.0,135200.0,147500.0,131500.0,124500.0,134050.0,130000.0,127500.0,131000.0,128900.0,137000.0,134000.0,122450.0,122500.0,123750.0,120000.0,129000.0,121700.0,136000.0,148000.0,138000.0,125000.0,126850.0,120000.0,136500.0,125000.0,119000.0,130000.0,135000.0,131000.0,143500.0,146000.0,155000.0,140000.0,150000.0,132000.0,144000.0,130000.0,143925.0,137000.0,126900.0,137000.0,134900.0,154250.0,141750.0,147000.0,128000.0,135000.0,136500.0,140000.0,126700.0,142000.0,126000.0,147500.0,162500.0,156750.0,162450.0,149500.0,156000.0,155000.0,145000.0,149000.0,157450.0,149500.0,157000.0,159450.0,158000.0,166000.0,166460.0,169750.0,166500.0,174950.0,155950.0,168900.0,162000.0,149900.0,166650.0,160000.0,169000.0,178000.0,183000.0,189581.0,187000.0,180000.0,182250.0,168498.0,188500.0,174500.0,192000.0,190000.0,203000.0,212500.0,217000.0,205783.0,189950.0,212500.0,200000.0,216385.0,205000.0,200000.0,207500.0,198755.0,234556.0,230000.0,240000.0,240000.0,232500.0,234000.0,239900.0,220000.0,225000.0,222000.0,223044.0,245500.0,247146.0,253289.0,270000.0,275000.0,292800.0,280950.0,291500.0,285000.0,287500.0,290000.0,332500.0,340000.0,350000.0,337000.0,365000.0,361500.0,355000.0,372000.0,391750.0,355000.0,375000.0,365000.0,415500.0,410000.0,415000.0,389000.0,415000.0,385000.0,380000.0,364900.0,364000.0,354250.0,354600.0,346000.0,371500.0,355000.0,390000.0,382000.0,380000.0,369750.0,377000.0,348950.0,365000.0,366250.0,312750.0,353085.0,379900.0,370000.0,373000.0,375950.0,410000.0,399216.0,375000.0,359075.0,394500.0,380000.0,389000.0,396500.0,385000.0,379000.0,415000.0,391500.0,415000.0,394864.0,378000.0,409500.0,391950.0
394639,280,"Grand Junction, CO",msa,CO,210000.0,215000.0,211000.0,217700.0,225450.0,219950.0,226250.0,209900.0,211250.0,205000.0,195000.0,225000.0,210000.0,208750.0,219500.0,219000.0,209000.0,205000.0,199000.0,200000.0,188750.0,186000.0,201000.0,183700.0,200000.0,189000.0,177000.0,181525.0,185000.0,198000.0,193000.0,178100.0,165500.0,156600.0,180000.0,172000.0,170000.0,161865.0,158000.0,151975.0,155000.0,164750.0,152500.0,154000.0,150000.0,143450.0,140000.0,145000.0,139500.0,158000.0,165000.0,168400.0,154000.0,169950.0,168925.0,175450.0,156000.0,150000.0,158950.0,155900.0,169950.0,156875.0,165000.0,164000.0,175000.0,184900.0,164800.0,169750.0,160000.0,151200.0,165000.0,158500.0,174700.0,160500.0,177000.0,183700.0,186900.0,183000.0,179900.0,167000.0,193950.0,177000.0,168250.0,162500.0,169450.0,169832.0,178762.0,183000.0,184650.0,206500.0,198400.0,193000.0,187000.0,191000.0,175500.0,182950.0,169900.0,190000.0,200000.0,195000.0,200000.0,200000.0,203500.0,199000.0,205000.0,199500.0,189530.0,195500.0,192850.0,199000.0,205000.0,209900.0,213000.0,216000.0,216500.0,219000.0,218725.0,212000.0,209950.0,219000.0,220000.0,218500.0,235000.0,235000.0,232000.0,234000.0,235150.0,230000.0,225050.0,231590.0,230000.0,225000.0,249900.0,243950.0,240000.0,255000.0,255000.0,250000.0,243000.0,256950.0,265000.0,269900.0,256500.0,260000.0,252500.0,268000.0,285000.0,255500.0,270000.0,277000.0,292000.0,291000.0,289900.0,289900.0,280000.0,290000.0,289123.0,305000.0,313500.0,324945.0,325000.0,330000.0,325000.0,320000.0,325500.0,340000.0,329000.0,350000.0,341750.0,350000.0,374000.0,380000.0,380500.0,380000.0,365000.0,372500.0,345500.0,354350.0,340250.0,355500.0,353000.0,352500.0,360000.0,380000.0,395000.0,398000.0,368950.0,380000.0,374000.0,367250.0,350000.0,360000.0,345000.0,375000.0,404250.0,402000.0,405000.0,392000.0,387000.0,424750.0,393000.0,410000.0,389950.0,380000.0,394000.0,386000.0,390000.0,415000.0,407500.0,425000.0,393750.0,400000.0,395500.0,394126.0
394563,281,"Elizabethtown, KY",msa,KY,113000.0,117500.0,113000.0,125000.0,120500.0,118950.0,133450.0,123250.0,90000.0,105000.0,104000.0,115500.0,96225.0,113250.0,118500.0,133450.0,115000.0,108950.0,115000.0,112500.0,114475.0,102550.0,116399.0,112950.0,112500.0,119950.0,125000.0,145450.0,139500.0,137900.0,124000.0,132900.0,110000.0,101000.0,125000.0,117050.0,118950.0,120500.0,110000.0,116900.0,127400.0,117750.0,131500.0,105500.0,118500.0,105000.0,112250.0,105000.0,123750.0,96500.0,100000.0,135000.0,133083.0,124500.0,118000.0,107000.0,103450.0,95500.0,125000.0,97950.0,118950.0,125000.0,117000.0,140312.0,120500.0,133000.0,120000.0,111000.0,95000.0,114000.0,110000.0,103000.0,112300.0,101000.0,110550.0,126900.0,124500.0,128500.0,120750.0,115000.0,111250.0,123500.0,103000.0,119750.0,132000.0,133114.0,124250.0,113450.0,132250.0,135250.0,133500.0,141000.0,129500.0,153075.0,144900.0,117000.0,132750.0,117000.0,128939.0,142500.0,145000.0,147500.0,140000.0,132950.0,125500.0,130950.0,136000.0,116000.0,130000.0,141000.0,139450.0,143000.0,152500.0,140276.0,144000.0,161500.0,135500.0,142500.0,136000.0,140000.0,140350.0,145000.0,150000.0,145500.0,162000.0,144000.0,154900.0,150000.0,134000.0,150500.0,152000.0,145500.0,140800.0,150000.0,140000.0,159950.0,156650.0,185000.0,151000.0,155000.0,146700.0,165000.0,172500.0,166500.0,159900.0,173500.0,180000.0,170000.0,185000.0,185000.0,190675.0,180500.0,188000.0,189000.0,180000.0,159500.0,175000.0,189900.0,174000.0,193600.0,210500.0,220000.0,205300.0,195000.0,209000.0,197000.0,200000.0,200000.0,189000.0,208000.0,208900.0,225000.0,249900.0,230000.0,229000.0,223450.0,210000.0,205000.0,189000.0,195000.0,234500.0,215000.0,225000.0,239900.0,250000.0,251000.0,209500.0,220000.0,227500.0,224900.0,218000.0,245000.0,238450.0,241750.0,245000.0,255000.0,275000.0,250000.0,225000.0,235000.0,260000.0,251500.0,240950.0,255000.0,248000.0,250000.0,262750.0,270000.0,269275.0,255000.0,260000.0,238000.0,260000.0,260234.0
394917,282,"Niles, MI",msa,MI,108150.0,114900.0,115000.0,127900.0,131250.0,119000.0,119000.0,123500.0,119000.0,125000.0,98000.0,84850.0,91000.0,65500.0,97000.0,114900.0,120000.0,125000.0,108950.0,120000.0,118500.0,115000.0,90000.0,104000.0,77000.0,108000.0,109900.0,111000.0,134000.0,141000.0,110000.0,130000.0,127000.0,124344.0,129900.0,103000.0,105000.0,107500.0,105000.0,110000.0,105000.0,95000.0,110000.0,111750.0,99000.0,106700.0,121500.0,91450.0,90500.0,105500.0,99500.0,126750.0,148750.0,120000.0,109500.0,116250.0,115450.0,94118.0,103000.0,122000.0,96000.0,115000.0,102000.0,135000.0,154875.0,130000.0,129000.0,130000.0,121000.0,115500.0,109000.0,88000.0,85000.0,99000.0,121000.0,145000.0,145000.0,146600.0,130500.0,138000.0,124500.0,115000.0,124500.0,121400.0,102500.0,130000.0,141750.0,150000.0,148000.0,138000.0,140000.0,135450.0,125000.0,116500.0,124500.0,134500.0,110000.0,115000.0,125000.0,134950.0,135000.0,139900.0,153000.0,142050.0,142000.0,143000.0,128000.0,126000.0,124900.0,129900.0,145000.0,148950.0,155000.0,146250.0,150000.0,148000.0,135000.0,170000.0,140000.0,138000.0,158000.0,139950.0,152012.0,162500.0,165000.0,160000.0,150000.0,155000.0,153000.0,168500.0,148000.0,144000.0,135710.0,164250.0,159500.0,168000.0,177500.0,213500.0,194500.0,193000.0,168000.0,160000.0,150000.0,155000.0,152000.0,196750.0,181450.0,155000.0,214000.0,207000.0,240000.0,212500.0,220000.0,197250.0,192500.0,179900.0,170000.0,178100.0,191250.0,205000.0,216000.0,219500.0,204670.0,219000.0,220000.0,198500.0,210000.0,184000.0,200100.0,187450.0,205000.0,230000.0,245000.0,239900.0,240000.0,220500.0,204500.0,205000.0,210000.0,176500.0,225000.0,203500.0,210000.0,261000.0,265000.0,231000.0,256500.0,255000.0,250000.0,242000.0,215000.0,209080.0,200000.0,216825.0,262000.0,265000.0,255000.0,265500.0,265000.0,247000.0,274300.0,245150.0,211000.0,265000.0,240000.0,278500.0,275000.0,252750.0,300000.0,298250.0,325000.0,267450.0,285000.0,292534.0
394873,283,"Monroe, MI",msa,MI,118000.0,127000.0,115000.0,122250.0,118450.0,123000.0,112000.0,108000.0,117500.0,117950.0,103312.0,95000.0,80000.0,102500.0,95510.0,72000.0,95000.0,83650.0,99700.0,101000.0,84850.0,80000.0,90000.0,93549.0,72000.0,92500.0,103000.0,95000.0,95000.0,82500.0,79500.0,119000.0,92200.0,100000.0,100000.0,92750.0,72000.0,87900.0,84500.0,95000.0,98950.0,110000.0,105000.0,98500.0,82000.0,99900.0,100000.0,89900.0,80500.0,112500.0,101900.0,101000.0,100000.0,116000.0,115000.0,85000.0,95250.0,111450.0,107500.0,95000.0,90000.0,112000.0,92500.0,118500.0,110750.0,134500.0,115000.0,105000.0,120200.0,127000.0,119900.0,105000.0,109000.0,114950.0,120000.0,120000.0,123000.0,117250.0,127999.0,139950.0,128950.0,117250.0,129800.0,120500.0,112750.0,118700.0,125500.0,127250.0,146000.0,145000.0,145000.0,135000.0,119000.0,125325.0,132150.0,136000.0,128000.0,132950.0,125750.0,136000.0,140000.0,142750.0,146450.0,139950.0,144000.0,135000.0,128000.0,128950.0,137500.0,145000.0,139493.0,144550.0,152850.0,155000.0,155000.0,146000.0,135000.0,155000.0,153000.0,163000.0,159000.0,145500.0,138750.0,161000.0,160000.0,167000.0,155000.0,170000.0,155000.0,165000.0,159250.0,164500.0,152000.0,163500.0,171000.0,170000.0,170000.0,170000.0,168000.0,180000.0,165000.0,168000.0,159900.0,153000.0,168900.0,169950.0,190000.0,177500.0,168000.0,173250.0,185000.0,195000.0,180000.0,180000.0,180000.0,175000.0,175000.0,180000.0,181500.0,194000.0,186000.0,190000.0,190000.0,206000.0,206900.0,194000.0,190000.0,178000.0,216000.0,190000.0,215000.0,217450.0,230000.0,234355.0,222500.0,217000.0,199900.0,237750.0,210500.0,164000.0,199500.0,218000.0,205950.0,240000.0,240156.0,230000.0,220000.0,220500.0,232000.0,233000.0,206000.0,190000.0,240000.0,210000.0,230000.0,245000.0,227500.0,235000.0,250000.0,240000.0,241540.0,240000.0,229950.0,220000.0,225000.0,235000.0,240000.0,240550.0,252500.0,240250.0,255500.0,264250.0,251000.0,257157.0
395066,284,"Santa Fe, NM",msa,NM,300000.0,309302.0,327500.0,388000.0,316500.0,358500.0,360000.0,369365.0,325000.0,333000.0,341600.0,306645.0,295208.0,325000.0,299350.0,357000.0,360500.0,283500.0,275750.0,317200.0,305000.0,296250.0,307450.0,305750.0,328500.0,300516.0,286530.0,339500.0,334500.0,340000.0,323000.0,299000.0,300000.0,310000.0,325000.0,293000.0,278950.0,293360.0,336397.0,314000.0,283500.0,306460.0,295000.0,290000.0,300000.0,329000.0,350000.0,312500.0,282600.0,330000.0,298145.0,285000.0,297500.0,295000.0,300000.0,298300.0,323341.0,311000.0,310000.0,262775.0,273699.0,292750.0,321500.0,280000.0,299000.0,340102.0,304700.0,332000.0,322000.0,332350.0,270000.0,310000.0,290000.0,306500.0,310000.0,270000.0,290000.0,329000.0,306007.0,331000.0,314000.0,295000.0,310000.0,268000.0,249975.0,322000.0,271000.0,317375.0,318000.0,295000.0,318000.0,285000.0,310350.0,290000.0,310125.0,312000.0,300000.0,311500.0,295000.0,345000.0,320000.0,325000.0,325000.0,327900.0,311125.0,315000.0,311674.0,304000.0,322750.0,309000.0,330709.0,350000.0,321500.0,342997.0,339000.0,350000.0,315000.0,375500.0,310000.0,338783.0,365750.0,352750.0,365000.0,361300.0,363000.0,345000.0,384512.0,375000.0,407500.0,419000.0,392000.0,383500.0,347649.0,371250.0,362450.0,382500.0,390000.0,380000.0,385500.0,390000.0,365000.0,347750.0,364500.0,385000.0,366000.0,390000.0,369101.0,375000.0,410000.0,435000.0,459500.0,459500.0,475000.0,450000.0,495000.0,447500.0,437500.0,437000.0,499000.0,501750.0,471000.0,440000.0,499500.0,489225.0,508000.0,485000.0,541274.0,462500.0,471000.0,510000.0,550000.0,549000.0,612500.0,575000.0,539000.0,552500.0,582500.0,569100.0,557000.0,521815.0,508500.0,550000.0,574750.0,600000.0,560000.0,591000.0,629500.0,615120.0,600000.0,540000.0,571000.0,600000.0,552000.0,590000.0,626500.0,586000.0,557500.0,621500.0,589000.0,660000.0,650000.0,599700.0,625000.0,551000.0,624750.0,623000.0,685000.0,620000.0,685000.0,584000.0,635000.0,725000.0,674254.0,677787.0
394493,285,"Concord, NH",msa,NH,187150.0,188000.0,210000.0,189950.0,224900.0,227750.0,223500.0,208600.0,209500.0,204800.0,178100.0,163750.0,182000.0,162000.0,183000.0,172500.0,197500.0,200000.0,197500.0,187450.0,189000.0,185000.0,164500.0,175000.0,172900.0,169950.0,181250.0,180500.0,195000.0,177500.0,179400.0,176250.0,162450.0,172500.0,177500.0,175000.0,152000.0,143950.0,156950.0,155950.0,162000.0,169900.0,169000.0,189900.0,158500.0,156000.0,157000.0,148100.0,175450.0,158000.0,162000.0,169900.0,174900.0,169700.0,180450.0,176625.0,179900.0,175000.0,163950.0,152750.0,165000.0,164900.0,185000.0,190000.0,187500.0,195000.0,200000.0,175000.0,182500.0,180000.0,192600.0,150500.0,164500.0,193000.0,179000.0,210000.0,204000.0,195000.0,210450.0,190000.0,190000.0,194900.0,170000.0,169950.0,179500.0,195000.0,180000.0,207000.0,205000.0,207000.0,193500.0,202533.0,207500.0,180000.0,200000.0,172500.0,180000.0,191766.0,209466.0,201933.0,221000.0,225000.0,201147.0,213366.0,214000.0,210000.0,203750.0,207124.0,216000.0,215000.0,200000.0,245000.0,235000.0,240000.0,224000.0,229966.0,230000.0,239500.0,229933.0,237000.0,205266.0,242000.0,225000.0,239966.0,262250.0,240000.0,248000.0,239000.0,250000.0,245000.0,224000.0,247533.0,222000.0,242000.0,240766.0,250000.0,267500.0,259933.0,250000.0,259000.0,253000.0,250000.0,242500.0,245000.0,230000.0,268500.0,240500.0,272000.0,270000.0,285000.0,310000.0,310000.0,292450.0,295000.0,290500.0,300000.0,290000.0,265000.0,335500.0,329766.0,320000.0,337566.0,355000.0,360000.0,339000.0,360000.0,335000.0,322500.0,350000.0,360000.0,369000.0,371000.0,400000.0,375500.0,401000.0,370000.0,370000.0,370000.0,351500.0,357200.0,406000.0,380000.0,405000.0,395000.0,410000.0,402500.0,397500.0,430000.0,395466.0,390000.0,432600.0,418466.0,379200.0,412500.0,451000.0,422466.0,430000.0,425000.0,468266.0,450000.0,425000.0,425000.0,435000.0,435000.0,417533.0,435000.0,435000.0,500000.0,485000.0,486000.0,485500.0,464000.0,490000.0,473092.0
395163,287,"Traverse City, MI",msa,MI,119150.0,132000.0,134900.0,140000.0,142500.0,146000.0,135000.0,130000.0,137000.0,123450.0,120000.0,107000.0,109000.0,121653.0,130000.0,112000.0,133250.0,140000.0,130000.0,134000.0,129000.0,132500.0,132250.0,95000.0,114000.0,113000.0,135000.0,127000.0,136000.0,139450.0,166500.0,143000.0,140000.0,124750.0,140000.0,131500.0,97750.0,118000.0,102500.0,131500.0,140000.0,134250.0,134000.0,132000.0,123000.0,124000.0,111111.0,110000.0,133192.0,130000.0,145000.0,140000.0,127000.0,135250.0,148950.0,150000.0,139000.0,143000.0,139000.0,129900.0,136000.0,146000.0,142450.0,160000.0,169300.0,155000.0,157900.0,147500.0,159950.0,142500.0,154000.0,147000.0,159000.0,152750.0,153500.0,162500.0,157950.0,159000.0,164900.0,169900.0,168000.0,166000.0,158450.0,182500.0,146500.0,149900.0,181600.0,161400.0,173950.0,170000.0,185000.0,179000.0,164950.0,180000.0,168500.0,169200.0,163500.0,175000.0,175000.0,192600.0,175000.0,190000.0,194900.0,187000.0,185000.0,187500.0,204900.0,182500.0,190000.0,193000.0,195000.0,195000.0,220000.0,209500.0,220000.0,218750.0,198000.0,220000.0,194700.0,177117.0,197000.0,190000.0,215500.0,220000.0,224950.0,219000.0,212000.0,224000.0,215000.0,210000.0,221000.0,224000.0,220000.0,195500.0,229450.0,231500.0,226000.0,228950.0,265000.0,239900.0,244000.0,227250.0,220555.0,220000.0,243950.0,227000.0,286000.0,225000.0,251000.0,300000.0,290000.0,260000.0,275000.0,264000.0,260000.0,246100.0,220000.0,255000.0,270000.0,300000.0,300000.0,321000.0,300000.0,303350.0,300000.0,320000.0,310000.0,287000.0,300000.0,310000.0,333500.0,355000.0,365000.0,340000.0,358250.0,345500.0,316000.0,310000.0,295000.0,321250.0,295000.0,329900.0,399500.0,354000.0,355000.0,419500.0,405000.0,395250.0,399000.0,402500.0,350000.0,370000.0,335000.0,360000.0,392500.0,420000.0,416500.0,467950.0,435000.0,422500.0,427000.0,439900.0,360000.0,350000.0,350000.0,362450.0,435000.0,449500.0,445000.0,413750.0,416500.0,419000.0,422000.0,404372.0
394359,288,"Bangor, ME",msa,ME,126750.0,134050.0,135000.0,153500.0,129000.0,133950.0,146000.0,132500.0,127750.0,132575.0,108550.0,117000.0,110000.0,125250.0,125950.0,127208.0,149900.0,127250.0,127450.0,133000.0,120500.0,117625.0,101965.0,109100.0,120750.0,128500.0,125000.0,135000.0,129287.0,131500.0,116500.0,129950.0,97950.0,104750.0,117250.0,93612.0,124750.0,80325.0,122500.0,123100.0,128000.0,125000.0,128000.0,125000.0,130000.0,129950.0,103000.0,129250.0,88500.0,115500.0,122000.0,136500.0,122900.0,139500.0,121000.0,124900.0,119000.0,129500.0,127000.0,122300.0,116000.0,103300.0,128650.0,150000.0,132250.0,141500.0,138000.0,139150.0,125000.0,119000.0,123750.0,133450.0,100500.0,105000.0,120000.0,123000.0,124000.0,125000.0,129900.0,129950.0,127000.0,130750.0,132450.0,108750.0,117500.0,130000.0,130000.0,126000.0,130000.0,137500.0,141450.0,126000.0,128000.0,104950.0,110000.0,106250.0,89500.0,110000.0,120750.0,130000.0,142000.0,158500.0,140300.0,136000.0,132900.0,125000.0,115000.0,112500.0,113500.0,110700.0,140000.0,138500.0,150000.0,141900.0,140000.0,140000.0,135262.0,145000.0,133000.0,155000.0,141900.0,133750.0,135000.0,140000.0,138000.0,145500.0,148250.0,149000.0,164750.0,134500.0,135000.0,129000.0,131350.0,142000.0,128000.0,158500.0,164000.0,169000.0,148000.0,149900.0,154500.0,137750.0,152650.0,160000.0,147750.0,137950.0,167000.0,155000.0,180000.0,160000.0,173000.0,170000.0,179100.0,170000.0,175000.0,148000.0,159450.0,189000.0,190525.0,190000.0,189900.0,212000.0,198250.0,189900.0,215000.0,208500.0,193000.0,199950.0,189950.0,204500.0,210000.0,232000.0,240000.0,229900.0,221000.0,220000.0,225000.0,218500.0,199450.0,218450.0,228250.0,227500.0,235000.0,239500.0,245000.0,259500.0,249000.0,250000.0,249950.0,243600.0,258250.0,210000.0,254000.0,255000.0,260000.0,299000.0,282500.0,265000.0,275000.0,274950.0,265000.0,260115.0,301000.0,250000.0,285000.0,250000.0,265000.0,295250.0,288450.0,305500.0,288000.0,275000.0,299888.0,268693.0
394685,289,"Homosassa Springs, FL",msa,FL,125000.0,127000.0,133850.0,132150.0,129000.0,127000.0,126700.0,121000.0,130450.0,107150.0,102350.0,103000.0,95000.0,100000.0,107000.0,106000.0,105000.0,110000.0,97500.0,95000.0,95000.0,96000.0,100000.0,102800.0,94000.0,92500.0,87000.0,99000.0,90000.0,96500.0,69950.0,91500.0,92450.0,88925.0,78000.0,80000.0,80000.0,80000.0,74000.0,86800.0,78500.0,81000.0,83200.0,73950.0,92000.0,78000.0,79450.0,75500.0,82300.0,76500.0,78950.0,87500.0,105000.0,85000.0,96250.0,85700.0,78000.0,81000.0,88000.0,80000.0,79450.0,88550.0,87000.0,86750.0,94950.0,104600.0,100000.0,106500.0,88000.0,96000.0,86000.0,79250.0,86500.0,82250.0,90000.0,97000.0,89575.0,105000.0,99700.0,93900.0,91000.0,90000.0,94000.0,90000.0,93500.0,92250.0,89500.0,95000.0,109000.0,104000.0,115000.0,99900.0,110000.0,105300.0,89900.0,108200.0,115000.0,107000.0,120000.0,113500.0,120000.0,115000.0,115000.0,127500.0,122250.0,117500.0,119000.0,120250.0,122000.0,124250.0,122000.0,128000.0,133900.0,135000.0,129000.0,147000.0,139000.0,131000.0,143500.0,134900.0,128350.0,138900.0,134250.0,137950.0,146900.0,144500.0,141714.0,134750.0,145000.0,145250.0,140000.0,138950.0,140000.0,160000.0,158000.0,159950.0,170000.0,153500.0,155900.0,149000.0,160000.0,152950.0,162000.0,150000.0,160000.0,172800.0,160000.0,175000.0,165000.0,173500.0,172250.0,184000.0,188500.0,179900.0,185000.0,185000.0,191000.0,199500.0,207000.0,212000.0,215000.0,216000.0,221900.0,214500.0,224500.0,220000.0,220000.0,234000.0,241000.0,270000.0,279000.0,249000.0,273950.0,270000.0,249900.0,259000.0,256000.0,260000.0,252500.0,250000.0,253950.0,255000.0,262500.0,275000.0,270000.0,267609.0,264900.0,255500.0,257830.0,262000.0,255000.0,271000.0,271500.0,293850.0,267049.0,275000.0,292500.0,283000.0,260000.0,253250.0,269900.0,273500.0,254632.0,264950.0,279900.0,260000.0,240000.0,275000.0,299950.0,250000.0,297500.0,270700.0,260000.0,250439.0
394723,291,"Jefferson City, MO",msa,MO,114250.0,127200.0,114500.0,124500.0,119900.0,129200.0,119750.0,118475.0,120000.0,108000.0,100000.0,102048.0,114000.0,122900.0,110000.0,117000.0,111750.0,118800.0,110750.0,108689.0,114450.0,120000.0,127000.0,105000.0,105717.0,110000.0,122000.0,121900.0,127750.0,115000.0,124000.0,118750.0,126700.0,114000.0,98395.0,108500.0,101500.0,140750.0,109000.0,116412.0,113500.0,119400.0,113020.0,116000.0,113000.0,124125.0,111700.0,119900.0,123092.0,112500.0,118500.0,124900.0,133000.0,115250.0,109900.0,119900.0,119850.0,124709.0,120000.0,128000.0,109500.0,137051.0,119088.0,134500.0,125215.0,139103.0,115125.0,105000.0,111000.0,116500.0,124950.0,125000.0,110000.0,115000.0,126500.0,129900.0,125000.0,120250.0,127250.0,124950.0,128900.0,115000.0,119950.0,125000.0,122250.0,127000.0,133500.0,135000.0,132450.0,135000.0,127000.0,124250.0,124900.0,128250.0,130000.0,108000.0,118000.0,129250.0,123000.0,127500.0,127500.0,131627.0,129787.0,130000.0,127875.0,133994.0,123350.0,130271.0,123000.0,132000.0,130000.0,128000.0,135134.0,138250.0,139400.0,138000.0,130827.0,142735.0,138900.0,116000.0,129950.0,127000.0,139900.0,144764.0,141601.0,145000.0,146000.0,134900.0,146548.0,131200.0,141750.0,121000.0,155862.0,143950.0,139095.0,156830.0,154900.0,160539.0,140000.0,143900.0,147250.0,154900.0,150000.0,143950.0,155000.0,148900.0,154972.0,159900.0,167900.0,170000.0,170000.0,165000.0,172707.0,169500.0,162500.0,164500.0,172812.0,170000.0,185000.0,193750.0,173750.0,195000.0,190000.0,187000.0,198500.0,192500.0,189000.0,180000.0,177500.0,200000.0,205000.0,210000.0,222850.0,213191.0,218750.0,200000.0,222200.0,196433.0,200000.0,215000.0,186000.0,223500.0,235000.0,241500.0,234447.0,210000.0,230000.0,224750.0,239000.0,200000.0,232500.0,200000.0,230900.0,202267.0,237500.0,258047.0,255958.0,251000.0,242000.0,251000.0,214000.0,231750.0,249000.0,248000.0,245791.0,252000.0,248000.0,260000.0,270000.0,255000.0,275000.0,282950.0,279000.0,269394.0
394537,293,"Dothan, AL",msa,AL,114500.0,131360.0,112250.0,117000.0,128000.0,115950.0,122500.0,113900.0,123200.0,86611.0,105500.0,122000.0,122000.0,114700.0,95000.0,119750.0,131000.0,115000.0,123500.0,127500.0,100000.0,126750.0,116000.0,114500.0,139000.0,118000.0,129900.0,125000.0,136000.0,123000.0,111000.0,120000.0,108000.0,125450.0,109900.0,144000.0,109950.0,114900.0,112250.0,128500.0,109000.0,112500.0,96575.0,97500.0,89500.0,106750.0,91250.0,110000.0,116500.0,117500.0,124200.0,122900.0,100000.0,109950.0,119000.0,79000.0,107099.0,115000.0,120000.0,96000.0,106000.0,112000.0,103500.0,117500.0,118250.0,132600.0,135000.0,142000.0,109900.0,84349.0,96000.0,134600.0,90000.0,113500.0,103150.0,89999.0,118700.0,112000.0,104200.0,95500.0,105000.0,90000.0,91600.0,115450.0,112000.0,113000.0,93750.0,110000.0,132450.0,95000.0,117000.0,123200.0,125000.0,115000.0,107100.0,104000.0,118375.0,115000.0,139900.0,117900.0,152500.0,116700.0,120000.0,110900.0,114500.0,115000.0,112000.0,127000.0,126500.0,121000.0,134750.0,125979.0,124750.0,136000.0,111000.0,125000.0,97000.0,123625.0,122700.0,130500.0,114500.0,134500.0,131500.0,134850.0,143500.0,131670.0,137750.0,144700.0,149900.0,135000.0,122700.0,130500.0,141000.0,139950.0,129000.0,141000.0,133000.0,135000.0,129250.0,151000.0,120500.0,129000.0,142500.0,125000.0,137000.0,132500.0,147250.0,144880.0,164000.0,168000.0,149500.0,160000.0,150000.0,149950.0,140000.0,143000.0,156000.0,150500.0,164000.0,157750.0,172000.0,168750.0,163000.0,169900.0,170900.0,160074.0,169000.0,160000.0,150000.0,179000.0,190500.0,199450.0,175000.0,163750.0,182250.0,165000.0,165000.0,174000.0,150000.0,172900.0,175000.0,164900.0,180000.0,165000.0,213000.0,200000.0,180000.0,179900.0,171000.0,169950.0,158750.0,148950.0,174200.0,177250.0,209500.0,181000.0,220000.0,183000.0,198950.0,213500.0,184000.0,200950.0,190465.0,182400.0,215000.0,211900.0,192950.0,185000.0,193000.0,169000.0,199250.0,190000.0,175000.0,200380.0
845167,296,"Ottawa, IL",msa,IL,90000.0,95000.0,90000.0,90000.0,105000.0,97000.0,95400.0,86750.0,85000.0,89500.0,109000.0,76750.0,64250.0,85000.0,90000.0,84000.0,87763.0,86000.0,85000.0,86000.0,90000.0,88000.0,85950.0,100000.0,88500.0,97900.0,83250.0,88000.0,88500.0,93000.0,81500.0,84500.0,79500.0,77500.0,80000.0,76000.0,63000.0,72000.0,68500.0,85000.0,81500.0,76500.0,77000.0,74000.0,73500.0,69250.0,74000.0,69500.0,74000.0,80000.0,91000.0,78950.0,91750.0,85000.0,80000.0,101650.0,85000.0,89500.0,75000.0,73750.0,69500.0,77403.0,82000.0,82000.0,81250.0,94000.0,82000.0,83000.0,70500.0,73000.0,73000.0,70000.0,64250.0,66750.0,86000.0,79000.0,88250.0,87750.0,93000.0,99450.0,75000.0,71000.0,73000.0,68000.0,70000.0,75000.0,86500.0,79000.0,97500.0,101000.0,105000.0,87000.0,85000.0,78000.0,85500.0,71000.0,73500.0,90000.0,91000.0,95000.0,97250.0,103000.0,100000.0,99950.0,105000.0,87000.0,101750.0,80500.0,84000.0,96500.0,96000.0,96500.0,109500.0,100000.0,101000.0,97500.0,97500.0,95000.0,95000.0,83000.0,100000.0,95000.0,111000.0,110250.0,125000.0,118500.0,117000.0,114750.0,93000.0,105000.0,95000.0,95000.0,87500.0,87500.0,105000.0,120000.0,122500.0,113000.0,99000.0,109000.0,112000.0,109250.0,126250.0,100000.0,119250.0,105000.0,117500.0,124500.0,116500.0,128000.0,126500.0,118000.0,130250.0,118000.0,108000.0,113664.0,115500.0,118000.0,121500.0,119950.0,120000.0,125000.0,130000.0,130000.0,128250.0,130000.0,120000.0,135500.0,121000.0,125000.0,126000.0,131500.0,130000.0,145250.0,138750.0,115000.0,125000.0,133000.0,120000.0,135000.0,126000.0,127500.0,145000.0,133500.0,132000.0,127500.0,131250.0,130000.0,130000.0,129000.0,144000.0,135000.0,128450.0,145000.0,135000.0,155000.0,147000.0,149000.0,160000.0,154000.0,170500.0,157000.0,136000.0,138000.0,130000.0,159500.0,165000.0,155500.0,175000.0,160000.0,170500.0,170000.0,165750.0,157023.0
395102,297,"Sioux City, IA",msa,IA,105475.0,104975.0,88750.0,88500.0,92600.0,88000.0,86000.0,80000.0,89950.0,81900.0,85500.0,79000.0,93500.0,85395.0,90000.0,99950.0,108650.0,95000.0,95000.0,90000.0,92700.0,95750.0,83000.0,84871.0,75000.0,84750.0,88500.0,103000.0,90000.0,101620.0,99950.0,101000.0,87750.0,90000.0,105000.0,89750.0,81000.0,80500.0,92437.0,88250.0,101750.0,93250.0,102500.0,106000.0,109000.0,89250.0,85000.0,90500.0,79000.0,97500.0,105500.0,114500.0,95000.0,117000.0,101000.0,96750.0,95000.0,95000.0,98000.0,83500.0,91750.0,124000.0,104500.0,105000.0,112000.0,115000.0,117975.0,93000.0,107000.0,112000.0,93000.0,119250.0,105500.0,115000.0,105000.0,119250.0,128000.0,117500.0,105000.0,110750.0,115000.0,111000.0,115500.0,103000.0,108000.0,106375.0,105000.0,107000.0,120000.0,127000.0,124000.0,117000.0,114500.0,111000.0,120000.0,132500.0,116000.0,127500.0,120000.0,125500.0,136500.0,130000.0,126000.0,127000.0,116500.0,135000.0,125000.0,104975.0,114000.0,117000.0,123000.0,136500.0,142000.0,141250.0,121000.0,135000.0,122250.0,132000.0,125000.0,126500.0,122750.0,130500.0,139500.0,148000.0,147000.0,134500.0,150000.0,145000.0,141000.0,135000.0,125000.0,151750.0,127000.0,137500.0,140000.0,145000.0,149975.0,154220.0,144000.0,145000.0,150000.0,142000.0,145000.0,135000.0,134000.0,153500.0,142000.0,150000.0,155000.0,185000.0,165000.0,170250.0,155000.0,167000.0,170000.0,150500.0,153000.0,160750.0,165000.0,160975.0,185000.0,185000.0,174950.0,172000.0,167000.0,179500.0,170000.0,165000.0,165000.0,185000.0,185000.0,205000.0,200000.0,213500.0,203000.0,198000.0,180000.0,190000.0,185000.0,160000.0,192500.0,217250.0,200000.0,215000.0,227000.0,220000.0,196000.0,197250.0,180000.0,210000.0,173250.0,202000.0,175000.0,185000.0,210000.0,215000.0,231500.0,229000.0,229000.0,230000.0,215000.0,205000.0,195000.0,185000.0,210000.0,190000.0,241200.0,235000.0,237000.0,235000.0,235000.0,216500.0,221000.0,214150.0
395223,298,"Wichita Falls, TX",msa,TX,90415.0,83325.0,92000.0,96500.0,113320.0,101562.0,100000.0,94500.0,86500.0,96291.0,90900.0,87500.0,99568.0,90000.0,100000.0,95000.0,107000.0,113000.0,103500.0,111500.0,96000.0,95000.0,120000.0,90000.0,90500.0,90787.0,99900.0,105000.0,99700.0,98750.0,93500.0,96500.0,90000.0,93500.0,117750.0,89700.0,82500.0,94375.0,108435.0,109900.0,93000.0,99500.0,100000.0,104750.0,74950.0,90250.0,92591.0,85000.0,105000.0,99600.0,84000.0,95500.0,111836.0,124581.0,97500.0,104950.0,85000.0,99900.0,84900.0,99900.0,100600.0,82698.0,92000.0,108900.0,99000.0,99000.0,102422.0,113466.0,114000.0,106000.0,103750.0,92625.0,100000.0,85000.0,102500.0,115250.0,122000.0,98750.0,106000.0,90768.0,105000.0,111500.0,103750.0,76000.0,91250.0,84750.0,114750.0,101000.0,100000.0,113000.0,105000.0,96500.0,100250.0,91450.0,106350.0,91162.0,83000.0,102600.0,114000.0,100450.0,121000.0,125500.0,119700.0,116000.0,119750.0,108000.0,118250.0,84500.0,95000.0,108000.0,120300.0,114500.0,124900.0,136250.0,120000.0,105000.0,105400.0,115000.0,117500.0,118000.0,95821.0,102900.0,124950.0,130000.0,129500.0,116350.0,116500.0,119000.0,117250.0,125000.0,117500.0,108445.0,124900.0,110000.0,115000.0,130000.0,142000.0,143000.0,129500.0,117250.0,112500.0,122950.0,139000.0,124586.0,119900.0,130000.0,135000.0,135000.0,136050.0,147000.0,149400.0,144900.0,147500.0,154900.0,141000.0,132000.0,143250.0,148000.0,155500.0,165000.0,175000.0,175000.0,175500.0,169220.0,176000.0,160000.0,166500.0,155000.0,167000.0,176900.0,194750.0,177913.0,191500.0,195000.0,181000.0,165000.0,161000.0,179385.0,175000.0,165000.0,175000.0,183750.0,181050.0,205000.0,184220.0,190000.0,180000.0,180000.0,187500.0,190000.0,168800.0,178000.0,177000.0,187500.0,182500.0,193118.0,211500.0,198000.0,175000.0,200000.0,185000.0,194821.0,175000.0,189940.0,178750.0,192250.0,194970.0,182000.0,217000.0,205075.0,192670.0,197500.0,190450.0,187958.0
394595,302,"Flagstaff, AZ",msa,AZ,315000.0,302000.0,300900.0,308000.0,300000.0,287500.0,297000.0,292000.0,270000.0,289000.0,296000.0,285000.0,295000.0,255000.0,230000.0,285500.0,275000.0,254500.0,278000.0,275000.0,276250.0,253000.0,247450.0,275000.0,265000.0,260500.0,225000.0,244000.0,259000.0,247500.0,245000.0,241500.0,217500.0,215000.0,241000.0,230000.0,215000.0,224640.0,205000.0,226000.0,229750.0,225000.0,219500.0,235000.0,238450.0,225000.0,221000.0,218156.0,229000.0,212500.0,220000.0,199250.0,220000.0,222500.0,222500.0,227750.0,257500.0,213950.0,240000.0,233000.0,225000.0,238750.0,211625.0,234000.0,267500.0,249000.0,247000.0,262500.0,271500.0,242500.0,251817.0,218000.0,237500.0,255000.0,250730.0,255750.0,265000.0,278200.0,287562.0,264000.0,260000.0,277500.0,252000.0,270000.0,245000.0,260000.0,261500.0,285000.0,257500.0,265000.0,260000.0,275000.0,285000.0,279000.0,285000.0,275000.0,268500.0,279000.0,289500.0,289450.0,279450.0,300000.0,300850.0,289900.0,300000.0,315000.0,300000.0,292650.0,293500.0,320000.0,299900.0,310000.0,305000.0,325000.0,310000.0,339900.0,315000.0,313750.0,299950.0,328450.0,315000.0,350000.0,332500.0,340000.0,340000.0,326000.0,306000.0,340000.0,355000.0,340000.0,335000.0,297500.0,375000.0,344499.0,361950.0,358000.0,365000.0,390000.0,350000.0,371725.0,352500.0,385000.0,335000.0,360000.0,325000.0,373000.0,357000.0,376250.0,427250.0,395000.0,418000.0,428000.0,450000.0,427450.0,423300.0,441100.0,412500.0,475000.0,420000.0,506125.0,512500.0,551200.0,532500.0,521900.0,549750.0,550000.0,605000.0,605500.0,600000.0,620000.0,650000.0,639444.0,617900.0,608000.0,585000.0,580000.0,601000.0,550000.0,547000.0,585000.0,599999.0,588000.0,630000.0,645000.0,632450.0,617000.0,687500.0,610000.0,602000.0,602500.0,539500.0,601000.0,620000.0,582000.0,595000.0,625000.0,599000.0,640000.0,640000.0,626750.0,630000.0,665000.0,600000.0,676457.0,600000.0,670000.0,600000.0,665000.0,641900.0,637500.0,692499.0,625000.0,685000.0,645776.0
395000,304,"Pottsville, PA",msa,PA,52000.0,65000.0,71000.0,58000.0,70000.0,74400.0,72500.0,62000.0,55000.0,57500.0,50660.0,49850.0,42000.0,63000.0,57950.0,65000.0,60000.0,58150.0,85000.0,68000.0,57750.0,65000.0,68750.0,58200.0,41000.0,79900.0,73000.0,67000.0,69000.0,52900.0,70000.0,68000.0,55000.0,58000.0,70000.0,67400.0,47000.0,77500.0,73000.0,62000.0,75000.0,82000.0,67000.0,54600.0,75000.0,75000.0,58000.0,59000.0,55000.0,50000.0,56250.0,74000.0,73000.0,69000.0,76000.0,77500.0,59950.0,52000.0,69000.0,59750.0,39250.0,67200.0,55050.0,87500.0,56000.0,69000.0,59000.0,72500.0,53000.0,65000.0,66050.0,52000.0,70000.0,71350.0,59950.0,62000.0,70000.0,75000.0,74500.0,62250.0,63250.0,59250.0,68500.0,51500.0,79000.0,65000.0,59444.0,75000.0,90000.0,70829.0,59900.0,85000.0,65950.0,61000.0,70950.0,45500.0,62550.0,55000.0,71000.0,68000.0,75000.0,68000.0,79000.0,72450.0,86000.0,73500.0,79950.0,70000.0,60000.0,61500.0,75000.0,95000.0,72500.0,85600.0,74900.0,64950.0,76950.0,70050.0,75000.0,57000.0,70000.0,75500.0,83500.0,80500.0,91000.0,88950.0,75000.0,89700.0,75000.0,84250.0,81000.0,70000.0,71450.0,79900.0,70000.0,88500.0,90000.0,95000.0,120000.0,105500.0,100000.0,80000.0,95000.0,70550.0,64500.0,69950.0,135500.0,80000.0,95000.0,123000.0,95000.0,87250.0,83950.0,89000.0,95000.0,86900.0,85000.0,74100.0,67950.0,79200.0,75250.0,87500.0,90000.0,98900.0,87000.0,106500.0,86500.0,75000.0,91000.0,74400.0,81098.0,104000.0,102000.0,95638.0,85000.0,92700.0,95500.0,98000.0,84581.0,103960.0,84500.0,105000.0,110000.0,98000.0,115000.0,109000.0,110000.0,104950.0,125000.0,89900.0,109839.0,111435.0,90500.0,127000.0,119700.0,101000.0,132450.0,133000.0,133500.0,124900.0,111000.0,123000.0,140500.0,89000.0,117500.0,141750.0,132000.0,145000.0,150000.0,160000.0,134000.0,120000.0,145000.0,134112.0
394783,306,"Lebanon, PA",msa,PA,138000.0,150000.0,132000.0,140000.0,149000.0,142000.0,150000.0,139950.0,141000.0,124950.0,125500.0,122000.0,140000.0,136500.0,131157.0,149200.0,139950.0,141000.0,142000.0,144450.0,142000.0,137000.0,140000.0,148000.0,149900.0,140000.0,150000.0,145000.0,159950.0,130000.0,139500.0,150000.0,134900.0,148200.0,135000.0,133000.0,124000.0,122000.0,135250.0,145000.0,161000.0,131500.0,135000.0,135750.0,137900.0,120000.0,143500.0,125000.0,133250.0,129500.0,137500.0,138500.0,129950.0,149900.0,143000.0,139450.0,126450.0,136000.0,130000.0,139900.0,155000.0,128950.0,142000.0,147900.0,157500.0,149900.0,150000.0,150500.0,140000.0,139000.0,158750.0,134100.0,141500.0,134000.0,138950.0,125000.0,144500.0,147518.0,145000.0,140000.0,126000.0,135000.0,138950.0,146000.0,137000.0,149000.0,144900.0,128900.0,159750.0,139900.0,140000.0,151000.0,138000.0,127000.0,135900.0,131189.0,125000.0,139000.0,139450.0,131500.0,150000.0,146750.0,153500.0,147500.0,152450.0,141450.0,152900.0,133000.0,139500.0,144255.0,146250.0,150800.0,161250.0,148000.0,160500.0,160000.0,139900.0,158900.0,160000.0,149900.0,145000.0,144450.0,159000.0,150000.0,159900.0,166000.0,169000.0,160550.0,162450.0,159900.0,167500.0,161500.0,155000.0,162000.0,165000.0,168700.0,174000.0,174100.0,172500.0,180000.0,165500.0,180000.0,160000.0,175000.0,142000.0,183750.0,195000.0,190900.0,184950.0,183000.0,180000.0,180000.0,192500.0,176000.0,175000.0,185000.0,176900.0,175000.0,182500.0,193500.0,191400.0,213750.0,215000.0,200000.0,185000.0,191067.0,183250.0,222500.0,200500.0,205000.0,223500.0,210000.0,225000.0,230000.0,230000.0,252000.0,226250.0,215000.0,220000.0,200652.0,215000.0,175000.0,212950.0,230000.0,250000.0,249000.0,245319.0,239000.0,239000.0,230500.0,216550.0,215000.0,248950.0,235250.0,245000.0,260000.0,280000.0,249000.0,255000.0,260000.0,260000.0,255900.0,255000.0,272500.0,270500.0,274500.0,266000.0,270000.0,254700.0,305000.0,285000.0,279000.0,282500.0,278383.0
395232,308,"Winchester, VA",msa,VA,183625.0,182000.0,192400.0,209500.0,200000.0,179000.0,185000.0,175000.0,169900.0,175000.0,195000.0,169000.0,157000.0,152000.0,165450.0,162000.0,169950.0,167100.0,150000.0,150000.0,170000.0,150500.0,161000.0,150000.0,145000.0,150500.0,165000.0,160000.0,160000.0,165000.0,155050.0,146900.0,154900.0,149900.0,148000.0,138010.0,146900.0,151000.0,137900.0,140000.0,180000.0,169000.0,161050.0,149950.0,140000.0,136500.0,156900.0,140000.0,140500.0,165000.0,161500.0,162500.0,179500.0,185000.0,161000.0,160000.0,182000.0,165000.0,172154.0,160400.0,150000.0,165000.0,179200.0,199500.0,205000.0,190000.0,186750.0,187500.0,185500.0,175000.0,163750.0,174900.0,151500.0,175320.0,170000.0,213000.0,213000.0,200000.0,199450.0,168950.0,182500.0,174000.0,217474.0,199000.0,189900.0,187000.0,195000.0,215500.0,213250.0,215000.0,199450.0,190500.0,201500.0,176500.0,204400.0,211450.0,184750.0,201000.0,223000.0,217000.0,215000.0,229950.0,214900.0,224682.0,212000.0,212600.0,233750.0,219500.0,209000.0,205500.0,229900.0,240000.0,231000.0,236000.0,222000.0,220000.0,233600.0,205000.0,216500.0,211000.0,224000.0,237750.0,252000.0,240500.0,261500.0,245000.0,240000.0,252100.0,221900.0,222250.0,221500.0,225000.0,207550.0,234500.0,236900.0,236900.0,246950.0,245000.0,242000.0,244000.0,221500.0,235000.0,244950.0,235000.0,250000.0,249999.0,268500.0,282360.0,261250.0,270000.0,273000.0,274500.0,269900.0,286125.0,255000.0,262000.0,265000.0,280000.0,286000.0,317500.0,310000.0,312500.0,326000.0,300000.0,300000.0,309250.0,316250.0,292000.0,299999.0,309000.0,326750.0,336500.0,337000.0,335000.0,341500.0,338500.0,307500.0,349900.0,304000.0,308500.0,334000.0,330000.0,329500.0,338000.0,355450.0,345000.0,379500.0,325000.0,371500.0,349950.0,359900.0,315000.0,330000.0,349495.0,385000.0,365000.0,385000.0,382000.0,380000.0,380000.0,352500.0,365000.0,385000.0,375500.0,349250.0,395500.0,385000.0,390000.0,399000.0,385000.0,390000.0,406000.0,389000.0,383127.0
394756,311,"La Crosse, WI",msa,WI,138400.0,131500.0,135000.0,145000.0,153000.0,148450.0,132450.0,137500.0,125000.0,127500.0,137000.0,144000.0,132250.0,118500.0,129000.0,125550.0,133600.0,142000.0,152000.0,144000.0,147000.0,124900.0,127000.0,142900.0,125300.0,125500.0,135300.0,126750.0,132050.0,145000.0,130000.0,142450.0,125000.0,135000.0,130000.0,119900.0,125000.0,133450.0,122000.0,127500.0,143500.0,134000.0,145000.0,133500.0,145000.0,129500.0,131250.0,122000.0,130000.0,135000.0,127900.0,144900.0,141000.0,131500.0,147250.0,140750.0,139000.0,131700.0,122000.0,140700.0,128500.0,135500.0,142500.0,134750.0,152000.0,159900.0,154000.0,137450.0,149450.0,140500.0,149000.0,133850.0,137000.0,132000.0,138500.0,142497.0,162000.0,156250.0,151000.0,149900.0,151900.0,146900.0,153750.0,125000.0,136000.0,135000.0,134250.0,144650.0,155000.0,150150.0,155000.0,145000.0,152950.0,145500.0,156250.0,136687.0,130000.0,147650.0,156550.0,152600.0,170000.0,169250.0,174500.0,171000.0,154000.0,159800.0,160550.0,145500.0,161500.0,155000.0,157450.0,166750.0,176500.0,167000.0,171900.0,166450.0,182450.0,169500.0,170000.0,160450.0,170000.0,170000.0,187000.0,185500.0,189000.0,183500.0,181750.0,176950.0,180000.0,169450.0,184450.0,159950.0,192000.0,190500.0,188700.0,189000.0,189450.0,199900.0,180000.0,176000.0,192000.0,190000.0,179900.0,179900.0,173000.0,204500.0,198000.0,206750.0,209150.0,211750.0,208500.0,203250.0,199950.0,199900.0,196000.0,190000.0,215000.0,190000.0,195350.0,228000.0,235000.0,212300.0,220500.0,215000.0,220000.0,212000.0,225450.0,200500.0,215000.0,227050.0,225000.0,242450.0,255000.0,255000.0,230000.0,235000.0,234750.0,226200.0,225000.0,210000.0,231000.0,249000.0,247500.0,245000.0,262000.0,265000.0,260000.0,265000.0,270500.0,253250.0,250000.0,258500.0,260000.0,268450.0,297500.0,270000.0,287000.0,290000.0,305100.0,301000.0,266500.0,252500.0,264900.0,251000.0,282500.0,267150.0,300000.0,300000.0,305000.0,290000.0,297450.0,307450.0,300000.0,298076.0
395013,313,"Rapid City, SD",msa,SD,,,,,,,,,,,,,,,,,,,,,,,,,,,,,,,,,,,,,,,,,,,,,,,,,159700.0,155000.0,138750.0,164500.0,174200.0,167000.0,179200.0,167000.0,137000.0,163000.0,161150.0,161750.0,164000.0,157000.0,168500.0,166500.0,169900.0,174200.0,177250.0,162000.0,168210.0,152000.0,159900.0,158450.0,167500.0,159900.0,167500.0,170550.0,182700.0,172250.0,181500.0,169900.0,165000.0,170000.0,161500.0,176500.0,177750.0,178000.0,172500.0,176250.0,179900.0,187000.0,176000.0,179900.0,184500.0,181000.0,173900.0,175900.0,177100.0,183000.0,193000.0,190000.0,194900.0,211000.0,189900.0,195100.0,203750.0,189450.0,182200.0,186900.0,165500.0,196500.0,195950.0,201200.0,209900.0,209000.0,205000.0,210000.0,172000.0,205000.0,188100.0,188700.0,188000.0,206000.0,206000.0,215000.0,221500.0,230000.0,219000.0,209450.0,200200.0,213500.0,209900.0,216750.0,199950.0,226900.0,216000.0,231000.0,228900.0,232500.0,235000.0,219900.0,226000.0,240000.0,230000.0,220000.0,216250.0,229250.0,232600.0,239900.0,249900.0,244000.0,249900.0,262450.0,277000.0,265000.0,262500.0,251200.0,248950.0,245000.0,283000.0,288000.0,300000.0,287000.0,300250.0,310000.0,289000.0,292500.0,329000.0,302052.0,311000.0,340000.0,345000.0,332500.0,343050.0,342500.0,345000.0,332050.0,345000.0,332500.0,328750.0,329000.0,335000.0,305000.0,354350.0,340000.0,350000.0,343500.0,360000.0,341000.0,332000.0,330000.0,345000.0,330000.0,345000.0,330000.0,350000.0,375000.0,375000.0,350000.0,373000.0,372500.0,360000.0,382000.0,340000.0,361000.0,319750.0,357000.0,350000.0,369000.0,375500.0,365000.0,367000.0,351375.0,350000.0,366841.0
395117,316,"Springfield, OH",msa,OH,72400.0,74900.0,82500.0,77000.0,73650.0,91000.0,78750.0,75000.0,79900.0,70000.0,71500.0,54000.0,41400.0,68000.0,76900.0,90000.0,75000.0,79950.0,81950.0,88750.0,74000.0,89450.0,67000.0,74275.0,65500.0,75950.0,84750.0,68500.0,83000.0,78000.0,79500.0,67000.0,65500.0,62000.0,56000.0,56450.0,40000.0,68200.0,74900.0,80000.0,69000.0,80000.0,80000.0,76000.0,81000.0,65500.0,69950.0,59950.0,58300.0,78250.0,81500.0,68000.0,69000.0,79950.0,95000.0,75000.0,75500.0,68000.0,70000.0,73000.0,62699.0,66750.0,69900.0,73750.0,88000.0,80000.0,88750.0,78350.0,75200.0,75000.0,77000.0,70450.0,75000.0,69900.0,72000.0,90000.0,88450.0,92000.0,87000.0,87562.0,85000.0,88000.0,79500.0,78900.0,80000.0,83600.0,88050.0,90000.0,96500.0,89000.0,84200.0,87000.0,99950.0,84000.0,76250.0,88312.0,80000.0,92500.0,88500.0,96700.0,90000.0,115000.0,100000.0,95000.0,94750.0,98000.0,89000.0,94500.0,88000.0,93400.0,90900.0,111200.0,92000.0,105000.0,110000.0,105600.0,92900.0,100450.0,88000.0,93000.0,96000.0,108750.0,96000.0,115000.0,100000.0,116000.0,95250.0,111000.0,110000.0,112900.0,104500.0,94000.0,94000.0,109500.0,119750.0,119900.0,115000.0,130000.0,121000.0,119900.0,121000.0,100000.0,112450.0,118950.0,103500.0,109400.0,110500.0,120500.0,115000.0,126250.0,121000.0,123950.0,130500.0,133837.0,120000.0,125000.0,105700.0,119000.0,126450.0,120950.0,120000.0,140000.0,144000.0,142400.0,141200.0,139900.0,134400.0,135000.0,129000.0,123000.0,139000.0,142000.0,159250.0,160000.0,141100.0,145000.0,138000.0,130000.0,130000.0,124500.0,139954.0,136000.0,143950.0,130000.0,151050.0,155000.0,165000.0,158500.0,151000.0,155000.0,145000.0,150000.0,154900.0,160000.0,140000.0,162000.0,165000.0,159900.0,175000.0,178950.0,170500.0,161450.0,163000.0,167650.0,179900.0,170000.0,175000.0,175000.0,200000.0,169000.0,172500.0,175000.0,180500.0,169181.0
394368,318,"Battle Creek, MI",msa,MI,57700.0,70000.0,72000.0,76275.0,74200.0,77900.0,79500.0,79000.0,67250.0,60000.0,59000.0,51850.0,55500.0,53500.0,60000.0,61000.0,58200.0,46416.0,64300.0,55000.0,75000.0,55000.0,57000.0,56750.0,55000.0,44131.0,63500.0,79211.0,75000.0,59650.0,65050.0,62000.0,70000.0,60000.0,70250.0,65000.0,54250.0,60000.0,73000.0,58900.0,75000.0,59950.0,70000.0,65000.0,50000.0,60500.0,65000.0,66045.0,47500.0,51000.0,52000.0,56000.0,56450.0,71000.0,58950.0,74000.0,63500.0,85000.0,57000.0,62000.0,61500.0,65000.0,69000.0,75000.0,79000.0,82600.0,79500.0,79500.0,87850.0,86900.0,75500.0,72000.0,64250.0,72000.0,69000.0,85500.0,90000.0,95000.0,90000.0,97750.0,90000.0,92000.0,88000.0,83000.0,70000.0,75000.0,77854.0,86000.0,100055.0,96000.0,100000.0,99900.0,94450.0,105000.0,82000.0,88450.0,88000.0,84900.0,92900.0,88500.0,119900.0,98000.0,113450.0,107000.0,97500.0,106500.0,91500.0,92000.0,81000.0,85000.0,103500.0,103550.0,112500.0,124933.0,112622.0,105000.0,108150.0,100000.0,92500.0,105000.0,111500.0,95000.0,110000.0,110900.0,110000.0,120000.0,119900.0,116000.0,110500.0,124750.0,111500.0,98950.0,113000.0,105000.0,117000.0,125000.0,129250.0,120000.0,125000.0,128450.0,135000.0,118900.0,118350.0,109900.0,118000.0,126500.0,125000.0,115000.0,130000.0,131000.0,138200.0,135000.0,148700.0,142000.0,140000.0,115500.0,125000.0,130000.0,125000.0,145000.0,145000.0,151000.0,171000.0,150000.0,160000.0,162000.0,137500.0,141000.0,137500.0,135000.0,145000.0,164000.0,168000.0,170000.0,160000.0,167000.0,142000.0,135950.0,150000.0,125000.0,145000.0,135000.0,155000.0,155000.0,163000.0,169950.0,175000.0,165000.0,167000.0,150000.0,160000.0,154000.0,145000.0,159000.0,158000.0,165500.0,181500.0,172000.0,165000.0,185500.0,165000.0,185000.0,180000.0,149950.0,147000.0,169200.0,163950.0,179900.0,202500.0,210000.0,179000.0,180000.0,167000.0,173074.0
395094,319,"Sherman, TX",msa,TX,84425.0,98900.0,94500.0,104950.0,103000.0,89750.0,94500.0,99500.0,80000.0,100000.0,89150.0,57900.0,68000.0,78100.0,95000.0,92000.0,105000.0,111900.0,107000.0,98972.0,90000.0,113500.0,85250.0,75250.0,111000.0,83400.0,92000.0,84600.0,100263.0,108000.0,83000.0,76450.0,94500.0,85300.0,95000.0,80500.0,75000.0,83000.0,103000.0,85250.0,97425.0,114750.0,75000.0,97000.0,88900.0,105000.0,96500.0,99750.0,91385.0,99250.0,95000.0,121875.0,105500.0,93000.0,90000.0,95750.0,121750.0,102500.0,118500.0,90000.0,73675.0,95500.0,112250.0,121000.0,116296.0,115000.0,100000.0,121250.0,111000.0,95000.0,115575.0,85000.0,99000.0,85000.0,84500.0,112000.0,137500.0,110000.0,122000.0,119950.0,125000.0,109900.0,139500.0,115250.0,121950.0,121250.0,123000.0,125000.0,130450.0,113000.0,144500.0,129000.0,120450.0,120000.0,133000.0,140950.0,141750.0,130000.0,130000.0,133500.0,145500.0,163750.0,147000.0,145440.0,141500.0,148250.0,149375.0,125000.0,162462.0,135500.0,149900.0,145000.0,178950.0,150000.0,164900.0,180000.0,166361.0,169000.0,149950.0,162000.0,154000.0,162500.0,165000.0,190000.0,185000.0,184500.0,171120.0,187000.0,170000.0,195000.0,167000.0,180000.0,163000.0,175000.0,178999.0,183700.0,195000.0,207000.0,179000.0,177500.0,169625.0,170000.0,174400.0,160000.0,156250.0,170000.0,173000.0,168000.0,188000.0,202000.0,199900.0,200000.0,212000.0,213750.0,220000.0,195000.0,242900.0,240250.0,219950.0,233000.0,240000.0,250000.0,259000.0,233100.0,258000.0,226569.0,244943.0,259500.0,265000.0,255000.0,277500.0,290000.0,263000.0,244485.0,277450.0,265750.0,270000.0,251950.0,252371.0,240000.0,265000.0,249225.0,285000.0,281000.0,286000.0,275000.0,265000.0,271879.0,269250.0,260000.0,271000.0,265000.0,281000.0,280000.0,286000.0,275000.0,287987.0,270000.0,299950.0,300000.0,265000.0,299000.0,275000.0,250000.0,250500.0,285000.0,262500.0,290000.0,307500.0,293400.0,292000.0,283500.0,264000.0,260302.0
394821,320,"Manhattan, KS",msa,KS,,,,,,,,,,,131750.0,133368.0,145000.0,134781.0,154631.0,141244.0,154205.0,139000.0,158832.0,142500.0,134045.0,138650.0,130973.0,133750.0,151500.0,141358.0,128000.0,147500.0,157900.0,149900.0,160399.0,145708.0,146951.0,140000.0,123752.0,113750.0,142500.0,124000.0,142146.0,161360.0,141384.0,154450.0,149801.0,180271.0,145000.0,160000.0,169900.0,152569.0,148000.0,124950.0,146654.0,162074.0,177366.0,172000.0,172358.0,165858.0,165447.0,168500.0,149500.0,161500.0,148000.0,154000.0,154000.0,160500.0,177387.0,166000.0,171400.0,145500.0,151000.0,155000.0,157575.0,149325.0,147625.0,159500.0,150000.0,157950.0,160000.0,175000.0,178000.0,168500.0,164000.0,175250.0,154950.0,163800.0,157950.0,157000.0,165000.0,163900.0,175000.0,186000.0,165750.0,159450.0,155000.0,185000.0,164000.0,147950.0,152000.0,172900.0,168000.0,188850.0,179950.0,180000.0,179500.0,163000.0,160000.0,174950.0,195000.0,159000.0,167000.0,183000.0,182000.0,178000.0,190000.0,173250.0,164000.0,164000.0,167000.0,185000.0,165000.0,168250.0,172000.0,161500.0,168750.0,189000.0,183250.0,164500.0,168000.0,169900.0,159900.0,184900.0,158000.0,193500.0,172950.0,176000.0,160950.0,173950.0,187000.0,188000.0,189000.0,204000.0,173200.0,195000.0,160000.0,180000.0,161750.0,164950.0,181750.0,194900.0,204000.0,189950.0,195000.0,179950.0,190662.0,183000.0,181750.0,178000.0,180000.0,192000.0,193000.0,205000.0,188500.0,211000.0,205000.0,185900.0,190575.0,210500.0,189000.0,192000.0,203500.0,164000.0,220000.0,229000.0,229450.0,211900.0,203000.0,215000.0,218250.0,189000.0,229000.0,202500.0,194000.0,205000.0,204250.0,230000.0,235000.0,235375.0,235000.0,220000.0,233221.0,215000.0,222500.0,216450.0,196000.0,226000.0,207500.0,220000.0,245000.0,259000.0,253944.0,242100.0,238500.0,239950.0,270000.0,211000.0,230000.0,240500.0,248000.0,261000.0,290000.0,277000.0,255216.0,267000.0,247450.0,246674.0
394728,323,"Jonesboro, AR",msa,AR,78250.0,95000.0,94150.0,79000.0,109000.0,94850.0,84000.0,87000.0,79250.0,83000.0,81500.0,72000.0,95000.0,96750.0,96500.0,90000.0,108800.0,100000.0,110000.0,100000.0,95000.0,103000.0,89000.0,72750.0,102950.0,104000.0,91000.0,112500.0,98500.0,100000.0,104000.0,116000.0,94000.0,91500.0,89000.0,103500.0,87450.0,97500.0,87900.0,111000.0,99950.0,109900.0,109500.0,95739.0,111500.0,99950.0,106000.0,84250.0,99000.0,112750.0,98000.0,95000.0,105950.0,128500.0,115000.0,114000.0,112950.0,107500.0,120000.0,94863.0,116500.0,110000.0,94900.0,105000.0,123984.0,124000.0,124450.0,106000.0,111300.0,136500.0,83000.0,81250.0,100000.0,120000.0,104500.0,114900.0,121000.0,100000.0,124500.0,123000.0,118950.0,126000.0,123000.0,106450.0,126500.0,116500.0,134000.0,118000.0,140750.0,135000.0,131500.0,116250.0,122350.0,120000.0,110000.0,124000.0,119250.0,129000.0,116500.0,135450.0,139950.0,135000.0,137000.0,130750.0,130000.0,143000.0,129000.0,135000.0,127450.0,145000.0,124950.0,132000.0,139500.0,134000.0,139200.0,116450.0,135000.0,125500.0,131000.0,144000.0,129000.0,145900.0,149250.0,129900.0,154000.0,142000.0,145000.0,136000.0,138000.0,134000.0,137289.0,130000.0,130000.0,139000.0,140000.0,145000.0,149450.0,155000.0,155000.0,145000.0,141750.0,147725.0,132500.0,141000.0,150000.0,140500.0,149900.0,157500.0,150200.0,155000.0,159900.0,160000.0,156000.0,159900.0,162000.0,155000.0,161500.0,169450.0,164000.0,185000.0,180937.0,179000.0,188000.0,176525.0,180000.0,180000.0,184925.0,179950.0,185000.0,197450.0,205000.0,205000.0,193250.0,189500.0,178700.0,170000.0,191500.0,189500.0,173000.0,161500.0,178000.0,200000.0,214900.0,189950.0,210000.0,200000.0,174900.0,197900.0,175000.0,202450.0,194000.0,165000.0,187000.0,199450.0,199000.0,198000.0,190000.0,199900.0,190000.0,190000.0,197000.0,200000.0,180000.0,202450.0,199085.0,205767.0,192000.0,210000.0,219200.0,214250.0,209900.0,213000.0,204000.0,224332.0
394390,324,"Bismarck, ND",msa,ND,152950.0,142000.0,139500.0,139900.0,140000.0,141500.0,139921.0,151500.0,160950.0,154500.0,144450.0,131900.0,165000.0,149500.0,156500.0,154900.0,164000.0,154950.0,142000.0,146778.0,137000.0,136500.0,159000.0,141969.0,155000.0,146000.0,163000.0,156900.0,159950.0,152000.0,159000.0,157000.0,150950.0,147000.0,137450.0,165700.0,148000.0,143000.0,157250.0,171000.0,159900.0,172000.0,153000.0,157450.0,154000.0,168000.0,147900.0,150500.0,159000.0,151500.0,146900.0,175000.0,185500.0,192000.0,176000.0,184000.0,185000.0,170000.0,185500.0,175000.0,200000.0,179000.0,176000.0,193900.0,188000.0,212400.0,205450.0,203900.0,200000.0,209000.0,206000.0,191900.0,224750.0,208500.0,184100.0,211500.0,208000.0,222000.0,222000.0,207000.0,220000.0,210000.0,218000.0,221796.0,220000.0,229900.0,224950.0,221500.0,245000.0,244000.0,237159.0,229900.0,229900.0,239900.0,219900.0,199000.0,233400.0,239198.0,228500.0,259900.0,240000.0,237275.0,224900.0,242500.0,243000.0,219950.0,234990.0,237000.0,235000.0,215000.0,245000.0,240000.0,245000.0,232000.0,247400.0,249500.0,239950.0,235000.0,214900.0,245000.0,227250.0,243000.0,238000.0,254700.0,251000.0,253950.0,260000.0,231950.0,222250.0,228250.0,208450.0,245000.0,225000.0,254900.0,234900.0,250000.0,246000.0,265000.0,249900.0,230950.0,236000.0,249450.0,249900.0,253700.0,240000.0,253000.0,230000.0,240000.0,270000.0,274900.0,249900.0,247500.0,247000.0,269950.0,249950.0,253900.0,246500.0,249900.0,257325.0,261900.0,259100.0,275000.0,284950.0,255000.0,255000.0,251000.0,269900.0,252000.0,253950.0,245000.0,299500.0,295000.0,264900.0,250000.0,276175.0,290500.0,276630.0,264900.0,273200.0,225000.0,267600.0,269450.0,269000.0,270000.0,279900.0,312000.0,270000.0,327450.0,264500.0,300000.0,269000.0,260000.0,270000.0,310000.0,305000.0,270000.0,295000.0,299000.0,335500.0,295750.0,306250.0,315000.0,310000.0,308350.0,305000.0,287500.0,332500.0,325000.0,339450.0,327900.0,333250.0,347400.0,318000.0,327218.0
394983,326,"Pittsfield, MA",msa,MA,242500.0,173500.0,220000.0,208500.0,195000.0,187000.0,185400.0,178500.0,180000.0,180000.0,191000.0,146500.0,180147.0,182625.0,164500.0,165000.0,180000.0,170000.0,198000.0,165000.0,162000.0,163750.0,167000.0,166250.0,165901.0,182250.0,175000.0,174850.0,194750.0,176500.0,180000.0,180000.0,175000.0,175000.0,207500.0,161000.0,168500.0,180000.0,176000.0,178250.0,197235.0,168500.0,180750.0,180000.0,176900.0,151000.0,159000.0,150000.0,155000.0,162450.0,148737.0,161000.0,166500.0,194000.0,175000.0,176000.0,162450.0,165000.0,204500.0,170000.0,176000.0,165000.0,157500.0,170000.0,170500.0,176500.0,175000.0,210000.0,177500.0,169000.0,173550.0,172000.0,189325.0,164000.0,170000.0,179500.0,169450.0,180000.0,185000.0,163000.0,175000.0,181000.0,192000.0,162500.0,171600.0,171000.0,165000.0,181500.0,207600.0,200000.0,190000.0,180000.0,189000.0,195900.0,178250.0,156110.0,190250.0,161250.0,175000.0,190450.0,203500.0,179250.0,183500.0,193250.0,180000.0,189500.0,179000.0,190750.0,190500.0,179900.0,205500.0,216750.0,193000.0,190000.0,220200.0,200000.0,200000.0,182700.0,180000.0,190000.0,225000.0,195000.0,176250.0,182000.0,215000.0,210000.0,228450.0,215000.0,198000.0,200000.0,185000.0,186437.0,177000.0,220000.0,210000.0,215000.0,223350.0,199900.0,217000.0,262000.0,220000.0,215000.0,230000.0,221000.0,192500.0,220000.0,235000.0,192000.0,255000.0,285000.0,269000.0,297000.0,277002.0,287000.0,258500.0,234900.0,198700.0,265000.0,305000.0,262500.0,315000.0,256500.0,267450.0,295000.0,285500.0,286500.0,300000.0,305000.0,257700.0,295125.0,332500.0,281250.0,307500.0,310000.0,300000.0,300000.0,380000.0,295250.0,300000.0,302000.0,305000.0,255500.0,300000.0,347000.0,325000.0,351500.0,365000.0,336000.0,362950.0,331010.0,300000.0,315000.0,323750.0,277500.0,345000.0,324000.0,340000.0,354000.0,341000.0,324750.0,349000.0,339950.0,378250.0,348500.0,320000.0,370250.0,355500.0,319000.0,349900.0,339900.0,387500.0,410000.0,392000.0,373267.0
395153,329,"The Villages, FL",msa,FL,190000.0,194500.0,195000.0,187000.0,194450.0,185000.0,180000.0,169950.0,172500.0,168500.0,160000.0,166750.0,158500.0,179800.0,162500.0,180500.0,175000.0,170000.0,159500.0,172250.0,169900.0,164500.0,170139.0,181950.0,165600.0,170500.0,171450.0,164500.0,185000.0,166000.0,183000.0,170000.0,175760.0,185000.0,165000.0,177000.0,165000.0,172500.0,174000.0,167000.0,176550.0,170000.0,182000.0,170000.0,180000.0,165000.0,171750.0,179050.0,177000.0,166101.0,173000.0,170000.0,182000.0,184000.0,161000.0,175000.0,170700.0,185000.0,176700.0,185000.0,182000.0,180000.0,185000.0,189500.0,191000.0,202000.0,195000.0,200000.0,197500.0,184900.0,213000.0,245497.0,212500.0,217000.0,207750.0,228900.0,220000.0,208000.0,225000.0,220000.0,213900.0,221000.0,221500.0,238500.0,223000.0,229900.0,229900.0,230000.0,220000.0,218000.0,223000.0,215000.0,220000.0,230000.0,235000.0,238750.0,225000.0,219900.0,228450.0,233900.0,239000.0,228750.0,230000.0,233500.0,243425.0,235000.0,232500.0,243950.0,244900.0,235000.0,237250.0,230000.0,237250.0,235000.0,231950.0,234450.0,240000.0,244500.0,242500.0,250000.0,260000.0,263750.0,244950.0,255000.0,252500.0,262500.0,242000.0,250000.0,252000.0,250500.0,273000.0,241000.0,265000.0,266000.0,265000.0,269900.0,260000.0,254500.0,286000.0,278400.0,269200.0,269000.0,286000.0,276500.0,289000.0,280000.0,274000.0,273000.0,260000.0,265950.0,286000.0,287499.0,278000.0,283000.0,284000.0,280000.0,285000.0,280000.0,289950.0,295750.0,309900.0,310000.0,320000.0,333000.0,349900.0,349942.0,344950.0,350000.0,380000.0,385000.0,385000.0,399900.0,400000.0,415000.0,399000.0,419950.0,395000.0,397450.0,391250.0,385000.0,399950.0,400000.0,384900.0,390000.0,380000.0,380000.0,379950.0,413703.0,409487.0,390000.0,390000.0,361500.0,396950.0,399900.0,387000.0,400000.0,380000.0,388000.0,389000.0,380000.0,392500.0,390000.0,400000.0,405000.0,389500.0,390000.0,390000.0,372450.0,375000.0,385000.0,385000.0,395000.0,366000.0,397948.0
394633,331,"Glens Falls, NY",msa,NY,150000.0,155500.0,167250.0,149000.0,144500.0,155500.0,136000.0,144050.0,154500.0,140000.0,141250.0,137000.0,140000.0,120750.0,128000.0,139000.0,148400.0,149000.0,140000.0,150000.0,148900.0,139000.0,135000.0,129500.0,135000.0,126275.0,125000.0,155000.0,145000.0,135450.0,145913.0,145950.0,125000.0,140400.0,142500.0,130000.0,127650.0,132950.0,149900.0,159250.0,154500.0,161750.0,141000.0,131750.0,139000.0,146500.0,125570.0,160000.0,137500.0,130400.0,156000.0,151000.0,149000.0,161500.0,153937.0,154700.0,143520.0,142000.0,163700.0,137000.0,131950.0,139500.0,147331.0,150000.0,157500.0,141000.0,151020.0,150000.0,158075.0,155000.0,145000.0,131250.0,130000.0,150000.0,159000.0,150650.0,146825.0,148000.0,159000.0,154500.0,151950.0,154684.0,134500.0,153000.0,139500.0,131913.0,150000.0,160000.0,157250.0,155000.0,155000.0,154900.0,150750.0,152110.0,145000.0,145000.0,138657.0,140450.0,129000.0,160000.0,166345.0,155000.0,160000.0,160000.0,159900.0,147500.0,165000.0,130675.0,139037.0,149000.0,146174.0,162500.0,152800.0,164900.0,177000.0,143000.0,152000.0,150000.0,154600.0,146700.0,141750.0,157196.0,145110.0,164000.0,177500.0,164900.0,177000.0,174250.0,165900.0,174900.0,157300.0,153000.0,153250.0,167423.0,169600.0,185000.0,170000.0,196611.0,179900.0,184500.0,171491.0,166720.0,185000.0,185297.0,141000.0,169900.0,171500.0,193273.0,198000.0,196150.0,215000.0,207850.0,202500.0,204000.0,188500.0,220000.0,175000.0,191000.0,228500.0,192000.0,214000.0,202500.0,225000.0,239000.0,229950.0,235000.0,205000.0,225000.0,226600.0,210000.0,200000.0,260000.0,239500.0,250000.0,257000.0,245500.0,240000.0,285431.0,240750.0,216000.0,226000.0,225000.0,220625.0,200000.0,230000.0,260000.0,240000.0,280000.0,275000.0,279000.0,256750.0,218000.0,242500.0,250000.0,281000.0,251000.0,255000.0,274900.0,268000.0,278000.0,269200.0,257500.0,258850.0,273250.0,264000.0,240000.0,285000.0,272000.0,285000.0,278409.0,275400.0,277000.0,279000.0,331921.0
394780,332,"Lawton, OK",msa,OK,86250.0,90000.0,88000.0,84500.0,83000.0,99000.0,85000.0,98000.0,85000.0,92500.0,75500.0,93400.0,80250.0,89000.0,87500.0,78500.0,96500.0,96500.0,94000.0,83500.0,96750.0,92500.0,99000.0,87500.0,108000.0,82500.0,80062.0,95000.0,92000.0,85000.0,95000.0,92400.0,110000.0,91750.0,87250.0,87000.0,89500.0,76500.0,84950.0,104250.0,96750.0,108750.0,122000.0,91500.0,78000.0,100000.0,80500.0,95000.0,78250.0,95250.0,104000.0,95500.0,102250.0,133750.0,104250.0,89750.0,104000.0,92000.0,109500.0,85000.0,86250.0,85000.0,92000.0,107000.0,108000.0,135000.0,97000.0,88500.0,99000.0,90000.0,108500.0,79250.0,74000.0,75000.0,111000.0,124900.0,115000.0,111000.0,113700.0,92400.0,114950.0,87000.0,91500.0,90000.0,66250.0,76500.0,84900.0,91450.0,106950.0,101200.0,102500.0,105000.0,99450.0,97466.0,110000.0,67187.0,77250.0,83000.0,93000.0,94000.0,86000.0,97500.0,86313.0,100000.0,101500.0,84000.0,92000.0,89750.0,70000.0,88250.0,96200.0,114000.0,78950.0,89000.0,99000.0,115000.0,107000.0,98500.0,94500.0,89900.0,102500.0,110750.0,105000.0,114500.0,130750.0,119500.0,134250.0,85500.0,99000.0,101000.0,125000.0,96000.0,110000.0,120000.0,107250.0,125000.0,147500.0,124000.0,135000.0,128250.0,122500.0,112500.0,115000.0,127500.0,112250.0,125500.0,110000.0,141500.0,151500.0,140000.0,134000.0,132500.0,134250.0,126250.0,128000.0,115000.0,134750.0,125000.0,120000.0,130000.0,128250.0,135000.0,140000.0,131000.0,137500.0,145000.0,125000.0,107450.0,128000.0,136000.0,125000.0,135000.0,150000.0,161250.0,135000.0,149500.0,121500.0,135000.0,135000.0,112000.0,141500.0,130000.0,139900.0,150000.0,155000.0,157750.0,149000.0,137000.0,123000.0,139000.0,132500.0,139700.0,117000.0,145000.0,144250.0,152500.0,152500.0,139000.0,155000.0,170000.0,152000.0,130000.0,132500.0,134750.0,150000.0,145000.0,161500.0,130000.0,185000.0,175500.0,150000.0,171000.0,150000.0,159280.0
395098,335,"Sierra Vista, AZ",msa,AZ,163500.0,174500.0,155000.0,157500.0,160000.0,175000.0,179000.0,148500.0,140000.0,131000.0,130000.0,148200.0,135000.0,176000.0,159900.0,156950.0,186950.0,161885.0,178000.0,165500.0,163500.0,153500.0,155000.0,144000.0,139900.0,146000.0,154000.0,143750.0,155250.0,135000.0,155000.0,145000.0,129750.0,119950.0,132250.0,135750.0,120000.0,105000.0,124500.0,141000.0,136500.0,144000.0,138888.0,124000.0,135000.0,138900.0,138000.0,97450.0,105523.0,117000.0,100500.0,122900.0,140000.0,130000.0,111000.0,130000.0,111081.0,125000.0,124500.0,112300.0,97500.0,117750.0,135000.0,120900.0,135000.0,118000.0,121500.0,119746.0,103900.0,120000.0,103500.0,107200.0,112565.0,126500.0,135250.0,113500.0,114450.0,119950.0,108000.0,126000.0,100000.0,101000.0,120000.0,97500.0,105000.0,122500.0,110000.0,125000.0,124000.0,121000.0,137500.0,125000.0,134900.0,124000.0,135500.0,120000.0,126500.0,115000.0,118000.0,124000.0,135389.0,134000.0,148950.0,119750.0,115000.0,122000.0,138500.0,130000.0,129450.0,120000.0,145000.0,144500.0,127250.0,139000.0,140000.0,129000.0,130000.0,150750.0,135000.0,129687.0,140000.0,140000.0,150000.0,148000.0,155000.0,162000.0,162665.0,160000.0,149950.0,156450.0,162000.0,159000.0,142500.0,151500.0,162950.0,178950.0,175000.0,179000.0,166750.0,179900.0,148000.0,174500.0,167000.0,163000.0,157000.0,177750.0,182500.0,173100.0,184000.0,182500.0,189450.0,187750.0,205000.0,202500.0,185000.0,182000.0,189950.0,190000.0,197000.0,203250.0,218535.0,225000.0,200000.0,201000.0,221000.0,237000.0,230000.0,230000.0,216000.0,245000.0,243500.0,241875.0,242000.0,240000.0,245000.0,259500.0,235900.0,235000.0,227500.0,249750.0,230000.0,225500.0,250000.0,252500.0,255000.0,254500.0,265000.0,232500.0,230000.0,250000.0,229000.0,247000.0,265000.0,250000.0,272250.0,250000.0,250000.0,265000.0,250000.0,265000.0,239900.0,275000.0,265000.0,266500.0,240000.0,267250.0,257000.0,269000.0,282000.0,270500.0,264250.0,298000.0,265000.0,260301.0
395128,338,"Staunton, VA",msa,VA,165000.0,189500.0,165000.0,166450.0,169900.0,189450.0,173450.0,150000.0,155000.0,176500.0,162500.0,162000.0,143500.0,162900.0,167000.0,141300.0,161500.0,168000.0,168000.0,174500.0,161500.0,144000.0,150000.0,132300.0,150000.0,159000.0,160000.0,158500.0,150000.0,158950.0,162000.0,150500.0,158000.0,144950.0,139750.0,132000.0,135000.0,137000.0,149700.0,141450.0,145000.0,155500.0,149900.0,136250.0,150000.0,144000.0,130000.0,132500.0,147500.0,123900.0,163500.0,156950.0,145000.0,156850.0,159000.0,158000.0,149736.0,162500.0,130750.0,147750.0,145000.0,149000.0,149800.0,165000.0,144450.0,160000.0,155050.0,135500.0,148000.0,153750.0,170000.0,136250.0,147000.0,137700.0,147250.0,167000.0,158950.0,174000.0,154395.0,156000.0,158000.0,165795.0,146800.0,139900.0,153750.0,147950.0,145000.0,149700.0,189700.0,175000.0,165000.0,161750.0,166000.0,155000.0,150000.0,174000.0,159000.0,142500.0,164000.0,156000.0,172500.0,176600.0,156750.0,157000.0,180500.0,170000.0,169950.0,148662.0,165000.0,159900.0,164000.0,168450.0,185000.0,175450.0,169000.0,167850.0,170000.0,162800.0,169925.0,171000.0,169900.0,175000.0,177500.0,185501.0,179000.0,183000.0,189900.0,194750.0,173500.0,175000.0,180750.0,183950.0,160000.0,175000.0,192750.0,180000.0,189000.0,205000.0,181500.0,205750.0,199900.0,175600.0,180000.0,165500.0,188000.0,179900.0,208950.0,195000.0,220000.0,225000.0,227000.0,226300.0,242250.0,208000.0,225000.0,218250.0,216250.0,211000.0,223950.0,233300.0,240000.0,250000.0,234444.0,255000.0,239950.0,235000.0,239450.0,264900.0,226500.0,271000.0,250000.0,259000.0,268000.0,268000.0,279000.0,239450.0,291500.0,265000.0,265000.0,253500.0,230000.0,250000.0,262500.0,280000.0,327450.0,299450.0,275000.0,258425.0,254000.0,273000.0,250000.0,250000.0,250000.0,260000.0,270000.0,300000.0,291500.0,290000.0,290000.0,318750.0,279200.0,315000.0,287950.0,261750.0,280000.0,278444.0,295000.0,310000.0,317000.0,300000.0,305520.0,310000.0,324950.0,329595.0
394353,339,"Augusta, ME",msa,ME,137500.0,131747.0,134000.0,135800.0,129700.0,139400.0,147000.0,128500.0,118000.0,148250.0,125000.0,107500.0,117900.0,106250.0,121500.0,126500.0,125750.0,132000.0,125000.0,118000.0,129100.0,124200.0,116000.0,110000.0,105000.0,119000.0,123000.0,140000.0,115000.0,136000.0,135000.0,109800.0,131000.0,115000.0,123450.0,119000.0,82500.0,131000.0,115150.0,130000.0,139200.0,134000.0,128950.0,128250.0,122300.0,123500.0,115000.0,130000.0,121000.0,142750.0,120000.0,134500.0,120000.0,124000.0,136450.0,135000.0,130000.0,135000.0,121000.0,114000.0,100250.0,100000.0,99950.0,124500.0,130050.0,137500.0,134750.0,136500.0,144500.0,122450.0,128500.0,112500.0,102500.0,130000.0,128000.0,140300.0,136900.0,126000.0,131650.0,140000.0,130000.0,115250.0,146750.0,121500.0,90000.0,119950.0,110750.0,134300.0,139000.0,142500.0,155000.0,135000.0,142000.0,129950.0,129950.0,117000.0,121000.0,127000.0,133750.0,124700.0,140000.0,145000.0,135000.0,149000.0,130000.0,142000.0,133000.0,136900.0,112000.0,135000.0,141650.0,139900.0,138900.0,145500.0,162500.0,147500.0,145000.0,142500.0,153150.0,130000.0,142500.0,149500.0,145000.0,157000.0,162250.0,155000.0,165000.0,149850.0,161500.0,155000.0,154450.0,161750.0,146450.0,138000.0,139500.0,167500.0,169000.0,168500.0,185500.0,169900.0,166550.0,170000.0,165500.0,164000.0,155500.0,173500.0,175000.0,174500.0,191000.0,200000.0,205075.0,199000.0,205750.0,202750.0,207500.0,208750.0,185000.0,200000.0,238400.0,227250.0,252000.0,244000.0,255400.0,245000.0,250000.0,224000.0,239900.0,225000.0,225000.0,228000.0,260946.0,283750.0,280000.0,290000.0,269500.0,259900.0,255000.0,243000.0,250000.0,238000.0,260000.0,268900.0,305000.0,299500.0,303750.0,319000.0,291000.0,290000.0,315000.0,288500.0,262500.0,288450.0,297000.0,299000.0,280000.0,315000.0,330000.0,299500.0,300000.0,325000.0,325000.0,313500.0,340000.0,282000.0,300000.0,311500.0,337500.0,312454.0,317500.0,325000.0,330000.0,325000.0,325000.0,309233.0
394905,341,"New Bern, NC",msa,NC,152950.0,145500.0,158500.0,155250.0,175750.0,160000.0,171000.0,145000.0,146500.0,141000.0,153000.0,152500.0,163000.0,153000.0,143000.0,139500.0,165000.0,171000.0,135000.0,142750.0,150000.0,150000.0,137000.0,179000.0,152500.0,129000.0,149000.0,148000.0,173000.0,159000.0,169000.0,145000.0,146475.0,140000.0,145000.0,140000.0,128500.0,127000.0,137000.0,146500.0,159000.0,133725.0,149000.0,153750.0,130000.0,130000.0,132500.0,131500.0,139000.0,140000.0,139500.0,142950.0,141500.0,142000.0,135000.0,142000.0,136500.0,134199.0,110000.0,141500.0,97873.0,127500.0,125000.0,139500.0,152000.0,140500.0,139900.0,134000.0,145000.0,135000.0,148000.0,129000.0,119875.0,110000.0,143500.0,146250.0,157000.0,143000.0,150000.0,137750.0,132000.0,137500.0,136500.0,136250.0,129000.0,136750.0,143428.0,152500.0,146200.0,159500.0,150000.0,139900.0,140000.0,145000.0,145000.0,126000.0,128500.0,149375.0,142000.0,146000.0,161000.0,160000.0,160000.0,160000.0,150000.0,164000.0,159900.0,142500.0,141000.0,140000.0,140000.0,159000.0,167500.0,158000.0,155000.0,152500.0,151000.0,145000.0,150000.0,147500.0,163000.0,153000.0,145500.0,158000.0,155350.0,160000.0,165000.0,150000.0,164000.0,144000.0,126500.0,123000.0,145000.0,149000.0,161000.0,172850.0,175000.0,170000.0,159250.0,165000.0,165500.0,167500.0,160000.0,153000.0,175000.0,175000.0,170000.0,165000.0,172000.0,188750.0,180000.0,177750.0,179000.0,180000.0,198000.0,186500.0,187000.0,198000.0,194000.0,215000.0,208000.0,216000.0,220250.0,205000.0,190750.0,215000.0,231000.0,216500.0,207000.0,220500.0,225000.0,232000.0,247250.0,238000.0,240500.0,256500.0,251990.0,250000.0,241000.0,241500.0,236250.0,239000.0,270000.0,233000.0,276000.0,249000.0,268500.0,260250.0,250000.0,257000.0,277000.0,269500.0,266500.0,283250.0,272000.0,290000.0,289000.0,285000.0,295000.0,275000.0,261250.0,295000.0,257500.0,275000.0,250000.0,285000.0,278500.0,271500.0,293750.0,279000.0,272000.0,281500.0,280000.0,264616.0
395054,344,"San Angelo, TX",msa,TX,,,,,,,,,,,,,,,,,,,,,,,,,,,,,,,,,,,,,,,,,,,,,,,,,,,,,,,,,,,,,,,,,,,,,,,,,,,,,,,,,,,,,,,,,,,,,,,,,,,,,,,,,,,,,,,,,,,,,,,,,,,,,,,,,,,,,,,,,,,,,,,,,,,,,,,,,,,,,,,,,,,,,,,,,197500.0,222500.0,228000.0,230000.0,243000.0,245500.0,235800.0,242000.0,239000.0,222500.0,215000.0,215000.0,235000.0,235000.0,215000.0,231250.0,250000.0,237000.0,259900.0,240000.0,240000.0,234400.0,280000.0,220000.0,248500.0,235000.0,218000.0,260100.0,246000.0,265000.0,271000.0,244000.0,228950.0,265000.0,227000.0,215000.0,228729.0,255000.0,250000.0,245000.0,252675.0,255000.0,257662.0,250000.0,262500.0,241484.0
394949,346,"Owensboro, KY",msa,KY,,,,,,,,,,,,,,,,,,,,,,,,,,,,,,,,,,,,,,,,,,,,,,,,,,,,,,,97000.0,83000.0,93000.0,112500.0,125000.0,84250.0,116500.0,102600.0,108000.0,97000.0,108725.0,111000.0,110500.0,105500.0,99000.0,115000.0,97750.0,89900.0,107750.0,102500.0,107000.0,124000.0,115000.0,123000.0,118250.0,100000.0,123000.0,117500.0,118500.0,98750.0,100000.0,118000.0,119900.0,134900.0,122000.0,118000.0,115000.0,127000.0,130950.0,124500.0,118000.0,127000.0,125000.0,114000.0,121500.0,134900.0,128500.0,134700.0,123750.0,131400.0,129950.0,130000.0,110000.0,144900.0,138000.0,124250.0,122000.0,135500.0,144900.0,132950.0,125900.0,136400.0,129900.0,124450.0,123000.0,134000.0,120000.0,123500.0,143950.0,134000.0,144450.0,133500.0,140000.0,139950.0,142250.0,134950.0,138700.0,137000.0,146500.0,128000.0,144900.0,146650.0,165000.0,145000.0,140750.0,147900.0,142000.0,140250.0,159900.0,150000.0,152000.0,150000.0,166000.0,155000.0,136250.0,156500.0,157500.0,160000.0,150000.0,159950.0,154000.0,157900.0,175000.0,165000.0,165325.0,194850.0,169750.0,175000.0,181450.0,185380.0,182000.0,183750.0,159950.0,170750.0,177000.0,180500.0,179000.0,190750.0,185000.0,189500.0,210000.0,212900.0,219900.0,195000.0,179450.0,185000.0,180000.0,199950.0,192000.0,196605.0,189900.0,214250.0,210000.0,203500.0,209000.0,190000.0,174450.0,188000.0,210000.0,235000.0,225000.0,211000.0,199750.0,215000.0,180000.0,213000.0,207500.0,190500.0,204300.0,216750.0,210000.0,205000.0,200000.0,190000.0,229450.0,250000.0,226750.0,227400.0,240000.0,215165.0
753890,347,"Holland, MI",msa,MI,115000.0,120000.0,115000.0,117000.0,120000.0,120950.0,112000.0,114500.0,110000.0,101850.0,88000.0,100000.0,85000.0,75000.0,80000.0,85000.0,102000.0,94000.0,87500.0,98500.0,105664.0,104900.0,94950.0,81825.0,72000.0,85000.0,105500.0,110000.0,109000.0,120000.0,101500.0,98450.0,113900.0,100000.0,101200.0,93500.0,83000.0,84450.0,82000.0,100000.0,85000.0,99000.0,97000.0,106000.0,95750.0,97232.0,99000.0,79450.0,92500.0,105450.0,112000.0,95750.0,112250.0,127750.0,123000.0,119500.0,103000.0,136583.0,113900.0,107500.0,90500.0,99450.0,111750.0,121000.0,125000.0,148000.0,129325.0,120250.0,124000.0,119250.0,113950.0,140000.0,130999.0,120000.0,135000.0,133000.0,129900.0,132500.0,140250.0,132500.0,118000.0,130000.0,127700.0,119500.0,110500.0,135000.0,137000.0,136500.0,141400.0,142561.0,137000.0,136900.0,140000.0,138900.0,125000.0,127700.0,134900.0,135000.0,147000.0,155000.0,158400.0,165000.0,142000.0,158002.0,159000.0,150500.0,146000.0,135000.0,157673.0,145000.0,180000.0,155000.0,174900.0,158297.0,179700.0,175000.0,185000.0,167375.0,155000.0,174450.0,165000.0,169900.0,171780.0,165000.0,185000.0,165000.0,195000.0,180250.0,175000.0,154000.0,178000.0,167500.0,170000.0,160000.0,194000.0,175000.0,206500.0,190000.0,185000.0,190052.0,188500.0,179950.0,180000.0,181500.0,217875.0,198600.0,200000.0,206000.0,220000.0,236000.0,225000.0,239900.0,242000.0,238500.0,211332.0,195250.0,232500.0,228832.0,239750.0,230000.0,230000.0,263000.0,252580.0,247000.0,257950.0,278250.0,265000.0,253900.0,264000.0,267000.0,301800.0,270000.0,285000.0,278500.0,270000.0,285000.0,296100.0,295000.0,250000.0,220000.0,230000.0,272000.0,282250.0,280000.0,300000.0,274450.0,280000.0,250000.0,299450.0,299900.0,266800.0,262300.0,260000.0,305000.0,299999.0,302500.0,319400.0,322500.0,302500.0,310000.0,292500.0,280000.0,275900.0,322500.0,320000.0,300000.0,312500.0,327500.0,300000.0,350000.0,334500.0,345000.0,322450.0,324592.0
394635,350,"Goldsboro, NC",msa,NC,108500.0,116000.0,126750.0,139000.0,147000.0,130000.0,125000.0,125000.0,135500.0,107500.0,115500.0,139250.0,121250.0,131000.0,115500.0,156500.0,134000.0,130000.0,140000.0,110000.0,117750.0,131500.0,100000.0,120000.0,123000.0,122000.0,110000.0,131000.0,110000.0,138500.0,130000.0,121500.0,90412.0,79500.0,112250.0,124000.0,110000.0,88000.0,134500.0,144250.0,117500.0,112000.0,132000.0,97250.0,70000.0,110500.0,107750.0,142000.0,115500.0,87500.0,115000.0,117000.0,125000.0,110000.0,135500.0,130000.0,115500.0,145500.0,85550.0,111000.0,109000.0,94250.0,72000.0,120000.0,116500.0,147000.0,134939.0,115000.0,82000.0,93500.0,89000.0,128450.0,98000.0,116000.0,105000.0,125000.0,132000.0,112000.0,109100.0,115000.0,107000.0,118500.0,94000.0,124000.0,119000.0,116000.0,129500.0,154000.0,115500.0,120000.0,142000.0,132000.0,119900.0,138500.0,157500.0,125000.0,119000.0,110000.0,128000.0,136000.0,160000.0,132000.0,152500.0,123625.0,132500.0,136500.0,121500.0,138500.0,149000.0,135000.0,149000.0,134500.0,126500.0,153500.0,157950.0,148500.0,133250.0,145000.0,112500.0,132500.0,125000.0,150000.0,129250.0,134000.0,146000.0,154000.0,155000.0,139000.0,139000.0,152000.0,134875.0,120000.0,136500.0,139250.0,140000.0,159000.0,160000.0,155000.0,151000.0,144500.0,160000.0,143500.0,152000.0,121500.0,150000.0,150000.0,155000.0,153000.0,160000.0,155000.0,160000.0,150500.0,128000.0,165000.0,144500.0,158000.0,157000.0,153500.0,174950.0,175000.0,190000.0,200000.0,190000.0,185500.0,175000.0,185000.0,163000.0,168000.0,182525.0,190500.0,200000.0,197500.0,235000.0,197000.0,210000.0,210000.0,210000.0,195000.0,180500.0,174000.0,205000.0,200000.0,205000.0,195000.0,200000.0,188750.0,185000.0,210000.0,221000.0,188750.0,190000.0,210000.0,210000.0,219000.0,172000.0,232500.0,225000.0,190000.0,240000.0,230000.0,228000.0,250000.0,188750.0,202500.0,246000.0,240000.0,228750.0,240000.0,233000.0,225000.0,237500.0,210500.0,227500.0,194883.0
753872,361,"California, MD",msa,MD,274844.0,240000.0,273000.0,284000.0,274900.0,300000.0,279900.0,255000.0,272260.0,218000.0,231212.0,230000.0,249900.0,250000.0,240000.0,270000.0,251000.0,255000.0,278000.0,250000.0,240750.0,270000.0,229000.0,225500.0,225000.0,242500.0,241900.0,235000.0,226000.0,260500.0,264750.0,233335.0,255000.0,240000.0,219893.0,230000.0,214950.0,210500.0,225000.0,249000.0,234000.0,258000.0,248000.0,227500.0,233000.0,230000.0,254900.0,208500.0,225000.0,220000.0,240000.0,255000.0,248375.0,272000.0,248000.0,271450.0,232500.0,245000.0,245000.0,233000.0,259000.0,235850.0,234000.0,240000.0,255000.0,270000.0,254900.0,231299.0,241500.0,241000.0,249000.0,222000.0,224500.0,265000.0,219950.0,258590.0,260560.0,278000.0,255250.0,237200.0,264000.0,203500.0,244250.0,218500.0,260965.0,218000.0,199900.0,215000.0,242650.0,245000.0,249900.0,186250.0,227250.0,229500.0,248500.0,222725.0,200000.0,235000.0,254000.0,249000.0,255000.0,264500.0,253250.0,249000.0,246250.0,240000.0,240950.0,230000.0,242500.0,227250.0,245000.0,270000.0,275000.0,271950.0,275000.0,267000.0,280000.0,275000.0,255510.0,262950.0,264500.0,250000.0,279900.0,285000.0,264900.0,275000.0,279999.0,275000.0,270750.0,259900.0,258000.0,268000.0,259000.0,269900.0,265500.0,279000.0,279000.0,305000.0,284900.0,278000.0,285200.0,258450.0,270000.0,285000.0,284950.0,295000.0,308500.0,294000.0,308500.0,320000.0,305000.0,314900.0,320000.0,326000.0,320000.0,299980.0,295000.0,307250.0,325500.0,329500.0,325000.0,359000.0,330000.0,330000.0,350000.0,345000.0,338350.0,314500.0,330000.0,330000.0,365000.0,357000.0,367500.0,383500.0,376250.0,350000.0,345000.0,335450.0,339500.0,330000.0,355000.0,361500.0,350000.0,375000.0,375000.0,399000.0,400000.0,370000.0,355000.0,355000.0,388950.0,350000.0,349950.0,359000.0,388450.0,400500.0,375795.0,410000.0,388750.0,407500.0,396000.0,395000.0,400000.0,407450.0,376500.0,387680.0,405000.0,417000.0,427000.0,439950.0,400000.0,395000.0,422750.0,418989.0
394893,364,"Muncie, IN",msa,IN,73900.0,56900.0,81500.0,91500.0,95262.0,87373.0,92750.0,69900.0,82401.0,80000.0,57900.0,74739.0,58200.0,49625.0,94000.0,85500.0,90000.0,97900.0,95000.0,73500.0,82000.0,76000.0,90000.0,49000.0,69250.0,65343.0,85386.0,78900.0,84000.0,78900.0,82500.0,57500.0,83900.0,71400.0,80950.0,67500.0,33500.0,88037.0,87000.0,77525.0,84250.0,85500.0,78000.0,97729.0,70000.0,88500.0,81200.0,65013.0,97900.0,73528.0,81000.0,85000.0,87500.0,93000.0,94900.0,90000.0,84000.0,74076.0,83500.0,72000.0,56455.0,64900.0,75000.0,105450.0,99900.0,83000.0,85000.0,91500.0,80000.0,78226.0,72000.0,64000.0,69450.0,85000.0,82000.0,80500.0,88400.0,84523.0,87500.0,82900.0,83500.0,82000.0,68196.0,70000.0,77100.0,91250.0,82250.0,93500.0,105000.0,94750.0,88000.0,85450.0,74950.0,77900.0,76761.0,79900.0,68500.0,84950.0,83750.0,99427.0,90250.0,96450.0,103000.0,94631.0,96338.0,96500.0,93250.0,76621.0,69550.0,83950.0,108200.0,94400.0,92700.0,99900.0,99900.0,94000.0,83400.0,95900.0,110000.0,94768.0,90825.0,90000.0,90500.0,101000.0,113832.0,108500.0,92000.0,98000.0,91509.0,89566.0,97482.0,93500.0,100000.0,94750.0,95572.0,110000.0,109900.0,113500.0,106500.0,111981.0,124900.0,106012.0,97500.0,116740.0,111259.0,119900.0,121200.0,105000.0,121754.0,119000.0,114700.0,117500.0,115750.0,109151.0,108336.0,111500.0,105500.0,104000.0,115000.0,121700.0,141424.0,126739.0,134900.0,125000.0,140000.0,116023.0,128359.0,114950.0,117721.0,124450.0,123500.0,134950.0,144577.0,133000.0,145000.0,140000.0,149900.0,130350.0,125000.0,134950.0,140500.0,130950.0,139900.0,154500.0,175000.0,144327.0,154000.0,165447.0,158500.0,141000.0,125000.0,130000.0,154500.0,170000.0,139250.0,148000.0,163250.0,170000.0,148000.0,152254.0,160100.0,169750.0,155000.0,127000.0,151000.0,164000.0,144250.0,151458.0,162148.0,164950.0,179000.0,166000.0,165900.0,183700.0
395168,374,"Tullahoma, TN",msa,TN,79950.0,94900.0,99250.0,98250.0,113500.0,88500.0,95000.0,101000.0,87210.0,80550.0,93750.0,99450.0,101071.0,87500.0,94000.0,94000.0,115000.0,105000.0,94500.0,87421.0,97000.0,93750.0,86250.0,76000.0,95000.0,87450.0,86500.0,113000.0,89900.0,83200.0,125500.0,103200.0,102250.0,101900.0,95000.0,94676.0,107500.0,89400.0,109500.0,86500.0,96000.0,92000.0,87500.0,90000.0,109990.0,88500.0,75000.0,67700.0,86500.0,84000.0,112000.0,94000.0,84500.0,89350.0,76400.0,99950.0,92950.0,94080.0,83500.0,85000.0,85000.0,94500.0,97900.0,88000.0,85700.0,87000.0,99500.0,95500.0,80000.0,88950.0,89250.0,80000.0,92250.0,104050.0,97295.0,97700.0,105200.0,107000.0,107950.0,92800.0,99250.0,108000.0,99000.0,97962.0,109500.0,127000.0,117000.0,114350.0,100950.0,122500.0,100000.0,104000.0,107000.0,113000.0,104500.0,108450.0,107000.0,102250.0,115000.0,129900.0,118750.0,125000.0,128000.0,123500.0,132000.0,124950.0,119900.0,122000.0,111700.0,117500.0,120500.0,129000.0,134500.0,135000.0,135000.0,137250.0,147750.0,136600.0,123000.0,140000.0,144000.0,134000.0,142000.0,153000.0,146000.0,151900.0,150000.0,141600.0,153000.0,157500.0,146900.0,131000.0,139999.0,146500.0,142500.0,155000.0,172700.0,148200.0,158950.0,155000.0,161500.0,169000.0,147900.0,161000.0,150000.0,161000.0,180000.0,175000.0,200000.0,189500.0,182450.0,185000.0,195000.0,189500.0,195000.0,179950.0,175000.0,185750.0,199900.0,200500.0,210000.0,212000.0,217950.0,230000.0,240000.0,222208.0,230000.0,224900.0,235000.0,229975.0,246023.0,250000.0,247750.0,235000.0,240000.0,239900.0,263550.0,245000.0,235000.0,208250.0,225800.0,240000.0,250000.0,270700.0,279900.0,289000.0,259950.0,262900.0,265000.0,257150.0,257450.0,245000.0,268950.0,280000.0,290000.0,305000.0,290000.0,310000.0,284000.0,282000.0,283500.0,270000.0,303000.0,295900.0,257500.0,294000.0,298000.0,284000.0,304000.0,285000.0,290000.0,280000.0,285500.0,276365.0
395222,375,"Whitewater, WI",msa,WI,192300.0,194300.0,190000.0,170500.0,175000.0,174000.0,170000.0,186100.0,182000.0,156250.0,185000.0,159700.0,152000.0,160000.0,166000.0,185000.0,180500.0,170000.0,174250.0,165000.0,162000.0,169450.0,160000.0,157500.0,165000.0,167000.0,163750.0,167450.0,166250.0,189950.0,166550.0,135500.0,169950.0,149000.0,188000.0,125000.0,134650.0,128500.0,146000.0,142000.0,141000.0,155750.0,156500.0,156950.0,142000.0,138750.0,125000.0,130940.0,121700.0,124000.0,147000.0,135750.0,155000.0,172000.0,151500.0,135000.0,149000.0,155000.0,142000.0,129000.0,126000.0,130000.0,160000.0,137750.0,162000.0,160000.0,160000.0,150000.0,166000.0,150000.0,153450.0,131300.0,164000.0,135000.0,155000.0,161500.0,164250.0,158750.0,154900.0,161250.0,159000.0,168000.0,138000.0,148000.0,169500.0,144500.0,165000.0,152400.0,175000.0,165000.0,150000.0,165750.0,154500.0,171862.0,160000.0,151000.0,146750.0,164250.0,184000.0,178000.0,179700.0,172000.0,191000.0,190000.0,183850.0,175000.0,173000.0,161500.0,172000.0,181000.0,199900.0,185000.0,191550.0,184900.0,177500.0,181000.0,171000.0,175500.0,202000.0,192000.0,195000.0,191500.0,190000.0,219500.0,190000.0,202500.0,210000.0,189900.0,210000.0,196500.0,172500.0,169250.0,184500.0,199900.0,198500.0,220000.0,225000.0,225000.0,225100.0,213000.0,229900.0,190000.0,209000.0,219000.0,239950.0,237750.0,219500.0,226000.0,229000.0,230000.0,239000.0,229000.0,237000.0,249000.0,217750.0,235000.0,230750.0,215000.0,249950.0,270500.0,265000.0,263900.0,280000.0,265000.0,275000.0,255000.0,275000.0,275000.0,225000.0,272850.0,280000.0,291900.0,277500.0,325000.0,290000.0,292500.0,270450.0,288450.0,275500.0,270000.0,299900.0,300000.0,277300.0,306250.0,325000.0,298000.0,290000.0,337000.0,329050.0,298400.0,299900.0,283500.0,303000.0,340000.0,350000.0,390550.0,329000.0,325000.0,345000.0,323750.0,346250.0,304000.0,317000.0,299950.0,334000.0,377500.0,340000.0,342500.0,351750.0,382000.0,408500.0,340000.0,330000.0,335313.0
394524,378,"Decatur, IL",msa,IL,74500.0,77500.0,85000.0,76000.0,93000.0,80000.0,90000.0,86750.0,74500.0,74000.0,69000.0,80750.0,48000.0,78000.0,79000.0,82500.0,105000.0,660000.0,650000.0,417500.0,77750.0,78500.0,116250.0,62900.0,69000.0,72500.0,131000.0,602500.0,251000.0,87500.0,96500.0,80000.0,66000.0,162000.0,435000.0,90000.0,65000.0,90000.0,81500.0,93000.0,81000.0,89500.0,80000.0,92500.0,82000.0,81000.0,80000.0,81700.0,65000.0,102000.0,83750.0,104250.0,89250.0,84950.0,86250.0,83500.0,74000.0,86500.0,83000.0,82000.0,70000.0,70000.0,71500.0,86750.0,90000.0,95000.0,87000.0,80500.0,81500.0,70000.0,74250.0,67000.0,67583.0,74250.0,79000.0,97000.0,87500.0,96250.0,92750.0,90000.0,86000.0,91000.0,91750.0,75000.0,79000.0,85450.0,78000.0,103000.0,108900.0,105000.0,94000.0,85000.0,79750.0,76500.0,76250.0,77000.0,94000.0,81000.0,83500.0,90000.0,89000.0,86500.0,94000.0,89000.0,85000.0,96000.0,78000.0,83000.0,82250.0,90000.0,110500.0,89900.0,105000.0,88000.0,83000.0,80000.0,103500.0,86450.0,84000.0,70000.0,69750.0,89250.0,93750.0,88000.0,105000.0,106500.0,98500.0,87250.0,88000.0,81900.0,77500.0,77750.0,70250.0,91250.0,93000.0,105000.0,98500.0,107500.0,96500.0,99000.0,84000.0,118500.0,84000.0,98750.0,72000.0,81500.0,101500.0,95000.0,105625.0,110750.0,104000.0,107000.0,95000.0,84000.0,97000.0,86500.0,94500.0,86500.0,101750.0,107000.0,106000.0,115000.0,112750.0,111000.0,98750.0,104000.0,99000.0,103000.0,82000.0,98500.0,110000.0,115000.0,130000.0,105000.0,125000.0,117737.0,105000.0,119250.0,123500.0,82000.0,92250.0,104000.0,117000.0,130000.0,126000.0,115500.0,125000.0,100000.0,111500.0,109500.0,101250.0,105500.0,111000.0,97500.0,120000.0,110000.0,116500.0,126000.0,101000.0,119000.0,106000.0,100000.0,90000.0,120000.0,99250.0,130000.0,115000.0,120000.0,121750.0,131300.0,126250.0,121500.0,134000.0,119450.0
394733,384,"Kalispell, MT",msa,MT,226000.0,248000.0,192937.0,212000.0,238000.0,250000.0,243000.0,235000.0,220000.0,245500.0,199950.0,184000.0,193770.0,191000.0,199900.0,180000.0,199000.0,229500.0,231000.0,195000.0,191000.0,190000.0,236250.0,210000.0,185000.0,186500.0,182441.0,205000.0,197500.0,207500.0,210000.0,234750.0,185000.0,185000.0,192500.0,190000.0,250000.0,175000.0,190850.0,210000.0,180000.0,165500.0,176000.0,178450.0,159000.0,150000.0,178300.0,176000.0,182000.0,163254.0,197500.0,181750.0,190400.0,176000.0,210000.0,189000.0,175000.0,187500.0,181750.0,166500.0,160380.0,219000.0,186000.0,192500.0,216500.0,207000.0,220000.0,229950.0,207000.0,187500.0,205750.0,198000.0,167000.0,224000.0,197500.0,184685.0,213000.0,228000.0,246250.0,239500.0,223750.0,227950.0,217000.0,206000.0,260000.0,225000.0,211500.0,236500.0,239000.0,221000.0,246000.0,251500.0,200000.0,265000.0,255800.0,232000.0,255000.0,241000.0,252500.0,232750.0,240000.0,280000.0,250000.0,261000.0,236000.0,258000.0,235000.0,250000.0,251000.0,275000.0,275000.0,248500.0,260000.0,285000.0,289000.0,264950.0,285000.0,275000.0,257500.0,278500.0,260750.0,277583.0,279000.0,300000.0,315000.0,304500.0,322536.0,279500.0,304000.0,330000.0,324750.0,312000.0,299000.0,320000.0,312000.0,337925.0,334776.0,331000.0,306000.0,350033.0,343500.0,307000.0,335000.0,318228.0,348000.0,324210.0,329500.0,345088.0,325000.0,376360.0,415000.0,420000.0,425000.0,432950.0,385000.0,396075.0,425000.0,484000.0,512500.0,505000.0,510000.0,490000.0,544334.0,530000.0,515000.0,500000.0,589009.0,515000.0,549500.0,575000.0,630000.0,637500.0,657500.0,574000.0,555000.0,537500.0,550000.0,542500.0,552000.0,532000.0,565000.0,570000.0,530000.0,580000.0,614950.0,575000.0,580000.0,588000.0,610000.0,597500.0,628000.0,549198.0,598000.0,525000.0,613125.0,785550.0,674000.0,618620.0,574500.0,624519.0,559498.0,625000.0,580000.0,630000.0,635000.0,673742.0,637000.0,630000.0,613000.0,603500.0,652500.0,685000.0,602000.0,633338.0
395166,389,"Truckee, CA",msa,CA,392000.0,412500.0,415000.0,355000.0,400000.0,360000.0,397000.0,375000.0,355000.0,350000.0,330500.0,340000.0,291250.0,320000.0,315000.0,342000.0,340000.0,315000.0,325000.0,350000.0,316000.0,320000.0,340000.0,271000.0,306500.0,298500.0,289500.0,275000.0,287500.0,282500.0,322500.0,330000.0,275000.0,307500.0,252500.0,229500.0,240000.0,235000.0,219000.0,264000.0,253000.0,257500.0,237500.0,255000.0,239000.0,285000.0,257000.0,230750.0,220000.0,250000.0,217150.0,248500.0,275000.0,270000.0,250000.0,260000.0,250000.0,265000.0,279250.0,248000.0,259000.0,279750.0,288250.0,294500.0,270000.0,305000.0,337500.0,315000.0,324250.0,332000.0,319500.0,281250.0,310000.0,342000.0,315000.0,307500.0,330000.0,310000.0,330000.0,346000.0,320000.0,350000.0,320000.0,349000.0,319000.0,330000.0,340000.0,360000.0,360000.0,338500.0,337500.0,349500.0,344250.0,355000.0,357500.0,350000.0,360000.0,380000.0,347500.0,370000.0,370000.0,371250.0,374500.0,380000.0,398500.0,367000.0,366000.0,392500.0,390000.0,380000.0,430000.0,410750.0,400000.0,396500.0,424000.0,420000.0,429000.0,443500.0,415000.0,405000.0,400000.0,439000.0,440500.0,432000.0,469000.0,461250.0,467000.0,482500.0,460000.0,455000.0,422000.0,412272.0,450000.0,428000.0,460000.0,427250.0,445000.0,452000.0,465000.0,426500.0,485000.0,460000.0,435000.0,415000.0,431000.0,439500.0,460000.0,439000.0,475000.0,553000.0,522000.0,565000.0,560000.0,550000.0,524750.0,535000.0,543750.0,580500.0,558500.0,600000.0,599000.0,650000.0,637000.0,650000.0,552500.0,625750.0,560000.0,577000.0,575000.0,585000.0,640000.0,597000.0,635000.0,615000.0,600000.0,625000.0,565000.0,600000.0,595000.0,493000.0,525000.0,540500.0,551000.0,577000.0,611000.0,625000.0,590000.0,597500.0,629500.0,622000.0,610000.0,565000.0,563000.0,525000.0,620000.0,575000.0,680000.0,699500.0,625000.0,675000.0,569500.0,590000.0,582000.0,525000.0,558000.0,585000.0,599500.0,622000.0,613000.0,575000.0,647000.0,605000.0,610000.0,595281.0
394462,391,"Cheyenne, WY",msa,WY,163000.0,168700.0,167950.0,172000.0,165000.0,162000.0,169900.0,169925.0,153000.0,152500.0,160750.0,145250.0,155000.0,175000.0,164900.0,188250.0,169950.0,176500.0,170000.0,162600.0,163000.0,150000.0,157000.0,165750.0,173600.0,165000.0,175000.0,174000.0,168400.0,165000.0,179000.0,162000.0,166500.0,159000.0,171500.0,159500.0,170000.0,158700.0,164450.0,168005.0,176000.0,167500.0,183000.0,169900.0,170000.0,165000.0,164000.0,148000.0,165000.0,179950.0,166000.0,194750.0,180200.0,172500.0,180000.0,185000.0,180000.0,179500.0,165500.0,185000.0,171000.0,183500.0,177500.0,175000.0,192000.0,196547.0,178250.0,184950.0,169000.0,169450.0,180000.0,175000.0,179450.0,187000.0,178250.0,189950.0,195000.0,189950.0,205000.0,205000.0,190000.0,188900.0,206000.0,182000.0,196500.0,207000.0,208192.0,200355.0,219000.0,206192.0,199200.0,195000.0,202450.0,205000.0,192500.0,209900.0,189900.0,198894.0,200000.0,214900.0,216000.0,206250.0,220000.0,212450.0,226900.0,214500.0,210000.0,215000.0,206000.0,210000.0,220000.0,231220.0,218000.0,225000.0,241000.0,231500.0,229500.0,229500.0,231500.0,240000.0,218950.0,230000.0,237500.0,255000.0,245000.0,245000.0,242000.0,255000.0,234000.0,235000.0,248000.0,240000.0,240000.0,245000.0,250000.0,250000.0,265000.0,258900.0,260000.0,270000.0,265000.0,257500.0,259900.0,254000.0,270000.0,270953.0,275025.0,275000.0,269900.0,285000.0,298000.0,277000.0,279950.0,294000.0,278500.0,275000.0,274000.0,290000.0,315604.0,292000.0,308750.0,325000.0,333720.0,340000.0,330000.0,326500.0,315000.0,325000.0,319000.0,347500.0,351750.0,360000.0,364000.0,353069.0,345000.0,349250.0,322500.0,355000.0,323011.0,332500.0,348281.0,325000.0,339800.0,351060.0,365000.0,377500.0,350000.0,355000.0,365000.0,338000.0,342000.0,334340.0,345000.0,352500.0,343080.0,374900.0,390000.0,377500.0,362500.0,370000.0,350000.0,350000.0,360000.0,346000.0,356500.0,361500.0,359900.0,365000.0,393000.0,392000.0,390000.0,385000.0,409000.0,392263.0
394689,392,"Hot Springs, AR",msa,AR,93000.0,113000.0,102500.0,132000.0,125000.0,125000.0,110000.0,134500.0,115000.0,123000.0,96000.0,93000.0,101000.0,113500.0,108000.0,108000.0,115000.0,126500.0,130000.0,117000.0,118075.0,115000.0,121000.0,117000.0,97000.0,131000.0,120000.0,126000.0,144000.0,130000.0,141750.0,139000.0,135000.0,135500.0,125000.0,107000.0,125000.0,125000.0,128500.0,134624.0,116000.0,125000.0,150000.0,115000.0,115500.0,130000.0,127000.0,116000.0,102000.0,125000.0,132500.0,141500.0,122000.0,128000.0,144000.0,170000.0,126500.0,135000.0,140500.0,90500.0,110000.0,116000.0,132500.0,146500.0,152500.0,151500.0,135500.0,130000.0,135000.0,124700.0,120000.0,134000.0,113750.0,119900.0,93000.0,132000.0,139950.0,135125.0,125000.0,125000.0,96000.0,100250.0,113000.0,122250.0,119500.0,125000.0,106137.0,139950.0,120500.0,141375.0,127000.0,131065.0,119000.0,125950.0,110000.0,134750.0,128500.0,120000.0,133250.0,132250.0,138750.0,129879.0,140750.0,119000.0,135000.0,129000.0,129000.0,130000.0,103500.0,125500.0,125000.0,140000.0,142000.0,137000.0,143700.0,139900.0,150000.0,153000.0,127750.0,138000.0,127000.0,130000.0,142000.0,145000.0,157500.0,155000.0,152750.0,147500.0,135500.0,158500.0,138500.0,125000.0,150000.0,156250.0,136000.0,167000.0,164000.0,172000.0,157500.0,152000.0,156750.0,184000.0,143000.0,157000.0,158000.0,149900.0,150000.0,179500.0,172750.0,170000.0,193350.0,214500.0,200000.0,177000.0,185000.0,197400.0,196000.0,208500.0,223000.0,217000.0,221000.0,205000.0,236000.0,207910.0,235000.0,200000.0,240000.0,214750.0,249250.0,237450.0,235000.0,242000.0,255000.0,255000.0,260000.0,239000.0,241500.0,217000.0,226500.0,217000.0,242500.0,235000.0,240000.0,253500.0,259750.0,248750.0,250000.0,230000.0,245000.0,282450.0,237500.0,221250.0,230000.0,252000.0,260000.0,250000.0,244000.0,246950.0,259000.0,270000.0,230000.0,251390.0,282500.0,250000.0,278450.0,247500.0,260000.0,288000.0,275000.0,250000.0,275000.0,258500.0,280000.0,251901.0
394302,393,"Adrian, MI",msa,MI,85000.0,96950.0,95850.0,74750.0,93250.0,89000.0,99950.0,88278.0,104500.0,68900.0,77450.0,63500.0,77000.0,70000.0,46250.0,70500.0,68700.0,68000.0,90000.0,80000.0,74200.0,95700.0,70000.0,77200.0,60000.0,61000.0,67700.0,77500.0,70000.0,65000.0,65000.0,68900.0,67000.0,71175.0,65500.0,65000.0,75000.0,64150.0,53000.0,57000.0,72750.0,71000.0,72250.0,70000.0,84900.0,49900.0,77750.0,57000.0,64450.0,52000.0,87000.0,75000.0,86500.0,90000.0,86250.0,69900.0,83500.0,74122.0,66000.0,84084.0,63000.0,85000.0,78250.0,86000.0,115000.0,80000.0,100750.0,103500.0,98000.0,94000.0,90000.0,80000.0,82000.0,70890.0,102900.0,102500.0,115000.0,91500.0,103500.0,92000.0,96000.0,109000.0,88450.0,82000.0,79500.0,100000.0,95000.0,110000.0,118250.0,124950.0,107750.0,118000.0,121500.0,125000.0,126000.0,104250.0,113500.0,112500.0,113000.0,124000.0,134500.0,120000.0,118923.0,131200.0,120000.0,123825.0,124900.0,115000.0,118950.0,125000.0,129900.0,130000.0,139000.0,145000.0,137500.0,135000.0,125000.0,119450.0,136750.0,119900.0,131450.0,131500.0,131000.0,140000.0,133750.0,140000.0,141700.0,132000.0,131250.0,135000.0,138500.0,134000.0,139900.0,140450.0,155000.0,160000.0,146000.0,140100.0,142500.0,145000.0,137990.0,155000.0,143250.0,125000.0,136000.0,149900.0,149500.0,157950.0,154000.0,164500.0,162500.0,152000.0,154000.0,155500.0,161000.0,140000.0,152000.0,161000.0,161425.0,165000.0,176900.0,167000.0,170000.0,175000.0,175000.0,187500.0,161000.0,175000.0,168000.0,161625.0,210000.0,187500.0,220000.0,177950.0,199900.0,207000.0,180000.0,182000.0,189950.0,160000.0,174000.0,172500.0,189000.0,175000.0,230000.0,218800.0,191000.0,201000.0,185000.0,166000.0,179220.0,182000.0,195000.0,215000.0,192950.0,229900.0,194950.0,210000.0,205000.0,210000.0,212500.0,215000.0,204950.0,199900.0,210450.0,192000.0,210000.0,215000.0,250500.0,220000.0,216500.0,255450.0,230000.0,214202.0
753912,398,"Pinehurst, NC",msa,NC,175000.0,184500.0,178750.0,247500.0,210000.0,197750.0,205000.0,173000.0,187000.0,157500.0,164250.0,225000.0,189500.0,180000.0,206000.0,203000.0,195000.0,203000.0,176000.0,211000.0,162000.0,186225.0,191500.0,200500.0,210000.0,180000.0,197000.0,187500.0,218000.0,227500.0,175500.0,200000.0,176500.0,181000.0,194500.0,211000.0,165000.0,209000.0,185500.0,210000.0,220000.0,182000.0,204000.0,200000.0,175000.0,170750.0,178000.0,185000.0,179000.0,185000.0,162500.0,220000.0,233000.0,168000.0,190000.0,207000.0,189750.0,230000.0,190000.0,181000.0,185000.0,189000.0,177000.0,209000.0,205599.0,215000.0,194000.0,214000.0,187500.0,200000.0,221250.0,200000.0,193000.0,154000.0,177000.0,185000.0,197500.0,222500.0,201000.0,183000.0,180000.0,200000.0,193250.0,206500.0,205500.0,187500.0,195750.0,220250.0,237000.0,215000.0,226000.0,200000.0,209000.0,208500.0,200000.0,232700.0,185000.0,209250.0,201250.0,225000.0,230000.0,222750.0,203000.0,202500.0,215000.0,212500.0,203750.0,197000.0,225000.0,230000.0,223750.0,233000.0,245000.0,247450.0,235000.0,223000.0,222250.0,219000.0,189000.0,223750.0,226000.0,234000.0,225000.0,235000.0,235000.0,242000.0,240000.0,232500.0,220000.0,251250.0,229500.0,243000.0,230000.0,214500.0,237500.0,265000.0,270000.0,258500.0,259000.0,270000.0,254000.0,242000.0,239000.0,245000.0,258800.0,252000.0,292000.0,285000.0,287500.0,282750.0,285000.0,291500.0,278000.0,297500.0,287000.0,305000.0,275000.0,299500.0,315000.0,325000.0,345000.0,325000.0,336000.0,335000.0,309500.0,321000.0,330000.0,350000.0,322250.0,353500.0,387500.0,425000.0,397000.0,390000.0,383000.0,394500.0,375000.0,372000.0,370000.0,355000.0,373000.0,372500.0,400000.0,440625.0,403500.0,428000.0,381753.0,427000.0,410000.0,380000.0,397000.0,415000.0,420000.0,458000.0,455000.0,474000.0,428000.0,435000.0,460000.0,436000.0,465000.0,485000.0,407000.0,442000.0,393000.0,460000.0,441750.0,450000.0,420500.0,458000.0,416000.0,424000.0,417500.0,444149.0
395086,402,"Sevierville, TN",msa,TN,134950.0,150650.0,153534.0,149105.0,157000.0,140000.0,141000.0,139787.0,135760.0,147200.0,156000.0,143130.0,150000.0,153000.0,145000.0,135000.0,135000.0,135000.0,116000.0,139750.0,145000.0,124000.0,130250.0,135000.0,136000.0,146000.0,141600.0,150000.0,140000.0,148750.0,125950.0,132500.0,135500.0,147250.0,139000.0,151750.0,144900.0,150000.0,136000.0,149900.0,123125.0,140000.0,140593.0,130000.0,125500.0,142250.0,120000.0,122960.0,120000.0,125000.0,124311.0,140000.0,126000.0,107000.0,134000.0,135000.0,130000.0,142500.0,125000.0,131900.0,136685.0,134000.0,128500.0,135000.0,130000.0,139900.0,139000.0,133000.0,140000.0,145000.0,133250.0,140000.0,139000.0,144000.0,135000.0,126000.0,138500.0,141375.0,142500.0,149000.0,143550.0,138000.0,143100.0,145000.0,143500.0,150000.0,153000.0,155000.0,153000.0,156000.0,147250.0,149500.0,150000.0,156000.0,151250.0,157375.0,150000.0,175000.0,162900.0,167500.0,165000.0,157000.0,164000.0,161500.0,164950.0,161000.0,167000.0,179000.0,171000.0,172000.0,179900.0,163000.0,183125.0,180500.0,180000.0,174500.0,184000.0,195000.0,179000.0,193500.0,196762.0,220000.0,188500.0,225000.0,195000.0,197500.0,215000.0,199900.0,200000.0,225000.0,200000.0,205950.0,205000.0,210750.0,222500.0,229000.0,224900.0,224900.0,234000.0,223950.0,234200.0,244900.0,229950.0,255000.0,255000.0,260000.0,237500.0,229000.0,252250.0,256000.0,269000.0,275000.0,299900.0,289000.0,287000.0,315000.0,331000.0,330000.0,349900.0,378000.0,391000.0,392500.0,377750.0,417000.0,485000.0,439900.0,445000.0,457000.0,500355.0,462000.0,480000.0,490000.0,435000.0,435000.0,410000.0,439950.0,444500.0,405000.0,500000.0,467500.0,465000.0,432500.0,400000.0,397350.0,395000.0,400000.0,390000.0,350000.0,389000.0,417500.0,412500.0,425000.0,420000.0,368000.0,425000.0,415000.0,437500.0,402000.0,388500.0,417950.0,375000.0,408500.0,440000.0,454950.0,396200.0,459000.0,445000.0,445000.0,422500.0,387500.0,450000.0,457500.0,475000.0,436264.0
394410,408,"Brainerd, MN",msa,MN,135200.0,118825.0,158500.0,146000.0,135950.0,140200.0,148835.0,138750.0,134500.0,139500.0,109650.0,121450.0,107000.0,121000.0,113000.0,118750.0,123450.0,132500.0,130000.0,137850.0,139000.0,127500.0,110250.0,120850.0,115000.0,93500.0,141000.0,139500.0,139000.0,144000.0,145000.0,138375.0,147000.0,118750.0,127500.0,93500.0,140760.0,127500.0,128500.0,126900.0,111400.0,141250.0,136000.0,135000.0,149000.0,141450.0,115050.0,99250.0,115000.0,128100.0,142000.0,143410.0,150500.0,145000.0,157500.0,151250.0,150000.0,157250.0,140000.0,131000.0,128500.0,141000.0,150000.0,168450.0,196000.0,154450.0,166250.0,157500.0,161500.0,140500.0,151450.0,129500.0,118500.0,144950.0,156000.0,155000.0,175000.0,158500.0,175750.0,162000.0,140500.0,146900.0,133925.0,155000.0,121900.0,153000.0,167500.0,174200.0,181000.0,161500.0,168657.0,161400.0,170850.0,172250.0,139000.0,175000.0,160000.0,153888.0,174384.0,166250.0,175000.0,192000.0,212000.0,184900.0,182000.0,163500.0,166500.0,177000.0,185000.0,144500.0,175000.0,187500.0,201250.0,184750.0,185250.0,194000.0,193000.0,181250.0,175000.0,170000.0,179900.0,181700.0,187000.0,215500.0,216667.0,199950.0,209000.0,198500.0,206500.0,219000.0,183000.0,162000.0,187000.0,190250.0,191500.0,218000.0,220400.0,225400.0,209000.0,217025.0,239450.0,222500.0,174900.0,175100.0,177500.0,185500.0,219900.0,239500.0,245000.0,249900.0,259000.0,250000.0,275000.0,250000.0,231000.0,220000.0,215000.0,235000.0,258000.0,275000.0,276250.0,269950.0,270000.0,285000.0,285000.0,260000.0,265000.0,190000.0,221750.0,265000.0,280500.0,310000.0,315000.0,330000.0,349900.0,311250.0,318000.0,284825.0,243750.0,264750.0,262500.0,267400.0,300000.0,325000.0,355000.0,347500.0,345000.0,337500.0,370000.0,321000.0,288000.0,270000.0,279900.0,260000.0,370000.0,376250.0,379250.0,350000.0,331500.0,389900.0,375000.0,357303.0,356750.0,342500.0,300000.0,314950.0,360000.0,379900.0,375000.0,380500.0,405000.0,402050.0,391900.0,384794.0
394928,410,"Ocean City, NJ",msa,NJ,365500.0,395000.0,420000.0,380000.0,402450.0,340500.0,297500.0,339250.0,361250.0,359000.0,355000.0,337500.0,300000.0,351120.0,335000.0,325000.0,331000.0,297500.0,299900.0,334000.0,332000.0,322500.0,330000.0,350000.0,382500.0,352500.0,324250.0,331000.0,335000.0,315772.0,330000.0,319750.0,325000.0,350000.0,345000.0,369900.0,370000.0,385000.0,382125.0,341250.0,323446.0,352915.0,340000.0,340000.0,330000.0,300000.0,341840.0,352000.0,320500.0,355000.0,343750.0,369500.0,345000.0,340000.0,324000.0,365000.0,346000.0,337500.0,359500.0,360000.0,276000.0,360000.0,313000.0,345000.0,315000.0,300000.0,289500.0,370000.0,306000.0,317500.0,337750.0,350000.0,403500.0,370000.0,347550.0,384000.0,341250.0,326000.0,309000.0,370000.0,380000.0,348281.0,352500.0,358750.0,350000.0,350000.0,345000.0,355000.0,328700.0,295000.0,325000.0,355000.0,364500.0,301500.0,355000.0,365000.0,310000.0,320000.0,304900.0,340000.0,290000.0,290000.0,285750.0,367500.0,345000.0,281250.0,350000.0,357500.0,288000.0,328750.0,334000.0,338000.0,295000.0,295250.0,310000.0,332500.0,355000.0,360000.0,379000.0,368800.0,279000.0,375000.0,375000.0,330000.0,285000.0,315000.0,335000.0,415000.0,375000.0,353750.0,339900.0,326250.0,315000.0,350000.0,345000.0,338500.0,317500.0,349500.0,335000.0,372000.0,413000.0,407900.0,417900.0,360000.0,394750.0,400000.0,397000.0,390000.0,363000.0,405000.0,425000.0,442076.0,517500.0,450000.0,451500.0,511000.0,481000.0,435000.0,510000.0,445000.0,432000.0,498500.0,464000.0,595000.0,550000.0,515000.0,525000.0,575000.0,460000.0,500000.0,533300.0,532000.0,527000.0,540000.0,479900.0,520000.0,620000.0,485000.0,492500.0,560000.0,525000.0,525500.0,575000.0,552250.0,525000.0,557000.0,547000.0,609375.0,602500.0,590000.0,650000.0,700000.0,610000.0,552000.0,620000.0,644000.0,557500.0,572500.0,595000.0,669000.0,700000.0,649500.0,627500.0,659900.0,752500.0,540000.0,680000.0,725000.0,610000.0,580000.0,660000.0,790000.0,875000.0,754473.0
394744,442,"Key West, FL",msa,FL,564000.0,540900.0,550000.0,427500.0,515000.0,415000.0,403000.0,380000.0,372450.0,320000.0,405000.0,400000.0,330000.0,390000.0,340000.0,331500.0,402500.0,317000.0,325000.0,330000.0,340000.0,355000.0,352000.0,333000.0,310000.0,340000.0,355000.0,366000.0,370000.0,347500.0,325000.0,299800.0,325000.0,338500.0,340000.0,292500.0,336950.0,350000.0,340000.0,350000.0,369500.0,350000.0,320000.0,337500.0,317400.0,290000.0,338500.0,300000.0,333750.0,351250.0,380000.0,350000.0,350000.0,335000.0,341500.0,344500.0,312500.0,330000.0,400000.0,317500.0,345000.0,350000.0,378000.0,355000.0,362500.0,377500.0,350000.0,344500.0,335000.0,393600.0,326100.0,395000.0,380000.0,380000.0,411750.0,410500.0,388750.0,354000.0,371633.0,390000.0,353950.0,386000.0,375000.0,420000.0,403500.0,450000.0,450000.0,480000.0,452500.0,391000.0,456800.0,420000.0,410000.0,425000.0,425000.0,510000.0,475500.0,559500.0,522500.0,481500.0,490000.0,507500.0,482500.0,450000.0,491000.0,490000.0,494500.0,550000.0,505000.0,499500.0,515000.0,492500.0,522500.0,530000.0,520000.0,450000.0,479500.0,420000.0,485000.0,534500.0,529000.0,499000.0,550000.0,490000.0,532000.0,540500.0,512500.0,558750.0,540000.0,527500.0,490000.0,570000.0,535000.0,580000.0,557500.0,550000.0,530000.0,510000.0,505000.0,562000.0,529000.0,536500.0,585500.0,570000.0,609500.0,586300.0,591000.0,615000.0,537500.0,635000.0,620000.0,615000.0,670000.0,635000.0,610000.0,675000.0,725000.0,702500.0,679000.0,719750.0,725000.0,700000.0,678500.0,699000.0,785000.0,750000.0,792500.0,812450.0,849000.0,840000.0,847500.0,947500.0,890000.0,865000.0,905000.0,762500.0,860000.0,836250.0,850000.0,925000.0,945000.0,915000.0,945000.0,1000000.0,889000.0,825000.0,900000.0,975000.0,1125000.0,975000.0,898000.0,1195000.0,970000.0,980000.0,992500.0,959000.0,922500.0,885000.0,817000.0,874500.0,902500.0,874500.0,1010000.0,1085000.0,1100000.0,1000000.0,925050.0,962500.0,935000.0,990000.0,975000.0,1000000.0,900000.0,942319.0
394674,467,"Heber, UT",msa,UT,519100.0,490000.0,472000.0,333000.0,428391.0,447000.0,510000.0,482500.0,393000.0,480000.0,420000.0,445000.0,416000.0,375000.0,373500.0,380750.0,418000.0,437000.0,410000.0,400000.0,356750.0,337500.0,350000.0,415250.0,450000.0,437000.0,470000.0,405000.0,393670.0,399999.0,461250.0,318389.0,315500.0,475000.0,300000.0,360000.0,330000.0,307500.0,385000.0,344000.0,360000.0,305000.0,350000.0,405175.0,315625.0,383000.0,328952.0,378750.0,388500.0,363025.0,456000.0,427500.0,435000.0,308750.0,317500.0,435000.0,405000.0,445000.0,387500.0,416000.0,477500.0,490000.0,427500.0,470000.0,361500.0,420500.0,411750.0,434000.0,415000.0,357500.0,399500.0,445000.0,587500.0,403000.0,373000.0,386000.0,385000.0,400000.0,445000.0,495500.0,390000.0,466250.0,371500.0,421000.0,572775.0,490000.0,517000.0,479000.0,533750.0,489500.0,420000.0,510000.0,435000.0,442500.0,508000.0,499250.0,650000.0,506000.0,560000.0,599000.0,510000.0,462500.0,465000.0,534500.0,465515.0,415000.0,433025.0,619000.0,575750.0,638000.0,573500.0,565000.0,553000.0,599000.0,519500.0,590000.0,542230.0,520000.0,572500.0,623000.0,573000.0,665000.0,564500.0,620000.0,639950.0,630000.0,550489.0,525000.0,640000.0,675000.0,545000.0,720000.0,773000.0,597500.0,745000.0,590000.0,560000.0,555000.0,624900.0,562500.0,690000.0,671500.0,600500.0,650000.0,664350.0,624900.0,661250.0,610000.0,665000.0,720000.0,759000.0,732500.0,870000.0,887000.0,833750.0,730229.0,660000.0,673329.0,850000.0,717500.0,765000.0,899000.0,825000.0,837330.0,845000.0,887500.0,912088.0,899000.0,952500.0,1042500.0,1170100.0,1072500.0,1056492.0,1100000.0,973590.0,900000.0,840000.0,927500.0,872659.0,1135000.0,1000000.0,984545.0,1140000.0,985000.0,1088033.0,985000.0,970000.0,1066072.0,1147200.0,1152500.0,1206820.0,1027500.0,1049975.0,1097500.0,1215000.0,1057500.0,1075000.0,1081072.0,1050000.0,1200000.0,1075000.0,976042.0,950000.0,1261000.0,1112126.0,1338662.0,1402356.0,1330000.0,1243750.0,1050000.0,1247500.0,1315000.0,1122500.0,1059266.0
394877,491,"Morehead City, NC",msa,NC,229000.0,240000.0,240000.0,238500.0,234750.0,226750.0,197500.0,205000.0,242500.0,256500.0,201500.0,199750.0,231000.0,237500.0,225000.0,280000.0,270000.0,231250.0,212000.0,225000.0,215000.0,178500.0,256950.0,188000.0,212500.0,241000.0,187450.0,205000.0,215250.0,220000.0,183500.0,201750.0,190000.0,225000.0,195000.0,205000.0,199000.0,200000.0,200000.0,231750.0,210000.0,190000.0,206500.0,225000.0,179000.0,202500.0,180000.0,227500.0,188750.0,229500.0,215000.0,221000.0,251000.0,236000.0,198000.0,191000.0,198000.0,190000.0,220000.0,191500.0,227250.0,165000.0,211500.0,202000.0,200000.0,223000.0,220000.0,200000.0,230000.0,230250.0,215000.0,221070.0,170500.0,233250.0,222500.0,224000.0,210750.0,194000.0,245000.0,225500.0,219000.0,225000.0,243000.0,200000.0,219000.0,228500.0,235000.0,238000.0,203000.0,202500.0,229000.0,202000.0,213500.0,217500.0,193000.0,210000.0,173250.0,203000.0,228250.0,252500.0,240000.0,215000.0,237000.0,235000.0,243500.0,190000.0,225000.0,230000.0,237750.0,250000.0,242500.0,244000.0,257000.0,243000.0,245000.0,235000.0,234500.0,252000.0,220000.0,225000.0,241250.0,283250.0,220000.0,233000.0,256000.0,254000.0,251000.0,220000.0,255000.0,266500.0,230000.0,228500.0,245000.0,268750.0,275000.0,265000.0,287500.0,275000.0,270000.0,252000.0,271250.0,232250.0,264000.0,251000.0,255000.0,240000.0,290000.0,249750.0,290000.0,300000.0,305000.0,280000.0,309000.0,345000.0,371250.0,330000.0,315000.0,315000.0,315000.0,350000.0,355000.0,330000.0,324000.0,339000.0,367500.0,325000.0,350000.0,357000.0,369000.0,360000.0,410000.0,400000.0,385000.0,420000.0,395000.0,400000.0,365000.0,425000.0,425000.0,317500.0,355000.0,440000.0,485000.0,392500.0,420000.0,418000.0,405000.0,450000.0,403500.0,434375.0,410000.0,459500.0,560000.0,502000.0,500000.0,424950.0,460000.0,445000.0,431250.0,449500.0,435000.0,440000.0,495000.0,450000.0,415000.0,515750.0,494500.0,453000.0,457000.0,416000.0,433000.0,485000.0,505000.0,423853.0
394759,519,"Laconia, NH",msa,NH,166500.0,185500.0,205000.0,184000.0,203850.0,207000.0,212000.0,257650.0,183000.0,167500.0,230000.0,167000.0,165500.0,150500.0,180000.0,150000.0,174750.0,154000.0,191300.0,157750.0,169900.0,174900.0,153500.0,192000.0,173500.0,173050.0,181500.0,146500.0,165500.0,177250.0,207450.0,179250.0,168900.0,169400.0,152500.0,154500.0,166000.0,152300.0,148000.0,175000.0,142000.0,180000.0,150000.0,155000.0,146500.0,172850.0,170000.0,156000.0,122000.0,136750.0,158500.0,175000.0,159000.0,150000.0,178000.0,166500.0,167650.0,155500.0,174000.0,146750.0,128000.0,156950.0,157000.0,156000.0,172500.0,180000.0,170000.0,169900.0,175500.0,169600.0,157400.0,193000.0,195000.0,160000.0,150000.0,170000.0,145000.0,180000.0,193200.0,180000.0,169750.0,173200.0,154300.0,182016.0,160466.0,185000.0,200000.0,174000.0,189966.0,211766.0,187000.0,206800.0,193766.0,172516.0,191166.0,179466.0,179000.0,186266.0,186533.0,190000.0,189933.0,210000.0,224250.0,226966.0,215000.0,190500.0,186000.0,191766.0,186433.0,195500.0,193000.0,213733.0,222266.0,190000.0,205533.0,215000.0,215000.0,210000.0,251500.0,182000.0,172466.0,227500.0,227466.0,207000.0,229000.0,229966.0,243966.0,247000.0,230000.0,219575.0,233000.0,215000.0,197750.0,235000.0,213000.0,260000.0,257500.0,247500.0,260000.0,267533.0,246500.0,260000.0,240000.0,250000.0,238750.0,240000.0,283000.0,262500.0,260000.0,273466.0,270000.0,317000.0,320000.0,300000.0,290262.0,270766.0,263500.0,265000.0,293933.0,334000.0,277000.0,340000.0,345000.0,347500.0,365000.0,350000.0,350000.0,310150.0,361000.0,389000.0,400000.0,370000.0,400000.0,410000.0,455000.0,405000.0,422500.0,485000.0,353000.0,314766.0,315000.0,375099.0,348000.0,420000.0,444500.0,450000.0,445000.0,422500.0,439900.0,410000.0,386500.0,394500.0,375000.0,464966.0,424000.0,485000.0,444500.0,525000.0,525000.0,479000.0,474366.0,485000.0,426850.0,474000.0,445000.0,450000.0,475000.0,453233.0,485000.0,452500.0,480000.0,510000.0,475500.0,513377.0
394629,520,"Georgetown, SC",msa,SC,257000.0,240133.0,199955.0,204900.0,259000.0,224900.0,183750.0,206000.0,179000.0,154000.0,271504.0,188000.0,222000.0,190000.0,140000.0,223000.0,240000.0,195000.0,207500.0,193500.0,195000.0,282500.0,185000.0,153000.0,207000.0,163000.0,200000.0,200000.0,192500.0,185000.0,164300.0,148000.0,190000.0,275000.0,145000.0,150000.0,139250.0,180000.0,187500.0,163500.0,202000.0,192000.0,200500.0,190000.0,177250.0,172000.0,159000.0,152450.0,239500.0,164000.0,202250.0,194500.0,190000.0,181000.0,172000.0,128500.0,166401.0,152500.0,158000.0,159000.0,166950.0,186250.0,211500.0,233000.0,177450.0,142500.0,166000.0,160000.0,139000.0,178750.0,170200.0,200000.0,170000.0,170500.0,180400.0,204000.0,159000.0,200000.0,179200.0,171750.0,182000.0,175200.0,170000.0,176000.0,180000.0,169500.0,185000.0,200000.0,197250.0,213500.0,189000.0,186000.0,207500.0,172225.0,246000.0,212500.0,181250.0,222000.0,176500.0,229000.0,220000.0,257300.0,182450.0,179000.0,158000.0,215000.0,190398.0,193000.0,220000.0,244000.0,217000.0,225000.0,235000.0,214900.0,231000.0,228000.0,245000.0,235000.0,236000.0,215000.0,200000.0,230000.0,274500.0,255000.0,230750.0,193750.0,236500.0,212500.0,235000.0,250000.0,230000.0,272000.0,235000.0,275000.0,260000.0,260000.0,273750.0,238500.0,255000.0,299000.0,240000.0,292500.0,298500.0,282000.0,259000.0,230000.0,273000.0,286000.0,361000.0,280500.0,310000.0,322000.0,299950.0,260000.0,261750.0,286500.0,320000.0,305000.0,367500.0,268263.0,340000.0,305000.0,275000.0,355000.0,350000.0,345000.0,335500.0,305000.0,300000.0,343500.0,327000.0,342000.0,333000.0,320000.0,325000.0,367250.0,335000.0,315000.0,363750.0,399500.0,273450.0,327500.0,342500.0,357475.0,443750.0,381250.0,448750.0,380000.0,378000.0,345000.0,360000.0,420000.0,425000.0,420000.0,395000.0,449000.0,375000.0,440000.0,380000.0,372000.0,480950.0,412450.0,375600.0,415000.0,380000.0,388750.0,385000.0,415900.0,427760.0,457250.0,387500.0,435000.0,402000.0,433042.0
394509,534,"Crossville, TN",msa,TN,116169.0,116500.0,95250.0,105000.0,104705.0,129900.0,101500.0,91000.0,107950.0,111000.0,95200.0,122922.0,110000.0,75682.0,105950.0,115000.0,114250.0,114900.0,126000.0,122500.0,89900.0,100000.0,107000.0,84525.0,102500.0,120072.0,103500.0,105331.0,144000.0,108500.0,95956.0,115000.0,109900.0,90000.0,112000.0,90500.0,119200.0,117250.0,110000.0,90000.0,101600.0,105000.0,110000.0,122000.0,106000.0,101500.0,115800.0,101000.0,91200.0,120000.0,102000.0,108500.0,99700.0,97500.0,98750.0,102000.0,110000.0,109650.0,114000.0,109500.0,90500.0,112250.0,114000.0,127000.0,114875.0,115000.0,113625.0,110000.0,130500.0,105000.0,93000.0,92000.0,77283.0,99500.0,100000.0,90000.0,135000.0,126000.0,118000.0,120875.0,122500.0,118000.0,110000.0,122000.0,94500.0,107000.0,126265.0,110000.0,112940.0,125000.0,118950.0,114350.0,114000.0,125775.0,101000.0,132000.0,113500.0,89000.0,117500.0,125750.0,120075.0,128950.0,125000.0,143100.0,122500.0,118500.0,125000.0,135000.0,130000.0,121000.0,128000.0,124500.0,151000.0,125000.0,135000.0,140388.0,137750.0,160000.0,144000.0,130000.0,139850.0,135900.0,132500.0,138750.0,172000.0,153500.0,152500.0,155500.0,144000.0,148500.0,141250.0,144900.0,129900.0,135000.0,169000.0,150000.0,180000.0,175000.0,155000.0,171200.0,150000.0,165000.0,156500.0,189000.0,156950.0,155000.0,165000.0,136000.0,157450.0,182000.0,195000.0,187250.0,215000.0,182000.0,179000.0,202950.0,230000.0,215000.0,194500.0,219950.0,226000.0,249000.0,215000.0,249900.0,250000.0,242500.0,255000.0,234000.0,260000.0,247950.0,265000.0,249500.0,270000.0,249000.0,250000.0,274000.0,300000.0,254950.0,270000.0,255000.0,249950.0,266000.0,265000.0,270000.0,275000.0,306000.0,245000.0,285000.0,254950.0,250000.0,257500.0,253500.0,215000.0,297250.0,305000.0,304900.0,317500.0,364900.0,267500.0,292450.0,325000.0,298000.0,315000.0,271000.0,252450.0,290000.0,320000.0,275000.0,327000.0,324500.0,265000.0,350000.0,297500.0,264445.0
394745,744,"Kill Devil Hills, NC",msa,NC,300000.0,305000.0,319000.0,325000.0,300000.0,342000.0,300000.0,300000.0,285000.0,293500.0,301000.0,287500.0,270000.0,279000.0,280000.0,245500.0,265000.0,255000.0,275000.0,261500.0,249000.0,277000.0,289000.0,310000.0,300250.0,299000.0,249450.0,283000.0,342500.0,252500.0,235000.0,255000.0,285000.0,285000.0,277500.0,260000.0,280000.0,265000.0,310000.0,275000.0,275000.0,236500.0,260000.0,285000.0,225000.0,229500.0,252000.0,266250.0,250000.0,260000.0,279900.0,277500.0,280000.0,214000.0,233000.0,217000.0,264000.0,285000.0,340500.0,289050.0,275000.0,275000.0,283000.0,265000.0,303750.0,262750.0,262500.0,240000.0,275000.0,275000.0,310000.0,265000.0,265000.0,265000.0,260000.0,277250.0,291950.0,205000.0,260000.0,288500.0,297000.0,267500.0,321000.0,298000.0,310000.0,278261.0,280250.0,262000.0,279000.0,259750.0,247000.0,240000.0,268000.0,321750.0,275000.0,295000.0,288000.0,285000.0,292000.0,274500.0,279000.0,275000.0,277250.0,289000.0,285000.0,303000.0,325000.0,290000.0,310250.0,310000.0,320000.0,288500.0,299950.0,299900.0,312000.0,290000.0,315750.0,306250.0,324000.0,270000.0,299000.0,318200.0,327000.0,315000.0,335000.0,302500.0,306250.0,279000.0,299200.0,325000.0,350000.0,301500.0,325000.0,306000.0,327500.0,317500.0,335000.0,308500.0,295500.0,292000.0,330000.0,359000.0,350000.0,335000.0,347500.0,324500.0,315000.0,340000.0,330000.0,355000.0,374900.0,407750.0,418000.0,425750.0,439000.0,410000.0,409950.0,469000.0,440000.0,459000.0,495000.0,452000.0,477000.0,465000.0,485000.0,432500.0,500500.0,492750.0,490000.0,577500.0,563000.0,575000.0,499000.0,569000.0,510000.0,586000.0,515000.0,545000.0,499750.0,549000.0,500000.0,535000.0,559000.0,522000.0,619000.0,590000.0,538000.0,586000.0,650000.0,605000.0,687000.0,618500.0,585000.0,575000.0,605000.0,645000.0,615000.0,610000.0,657000.0,607500.0,600000.0,535000.0,625000.0,650000.0,675000.0,605000.0,622500.0,632500.0,659000.0,580000.0,575000.0,650000.0,574000.0,601127.0
753871,811,"Breckenridge, CO",msa,CO,395000.0,454000.0,445000.0,410000.0,430000.0,357500.0,405000.0,472500.0,465000.0,383750.0,355000.0,400000.0,407500.0,422500.0,461000.0,508500.0,347000.0,396500.0,401000.0,395900.0,385000.0,375000.0,430000.0,304500.0,455310.0,447500.0,425000.0,595000.0,460000.0,391000.0,397000.0,390750.0,375000.0,341450.0,350000.0,456000.0,408750.0,355000.0,445000.0,390000.0,380000.0,299500.0,386000.0,373000.0,301250.0,310000.0,360000.0,383500.0,400000.0,375000.0,362632.0,403750.0,425000.0,347000.0,396000.0,405000.0,330000.0,343250.0,365000.0,312000.0,380000.0,350450.0,340000.0,390000.0,297724.0,365000.0,370000.0,359500.0,326000.0,390000.0,337000.0,361111.0,362500.0,397712.0,385000.0,402500.0,356700.0,385000.0,400000.0,358000.0,349500.0,350000.0,325512.0,418000.0,375000.0,350250.0,411250.0,407000.0,362000.0,382000.0,406000.0,385000.0,402000.0,435000.0,412000.0,399250.0,450000.0,432000.0,400000.0,407500.0,383042.0,387750.0,410000.0,465000.0,475000.0,437000.0,460000.0,427500.0,417500.0,505000.0,506250.0,501500.0,454750.0,410000.0,510000.0,521500.0,479900.0,515000.0,551500.0,525000.0,527500.0,589500.0,525000.0,526000.0,545000.0,555000.0,582500.0,519000.0,546000.0,497500.0,562500.0,612500.0,567000.0,620000.0,585000.0,522500.0,577000.0,631825.0,638500.0,583500.0,559000.0,610000.0,592000.0,608500.0,620000.0,600000.0,680000.0,667500.0,595000.0,640000.0,665700.0,679000.0,648750.0,662500.0,600000.0,740000.0,672500.0,762500.0,794500.0,752500.0,760000.0,839500.0,815000.0,847000.0,855000.0,796250.0,975000.0,846000.0,885000.0,735000.0,1027500.0,1072500.0,1015000.0,899000.0,829750.0,900000.0,865500.0,950000.0,1012500.0,813500.0,950000.0,825000.0,957500.0,930000.0,930000.0,915000.0,940050.0,922500.0,975000.0,1050000.0,1060000.0,727000.0,850000.0,872100.0,1075000.0,869000.0,925000.0,1038750.0,1025000.0,906400.0,975000.0,950000.0,999000.0,915000.0,1140000.0,1000000.0,899000.0,999900.0,955000.0,950000.0,995000.0,1150000.0,1100000.0,846341.0
