RegionID,SizeRank,RegionName,RegionType,StateName,2018-01-31,2018-02-28,2018-03-31,2018-04-30,2018-05-31,2018-06-30,2018-07-31,2018-08-31,2018-09-30,2018-10-31,2018-11-30,2018-12-31,2019-01-31,2019-02-28,2019-03-31,2019-04-30,2019-05-31,2019-06-30,2019-07-31,2019-08-31,2019-09-30,2019-10-31,2019-11-30,2019-12-31,2020-01-31,2020-02-29,2020-03-31,2020-04-30,2020-05-31,2020-06-30,2020-07-31,2020-08-31,2020-09-30,2020-10-31,2020-11-30,2020-12-31,2021-01-31,2021-02-28,2021-03-31,2021-04-30,2021-05-31,2021-06-30,2021-07-31,2021-08-31,2021-09-30,2021-10-31,2021-11-30,2021-12-31,2022-01-31,2022-02-28,2022-03-31,2022-04-30,2022-05-31,2022-06-30,2022-07-31,2022-08-31,2022-09-30,2022-10-31,2022-11-30,2022-12-31,2023-01-31,2023-02-28,2023-03-31,2023-04-30,2023-05-31,2023-06-30,2023-07-31,2023-08-31,2023-09-30,2023-10-31,2023-11-30,2023-12-31,2024-01-31,2024-02-29,2024-03-31,2024-04-30,2024-05-31,2024-06-30,2024-07-31,2024-08-31,2024-09-30,2024-10-31,2024-11-30,2024-12-31,2025-01-31,2025-02-28,2025-03-31,2025-04-30,2025-05-31,2025-06-30,2025-07-31,2025-08-31,2025-09-30,2025-10-31
102001,0,United States,country,,134.12988350117064,134.8322289823751,136.9716620287848,136.8,139.19539689995304,140.52446588559613,140.729016248158,143.78220858895705,145.53398058252426,146.66792047286404,148.46743295019158,148.3447542208158,140.48595322944422,141.20351023819472,142.17298578199052,142.7231536021749,144.68255183087572,145.2516411378556,146.42539469017584,148.17528542556715,149.76483516483518,151.89134417855755,153.66601355911715,153.95544554455446,147.5556100149652,147.41692789968653,148.61441758957653,148.46182563388606,148.20291777188328,149.40233977619533,152.7599459398379,156.01217656012176,157.16666666666666,159.83026874115984,160.31625501303253,161.87360513509256,156.1234705228031,159.6630094043887,161.63793103448276,164.75423817441447,168.43864928117685,172.71582484926364,177.03660514839572,180.494777499728,183.4893307468477,188.23127265926405,189.94880239520955,192.4598361495136,188.4756345177665,191.05117401676966,194.3717277486911,198.20493642483171,202.401330836084,205.1429761871625,207.32189973614777,209.98870642973247,210.17161381514256,212.0541109901659,211.52073732718895,208.2206598161168,202.98701298701297,201.41015310233684,202.66798484099522,203.74084223551688,205.68070519098922,205.95499746148982,206.48636843816024,208.16401920945697,208.99409501036064,209.48537566591293,207.82396088019559,208.04794520547946,203.84751911374627,203.8266346730654,205.945558739255,207.81471191812136,208.37758112094394,208.0,207.74647887323943,207.20108695652175,206.12581393690868,208.33333333333334,206.77057963955187,206.60953265848372,204.74550325296593,204.43458980044346,204.24132025310837,205.19203413940255,203.57987319394778,203.852504127683,203.8214324262335,204.9480699799202,204.71057523494784,206.84785935236772
394913,1,"New York, NY",msa,NY,233.0579113635673,242.14548404542995,235.43027379185224,248.61212592304702,250.67757417102968,268.949481899538,265.044286979628,261.9003739316239,266.78540333458074,270.9359375,275.0,279.42616703952274,254.94604316546761,260.4650947628126,263.7392490150407,265.19974003466206,279.1023842917251,278.57142857142856,267.8716608594657,265.52592571050184,266.6666666666667,274.96875,277.31442663378544,304.54545454545456,263.5542168674699,264.80520681908285,271.48507731032004,283.44396712629197,257.6861958351419,269.1902859886752,269.606647148124,267.99025686448186,271.3307240704501,279.54879843060326,305.216,328.7955699123212,277.0334928229665,301.68778655449984,313.3333333333333,348.4804147465438,353.3797297297297,380.2871141597256,379.6293333333333,400.0,414.0125952452971,374.70551414373085,361.0640657291194,389.04694612046154,364.6376811594203,338.8767747784474,388.64516129032256,402.4621212121212,387.85460992907804,396.875,390.01643270944743,397.3217876122536,348.4824877039366,407.4074074074074,454.2580517684252,435.10877719429857,358.5064597003118,349.64285714285717,401.2700206085367,416.2303664921466,402.4390243902439,459.0747662351007,421.98438736097535,415.6275976724855,408.24110671936756,398.29357649723784,423.3333333333333,477.73886943471734,454.8273304685439,395.0647265436752,506.4516129032258,499.3556701030928,502.61096605744126,535.483870967742,570.6976744186047,631.8084218512898,559.3891402714933,432.0669431279621,579.7101449275362,550.5359877488514,532.1353209447961,429.24242424242425,480.23114355231144,466.07749850940763,427.6426966292135,535.7142857142857,452.1226436316192,568.489442338928,481.89252336448595,472.5
753899,2,"Los Angeles, CA",msa,CA,385.9186746987952,401.9835510401548,398.9213639526792,421.3217170159347,423.20466666666664,419.11918179920684,424.8209381239374,430.1525505678695,425.76564580559256,423.006623776623,395.868382742379,402.4351594526263,438.97334170567416,408.74533203442115,415.87982832618025,441.2326348697126,431.78916035940335,427.3700787401575,433.5504885993485,420.6273764258555,422.7670125337986,418.87030434201733,418.23791566678096,398.92391372499844,427.80748663101605,428.03643184215093,439.62203715566943,417.9433333333333,418.3329370090362,439.68271673065556,431.54523618895115,414.57286432160805,440.1244167962675,426.8164794007491,437.4523264683448,453.2814238042269,465.1250947687642,434.55553415401926,488.54041013269,514.4301569513825,492.533476685222,501.9007200040851,509.11004585243853,506.28684077828586,539.937106918239,496.48133893539455,529.3333333333334,537.7569258266309,552.4011784568794,571.4907317073171,587.4891240446796,601.6429847556394,634.7010178117048,653.4979423868313,639.6492119979664,611.1729288115399,599.5717344753747,551.5297906602254,583.1113478955781,593.2484076433121,570.0633412509897,545.2998334832683,597.6419524110242,574.8502994011976,573.7172848145557,587.7483443708609,569.0750094114694,604.9983827802333,594.32933478735,604.6779310080763,569.1244239631336,550.5302048755527,648.918440295097,570.8873531444368,561.0831429601205,554.151273575734,532.9478024430441,557.8611332801277,567.7891385282651,534.6123376623376,598.0317940953823,590.8090766823161,571.8580049034726,600.6905901116427,598.2432898737247,642.5764693149968,585.2817568641044,637.5,637.3168924868744,567.9399611375145,665.2360515021459,581.5492957746479,581.4612546125461,633.3644927536232
394463,3,"Chicago, IL",msa,IL,139.4257575757576,145.68,144.96882793017457,149.8820754716981,151.42857142857142,151.8387569150667,155.20731226767896,146.5,153.19143216007626,146.26923076923077,149.3704323633356,151.27954702422787,144.759980049621,145.9731543624161,149.27934111187372,152.07931406876094,159.1508728179551,152.37544169611309,162.7134724857685,155.24113192506974,156.04395604395606,152.72222222222223,150.57283142389525,156.75581132943324,143.84361124814998,152.23275303405205,152.84407319013525,153.54872881355934,147.6521072796935,156.9852391806361,156.78368121442125,160.1875849700616,165.86280814576634,165.92261904761904,158.49068322981367,162.5514403292181,156.6437037037037,160.0,167.4708963911525,167.51273756570967,168.60580761630325,175.859510470855,178.0,175.7105943152455,180.77347310847767,186.70902542203314,185.44460411847768,187.1240203654425,185.34473248758962,185.15672304009323,194.91619866619868,195.5475587206799,195.0730735163862,205.97826086956522,204.86111111111111,196.2701782176661,197.19310236888933,192.94953454189124,196.54213036565977,192.9248727395652,191.3265306122449,190.74887640449438,196.20597243491576,200.05744400646856,204.1601792056829,198.33905930470348,201.12113060634175,198.71900826446281,202.45357616569737,200.94562647754137,201.14173786928146,205.66535654126895,198.80114387547144,203.53564352760495,204.20476313621486,210.43272080616478,211.62790697674419,221.15706806282722,217.12988551125147,211.910556621881,211.10336649920666,205.70081967213116,204.33138226024315,215.4148043922088,211.41304347826087,208.31985154736424,211.52772512122664,222.48277177612565,216.25,220.78571428571428,217.18278354014714,213.7847969049679,214.63239944768605,215.38076923076923
394514,4,"Dallas, TX",msa,TX,131.53149261639828,130.96113580694208,132.14146910221532,131.3807107603967,134.41613908149935,136.02173913043478,135.39901359041832,134.82835820895522,136.51524579962663,137.07649020326033,134.8545994065282,136.56140498607596,136.00137077261687,136.8306246133447,135.07679386642627,137.56727272727272,137.71742070618092,137.29555876100818,139.3557560651156,138.0805420929637,139.28157894736842,139.63920039005365,140.2496839990996,138.66877971473852,139.58333333333334,138.28577512823176,139.78092296728926,140.45809813287016,140.52965036814956,141.47171314741036,141.9438927507448,143.90602055800295,144.828565830721,147.2352328909706,148.01038286826736,148.75346260387812,149.2262343404569,153.3748243773287,153.9351851851852,160.2962962962963,163.5574245939675,162.5415242276091,167.945301542777,171.90004164931278,175.02456689338072,175.55774151275787,176.8597742127154,180.54875061244488,181.71319102353584,183.3998005982054,190.75146771037183,195.46742209631728,200.80389638229283,204.9435394298408,204.4914118212194,204.50079966356338,203.31622581918674,200.11368402269034,197.91147391159853,196.32377622988596,192.76819876157396,191.17133814714833,192.50919842312746,193.13791477565061,193.9735826003885,193.36294747844263,194.48646986469865,195.7050327263346,194.48373408769447,191.86090862125076,190.63636589239627,189.81937602627258,187.22466960352423,186.34970825238506,189.4327148538763,191.7868338557994,191.91919191919192,190.66819221967964,190.98855718497828,188.59837119588514,188.97871422195743,190.0352254005591,187.12353286384976,188.29989957634896,183.35807712487514,184.6979865771812,184.4987674609696,183.74148288850006,180.39491602360417,181.64407880493616,180.43933054393307,180.12202208018593,179.32860750360751,177.67807732018906
394692,5,"Houston, TX",msa,TX,114.65858774178513,114.71948356807512,116.66666666666667,118.25757220004697,118.80035906642729,119.04174015285126,120.2127659574468,120.44182621502209,120.85151187904968,120.54841897233202,119.6726504751848,121.92206550322734,120.24514893420958,120.61995656489488,123.68156424581005,122.19959266802444,123.63101454320415,124.73856209150327,125.68484051150102,124.67108682252366,126.42647058823529,125.40278146037514,126.72064323111444,126.73054245283019,123.9719600371622,125.23249645302573,127.33947879453409,127.09334092202619,126.73476173552238,128.36056348801003,128.7162709639981,130.3294099846117,130.58878504672896,133.00230946882218,133.86102240315935,135.43123543123542,135.49688302163548,135.3690963295184,140.41416165664663,144.63716814159292,146.51038891848694,151.6908796623942,153.7361960088633,155.70374923171482,157.59529702970298,158.8145896656535,161.66237113402062,163.48427672955975,161.43658240868623,165.82775675813394,169.95108425757326,174.37961728360406,174.58567603748327,177.14808043875686,177.05884352830049,179.37062937062936,177.41935483870967,173.9364990801339,172.5193169092945,171.30534790109257,165.41588052528326,166.3002234713406,169.0,169.86378205128204,172.33246222702832,171.55333749220213,172.57202376048286,172.28240034262097,171.30534790109257,167.3308714918759,164.85623003194888,170.3157189712574,166.3095656134416,164.86486486486487,170.3985314512605,171.02473498233215,170.3228243737471,171.155,172.00191113234592,170.0611745513866,169.41596076683012,171.3601299228583,167.67194455599054,170.5271016944691,167.99892990904226,165.96560196560196,169.94797562270992,170.19347037484886,168.02168021680217,168.04879988090164,169.0,165.34432651991614,164.0860137883039,164.152466367713
395209,6,"Washington, DC",msa,VA,183.4641089108911,181.06533036377135,186.56143419326628,185.6060606060606,182.88342734354015,183.5914419003202,186.36529568932468,191.20329508679023,188.8002461033634,199.7055543408282,191.63309352517985,195.802066772655,191.44394951744619,184.01550998948474,193.45768635290932,194.03227232537577,192.1958224543081,192.62092555331992,194.6488469601677,192.192373853211,197.64536446611652,195.87939698492463,196.5470157463348,202.14521452145215,200.86426565008026,200.89262079831934,201.1138613861386,200.5219858571652,202.499375,204.75445058317987,218.52460662872448,214.39783392460558,217.02929083211205,222.15819803736247,212.7951674903899,219.75887474882785,211.3263844606098,219.6033177064551,226.6208436724566,228.0794150870133,222.32080191442193,224.9233630952381,234.4259606720075,239.59080869094845,238.46216890969941,250.13151425762044,252.7450980392157,250.26250516914294,248.59249179062414,243.5933857808858,253.84101536406146,255.36104573753892,259.6437253059106,263.56626270523844,268.6330409356725,275.0320781032078,274.8853068815871,281.25,283.8481228668942,273.7314100840747,257.7047913446677,258.3777120315582,257.15547739102146,258.6395422759059,265.625,276.62296182647776,283.17588843904633,277.9768270944742,262.14194373401534,266.0578034682081,262.9503935793384,270.98581884720954,284.5456162191001,273.704806813232,285.95481383107006,287.185525560023,275.8530510585305,277.0195972631158,278.12153518123665,266.9127380128094,266.9484958979034,257.8239023244893,263.887896102215,282.9768270944742,279.2181516518466,273.46921039347626,274.7413152129262,269.5585457979226,266.94805194805195,273.26726726726724,272.78363298202106,270.99593341324356,280.1161001039336,272.03264417845486
394974,7,"Philadelphia, PA",msa,PA,166.66666666666666,167.37073002431413,166.71253731343285,172.16117216117217,170.56735985533453,166.51252019386106,165.93133177152615,168.99124476589265,164.45190884501528,179.47021812080536,168.31679133673686,169.0625,162.80254179728317,163.63706930859775,163.49685001828425,169.56131718395156,164.3616663084748,170.47374681025906,165.31113392834357,168.73040857334226,169.7080311015681,173.16236882416092,168.10349051443455,165.2635807157521,164.39205955334987,167.21965317919074,166.66666666666666,171.45374608528067,167.506088351281,166.5,172.21948818897638,176.747311827957,175.90451395998952,181.54761904761904,183.59295760564362,180.87135818337617,173.54788255670476,183.09012875536482,184.6281555606095,182.4790322580645,187.5585858890767,194.73997833152762,196.68013580464816,197.92851135407906,199.12494835523728,206.75906784439016,205.94229863400847,213.0014827201784,202.95488559036045,201.13598096658274,208.12530804581843,205.16044061302682,222.72727272727272,218.76482903000698,226.05727513227515,222.84017262973464,224.82831325301206,229.23305626598466,225.05357989568515,230.46590600380333,226.85185185185185,220.0,229.28060580563735,241.54589371980677,239.30759412890873,242.53731343283582,235.08426774483377,239.45272628837097,240.7037037037037,246.40692876807435,238.8034369006521,241.07499137920576,245.57677165354332,234.94936831137528,239.27037516170762,243.16740088105726,254.7105026929982,249.39398905585955,257.9701834862385,253.84950166112958,251.8840579710145,261.8683616415997,256.43300798580304,248.7921348314607,249.5559444970041,243.84853805067112,247.08087669828248,281.69970414201185,260.96153846153845,251.85701021355618,271.0878006074495,263.99333333333334,259.1044776119403,262.1864152560531
394856,8,"Miami, FL",msa,FL,205.3949473515531,218.31472158053882,208.0188679245283,220.60639220179658,233.75534103497387,249.38279624927,232.30663123059213,224.072265625,230.60809097523867,209.77175798504442,203.4525277435265,206.89655172413794,204.23892100192677,211.4102564102564,210.21989548338934,203.16122233930454,210.57668370158405,207.5830957366565,212.8376349131863,215.03721024349665,212.8815815874931,213.98987574781407,222.5223661097267,224.1794564348521,223.86840279895654,209.33116279069768,218.07029702970297,219.65628707226443,221.16849169533066,213.2816212121212,217.50148367952522,215.3903345724907,221.40820445738478,224.57620471672183,233.41515812905166,228.99159663865547,217.3913043478261,226.56403759699563,233.30206378986867,226.83084899546338,252.089233966572,246.61852549094016,243.43434343434345,244.21678944872636,251.25172413793103,257.35475051264524,258.4831786542923,270.6220805052353,272.2772277227723,262.61843910806175,276.68202764976957,280.61224489795916,281.3634932958821,284.14082289177225,289.72682119205297,285.032074126871,283.7776412776413,296.013980366551,288.6485267018355,289.09090909090907,301.92685198146364,298.1610337972167,325.9672668804344,323.6511466781076,322.53333931515607,356.34933333333333,343.790610718737,330.41671753125763,346.3347921225383,358.85039251668695,356.81916271040143,320.0681560015146,356.66876615075023,339.3954121737735,347.49445736163943,364.4677661169415,345.880044723898,344.5265278710544,353.5012136788748,346.20974166382155,356.4805491990847,360.9076690497983,358.314121037464,361.11035857451213,374.1701870850935,375.0,361.4281368014798,400.0,375.4032258064516,447.78133373834623,393.8655145190967,370.4301075268817,384.3640479119195,410.81703107019564
394347,9,"Atlanta, GA",msa,GA,103.0501836822005,103.67571428571429,105.12915129151291,106.9085556652843,108.42833876221498,108.82132132132132,108.895263509006,110.09690933594266,112.55735397607319,116.61259541984732,117.03044375644996,116.29492753623188,110.03253796095444,111.02807353482545,113.64452423698384,113.06020015425707,117.04044910419896,114.79525620944283,119.0,120.02078874079251,122.21783574198096,122.11467143786598,124.01112789381128,124.29271708683473,119.09997917632143,121.905164612264,122.95965865011637,125.16320474777449,122.73503937007874,123.39346051002087,126.50150150150151,128.52070052006877,129.07628676470588,131.05078336034575,132.68716577540107,133.22430249632893,131.74320802400882,134.72133333333332,138.34311632870865,141.32096069868996,145.96397406374984,147.77881408805308,151.13799050447096,157.1016582552271,157.6244573082489,160.47678050358218,162.4929742388759,166.31136738056014,162.99567333933766,166.3417803768681,171.17138096638246,173.49124932851043,177.05253962940478,184.96762257169289,184.33853146853147,185.64785992217898,185.328546562228,181.37947269303203,183.2951289398281,183.50456621004565,178.02897051215726,182.77390753641546,183.6641541572855,187.38288569643973,189.75060067601504,188.27777777777777,185.68488099228964,186.87549563838223,190.60279664095685,194.7095098993833,188.8936063936064,192.7722222222222,186.7984693877551,191.1875,190.2621722846442,194.76136363636363,193.2005518622044,190.35271223546582,190.5093099671413,191.86630776132796,194.04011121792303,194.51145821365918,198.70517928286853,194.7,193.82192610539067,192.60778004533827,189.31553398058253,193.4250841476736,191.3617886178862,191.22918881153777,195.81328200192493,191.2204724409449,186.68555240793202,190.10666666666665
394404,10,"Boston, MA",msa,MA,263.47391673680147,265.5650448464045,320.5122338102948,293.068276983992,268.63381858902574,266.16443714403727,282.8219216465434,278.1152770225606,275.22935779816515,277.07828857533,279.6662977310459,286.82419634520477,263.30357142857144,258.7991718426501,270.5901529762426,287.4695274762729,286.5083194675541,271.2425393380358,281.94223222715334,279.59183673469386,277.4453955135773,274.4630071599045,287.5346627387405,280.5587557603687,264.0517603772113,289.4029047875202,279.54706298655344,282.5,265.1149120695012,277.5748801369863,285.29525279814743,291.97932618683,286.90135754132757,289.1304347826087,293.9946803246239,297.73678683934196,287.0261602611331,289.000718907261,308.1150487930149,336.3497093896219,313.86397608370703,327.23112128146454,347.60336626417853,338.223870281765,354.55070921985816,334.96649916247907,339.70325143625473,366.0357142857143,317.11009174311926,341.3868788110327,325.9378541182084,347.674786459981,357.0249042145594,399.7737088630695,392.35942462170743,374.5,365.0474799123448,363.42362407741587,387.130297679112,400.0,410.4736842105263,402.9304029304029,405.38132747933884,411.6831914893617,422.4869213532187,406.78414786967414,425.1161128974634,397.0790802019069,425.98725346158153,412.25,426.521164021164,411.20630568882797,403.82206029264853,443.84805945499585,470.38192737181953,450.8196721311475,451.2388027868619,449.92857142857144,472.8478398314587,452.16980919084097,430.382736095558,429.72878541245336,432.503970354685,437.5,464.79430379746833,444.23816469964197,466.9140383426098,454.7915538711424,462.6085890430153,512.5739029176657,447.4431818181818,457.6748841129372,468.2722323049002,447.9971890372453
394976,11,"Phoenix, AZ",msa,AZ,142.1394112287415,147.29003690036902,145.5026455026455,147.71124790151092,149.5268224832501,145.6831195331216,149.2589132283058,150.45973918745779,148.93957345971563,157.08759692273475,155.64714285714285,153.33586497890295,152.2079229258051,154.14406367576174,150.97452229299364,154.75791487212223,155.01123552795872,155.0898678414097,154.9422686800007,155.78491431744857,155.94497405059752,161.70867309117864,159.38285714285715,161.7724052971974,161.29659224058827,159.64373464373463,159.8651766673583,162.96544610624034,162.56645846946645,167.07020912607067,166.23529411764707,168.88184523809525,168.77460725860465,172.82268870031265,173.8748909266193,173.4356879421948,176.89536031589338,175.57404374325105,176.78393492628368,181.3258608091446,181.8460789089138,184.96141682479444,191.28847845206684,194.31105228325612,196.64500794195362,206.83550185873605,211.1060606060606,210.62289101687188,216.71182943914675,219.9014933946008,223.25708762886597,228.31505483549353,230.40281030444964,231.45323741007195,235.93323490479582,235.2412213740458,236.68316831683168,241.24670759637135,234.7451452999835,231.0993129294191,225.37335285505125,224.42238267148014,225.73970722781337,228.08951175406872,223.9728143342601,227.85732781953809,227.15555555555557,226.6413258081007,232.77392334258116,234.64379834966476,231.79882044560944,227.09163346613545,230.72170044488382,233.8030265442818,230.8672947039953,234.94315789473683,232.35406871609402,235.7563025210084,232.0156100953895,237.6330690826727,232.31861998985286,236.21905042275844,236.22287293007588,241.10917702238459,243.0517991126975,237.5282016013056,237.32470334412082,239.10227379070193,255.59473585041093,231.2877764120812,251.53919239904988,232.41835960609626,233.21408450704226,231.54950082512693
395057,12,"San Francisco, CA",msa,CA,486.65711620469085,471.68831168831167,475.8464912280702,501.4641288433382,551.4813016027198,495.3025983271007,491.5485829959514,477.0272359558074,483.92490315382247,466.6929444225463,473.50663007887727,482.1133736929004,460.8216857263871,483.4156669019054,477.72271625277097,488.01560758082496,510.6042009884679,483.55899419729207,496.61746617466173,484.5679012345679,482.5549727060662,534.7775051468733,517.038007863696,476.3346175013759,480.61163847237793,463.92835712271756,445.0812706270627,455.9861608869978,481.99121522693997,497.8594825278342,494.9942774591919,491.7971837786953,504.746835443038,472.52289758534556,473.5234215885947,472.1750434452047,530.0294464075383,504.343105320304,505.62337309656436,596.8733039023267,554.2194092827004,552.9595015576324,585.4918423968875,585.2601156069364,591.3028045684089,621.8795799652489,544.212684482552,565.1237890204521,536.5510777881912,577.3468488320847,545.3839869658557,564.9499051672965,550.1761163148453,606.6848037310532,599.8942917547569,587.6079228034536,592.3285811269518,560.8114265685243,535.8757062146892,533.7936046511628,515.0462962962963,534.2985177524992,594.3804034582132,582.274264275801,579.173970869227,607.0506562579699,610.0626527385575,601.2319721181146,604.2043570925844,566.9713992491966,494.2984941123582,524.0947637353622,523.69800873597,620.1550387596899,639.9572649572649,589.8982117873811,622.1505871734944,671.1812107635216,620.2213279678068,655.1984949646609,646.9872451644867,719.6624087591241,695.8495460440986,634.7114947751022,693.4731934731934,684.2105263157895,746.1276917264828,711.2810707456979,894.5908460471567,701.4636417521624,708.8137330258776,628.0962491153574,702.9723522394448,766.223612197029
395025,13,"Riverside, CA",msa,CA,180.0280995644953,194.96016649775834,188.7884267631103,191.87935034802786,195.06398537477148,197.55307664627563,193.13984168865434,199.1250810110175,196.6887417218543,204.17944785276075,200.51282051282053,194.93473949240507,197.4483596597813,198.2410771775373,201.75458083413554,199.48409286328462,191.48780367843835,196.1352657004831,190.81671057583742,198.59147328656232,194.6872993564411,198.25511432009628,201.9036046982584,199.7737556561086,204.49558153188678,204.23412204234123,199.443413019027,204.7208063190242,205.0249158450561,203.94772613743982,210.1139601139601,217.35087197780422,213.1190727081138,220.31409154570918,218.48013816925734,211.95963330551317,216.65146113138513,221.67648984937787,217.81375187027163,227.56827048114434,228.2268870031264,226.75889359103675,238.51216958661735,251.39405204460965,238.8431812515582,254.6816479400749,263.14884840151257,260.0569597721609,260.6869230759696,270.45142653005956,268.5852836508127,274.4063324538259,275.15360888137127,272.26316696836477,287.14436248682824,286.56429942418424,277.8505897771953,282.63905248004187,282.88953749438707,274.2337036541293,271.10426350516184,273.24607277760566,277.0662474287285,277.9999151084319,282.1595145516153,278.5331616479383,273.44573234984193,276.00306385524755,272.39199157007374,273.8878143133462,285.9440973063482,278.2384030147375,272.1232876712329,284.15796640944166,278.2906600722846,291.15710253998117,301.7901993226584,285.74680112178606,286.92614770459085,293.04688214666874,294.48214481165496,304.5515394912985,308.43909593307296,305.5872291904219,306.7433537832311,306.6924474341189,314.08860175357637,306.6299034966788,307.41662901039314,300.57142857142856,309.4930629669157,315.59557409550877,307.1381794368042,303.13765182186233
394532,14,"Detroit, MI",msa,MI,143.5607646400597,146.05694434956212,148.48732624693378,155.7586088571815,147.48875923153074,153.31688596491227,155.58811610852322,154.34838550873818,155.25035592404163,151.6358082355742,154.37556390977443,161.70887926145497,148.8134529147982,157.9404239766082,150.43824794754738,152.95165394402036,160.62200331463313,165.75840145322434,163.11415226037255,168.4038980248847,160.74916241006207,164.83933787731257,158.876,164.1492537313433,161.51020408163265,152.38095238095238,160.1067378252168,160.8739837398374,157.79022403258656,157.27098780640873,158.70549535603715,170.6342318517016,167.7289500167729,170.07321751934586,162.0083825773171,174.36952288218112,162.43703703703704,169.06060606060606,173.8603094939356,175.7201646090535,177.294245660471,180.49750695024292,186.5920608108108,179.29302038031892,192.21556886227546,190.4845177099577,194.6969696969697,196.27811860940696,190.95639508211764,194.32789432789434,212.98701298701297,199.28328474246842,206.50647890404184,202.11933485490707,207.77777777777777,213.03511418179414,211.7465224111283,217.05873340143003,202.7311827956989,211.16504854368932,206.6484550849192,203.63320295523684,199.39689116505707,203.41379310344828,209.41176470588235,209.28410794602698,214.67948717948718,220.62577580346402,201.52091254752852,216.68486171761282,216.50175824175824,215.4720638540479,210.87949465500486,215.35853804039294,213.92150827241247,229.49664825409752,229.95,230.26315789473685,219.22567835870285,224.98519834221432,219.03363587827016,225.40204678362574,228.52914250839183,227.8048780487805,228.43122251335205,241.2549422141119,237.62259455872595,228.01302931596092,220.59198347739618,235.14412097292745,222.52392538861432,230.0,237.14285714285714,237.20147814910027
395078,15,"Seattle, WA",msa,WA,263.3081081081081,247.28695477729116,241.72991837883478,253.97389394276752,259.4790307971015,264.4819924146003,276.0865524083197,265.24634896233664,259.53125,272.30138122576955,256.89615846338535,268.12796208530807,256.1188811188811,262.59305210918114,254.90502555366268,285.00173792144597,270.85650723025583,266.1907066795741,271.8650958440891,250.3656904409361,260.69473299788996,265.61043802423114,255.36210817890583,271.0982036075675,268.220495745468,280.7383492419989,287.51072961373393,290.43551873198845,272.19430485762143,284.66296496214983,275.6067205973864,281.1181151027266,284.54918032786884,280.07594969662966,281.2673969072165,286.09897189311016,302.4149176451921,338.16326530612247,319.55157992565057,317.09500631652065,324.1792995295348,322.2737306843267,347.47172322022624,332.7579034941764,321.285140562249,369.95035742652897,345.23075674345534,372.3419892209701,416.6823200954259,377.6603222986615,435.9244131455399,383.5019797624285,384.80635551142007,387.5604149391356,385.7985750636211,347.8941838649156,375.71520540511733,352.787579393084,326.68982229402263,395.5288916678538,388.7045094936709,363.1103816167419,375.8208069620253,411.3751763046544,424.10111519650826,429.36838830118234,445.38809144072303,381.99617956064947,422.2035858877964,411.6259826230865,395.64351103931074,397.6243980738363,417.7100944370277,409.7561787379042,452.80619223846446,414.73488750338845,445.6908909905426,424.07229612492773,426.1363636363636,406.9738372093023,422.01933235688426,416.4433371365381,411.8995724587529,422.02887819326173,480.33254954652335,449.3054225528721,448.7261146496815,448.8077174175198,435.55214723926383,439.82590103848503,458.741935483871,432.2695035460993,436.8382080710848,492.79539039619044
394865,16,"Minneapolis, MN",msa,MN,153.92365935859527,156.71941570298236,157.62505254308533,155.88991826227084,157.80142857142857,160.23368824888408,166.22153116561694,167.10133630289533,168.41212323179735,174.9601517846104,175.4713213007335,182.4105415860735,164.3431955648808,167.8944787739821,164.21531743365804,161.8989653073646,164.38743781094527,163.35814722911496,170.23157265018472,170.32082687754604,174.4336569579288,179.0722761596548,178.78700776085083,180.5784671532847,171.66037188410354,173.80496934423314,172.68578878748372,175.06932337069324,178.70333821319298,177.78342403714416,176.0772659732541,178.01339285714286,180.11917659804985,186.2322723624877,188.74258790563138,185.98780026480046,182.72187084426236,181.01589012333335,177.73105803571428,164.88186077643908,169.24439468511213,181.68562231759657,185.14266117969822,194.35860058309038,200.82006810294678,206.87377450980392,203.67745535714286,203.37516301784177,200.29652948814459,199.25103688818524,208.71587057010785,208.4751264437231,208.10030864197532,214.89737547235197,220.82071627707484,224.67935884101345,222.3013951211681,220.4181175927075,225.11127063890882,218.63826626889653,218.93166043063235,208.2375660626085,207.51182343667892,207.65937788728056,204.78488982161593,209.80012113870382,208.5480464625132,210.83907056798623,212.6667642752562,210.58929064311343,205.8478453226598,210.2538267628227,206.98566689101654,201.63947770341258,206.5505126586325,212.32693426410705,217.481830096509,213.02121391659261,216.79262394195888,218.97825795505997,218.9001127728682,219.7580975809758,213.76309095470248,213.7599734042553,195.27293190770962,196.54841802492808,193.12826037314818,191.08258451005563,193.61274208851927,196.63014527845036,195.162419984979,198.0817215242925,198.70358435037605,198.3365323096609
395056,17,"San Diego, CA",msa,CA,289.46756890804977,299.3492407809111,316.3630130942118,316.30824372759855,293.9440595329741,310.625,316.05886116442736,313.1548515232085,303.06778822365163,320.9265307904406,301.0335574679434,319.094184251158,292.06924315619966,293.8768640414788,287.03429655719,302.2056833558863,296.833250865908,295.6882992196756,308.6496666157683,306.7839464882943,306.07610326327256,317.84146656338754,303.72340425531917,307.92339466766805,328.3394837131387,312.9346499102334,324.4088974631783,335.31516701107955,360.8550671524832,311.2337577134459,316.5399239543726,321.7547439321798,346.52179745137494,400.87813363410896,381.5765642151482,369.97241373087934,371.8529310961667,409.74242600566356,368.474923234391,385.0484829527682,378.4570596797671,436.58326440584506,427.79632721202006,474.6809058432117,535.9820089955023,417.0395818651633,415.8985290163997,383.96946564885496,429.54693769731244,463.91752577319585,419.56810631229234,,623.3149838017983,450.0959692898273,473.7256834741808,483.89644463482546,448.4508547008547,442.91269254751626,472.22222222222223,465.2331361705777,464.33836253861637,419.6727793696275,511.59971939845,445.1234939759036,442.20481591067636,464.49704142011836,435.8691786463013,453.2676516468625,413.20406278855035,471.6189207195203,466.49029982363317,467.75697503671074,422.99760973848873,449.5667408120065,455.63042368555386,488.36594394500264,535.1043643263757,664.7168306301515,526.3913470993117,519.52486221307,483.3031433137986,495.1881014873141,488.63775198533904,540.3465449796065,598.5659145005827,546.5045592705167,630.6255924170616,636.2745903885144,608.370288248337,667.4432037287133,577.5803144224196,558.8477366255144,523.0579961705706,506.06060606060606
395148,18,"Tampa, FL",msa,FL,125.77704102776626,122.60509993108201,127.19101123595506,125.94899148133206,126.2011531069827,129.31897259505524,127.56052141527002,127.71744323409536,129.1155152746967,131.44208037825058,130.74952944601702,131.71349542476082,132.06752734578464,127.77990064959877,129.46475887652358,131.5198911934716,130.39283252929013,130.74398249452955,133.9792193204156,131.32607303010892,136.32841324953375,139.0038809831824,135.26560906642658,139.36834079695728,135.11659807956104,135.031278509644,135.98238270322005,138.17943680419123,138.94389438943892,140.8450704225352,142.28058510638297,144.41558441558442,144.03721454750493,145.94539033881864,143.21363569204667,144.94321578003587,144.6106133700896,149.17531779661016,150.38880248833593,153.0067833825376,151.94805194805195,155.465872156013,161.62242686890573,158.7730870712401,164.53836930455637,168.56883406332213,174.21812349639134,173.90859661888305,176.53352353780315,178.60576382581132,181.45524790727623,187.17948717948718,187.9287598944591,197.2444710101614,195.77639660539887,202.0183308709125,204.91203555222683,203.4730626949728,199.808171955203,202.11776859504133,193.28486086765508,194.461175616836,190.97877358490567,196.93107221006565,197.25062216013998,198.625,199.66903719912472,198.5694748358862,209.43061440677965,198.7508472028972,196.22524752475246,209.29076953508581,195.366323907455,191.36924075275795,195.433414346239,196.40091116173122,196.3496423447467,199.5801282051282,196.99872286079182,193.6038338658147,199.42126499946994,192.79365500955356,194.4670580188046,201.78011484267515,193.9254721796835,189.33982683982683,197.2986065274233,196.3840262582057,190.18643982328027,197.2912912912913,191.26718469814705,199.41962967172276,199.58620721940156,194.97736905213412
394530,19,"Denver, CO",msa,CO,200.4902653372712,194.97023170347012,192.44499792444998,193.88111888111888,192.73900282953565,196.44400805015513,198.33462704476312,195.5268133699543,197.23127035830618,202.39637305699483,201.7317890318747,206.44494550920706,204.76772616136918,199.23975375770215,203.7762043471345,203.6732456140351,207.59449999999998,209.96301646922853,208.99305950002338,218.45086467089914,208.22771213748658,211.26016271461543,209.42540322580646,204.77746646289694,209.93370502648534,201.90182054616386,213.0070830650354,210.80815179198876,207.82020202020203,213.7634259259259,214.09542743538768,213.1534232883558,213.14786039791696,221.1080745341615,227.87760429645613,223.3498782393542,218.92523364485982,227.1951219512195,232.67168786758594,235.93466424682396,244.38727782974743,250.7348560079444,244.89947700424716,241.45104955965223,245.0909090909091,243.20803967214061,255.26201591824477,254.8287151387434,268.99682251475264,265.50331237911024,264.75455046883616,272.20620284995806,276.67195767195767,275.17447657028913,280.20494505141505,274.3957394510447,284.8742091697259,278.8494132985658,266.5042887776984,278.4926212033272,281.65142137577254,276.7763272795238,269.6692308392479,262.85046728971963,281.2166488794023,279.208909598148,279.08217716115263,266.3694620811963,255.02374862988674,253.98218225514142,257.0093457943925,262.38398057128234,254.95891424153308,272.09155765846697,261.68224299065423,274.3941793862597,281.10845944103613,263.2733655111891,285.41974479516455,278.2278739071089,283.3018341307815,275.16629711751665,250.85001888930864,268.56528583857926,262.84591561010484,271.1698130984207,270.8124373119358,250.38417592931052,262.24509372197167,269.57909861009944,257.0887290697684,264.0188640176842,256.33384932920535,267.26973684210526
394358,20,"Baltimore, MD",msa,MD,173.05644640389352,167.31171548117155,170.4538980768026,172.49675324675326,171.22432002314815,168.29775167976595,179.26823573639984,177.2281746031746,176.675921251893,183.16610925306577,178.64583333333334,177.44321719911852,170.20176155468351,167.72434268767705,173.32169078851598,170.66498316498317,167.2511154855643,176.74334763948497,177.74869109947645,175.33776301218163,181.73534798534797,188.29931034482757,186.11479591836735,176.29310344827587,177.42373737373737,180.203125,182.06633845126836,182.07657469665355,183.24914383561645,187.32821191154525,188.02197802197801,195.0984432234432,194.27762039660055,195.10632041569542,191.56513052567513,201.070463612884,190.28274070713047,195.30063885757235,197.51448246981363,200.7457394695497,206.32952691680262,206.44943738455726,209.34060876649602,211.47060240783765,219.88180883864337,225.8979303963167,227.56922944616443,229.58887545344618,219.45634409685005,221.17128827267476,240.91712274719058,237.08756756756756,234.81615180869343,238.75744308231174,240.30609102053324,238.72152619589977,245.40149288335277,233.1963242527051,240.82225913621264,250.3364705882353,233.27620967741936,242.19810040705562,243.19395796847635,243.51424687520046,251.85410334346506,250.66482311483963,236.4817943121693,237.74140481088568,246.07142857142858,249.04354298474135,245.67474048442907,243.9445382026928,246.37288428053773,242.74042220484753,246.4378013500482,265.17164305807137,264.94225251076045,249.1215154845032,250.88877602844084,263.4943639291465,251.58559988518942,234.0290955091714,249.4388753436118,243.48361606124246,236.05150214592274,244.73072916666666,236.92721055202736,246.7291563498009,235.544917893197,252.38095238095238,255.7662737057919,230.0178015131286,253.32626183421496,240.6730392156863
395121,21,"St. Louis, MO",msa,MO,138.58185623367638,143.04990671641792,144.25283360096506,141.6296951467698,142.200196842212,148.81817340505523,150.6894374282434,147.457773512476,146.62127403846154,146.06469936349168,150.40038188267022,152.0098181818182,143.6206896551724,143.52477477477478,149.8408057179987,145.77197802197801,149.02976283453089,158.9592731829574,149.88548287839834,156.4996334876543,151.1923321759259,160.72192257438232,159.00844475721323,154.7015300423642,152.2845435425666,155.73062495885182,152.30448851930367,157.72635576047946,152.4433714100579,162.0017847121432,157.7832408712714,168.52974797048657,164.76286829960952,167.64206136829898,169.68218390804597,170.54622439116392,168.83741145578895,171.59725685785537,169.2369970559372,176.81905158069884,184.28472222222223,179.4856823219584,187.01298701298703,185.59003665672458,191.1883589329022,189.31330072453684,196.40352908277407,195.34125673266195,196.3508435582822,197.04322022031366,193.94963123575587,199.0782766838861,208.03866100895803,208.6440532700422,201.7097902097902,213.51052631578946,207.02341896937818,215.17060367454067,213.57197844495767,220.67710843373493,204.09301872118684,204.15717231781377,210.2446483180428,204.84951356196927,214.00881057268722,211.62685894547093,213.62419928825622,215.12472411053236,215.38315861553787,218.57604673169908,221.3393870601589,218.09705409296686,213.81776765375855,206.55141037306643,220.78889694870574,213.41332755012115,216.42891395505825,224.06384284837324,222.95389203896383,207.48576078112288,231.8181818181818,225.69284147161892,227.81806367771281,217.80781596203502,203.67420634920634,227.9601406799531,220.94671864847302,219.90740740740742,217.8423236514523,227.35542560103963,224.19928825622776,225.99683630611466,229.44550669216062,224.78498827208756
394943,22,"Orlando, FL",msa,FL,137.07326165536955,140.7260351474701,138.94230769230768,139.12846118928732,140.38668098818474,141.23109578137436,143.17095170057712,143.8715874620829,144.74025974025975,143.02400309717382,142.55072463768116,144.63623312570485,140.8465077373484,144.29682436811407,143.38469024729824,143.69152951174095,144.69172679383746,147.2979039913838,145.22829936018218,145.56006964596634,148.71511627906978,148.69973826604223,148.72237842391942,149.1773585951836,149.09023493118178,149.00681102024208,148.64491844416563,148.9506252031269,149.78800726832222,150.25802948637545,151.74610894941634,156.38820586006085,156.14236509758896,157.21400394477317,156.62413194444446,157.27113464010324,157.6954550538459,158.78242947250024,160.31294545738513,165.52402877534934,166.80680092316422,167.5279054497702,165.61798086613237,171.82130584192439,177.66247337159294,185.88110403397027,182.10578348986652,189.76335684369184,190.75221238938053,189.02861445783134,199.6666692976683,203.48583640288183,202.75524431145095,206.73603504928806,210.02891475779197,213.81956649091975,219.5399372911941,217.15228147333698,211.50442477876106,216.6822429906542,214.16301969365426,213.34245076586433,215.35154291160268,218.43618513323983,218.70378938970882,220.69565217391303,217.17177242888403,224.7823629169022,224.72994182113382,225.95657953035,225.26501766784452,224.31981896574314,221.67851011658428,221.02759980285856,227.6084949215143,226.33663366336634,226.17540792540794,225.4320936852501,228.201936983896,227.6086956521739,225.67628711259312,229.55453899004465,231.70331840646645,224.27984279626855,223.8949864498645,218.40725806451613,224.18879056047197,218.8129102844639,219.27879440258343,221.49237472766885,221.76747311827958,217.4873315258906,220.36331149493745,219.6834848010028
394458,23,"Charlotte, NC",msa,NC,116.1895486826896,116.75038542103059,118.86601170568562,117.34693877551021,120.87668765606188,124.22461638916096,122.1319721060384,123.15905995548721,127.04026373793417,124.55251798561152,127.25745724930488,128.10043506775418,125.72928821470245,123.02688107904858,126.88904660515732,126.76609105180533,126.38474140130862,128.33763996554694,128.2527881040892,132.96957535453728,132.11016533059234,134.11854103343464,133.4347596253632,134.81068488634406,130.3078904522369,130.57324840764332,134.2302603866941,136.01845063238792,136.30831643002028,136.2608976428802,137.4819102749638,139.09554122019426,140.56254626202812,142.95819408069588,142.66615443718786,145.6,139.46968699446973,143.46895074946468,146.27081824764664,149.0380094043887,152.7304397896104,153.4758992403932,157.07153541610776,160.24046434494196,165.73089700996678,172.5227640548626,173.28441950798447,182.06112678922912,177.40087336244542,179.50290697674419,183.38667484188346,188.20197737588904,188.9098681686103,196.96505447626492,196.62797012778486,200.13966480446928,202.48868778280544,203.09708159618822,200.46968854282537,201.87392550143267,198.322960639486,196.15019346707834,200.7045175458653,201.0003125976868,204.0059347181009,202.92894564505568,208.19277108433735,204.98183705241308,203.87963408762639,208.45741512805242,203.21012752504424,206.82523267838675,207.31217388520759,207.1962805740853,208.86982278989163,209.74562789518814,211.44745183062278,212.3050259965338,213.47066209870525,206.73432485705445,210.812765491217,213.58216692586834,210.67415730337078,209.0983466142451,211.405022387339,208.91472868217053,206.98668535388927,214.774178567282,210.05376344086022,211.16415717958134,206.4149243618054,206.57493320698597,203.89768188366114,208.30070477682068
395055,24,"San Antonio, TX",msa,TX,123.49570200573066,124.03039332538737,122.48418631397355,124.53636635737803,124.51625377229081,125.26728334956184,123.82657388944904,126.49620527647271,129.11783288168826,130.239289446186,128.91301132634766,131.58588718632024,131.29372232954194,127.74349609431553,130.4945054945055,130.13284898806435,131.7300232738557,130.0302902818679,132.8320025210961,134.94288681204569,134.43604728604728,135.79174664107487,134.64696223316912,135.46784287374118,133.71638436291173,134.94425916879163,135.41597222222222,134.6976977343247,137.023877484725,136.9898081534772,138.15434430652996,139.3447625598041,140.75332068311195,141.12086428089128,142.0795189847109,146.78899082568807,143.60423452768728,148.95499745491566,146.33455497382198,149.93554708048396,152.3642599317323,154.6993578517221,161.77334116265413,164.25990496985335,168.2619647355164,171.04662992793556,177.73310023310023,175.1112430725754,175.10347222222222,175.35466034755135,179.890560875513,181.35872275514095,187.2540409421502,193.18849089841456,192.73222748815166,194.924776119403,191.26030680728667,185.48023178807946,183.1127774445111,182.42092380944015,171.1092133880099,169.79595587035948,174.3687610099824,173.42749461593684,169.60583446404343,172.827861163227,172.2533264033264,170.60839483394835,175.57251908396947,168.10795971803904,160.2989363694679,171.72722513089005,160.90668477024656,162.49930555555557,170.36532693461308,172.7605776105476,168.36747759282972,168.8612977557707,166.54746018080067,165.79849211788897,169.26787181594085,171.11269614835948,165.09197324414717,172.22222222222223,162.60162601626016,154.8175355450237,168.08811895778155,162.8600133958473,159.96268656716418,166.2752748172964,159.37722449942083,157.4444893015745,168.17178217821782,160.84414382106206
394998,25,"Portland, OR",msa,OR,193.57142857142858,195.84941183270348,195.00931367289394,200.14242355875064,198.2420278004906,206.21363135105003,210.81632653061226,208.33333333333334,213.22314049586777,214.25788858589794,215.9668508287293,219.89966555183946,211.83223811560316,209.3983068640954,210.692501060879,206.68274199104374,211.74950799946976,217.82173259889834,223.27178986790665,218.55799995119168,215.17642980935875,219.75749086213312,217.48222501045586,226.0173686495875,218.8232132255323,221.73985847087312,219.78648289462404,221.88249400479617,220.8295794089156,223.96953405017922,228.49731363331094,227.53176822666913,230.43853472363492,234.49255986443669,234.24341959947503,236.8942306882407,230.07856341189674,238.71906841339157,242.57742506329802,243.2211235423889,248.1289374396771,252.83178360101437,255.81160218847631,260.85858585858585,263.53063652587747,273.0716264345073,272.9406130268199,276.8300180949635,280.63179699637493,276.6381578947369,288.1139988186651,291.2064469038953,297.64762361977915,304.5429052159282,304.84988452312507,305.59848213881395,306.140350877193,311.0601350124565,286.7738399707709,293.52733854296025,286.5497076023392,292.2572648084747,293.89786921381335,293.8144329896907,296.97872340425533,306.33083730428865,308.6212023270847,304.4098573281453,300.96122515477356,307.3218262806236,299.50497653477305,301.5487414187643,299.66585620006947,294.7484733219479,303.86097442252185,299.2222867377869,305.07780507780507,304.4865354096803,306.57030223390274,318.0953381137532,311.9977985690699,302.05655526992285,309.1566265060241,298.1679389312977,307.5867322535708,308.30764075067026,313.6357770302352,304.88667836228814,300.4915685600072,303.4825493171472,307.89473684210526,297.5753122703894,309.2880434782609,301.2151898734177
395045,26,"Sacramento, CA",msa,CA,210.50402371876325,217.92338632616475,219.9518459069021,216.77529045055257,213.8466514625107,221.32409545804464,224.06442444339174,223.02082937335817,228.23226090614014,231.0810810810811,223.1854246253306,231.58650240555045,225.38860103626942,222.74345677011587,231.93634352666578,230.46909355103912,229.74626194900947,238.3309015642496,232.0,233.5364084711343,226.54690618762476,229.45127285189022,228.42417791570688,233.45040601876806,229.27885049965045,229.5680951922227,229.9687825182102,230.85302497067204,235.60049019607843,234.27506242485896,238.4722869119702,239.22800718132854,245.0634519362588,240.2083702086652,243.4266923256057,250.06118465703892,248.75,248.58757062146893,250.7250968172566,250.8381696930199,257.56048387096774,260.43639362652823,268.06549693369175,270.5324909747292,275.16059957173445,280.04422845187173,285.82164328657313,290.633608815427,292.27733934611047,295.51393728222996,297.2493345164153,307.0148331273177,307.60047751691206,308.27239488117004,310.87824351297405,317.6135484642214,309.89965634177884,311.6343490304709,300.2968337730871,296.2039045553145,281.7258883248731,276.043785238675,282.4967400426054,289.1798480508158,285.1763773285771,288.2723337268792,295.32163742690057,292.35132781098537,295.59118236472943,295.83541173289575,291.07312440645774,300.1695873374788,295.4563797901948,300.10520778537614,306.9306930693069,309.9881621070313,306.52998644621357,312.3713991769547,309.66408518877057,302.42085661080074,312.62966168419706,302.2860262770097,304.3115067603805,304.8408198866114,310.68258340985614,308.41562912369875,309.5160175673277,313.87886081026875,312.7763041556145,306.72795653990806,301.41843971631204,303.714859437751,300.81372766242816,299.48979591836735
394982,27,"Pittsburgh, PA",msa,PA,128.15086720055987,127.21707317073171,133.68126358981553,137.3498932123678,134.1259562790582,137.97036474164133,138.77428571428572,145.5578431372549,152.20403061224488,146.7677001388246,151.14033169384476,154.14624582018746,144.38736681887366,142.11672697513475,144.54912125720662,142.11019705119048,144.8626187724193,146.63876488095238,152.20501702371774,151.48822613157412,154.59381578150317,154.80178012402814,159.43973222547095,159.13558870538094,137.67783386874714,146.2889802963996,145.0406686334851,156.67562724014337,162.68605053651783,150.164306733947,146.62526372040085,153.61037234042553,150.22798742138366,156.74206930209857,161.1455867045737,164.50992063492063,156.5526494366937,164.14163925019128,155.65125240847783,174.0483870967742,171.0119624585683,166.71591062965473,183.3812772925764,184.21823334907887,178.12114182678317,176.64384433962266,186.30179171332585,183.73684210526315,182.6679841897233,186.8846153846154,203.91935253286363,200.0,199.82100238663483,192.93618465716224,211.96143174250832,198.16633608811298,211.07916666666668,208.01324503311258,198.38230251004111,215.4225726725154,218.7349617207437,205.81914893617022,205.90303990094947,206.1159169550173,200.73428420496566,207.125,202.73157894736843,214.61607142857142,196.31904239766084,210.4256336681014,228.57142857142858,213.91438164521546,211.37669376693768,210.19891076625555,216.68472372697724,205.568752855185,216.10687022900763,207.48668579626974,203.84254920337395,203.9592511013216,206.49229074889868,215.93905472636817,222.39171006944446,201.71804170444244,194.3151515151515,189.24849149753155,214.11039223615043,188.35890878090368,197.47120131651124,194.4144093196168,206.8188622754491,210.19634732874042,210.97606757390895,204.8987282147904
394466,28,"Cincinnati, OH",msa,OH,103.97727272727273,99.2063492063492,112.80961160788902,110.41426927502877,109.26352128883775,112.73975571315997,112.89027777777778,117.46818844099077,118.93935560053981,122.01010088867847,135.37370649630168,132.62247960352636,122.08185053380782,119.34807692307692,118.7797619047619,117.60143198090692,117.53928571428571,123.1939617148906,122.95918797199798,126.20588235294117,123.44291482833815,123.59022556390977,136.99275648568386,140.38031319910513,126.14204545454545,121.4304523943483,128.86565721649484,128.64892739273927,133.11245607184694,131.90993788819875,136.47475893363585,130.0148588410104,137.75810321190755,139.2925292529253,146.38888888888889,153.50690248927552,132.60158236790053,139.31514585552682,144.15963133524525,150.23420238621298,153.16716958358478,149.97643403893403,144.41274054412742,154.7250391925266,157.78853914447134,163.0072463768116,173.4536074944591,165.6016435986159,158.6775,162.33960111427217,168.68442259302935,169.37332589285714,172.60215714586968,186.26475552990564,174.5592485549133,171.84853852967228,168.28292214349887,174.65879391309107,183.78228021978023,195.64988737758418,179.40623681551716,179.17417417417417,183.90599038041103,180.8118081180812,182.75862068965517,183.4080717488789,182.83898305084745,187.77128547579298,190.8244680851064,187.94245385450597,190.62142584826535,193.0165931817241,188.40594059405942,189.17301111033407,185.63936197731005,180.4342822531799,186.15253302299072,185.59771521827827,188.56121537086685,191.632225433526,213.78339956440658,196.2868664639085,211.24031007751938,203.25672466789845,193.76112548601716,194.27586206896552,201.59738841591798,204.28156264888042,200.38437897365054,207.65488086087626,223.97625940938042,218.34625322997417,211.2221505635644,210.6146292626611
394355,29,"Austin, TX",msa,TX,139.9771653543307,141.20872147705285,144.0098748235573,142.41322227669167,145.52254641909815,144.4487660105708,146.76732379993564,147.57462686567163,147.81585220500597,148.404052165183,145.71948998178507,144.92274906766116,142.65329733898957,145.40246311628516,145.84543869843114,146.04719749812966,148.44373503591382,147.56425561797752,148.1633627874068,150.49862647177915,152.9807894234989,152.54577007533402,149.31932415058913,151.55061439438268,153.06957346579924,153.22132616487454,151.64279410409108,153.28809152366094,152.11291166599125,153.92946317103622,157.79660297239914,160.49587266184196,157.54254299509918,161.1610223772164,164.36746203904556,165.26666666666668,165.15203823563579,165.90794885177453,168.4292370273016,170.27075812274367,177.03780614347534,182.20263424518743,190.21301353044248,202.99690024651582,204.87394957983193,218.36818181818182,216.56663734494896,225.61,220.90454545454546,226.18605453533667,227.7597701149425,233.2327214472537,231.90102389078498,231.53551216751555,231.34237726098192,231.35709389993147,226.35631818181818,223.57803414656254,222.8666114333057,217.475,209.45,206.0660173160173,217.18909410729992,216.32140058948625,215.64150943396226,216.825,214.72081218274113,213.7495,211.58129175946547,205.03182835820894,200.33144767084264,201.91317516405854,201.3645,202.3108088235294,206.34135875086474,204.59291731132885,198.0393336945599,204.608,201.8612500733306,199.98257839721254,196.9724770642202,199.1229406175772,196.4019377273915,200.20817183366967,195.4195942602672,198.02369161666874,201.4814814814815,196.82617132964762,194.24826110219368,192.20278802101555,191.6594778415036,191.99074470639073,190.15283896507756,194.56922685254028
394775,30,"Las Vegas, NV",msa,NV,152.3074068847929,158.82412192670307,158.11797012959804,160.6453278265359,159.63815291445874,160.71671388101984,166.37099676142498,168.82727889284098,166.2236842105263,171.73405136702567,171.03858778382076,174.11545623836128,172.1398465340074,171.81383210091343,173.1202804746494,172.5621413788231,172.1520298260149,173.52739273540357,172.71484103490855,175.66409597257928,170.7050768321704,173.647795318454,175.68617363344052,182.0904893813481,177.13714261644677,171.27502896953925,175.94132343807735,182.18671454219032,179.35595567867037,178.82073698092063,180.1937207748831,181.25443179599395,184.2676431424767,188.4294964028777,185.67587209302326,185.17309975032822,190.99871382636655,190.21473762761948,191.0909602192924,194.36372621695082,197.13093196112064,204.0529735132434,211.47894300629542,207.0679182771949,211.50666799833726,217.64093567251462,219.15416835486727,220.61801429920186,228.40381439416134,230.29388816644993,232.1546906187625,241.02533333333332,238.97756017951858,248.26165117984755,247.69585253456222,245.5283307810107,250.0,247.77194241475297,240.901905147953,239.09145248057382,235.5759162303665,232.8863796753705,236.01263971170022,240.56339758125472,243.52378048780488,238.94755244755245,243.22446143154968,241.0857461024499,246.31178707224333,243.7863209655789,243.42891278375149,248.46625766871165,248.6556603773585,252.51641949152543,251.5365864071038,258.50873463420453,259.7966101694915,262.66877719080173,254.37240967673,252.73683902729488,255.3751489425082,260.1183247814972,259.4614275909403,265.3472129759355,257.2347266881029,261.5537560104806,263.900965956558,260.5734256842669,257.43971631205676,261.6266676443391,252.29179894565561,252.09320091673032,258.07060332393047,256.4182030243062
394735,31,"Kansas City, MO",msa,MO,155.00695652173914,150.6409917355372,153.01548492257538,152.3227535037098,156.86375225822025,154.61575640405994,157.84462151394422,158.66298507462687,154.6069587628866,163.29474680376575,162.14554354555065,157.11855438361243,152.3905723905724,158.83620689655172,152.8541594152454,153.41802307480054,158.18588873812755,160.73282747603835,160.49302325581397,165.7258064516129,158.377345666733,158.26184945043514,164.058795637743,156.0685709380699,160.2884082085413,161.19355992844365,157.3111072936095,159.18505434782608,160.91541620075344,162.70646942895382,163.50052310511956,167.3517934134369,169.30134086097388,170.1116394364962,173.64456596035544,170.77602820211516,171.91997138588738,174.72234236467312,174.78721689959275,177.45180722891567,181.2734633337621,183.9083475364721,183.19273199221286,184.31066666666666,186.9146005509642,190.12095032397409,191.69374551651126,195.00527484730705,195.6086956521739,200.25839793281654,206.14692653673163,206.3633719650578,208.76379310344828,208.56425309849968,210.76178418462928,212.32292095916284,224.67675161969606,223.63274188148645,225.35576923076923,218.2341075297648,219.4551480720946,219.09809263919306,214.04109679127396,216.51146131805157,218.82878615637236,226.52768703196355,220.5998292573596,225.58173408845738,220.72348252605764,222.12194143602085,229.21577425869071,224.67885117493472,220.16735020616778,217.97783933518005,215.66358024691357,220.4198473282443,228.0297520661157,225.02915162454872,222.14670350388676,222.6771653543307,224.11369193154033,219.47478743652186,227.9272492466638,220.64164118664118,219.65857142857143,226.42975839016856,231.1671686746988,226.85185185185185,227.91568106414354,223.19839845921314,223.96794560466245,228.0865377637137,230.06286297058153,233.93292645897856
394492,32,"Columbus, OH",msa,OH,133.9554169202678,125.55313243457573,133.26145552560646,133.53684794100204,124.781344254539,136.8,139.19753086419752,143.68245506995066,138.86397608370703,142.01303575426945,147.64196342637152,152.73264401772525,147.09677419354838,139.72081218274113,147.15498178694915,144.28938772489906,135.22096322941647,141.1353032659409,146.39065817409767,147.90468364831554,149.253300330033,153.91857820842398,154.1038525963149,159.91405770411296,147.23557692307693,143.78680800942286,144.91789819376027,153.5505489454876,154.16666666666666,154.63336019339243,150.0,149.146110056926,158.1054475157643,156.3130294473578,165.31613430393267,157.01554652667426,154.13721124408573,147.9524,155.4617909048289,155.38579067990833,160.72175732217573,161.12286920235786,169.36282601518653,163.3667232840362,164.06945681211042,168.57790735341754,177.09637046307884,180.36160658984528,175.20922528940338,174.37818399760263,184.972653019024,185.60772115652637,187.0954526833265,193.91287284144428,188.13819577735126,196.93883294314065,193.76061120543292,203.80099395260308,203.8420249017038,205.47329175441251,209.52164009111618,197.0849799350808,199.8260637276089,197.15031369899356,201.7085742894502,203.9158506849787,201.17674858223063,202.52719665271965,203.89673648319533,202.27671921419127,204.52995616171455,199.52116325924436,202.57098694656673,199.93804297275864,206.57870182131592,209.81789390340458,210.61606160616063,204.52995616171455,211.2064343163539,207.24693251533742,215.59468468112044,209.86248624862486,209.68925334484246,213.02071409196432,214.00497556092196,215.9361197452477,225.12395782844465,208.8558170380951,211.78000743218135,218.6735653809972,219.31405543197081,217.8298943906912,213.56545961002786,210.98964613155283
394705,34,"Indianapolis, IN",msa,IN,102.6984126984127,101.92877980720446,104.10749606688267,105.00812669676115,106.28089037943053,109.05935162094764,108.61240634696401,111.49287510477787,109.46159968165539,111.38803719915069,111.84981458590853,110.29324565923429,109.97354266973056,110.3772560551445,111.98698297569788,111.69445055601392,111.44252441773104,114.26518145885734,116.23287671232876,115.7811514973047,111.53065023544181,118.42716217530888,119.34207922359609,117.578125,118.14971675209064,117.52638151732751,119.31225603755891,118.91429748660899,123.87844036697248,120.98456403838131,124.11895931435873,125.28963963963965,123.25503483484712,125.05326797385621,127.3435597759922,130.62406762804574,129.34861212386295,131.91470951792337,135.99875840336134,137.0,141.11961988304094,142.31894736842105,143.10315789473685,137.98217094903407,145.23998524489076,145.40773780157286,138.48398169336383,149.2321784149741,147.67466174661746,150.90296662546353,149.2094861660079,156.84341303328645,157.96886912325286,160.48788474132286,161.71714254773852,158.27118644067798,158.01046698872787,160.57357723577235,162.54420457753665,162.0284263721866,157.04679648241205,162.3759669212805,163.3113156861264,165.44957983193277,162.68391056554142,162.30496422252907,165.81791447830952,162.0806267111912,159.83401639344262,160.0153441473038,160.55070579770899,158.33436820863085,158.69465335613523,156.99620713143014,161.4389941012108,160.97101975396586,161.71456405260594,163.66025505131728,163.9224968002112,161.77620983204235,168.83116883116884,161.6925329004851,161.81395315615327,168.99509142380094,161.2505539811413,165.0874635568513,167.3513966480447,169.39687267311987,169.15729974029927,172.74357441721457,170.89305402425578,174.042764793635,174.5439448521604,166.38935108153078
394475,35,"Cleveland, OH",msa,OH,108.13032886723508,42.31282727199873,108.56977417486972,47.60161113145368,109.5263329204182,103.85885434792559,104.36058700209644,117.15203426124197,113.12975697474738,123.34096109839817,129.29039301310044,143.11178562661908,108.5497177594442,42.07100593260647,118.3304562268804,51.36388248580579,109.44531468531468,104.74149326551324,108.2562104237701,127.36650485436893,116.46220679655434,124.74079169636023,133.96957948106174,142.56559766763849,116.09823399558499,80.75341082282084,112.49637576109018,128.53185595567868,104.78204982152351,121.55787164015359,104.11036036036036,115.48148148148148,91.43341711931947,148.27441077441077,141.22475845410628,148.77663772691398,87.43873131418172,136.84925558312656,134.52471482889734,115.49100968188105,131.57894736842104,146.20689655172413,154.02930402930403,137.60703363914374,162.18226906385618,165.09594466375447,158.5335957123743,157.53993277114665,151.83126891743132,149.4745576794166,152.775901041797,151.68418286915397,143.84471519491208,162.15547703180212,166.0243171683389,168.08964781216648,173.16846986089644,185.69952540993953,181.67137033552837,198.05785123966942,175.58299039780522,192.6244754723235,189.71371504660453,202.35769619400472,190.96082049976667,186.6532485383067,197.45755518335824,183.77096204766107,182.88521739130434,189.06923599530603,209.47942959921681,184.05857740585773,172.42378166531827,189.55532574974146,194.35521036651485,196.23855761565034,212.80423396009172,191.7498081350729,162.01923076923077,210.2913845745387,207.96827046827048,216.07410413924055,208.83906633906633,218.39917630209015,202.84475298930147,189.13285158421345,212.5,211.5193368869903,213.84928716904278,217.0328116927758,223.16459574827775,224.97020262216924,225.72907207423634,214.53829440521457
395059,36,"San Jose, CA",msa,CA,503.7032582487128,485.0444624090542,516.8815659068384,482.6426645554729,465.4002951626758,515.2784653465346,533.384497313891,538.5674931129477,530.7192807192807,483.2027452118672,564.3786266650012,570.7124010554089,502.7289266221953,554.089709762533,575.4950495049505,613.029692543669,509.2386019636897,564.8456057007126,564.2281175671201,512.7409319925614,525.2824098977944,428.49594927791475,549.21968787515,511.02743410435716,464.6820469135444,532.5514172614751,521.3594063675463,361.41604212912273,406.79611650485435,454.07891221891373,462.88631346578364,471.2890625,488.034454633343,559.2705167173252,529.0097205508046,511.24297314178636,604.8795297972159,586.0739558930675,658.4394904458599,615.4422788605697,547.0887065259867,638.4976525821596,555.1352193332493,618.0232558139535,741.3292793042742,729.4402211472011,754.6333601933924,904.4117647058823,874.0447991761071,977.7743715511956,919.3729003359463,927.5460252679,857.2683611499187,912.7789046653144,763.5965454221528,829.0386531066117,872.0930232558139,926.2988978916974,922.6430298146656,795.2184317718941,654.2096510513558,812.5398475398475,900.9049959049959,695.7170880557977,872.0930232558139,930.8942130830543,787.0841819416157,612.9116570831155,989.4753314447141,739.0591608764728,677.8025241276912,830.193482688391,905.3916581892166,599.5274660366214,919.1102575149403,950.0,937.0807149510122,777.2426249247442,715.1327612824786,767.6042147137696,719.5571955719557,739.217714866827,833.518215613383,807.4282147315855,950.5542819181273,978.5647716682199,910.5828943862598,1084.3373493975903,1038.4086466865228,1055.2074211254194,971.4632665452338,932.3391381918318,888.3645833333334,907.7825093735257
394902,37,"Nashville, TN",msa,TN,138.13484849021484,143.8859714928732,144.13341161533202,143.87099999442086,151.04057971014493,148.87791705019222,147.9,150.02985199987017,151.46413578459757,151.88950292602894,151.91259903426726,155.05953699931,145.40134133312486,150.0303214069133,153.42726877985237,156.33976833976834,155.75773068698942,154.88351254480287,155.4351933510314,156.02795573675016,160.74342701722574,161.128332300062,157.63903285615729,161.6072340425532,158.59197577592732,156.83075221238937,159.6045197740113,156.82345644314233,156.33002683323804,157.39619855292221,159.8283261802575,160.1542416452442,161.2588116817724,161.96166854565953,165.09295060558728,166.5975200206665,164.84678845020625,168.43614568925773,169.41662442980234,174.05092805967035,173.2970028530649,179.58307786633966,182.32975949564133,186.06849315068493,187.80756367378441,198.98259920829196,200.0,203.68056003713872,201.95771339075958,204.52655150351887,211.8291862811029,216.6412840552075,222.7342549923195,222.61834765566107,223.90531941969968,228.47543088610095,231.01125359643825,230.7402073732719,226.21430718364894,223.68421052631578,222.837569637883,221.93211488250654,223.49675558759913,225.05074198180947,225.85117845117844,221.76470588235293,225.69572179569036,227.99812710746224,227.07831297061324,226.63371773750686,227.407126611069,227.6853858784893,225.95890410958904,229.20514629031265,230.88888888888889,233.6652565880721,227.2949816401469,229.53340402969246,228.39430579933332,227.89861351819758,227.5002055339682,228.41707717569787,223.6418374816984,227.32571602681293,225.58020680819914,234.03361344537817,225.42530631479735,232.8421052631579,225.7598371777476,232.08303817456954,230.39944080287103,230.6825232678387,226.1431411530815,236.06978110822217
395194,38,"Virginia Beach, VA",msa,VA,133.7418655097614,136.62660982242875,135.6483226535997,137.39098360655737,137.51883515625786,137.64350178575248,142.74061990212073,145.1205990540898,145.0097087378641,147.01515989708548,148.69023569023568,147.28473019517796,135.41145833333334,143.0500881834215,140.46846331788237,141.70125517598342,143.826981246219,146.08194965184788,147.88352104327208,144.02435836646362,152.56573559693308,150.07376523412444,153.99897409047213,152.9364406779661,142.538076510547,145.695067264574,153.35770234986944,151.6340523882897,148.7703125,148.8843813387424,151.39989572471325,154.98637602179838,154.43795093795094,159.65604026845637,153.38573619631902,158.52675682507584,149.73961218836564,161.55580608793687,162.04415119239533,163.60409338605763,172.14786832164057,167.63560867233588,175.40219214292227,175.53024691358024,182.54690222749576,181.3802994011976,179.50391644908615,186.53170758890298,188.34732085216268,186.18562535370685,188.5536187113857,192.85500807754443,200.46383647798743,194.4,198.94709027628517,197.6516990291262,202.7622374375899,202.94850028296548,207.4407630316798,206.05113636363637,192.57894736842104,199.73661106233538,194.28571428571428,197.81444399000986,199.7400126823082,204.2758302583026,203.12109919136014,204.78630136986303,209.91549227799226,207.58203618865815,200.1389532190829,202.56186984417965,202.13235294117646,202.41114670868348,205.20337119824111,207.96638213706785,214.32743362831857,205.26612661266125,211.99424036817152,212.41666666666666,206.08116677235256,205.86857742048235,212.29216152019004,219.5,221.6844805472424,218.54199188261006,214.32945499081444,222.48544891640867,228.01457166440656,226.20833333333334,224.16143856229266,227.19354509735945,222.9395657504391,226.28332300061996
395005,39,"Providence, RI",msa,RI,188.5794853718717,210.7093264831849,185.05148045487815,202.97362894619067,202.2274325908558,209.4017094017094,207.04994797086368,216.4855905888732,203.0952380952381,210.81349206349208,222.6027397260274,219.64285714285714,208.4009292289475,221.85374149659864,217.13004549037723,211.7995337995338,217.71604938271605,222.74881516587678,216.91562125534193,215.33333333333334,216.6126653654305,218.2229699715707,222.4051162580295,217.40122970243982,213.96803917061595,198.04919423240034,217.67064205414397,221.44396551724137,217.49069080636878,220.93311258278146,224.6098104793757,216.48233772316863,230.89303085047248,227.6151547116737,233.4920384859995,231.15220483641536,235.56136852206558,207.4510547734174,229.5052134482562,228.64828513786148,236.29430348497752,247.98483455882354,256.68566174480526,264.40696192291455,258.3617747440273,267.786968500438,263.68437157032815,274.37244600116753,262.80120481927713,265.52287581699346,267.8374094202899,273.8076976958302,277.77777777777777,286.96741854636593,279.93333333333334,276.7274522712311,282.48826291079814,281.9548872180451,281.6431924882629,303.09126143764735,288.53601859024013,281.07738095238096,289.2232277526395,285.86136890951275,286.7495711835335,304.68825519574676,316.48067307692304,314.173729903537,312.54322268326416,326.44897959183675,325.7553426676492,329.8611111111111,288.2823450134771,301.94083876959735,321.72131147540983,306.712962962963,296.0474308300395,319.93333333333334,318.8137755102041,333.26666666666665,322.72727272727275,319.7738010021475,321.1501068478909,320.1505593413352,310.17369727047145,325.6793434004893,325.79292929292933,340.90909090909093,329.73222044683655,354.54545454545456,333.3333333333333,334.6136363636364,336.6091368891224,336.06024559632806
394714,40,"Jacksonville, FL",msa,FL,128.57938718662953,127.25783918453729,132.1534209877405,131.34635149023637,133.7579617834395,134.3218601542464,136.48736228127026,137.03703703703704,137.863196125908,136.48155456192086,136.91275167785236,139.40840286282915,135.27495462794917,138.66666666666666,135.57478368355996,136.3950276243094,138.5014534883721,140.40322631266747,142.35349127182045,141.651699407546,139.91070784859903,141.43920595533498,142.67905398101908,139.4739952718676,134.56543075245366,137.4580111437858,140.82872472141972,142.44410480349345,143.78140373836854,144.56680584551148,145.57342361404994,147.35099337748343,145.58983715078128,148.9728339066853,149.9292310313494,153.03863298662705,148.91202060771036,151.8761770244821,151.4554063235544,155.9348813730439,156.94981866534027,160.22592152199763,161.15289256198346,165.84380539614818,169.83047340330705,176.70730614074407,178.74923620074753,182.63686313686313,186.97278911564626,189.12079855892057,190.22587753688532,197.21026519294855,199.0853302162478,196.71387702667636,203.76325088339223,208.9102564102564,204.12396694214877,210.1381772845133,214.68191913629184,210.91249065071054,209.0852613538989,210.57938718662953,210.7842248413418,208.64106351550961,218.39590443686006,212.08483393357344,213.47203728362183,208.32627118644066,210.05280711506393,214.4648616659269,212.0,212.57410972088547,208.60383271790712,202.3476968796434,214.37416777629826,214.37416777629826,209.93234200743495,210.55672892982648,214.25462847486403,203.62565905096662,205.04391293935754,201.90098457711855,200.33299005972958,202.52216630721304,200.0554259043174,203.74043638424482,199.17298414886287,198.41394023409066,201.18594188949436,196.40076192781862,201.0858725146045,202.11549566891242,197.2723620898937,204.19819819819818
394862,41,"Milwaukee, WI",msa,WI,,,,,,,,,,,,,,170.49697660102066,161.8376787216148,179.31034482758622,165.1006711409396,165.35433070866142,161.77351707609347,186.1290322580645,174.4370440849984,170.52263969171483,186.20101797928288,176.0828762949421,176.9731136166522,177.023125,195.32340301638249,180.96607245543416,185.9214501510574,189.89731870810482,196.5,210.52631578947367,202.43287918401506,197.11838681699913,203.50657482780213,226.66666666666666,192.82820097244732,204.61471484545058,215.04449190821566,210.1528384279476,225.39194676291453,224.6054229057062,237.45432399512788,219.95155918861641,238.3139534883721,234.5679012345679,238.16675297773173,243.85637995378232,231.1397242555193,243.04545454545456,242.27528089887642,258.7652113672543,248.79890185312286,244.60803924297053,273.4498856538414,238.40625868965384,248.18049490538573,243.46087885579425,243.76778905926233,244.2229392535082,230.87701089776854,259.45193998726364,247.48939179632248,244.41637190500253,263.37520148083314,254.8635350318471,265.2519893899204,277.2785622593068,258.00286669851886,271.03976658742164,279.313872255489,253.59667359667358,266.85842828167324,266.2569095477387,261.1439366088356,269.3171608265948,279.746835443038,272.3705722600133,272.28858098423314,262.5946069925162,275.19767590070455,281.51314240878776,287.8499857752489,274.41485068603714,265.4047523157471,283.06742151312403,281.09028960817716,295.17363400259717,290.66674341824057,291.3725080266166,278.8328436173686,268.65671641791045,297.06494174893555,287.6820111002285
394935,42,"Oklahoma City, OK",msa,OK,94.35364912326001,109.01818181818182,112.71767324816105,113.06306306306307,115.72516517358956,116.39612532638975,120.49098196392785,121.43742255266419,121.51748666271487,121.81095206182833,125.00782759278061,126.02179836512262,110.65535254847765,116.31783780086427,120.41084132810056,120.10551881590939,122.99322711650609,126.9,126.80830215862137,127.73359840954275,127.47856049004594,127.09590878604963,130.51584128160619,131.20456802383316,117.50150880988211,126.148288371181,124.20991042804349,128.7995878413189,131.42857142857142,131.82773109243698,131.20875,135.55383423702557,134.0045045045045,136.34474420010582,136.64814637130144,137.21890775585132,132.9449152542373,135.3569092927978,138.32318760376313,139.48444444444445,142.18899618266482,143.33260698666626,148.36,146.21576317596032,150.4880210042665,152.39656407176483,155.96190476190475,158.0758550471005,153.89546064400716,163.1779257849667,160.69312977099236,167.04001192113265,170.20118813123997,172.40663900414938,173.75879663852987,178.33333333333334,176.00075705408477,177.97600461341548,175.9581151832461,174.1573033707865,170.38001348163127,170.74239049740163,176.74814093794942,176.336,179.1245487364621,177.44822553724467,179.26371337348132,177.87527443166425,175.95025116439166,176.13882863340564,178.7658036480105,176.20192307692307,176.50520597555456,177.7205408886027,179.6481381543443,181.09522255313942,180.8900185528757,181.8521973133414,181.7315914489311,185.0,182.81660535995795,182.18134599451915,187.0,187.8494337406015,181.05288050004617,186.5571074551385,182.42448018830913,186.17041110238284,185.54772807326523,185.6203007518797,188.10148731408574,185.36121673003802,184.54106280193236,188.55164497674886
395012,43,"Raleigh, NC",msa,NC,122.55205293102281,124.5480162907668,124.75429120220278,127.07443123967218,128.94743817393538,127.50894346035435,129.03225806451613,133.18284424379232,133.43841138513724,135.48859477567146,137.28064514328958,133.02167445813853,135.46511627906978,133.93870601589103,135.82813582813583,135.9782977280434,138.94286824718228,138.99508465319497,137.4388254486134,136.81206183285857,141.36061827718197,141.961486789073,141.8026418026418,139.54299643216586,139.86481845408758,138.59641220753804,142.3679060665362,141.5705516220024,142.26437462951986,143.0671239588437,143.632183908046,146.50442643886436,146.38594164456234,146.61873156342182,146.8189233278956,146.84322173550896,147.28056004308024,147.8648093171957,151.25535823637478,153.08330328164442,154.06162464985994,157.2190324299408,157.5248361503967,162.52453612829154,165.93337523570082,171.89749874912113,176.17866004962778,174.0054661402976,180.19607843137254,182.85103467940507,182.84383954154728,189.06078700883052,192.78639377621477,196.70257026627218,203.72386287584754,206.83487629130425,203.17613026519018,206.93232970519256,202.12853737264226,201.8077361693712,198.83137673425827,192.08474576271186,191.88969952225054,196.79176201372997,192.82744282744284,196.6041108132261,198.09298087895223,196.43052265145286,200.08973670069855,199.8,198.38169642857142,201.72910662824208,194.39133205863607,196.35756676557864,200.3030303030303,198.4536082474227,200.0,201.36197114534053,201.44987509004244,200.70108349267048,199.68051118210863,199.2216687422167,195.90268886043535,197.99498746867167,198.378041172801,197.07602339181287,198.68467455016938,198.90414990008486,193.86694386694387,198.27504114394546,192.30769230769232,193.3684210526316,190.17994858611826,191.64733267909622
394849,44,"Memphis, TN",msa,TN,110.01274426508071,108.75327652110366,110.83609485347316,110.03699988511687,109.1313807183268,111.95152669472088,112.94117647058823,111.83667859441567,116.23595505617978,117.27301475755446,115.63814932652937,115.97891156462585,113.03827751196172,114.55857385398981,112.48920157575569,114.18167880413952,116.14349775784753,119.26963305607325,115.83639223911904,117.23461384059537,118.73035826524199,119.09920371219064,117.41164241164242,121.78248293807142,116.89602446483181,120.52581056571535,119.178582293885,120.82780433366685,121.37493073629417,122.37949502677888,125.01611863313991,124.85017978425888,129.49809847273286,128.37450484215435,130.05080831408776,132.576404480799,132.2946863091762,132.32325894687517,138.41244515357,137.609841827768,140.28062970568104,140.0194552529183,144.75731276117006,143.29982896906165,141.29448978949364,149.1633431364252,146.72672672672672,149.5479403331707,148.48692924363888,147.92192192192192,156.87214661038848,154.93863043732918,156.99699699699698,160.0836669671257,162.89874521908342,163.71300596069995,162.69173962571637,163.25690886527047,165.09887760555853,162.403951701427,165.2973415000027,165.14818880351262,164.01554404145077,165.14818880351262,165.71106855608008,167.922283408618,165.26136709164336,167.55741892062508,166.19674196100266,169.26852505513318,170.0014185652052,169.40579651948147,166.29931652146587,170.3030950833948,170.35233516483515,171.19611704561277,167.04912154894228,167.49660652746348,169.16132789749562,168.69158878504672,171.83622074487803,170.0,167.49926226940846,168.56267442758502,166.82483614297996,173.1743455497382,170.96618357487924,172.10578842315368,174.49440715883668,176.1038961038961,173.0569347898047,174.28571428571428,174.36119439606932,178.018018018018
395022,45,"Richmond, VA",msa,VA,137.23627595128647,139.7608695652174,137.96397018678994,140.98990390012534,139.89486963835157,144.91150442477877,141.16080828716815,144.1532385466035,145.7983870967742,151.69854411031372,153.91322119834376,155.87044534412956,137.53562258380936,144.7072072072072,146.72368421052633,147.78676470588235,148.34826427771557,149.41182033096925,152.24358974358975,147.9049235830372,149.87738856298432,154.4453685304975,157.468995148278,157.4149539333806,149.3857230392157,151.2484001196172,154.88867376573089,146.93741107324655,154.14379802414928,151.62765957446808,154.7738359201774,156.92435424354244,160.44935954840037,161.60604123372147,160.60880829015545,165.10329562223316,158.2346609257266,160.21875,163.79166666666666,161.56837606837607,163.3986928104575,171.9622238384677,172.56410714285715,176.5488463114059,177.26606821926015,182.0704845814978,187.84297171802447,191.6423589093215,187.8046702704466,194.450238611506,194.82249928957089,199.85312205499056,198.53417656392423,201.3679571923198,197.9921875,203.29740737463408,203.06194200630736,208.30810777943708,217.53725332259364,212.54464285714286,203.03293480712836,208.93770491803278,209.52818589486887,208.72943845717526,218.10282100054826,219.052573932092,209.48424764682048,214.35378201310303,210.90439579360032,215.8042023936006,216.1801689083516,218.4109271593615,215.35180572851806,220.41666666666666,221.34665334665334,224.7024893746205,231.35084199105245,224.34071214859807,227.1819345778654,234.8993288590604,229.6525293817067,230.5872525974481,229.73360655737704,231.21967213114755,226.90722291407224,228.38089217422873,233.1955553962793,232.86311102690414,233.3785617367707,234.00085000438713,230.23313219967088,226.84749620637328,227.1594982078853,234.375
394807,46,"Louisville, KY",msa,KY,114.71899563318777,128.35116425424795,123.39449541284404,124.84735812133073,127.8225335668418,128.23634093037776,131.308375040624,133.6364243606415,132.20675944333996,127.60807239254399,133.10969473331096,130.75545373085697,130.32468585326308,130.3120184899846,138.89813720148447,128.96903545787612,132.51262626262627,136.58238172920065,136.5057365764112,138.72472783825816,141.1296738265712,132.31500339443312,140.36857172709227,139.81842513198123,128.05062777785963,138.18791946308724,142.63956406502746,152.8757435558493,154.19248826291079,154.60368956743002,149.21009416775718,160.8695652173913,159.93964912280703,156.28382441371016,157.89473684210526,153.52257583926558,157.53086419753086,149.9429874572406,151.44644872796735,154.20254237288137,163.235222951953,157.54412567699,171.31445170660857,173.30523089057795,166.66666666666666,169.97167138810198,166.56025575936673,165.26610644257704,171.97452229299364,171.6320474777448,175.75694782045048,173.6947868515665,191.00017957442213,183.7483132121854,187.2836719337848,174.27210724365005,187.85004516711834,191.98461489201608,188.12995336820978,178.53641456582633,177.0939024390244,178.83514977585418,180.1131682981148,180.7403627002476,185.38776269295147,189.3141557906862,184.50833279100758,187.45992670473674,184.93759557288058,197.26666666666668,190.31564349603207,174.17559769167354,182.97409006785935,184.98971898560657,183.544921875,182.76640676432453,186.13138686131387,191.95512820512823,188.81626724763981,183.83559471243044,182.7309236947791,189.49658172778123,188.01742919389977,182.95454545454547,177.51937984496124,177.33401930949043,185.40698089824798,184.12438625204584,187.82643631980716,194.02228665346286,197.02338766832034,186.37501111511338,188.8201516449351,194.83870967741936
394910,47,"New Orleans, LA",msa,LA,119.59611069558713,116.94373401534527,117.73092508789377,124.8429648241206,122.72712694254881,123.20257521692263,125.67020510579323,126.36248886248887,125.42372881355932,129.6566225513842,137.29705344853778,131.56822810590631,123.22345777071749,120.43355508112015,128.65592372519507,125.62250174703004,136.2073975571316,131.35884831460675,134.27109974424553,137.17805151175813,136.92307692307693,135.76415826221879,130.88235294117646,140.30612244897958,132.90113452188007,132.1167883211679,130.10204081632654,140.59614959346914,133.33337966824206,145.53429027113236,143.21398834304745,139.03508771929825,139.27559402595858,147.40221833041448,158.98498187467632,158.36501901140684,152.3955147808359,150.63025210084032,155.70980864036784,157.68300060496068,153.4833500047597,158.84161968221426,163.20671410019145,169.1781295361858,172.37703542051366,172.55888987592493,170.72150695414132,170.95320874981894,165.70139828597203,164.98936795910058,168.0538041193779,175.3239911009258,163.83220132358065,177.75528100900158,173.00762910798122,176.7031531042142,177.14507129572226,177.05554918669674,164.42013968721415,163.3258266668076,158.94224733207784,157.72799442491467,161.36919315403424,167.9420363062709,165.43773452157598,169.41948859709746,168.75685832492115,164.28571428571428,160.55045871559633,169.5305278176479,162.7521730120608,165.8827722486696,168.80794701986756,175.4262597099432,176.68350168350167,172.40837092838498,177.08347269605548,172.29120241047048,171.14113777929663,172.4747474747475,168.88363243165196,168.43167615992922,171.44736842105263,170.38962273116033,173.66684991753712,175.46395193591457,177.46414913957935,180.8676654182272,176.1313435169531,178.38504936530325,178.66612554112555,172.14996174445295,175.51380846559363,181.22489959839356
395053,48,"Salt Lake City, UT",msa,UT,166.1631419939577,166.19597989949747,171.48647326883912,164.14441147378832,167.24853372434018,176.45068493150686,180.99765441751367,180.88127932061775,182.73892987165505,180.80406018049933,182.30738167773703,195.37276220339723,184.36925042589436,174.87741155944167,182.94465044358367,183.14694559815132,186.8702679019064,186.18946540880503,180.57980599647266,194.5110701107011,191.49491017964073,189.59842544899521,192.7954752051449,186.46474939139105,188.98932621747832,195.55509164097293,195.30505795574288,194.51195631204183,192.64272107928008,195.13462552742618,213.38402888453587,206.04267782426777,194.61707521645022,200.64711447492905,199.6912746881497,197.1424691353634,195.57945390476715,193.8976923076923,194.6727924697445,197.31314521679283,208.01287208366855,200.2598242490169,207.25943396226415,216.55231560891937,221.70381090207428,219.79135053110775,228.6672207993609,251.6898265412009,235.98410338422582,222.16093117408906,225.71508172362556,249.20428185824846,243.08533996683252,262.54925570528513,267.4599327154342,271.8467495688355,265.2457992244722,285.8218934911243,237.8310784692694,212.0734965586409,193.49705608924697,195.36307961504812,192.55942128832243,203.06838106370543,209.37229437229436,199.00960341230314,217.59952110146662,217.03689427312776,216.69068011217027,212.40181653042688,220.90319091400758,211.09879981813447,211.28499796357104,214.7155489661322,216.78199718706048,213.4465765372874,211.37787056367432,210.16008771929825,214.93495632348095,218.62911247997056,224.7414652857691,213.9874739039666,213.14026121521863,212.6305067481538,218.04063411078715,212.78074093420366,206.37523452157598,216.65616797900262,208.5315685923806,232.53796095444685,228.9434722987856,235.38642604943115,227.03549060542798,224.97620172517975
394388,51,"Birmingham, AL",msa,AL,104.08230470866415,109.48934862523629,102.63157894736842,111.60378571677006,116.07441542925415,117.58721546440358,116.62203880090567,120.97662266226622,114.7093250097542,119.63704852592204,120.28985507246377,119.25737704918033,117.0067081647656,120.28985507246377,113.72987061528562,118.0051364340085,123.27807017543859,121.1210324638557,122.1106645198833,121.35819845179451,127.61702127659575,124.38861692628026,127.01902865361212,121.31234417719537,119.24337470896175,122.19373219373219,123.08326463314097,126.2724623603691,129.95455774952666,127.87261904761905,131.61540592962038,128.25073099415204,133.3950046253469,137.02002192054135,142.05807117836437,139.88833746898263,139.43616236162362,141.28903122498,143.0045095828636,143.7217847769029,147.40594690357938,143.45401316507255,144.6443341604632,150.14016897081413,153.61739130434782,150.5887323943662,157.03020765706003,162.438413089314,164.59551528050537,161.957463568334,155.7751682072565,162.62344590359004,168.48096639503626,169.77363515312916,176.23413258110014,178.22115384615384,170.09956192751892,172.3846037048284,168.51085832471563,176.3582089552239,178.3240997229917,170.58498697934,172.77777777777777,174.36178967286816,177.90857562288465,174.97995991983967,184.30193720774884,177.38621010948054,177.50845546786923,183.86401337788055,180.7380073800738,184.67886005954912,180.29392117568472,172.44304733127956,180.19480519480518,174.9612192514259,180.0233065913144,175.5723710793503,191.6505862683933,185.25423728813558,180.3269447576099,180.76644974692698,185.92684438933665,185.72360319014342,164.4915932746197,172.54523663810687,170.11612252765175,179.43190372164815,181.1559797535695,173.7712380372248,182.0753968114742,180.27458348991607,181.91743119266056,181.5621521335807
394640,53,"Grand Rapids, MI",msa,MI,109.89429175475686,112.78729628081905,128.91865079365078,125.1182160128963,125.14285714285714,134.76991274978892,133.1972716991801,137.1579391891892,147.87079199434288,146.1792930135326,142.4345439189189,146.96719160104988,133.70246552444632,145.39992166079122,138.2886776145203,124.36119312679465,144.81533525340552,131.51807228915663,142.6024096385542,137.9144385026738,150.13302926643863,148.16535067347886,147.71283641788708,148.0682583921274,147.92932081722805,128.63868193719168,141.5913433817551,153.62490149724192,136.47893825735719,156.44298065047346,162.4781850552581,149.4923044160068,158.7996653715228,163.93192751056742,158.02455201007263,165.4482493266641,150.98294927068318,155.5636896046852,165.89097449908925,164.03508771929825,172.09302325581396,177.55954868366067,182.2850197508356,193.826261484425,188.03009575923392,192.5415484394001,188.97464152360752,190.37587934288337,192.13661202185793,178.61233447244769,181.3633520950594,188.82082915176983,196.51260716633084,197.42914665292062,207.68200089325592,206.98122291766973,200.84821428571428,200.10672358591248,209.1773215401097,205.7748371758279,204.20127015144112,204.79342842324945,198.64723032069972,205.63770794824399,209.66579292267366,202.54207843205546,210.28847143417534,218.61777150916785,208.94071914480077,215.43382646941222,210.54868624420402,213.79688883284604,201.70998632010944,213.99560922063665,207.43515850144092,216.22203098106712,211.37690029356258,217.80705482362941,223.62869198312237,214.28571428571428,220.82145761604,218.52459016393442,217.01803833145433,216.7398463227223,211.04496652686257,220.19855794815882,224.09192315177148,231.70035778175313,221.26458212542371,224.12912703804346,216.19115395397984,228.3345551482839,238.4899900701255,221.3706407137064
395167,54,"Tucson, AZ",msa,AZ,135.69137168141592,136.32216216216216,136.94476358815731,143.36754433100484,141.86704270749397,140.20746887966806,143.28615794143744,141.1645199063232,139.12193209829485,144.47917956656346,140.99585277345776,149.16540212443095,145.38550276190085,149.43668938778632,145.9098976109215,150.06443298969072,150.52732335537766,144.48232914626357,149.41564111624953,147.49786507258753,149.4061433447099,153.17208633093526,151.90954773869348,147.84842105263158,152.71781609195403,150.58666666666667,151.61921710475502,154.63041470726654,154.2195550351288,150.87919126245544,151.47013782542112,159.83362630161622,162.830920671685,158.44477464091133,155.19065598735438,166.14852255054433,160.21162349968415,164.34996841440304,165.8393207054213,168.60919540229884,175.53407880724174,177.97074172553377,180.63152701685146,179.68784227820373,185.81772518712268,184.48140566359604,182.96050686527218,190.32516636418632,197.41908010175894,191.0852133263203,200.46385103701027,207.17642209398187,206.88816054113562,206.82896379525593,213.20501515538183,208.235511780494,206.682086320625,213.26322498406628,211.75078864353313,194.83812949640287,202.5693261037955,208.42196502970944,206.2489694971146,211.44404332129963,213.83018867924528,206.80037079619518,212.6888604353393,211.64282190429205,212.11811023622047,211.81647940074907,204.36496667061095,202.2299095263438,212.00674325714593,208.64023194008783,214.71779141104295,214.59662515066293,219.09000989119684,215.88039867109634,216.25,212.03932199370217,214.82093663911846,219.84921243985394,219.5515765972744,221.0083663584324,222.74042313361082,223.42857142857142,223.1841074426413,222.80923069553555,218.19541627954808,215.6786171574904,221.0456140350877,217.482178282985,219.28374655647383,219.0909090909091
753924,55,"Urban Honolulu, HI",msa,HI,,,,,,,,,,,,,,,,,,,,,,,,,,,,,,,,,,,,,,,,,,,,,,,,,,,,,,,,,,,,,,,,,,,,,,,,,,,,,,,,,,,,,706.8401639344263,660.7173144876325,729.9371693121693,758.0456349206349,552.8394039735099,608.2462010813595,638.0328685258964,622.4043715846994,1058.553386911596,1283.6816752602504
395169,56,"Tulsa, OK",msa,OK,114.70700880888549,111.74747069463902,114.98618784530387,112.05128205128206,111.33402059172495,116.16203138425361,114.47645818692902,117.33684904416612,121.6784850926672,118.09232749454162,118.89153754469606,121.58730158730158,116.38493475682088,117.72854622065722,116.58923040266858,118.10253002846153,120.35851472471191,122.72727272727273,118.64885790889294,122.11099423991986,121.01532483161071,123.51778656126483,124.87939498162507,119.73122666043403,118.18181818181819,123.65759960791098,121.75732217573221,126.82608695652175,123.25034539928157,131.16216822456957,126.22370887130361,129.72222222222223,131.99426111908178,131.46997929606624,135.16538461538462,138.05522208883554,132.0215727209464,135.49488054607508,135.03724394785849,132.6849369086001,136.96248894638126,136.97618270799347,139.49887387387386,146.71230423881755,146.3357974483784,147.5371687136393,152.46255677982586,153.3267850577451,151.9676432006996,152.56410256410257,157.94117647058823,158.14657143399864,168.99571122230165,165.26295878145828,168.9691581200147,173.23852617970266,175.1316890385543,172.97942141365942,176.06965674443552,178.57307169538728,176.46092303934003,174.95072866065232,173.80500733197948,174.63103635377104,171.88540704253336,176.91069991954947,172.2924554959028,178.2443782172853,172.8395061728395,180.2076970067196,183.12368972746333,182.95957135898684,172.8882246422799,177.5716539800012,177.20007849455703,177.7607426128202,179.34702678949952,182.71029950441715,180.3874839992206,182.69230769230768,182.9989440337909,186.5051387716598,185.12698181473064,180.04644329227125,180.0,186.24919717405265,182.4544782660368,182.05128205128204,183.22533677253608,187.82418235873638,179.1913959024315,180.4394005260972,182.61217948717947,180.55555555555554
394619,57,"Fresno, CA",msa,CA,166.5407263183291,167.11944630823535,159.49734171097148,161.10581770518252,165.19157088122603,164.6412037037037,167.3818344404701,170.18072289156626,167.35218508997428,171.41990291262135,168.0379746835443,172.57967528562838,169.7017180658671,166.93547419790403,169.09722222222223,162.31410953935438,169.7272986534504,179.49471210340775,175.09393456852823,173.97645502645503,175.0,173.75428956745696,174.38973063973066,175.68126256027685,175.0430816016219,181.71082095055738,173.728152309613,176.09096496619546,175.40574282147315,179.6372267179555,181.4720812182741,188.82275132275132,185.222498618021,185.07510543253898,185.1851851851852,185.1851851851852,187.77292576419214,187.99603174603175,188.25429620884165,193.13304721030042,193.16615452151012,195.69174757281553,199.18256130790192,209.57384772111882,207.89073315173874,225.12437810945275,223.68421052631578,225.42549447055885,235.27373527373527,218.07283921816702,223.3698310748569,229.5885387478757,239.2156862745098,236.4740506101662,242.09245742092457,232.17773198100286,237.40501248431934,235.00110741971207,233.8,239.14354644149577,240.36778587431078,245.33161622665807,238.83390759490203,247.70642201834863,244.79936642027454,236.45894001164822,254.1442885771543,243.56122398487037,243.48879466989703,241.88688438158064,237.87878787878788,248.7980359895252,226.98765931620474,243.33358112950378,239.40386680988183,240.6189053875706,225.03566333808845,239.9153339604892,252.42424242424244,229.16666666666666,239.30300966396018,248.60972102274343,248.27679207366708,248.38362068965517,249.15055110220442,244.11232937800528,244.47126570497906,252.171552660152,254.02597402597402,257.9827673593512,255.78149920255183,248.85263684913218,257.12930131381233,241.5954415954416
395238,58,"Worcester, MA",msa,MA,180.1192937465625,181.57287332189009,187.7803099361896,189.88611713665944,188.38988631582174,194.51231774761186,199.19613486842104,189.47315789473683,202.76724791508718,196.31468189102483,193.39065018807094,201.3177159590044,198.81656804733728,209.6836555360281,196.42857142857142,195.10276845637583,194.14963744232037,199.73192401960785,205.6854130052724,208.34692733499443,201.8270401948843,195.14845759448326,204.26083248498423,202.29940776429737,195.44574802776833,195.69763967732297,223.3820459290188,214.07690287648552,212.06752227101066,205.5,201.85185185185185,213.24671772428883,219.2137320044297,221.69070512820514,233.36391437308868,231.7651647747557,211.0607692307692,222.62217551234892,235.65573770491804,239.62029362262328,235.53215077605321,240.23316455696204,237.67605633802816,243.13332454753117,246.96666666666667,246.82179341657206,260.5848782260996,260.2006889530424,262.9394750929507,250.3129513721714,267.85714285714283,258.13312053115425,266.107778819119,257.4694799822554,275.29761904761904,286.57316053511704,287.0988339406559,284.2469495054659,274.472020181498,305.99755201958385,292.5,266.0224214942692,285.9264934022423,303.68263473053895,298.3739837398374,296.25,295.9931798806479,316.33597883597884,294.0910801656003,292.8433107756377,293.9099502487562,297.1117902606587,280.00864864864866,309.3302342284825,309.26756756756754,312.5,315.5223524407726,302.5,333.89097906865686,310.8491686460808,321.0402824727047,300.9554081103121,302.9503210136256,348.29307755091577,322.30392156862746,321.01734743244174,306.48494288681206,324.62894248608535,303.3913382179552,309.3401885175664,301.82254656039265,299.0031152647975,311.0453320531937,323.4472049689441
394938,59,"Omaha, NE",msa,NE,114.13349493113157,128.02727250626458,121.10834371108344,118.39568067875048,119.18287123853767,125.65206662553979,125.63301405573054,125.24693796918214,129.8366624945691,125.12892281594571,131.0506653790921,132.62518968133534,125.32360018580911,124.47390572390573,128.06369643224104,125.49153412006157,129.41176470588235,133.1223628691983,130.01054852320675,134.85206660719595,140.6767764281651,132.5204935470146,140.71962949768437,138.26945522422648,134.1794379426175,127.24237843285462,134.68351968886728,135.24538672948566,131.32884210526316,136.04346261407528,144.0577493403078,141.90961503226453,149.47172156619018,143.50340136054422,150.5274021352313,150.6930006930007,145.489443378119,142.4730715516729,155.06560052219322,155.07628784899725,157.69400236737255,156.31667821466428,157.5592219870996,165.26897427754844,162.2828729281768,166.40357142857144,172.32715512413665,169.29305127962147,174.61139896373058,178.08167998058906,180.87579137775097,181.39841688654354,188.81621621621622,184.1186448997235,190.86,191.02247898107365,186.66666666666666,191.36898395721926,192.94776168371655,194.64138499587798,199.76437449103554,188.49685838569357,191.38684210526316,188.59471561818688,191.31849315068493,198.10455518190156,194.11396368190356,189.51963989357498,189.9284326694468,194.01699586587046,189.23766364551864,189.81387951226566,189.4218366938533,190.32258064516128,191.7254379838774,195.23956686981606,196.52727272727273,192.847930880634,191.3897429718965,193.1721612455106,191.82081005332725,192.92233783279463,191.77575957727873,189.4002525252525,194.94139420111043,193.84694429421307,189.29150892374255,187.52557233317097,193.04837952090182,187.39669421487602,185.855295978262,191.88993482983346,188.6101919258769,193.46189338071719
394415,60,"Bridgeport, CT",msa,CT,,,,,,,,,,,,,,,,,,,,,,,,,,,,,,,,,,,,,,,,,,,,,,,,,,,,,,,,,,,,,,,,,,,,,,,,,,,,,,,,,,,,,,,402.10669542000414,446.1585982391674,498.36512261580384,439.43582725060827,456.0830758148377,495.75070821529744,488.8888888888889,455.44903846153846
394653,61,"Greenville, SC",msa,SC,105.05184244122297,102.26673695308382,107.87320574162679,109.81912144702842,107.00075357950264,105.4517261904762,106.30846449958909,108.08646917534027,111.8796992481203,113.17481538069774,114.18524826741395,113.42505197505197,110.69286684782608,108.81630861677775,111.37225170583775,115.56875209100033,112.6957086391869,114.73737888832228,115.9400826446281,119.29402381934656,120.35023300627606,116.15931968066644,119.68142325196524,118.89263074484944,116.04125615763547,118.16268486916951,119.90766951942066,119.7258064516129,114.92896050766653,122.38825351484293,119.9738813735692,121.71894345852249,125.06765463917526,123.83492116927684,126.45764576457645,123.01020408163265,121.59537112010796,125.78616352201257,127.2448557035519,132.71929824561403,134.2067372784809,136.05047971297114,141.8890734316209,140.80484235897833,139.6391868512111,148.0088161209068,148.46534653465346,143.57548701298703,148.5520457280385,150.887358184765,155.0946547884187,162.32356134636265,161.24748490945674,160.61349069315196,167.5961291493702,166.82646512495484,168.496875,171.6417910447761,168.86880973066897,164.59863256520637,160.69648562300318,159.02516853932585,158.38686920306546,167.6452914499133,163.41198592971782,169.31864545083639,165.21360069747166,164.08239071038253,168.1824241015483,163.88888888888889,162.04690831556502,166.1717085381455,164.0114431023522,156.84662250776103,164.49084674337806,167.60978461529078,165.7518582046884,166.25,165.42971458627187,164.19645910508194,161.97104677060133,157.35129977791195,148.27586206896552,158.29787331337204,155.0672182006205,161.628753845735,168.92634819185542,171.11567419575633,170.056522446324,166.65977528089888,165.6956303365143,161.57786401943494,164.42203009926354,169.71673596673597
394312,62,"Albuquerque, NM",msa,NM,134.9342705946913,152.7277556440903,136.79369747668625,139.49163050216987,143.70007976726725,148.81119552702825,145.0793650793651,136.52305825242718,141.1715706944338,140.88120347394542,148.1006679389313,145.07213656387665,140.92140921409214,132.67980254458155,139.02970579834334,135.34586382078777,139.60074277191893,141.38306159482005,144.96780424983902,150.58016530628925,145.22916666666666,147.9447565543071,147.40506329113924,150.3959683225342,150.5277016526131,151.66949632144878,151.68947184222174,152.41419429901106,156.81124576114692,152.92901773602821,156.90807215904732,158.397134360638,161.12369741412581,160.81349819680577,170.11148105600878,167.4920634920635,164.3344709897611,172.5447928331467,166.03170731707317,166.66078957454963,170.4368933697881,175.17587939698493,172.48459958932239,176.3305439330544,185.0219512195122,188.9634046946316,190.1982067012742,191.7984623833059,192.34269743209973,188.57270194986074,206.10329212222064,209.38304862023654,206.97169190256747,206.4998029168309,210.86591654946085,219.55882352941177,211.61300711896388,226.58406902086676,216.8724733932844,216.6638655462185,212.76024748646557,205.3772801457909,210.29739776951672,209.1247280937179,213.6855922542109,208.4805435453984,217.58675078864354,226.50073206442167,225.60129902338392,213.29588014981275,214.72682466244925,219.96878901373285,222.79549718574108,225.80300491816433,222.34551613948867,223.86020151133502,224.88121670955775,236.13446625045495,232.98309730470535,237.04294840099922,228.02577286865994,227.83395755305867,238.01285219970342,229.76903870162297,249.10106085985484,234.20681233181233,230.9611586570112,229.5566037735849,236.39661426844015,231.809401159047,231.82095006090134,235.94881398252184,237.60602963719978,234.07615480649187
394357,63,"Bakersfield, CA",msa,CA,141.34506354589047,145.73598130841123,146.01608187134502,147.72727272727272,147.88066303517817,147.23471711332985,145.34883720930233,146.12954186413901,151.47392290249434,150.93127809890817,158.50986121256392,153.6389860966613,156.0340244550771,154.84057971014494,155.32613796339746,154.73411876300545,153.36879432624113,161.5553121577218,157.40740740740742,159.72830850131464,162.56507335541883,160.56442125370376,156.0873621798409,168.75013073912055,164.81970223697058,163.58350951374206,160.73410098419157,168.14657661666342,171.0261569416499,168.42661034846884,169.61712638946068,171.4961561206387,175.5087293568104,174.6948055479425,175.81102681751173,179.42736602706213,172.3826714801444,171.50395778364117,180.20169851380044,182.655873309177,177.64298093587522,189.25013279217683,186.70764502497119,193.15068493150685,194.56644849017306,202.41401714396045,198.48848538784495,204.06111781262567,208.13949869469243,211.0842803030303,211.27659574468086,213.18189842286228,213.25915623551228,206.78977099701564,206.81461249573232,212.68868812347074,217.97752808988764,221.712158808933,209.88253319713994,210.52976965624597,212.11747532045086,215.8081705150977,218.56963019753715,218.8553610331246,216.53789715767945,216.76575424001314,221.78217821782178,224.6987951807229,227.50775594622544,226.7104197494288,234.75822454009483,233.5,229.1783119060928,237.9474068663258,235.7255107386066,235.61346362649294,244.43987959705166,232.08469055374593,235.51172091642647,221.58273381294964,229.12926391382405,229.80251346499102,229.70903522205208,249.457111834962,248.642779587405,243.20742213386347,239.67168165170074,228.3918281822944,220.814332247557,250.83537860783184,253.3974659784139,237.24212812160695,240.45584045584044,219.64285714285714
394308,64,"Albany, NY",msa,NY,183.83933404315013,182.9006301502666,182.64548287165448,176.68849658314352,178.5423886138614,180.1025377615161,185.16365412799217,188.9098765432099,181.22375,175.28280542986425,189.07528641571196,186.4951856946355,178.39285714285714,188.16452154448797,191.96910003862496,183.60655737704917,186.1037168434016,190.63816009692246,202.94604450551645,186.32567849686848,201.12,189.20974401321223,188.6590749178401,207.36527640203167,178.24605278980277,208.6297216699801,203.53508302088912,191.8859649122807,185.37271448663853,195.70382538639547,204.3772798332465,203.15971563981043,195.33077205882353,191.4319952067106,197.0115061236392,201.74199623352166,193.32270513760832,192.2852133255406,205.50061804697157,202.13263157894738,193.54810642519186,207.63500931098696,208.96716862907942,207.82396088019559,202.76008492569002,206.90339091490722,213.9347619047619,218.09549647314162,229.1048707753479,230.02956989247312,231.15136240211027,245.09855864811135,239.45139205842082,237.9543859649123,227.35850519716217,241.301634331791,228.63893209750327,237.29270453361124,239.0625,240.46992398484934,233.19409328784525,263.1749530956848,255.6320987654321,248.2548377224526,269.09594943981614,263.9053771924275,256.0864190045005,282.84200066247104,275.9727207465901,264.2788780275041,285.8017117132465,260.32236437743745,267.9061728395062,270.69594594594594,261.48,284.4073779193206,273.1132075471698,326.1105505707411,309.6072340425532,284.1185041282176,299.33460800410114,306.70316563834837,272.2917608695652,289.1304222924447,310.55207514273803,276.9324747740749,292.1390658174098,319.53886256692294,311.83701883701883,295.28041958041956,300.5899353647276,289.50094161958566,292.43255051884216,312.19726992514313
394753,65,"Knoxville, TN",msa,TN,118.96980461811722,117.03803988618806,116.21835443037975,116.40625,118.88888888888889,118.20412246254826,121.3926164478796,118.25047199496538,119.20797413793103,120.01647257125344,124.58471760797342,120.80645161290323,120.29950083194676,118.26494535008229,113.9813736903376,123.25400043546915,121.3778409090909,128.0,127.97096774193548,127.85208212839791,127.46562709590879,129.4151376146789,129.4657312466271,130.33333333333334,127.56341341063438,127.90100683166786,124.13076923076923,128.2651515151515,126.28158844765343,129.4573232751314,131.1087258868041,138.81856540084388,134.7240051347882,141.96428571428572,139.25714285714287,138.4092219020173,139.44723618090453,143.51161698009705,143.30551454962742,148.7136690647482,153.31215707269934,153.41400172860847,155.15264380663325,162.34443998394218,167.50295857988166,178.104241813081,178.33333333333334,180.21515920627596,173.84347347778257,175.58333333333334,179.0,184.13594594594593,185.27081081081081,192.65486679641845,192.43986254295532,195.41468303683288,192.7064831255741,196.07843137254903,196.85374149659864,198.48611111111111,196.36587078651687,210.0938888888889,210.0,201.99879518072288,206.29402529249828,206.98571754960486,218.80179242201535,203.18930041152262,200.89506172839506,207.27272727272728,205.7874959713839,207.46691871455576,195.38422903063787,203.92644285175405,207.46426529445398,208.4189189189189,214.19839572192512,213.58660387231816,210.51937436899112,213.27719406674908,216.5532879818594,210.62547098718915,211.6081081081081,211.24896112284335,202.41862794191286,200.25343072155823,208.0,214.1400407885792,209.1231497927768,204.7501810282404,212.15700141442716,204.40622737146995,211.2671976828385,210.95334685598377
394367,66,"Baton Rouge, LA",msa,LA,123.45497953615279,121.50195712072656,128.55254461335096,128.09684684684686,131.44359982173313,122.56744485044216,130.55416874687967,125.27261064785118,126.2774204458249,127.11437706906833,131.9160684704583,127.40649214659686,125.83081570996978,127.83080666292345,127.07118193091287,129.36552498596294,127.60701680409795,127.33997901364113,122.33375156838143,127.30696798493409,127.33574009160371,132.70555555555555,129.03062053416005,130.86457073760582,125.14305449026267,125.9558466763707,125.50062853988561,124.14800389483933,126.83590891481211,123.73998388030736,128.34590517241378,129.0617384240455,128.73309832539377,132.13818789995793,132.1859020435092,132.06741724596895,135.41184365213954,140.51973051010586,139.92857142857142,137.46983105390186,144.26336568486983,152.07286619110107,152.68470088264138,146.24719704694914,151.7319095827634,152.93892750744786,147.84186046511627,148.79344919786095,150.54483193756315,146.91978598732965,148.23529411764707,151.97594278283486,157.6906552094522,154.2742332294571,155.95197162593314,156.03618048203464,159.6886176262658,160.26584615384616,160.98133333333334,157.81198589380097,161.58258457593934,150.88174617793334,152.72526810569434,156.82864450127877,163.24992349726776,164.75095374648976,161.91396810053166,165.52905103272056,161.48916236876036,158.46994535519124,160.74896558136652,157.17319854962483,165.1186015012134,164.73192486165726,168.29992216552796,166.3940990845562,159.68971362701444,160.28958430639887,159.89628349178912,162.34668088400394,158.73517331378383,160.02187966185977,157.2450476889215,161.20833333333334,156.61341778439083,160.30942334739802,165.71571439563763,167.66917293233084,165.05589225589225,162.4666310731447,168.7887963663891,165.90754276138773,161.01694915254237,165.35554450522127
394843,67,"McAllen, TX",msa,TX,103.95594262295081,105.76785519877151,105.3273137697517,107.06865148861647,105.56127703398558,107.51443610013175,108.94313302064481,109.34907597535934,109.70254902272872,113.54235975374633,108.53163087637841,114.9811779308709,107.2627061215027,102.19478737997257,108.49528381726138,104.30410256410256,105.97334244702665,104.70254810192408,106.35735573015442,109.68049594659037,110.19186440677966,112.73276295923503,116.1990471148756,112.68376019678419,111.42995475831415,113.24376199616123,116.47331786542924,116.16472034419176,111.6474821064079,112.97611362169141,112.66655159306174,118.39410936510046,118.94349240102571,121.49532710280374,119.49825689706402,126.23574144486692,124.73614958448753,126.41236312650227,112.52080562035843,121.7314966573665,130.49267643142477,125.97154342290287,131.41897468349268,136.05079557351903,139.7437514599393,137.90623539962363,137.50731421884143,140.66044776119404,141.1764705882353,142.52944823310602,146.78615574783683,148.13031750317168,148.56044500798671,154.6875,158.66237091211133,153.1225033288948,156.18842621582132,158.38242424242424,155.58693181222958,157.91467065868264,160.05733397037744,156.05345663528388,160.8287748759784,160.67716373366267,164.07793464122943,160.40358456079332,161.02388596255142,161.41732283464566,167.29553322416984,162.51990049751242,167.24765135594697,162.0926243567753,159.42648829866874,165.32208588957056,167.183092013078,169.67814479587634,168.40054654419026,168.86839754609497,168.27195467422095,169.56521739130434,169.25892040256176,172.958117787505,171.35771853688777,172.81616510901307,170.45454545454547,171.2962962962963,174.14800995024876,172.57086845353962,175.86213082145093,174.37722419928826,170.85714285714286,172.0,173.09875141884223,174.1216142993036
394561,69,"El Paso, TX",msa,TX,104.77053140096618,106.42407459472585,104.9921760391198,105.28785363222713,108.07995495495496,107.49846032959564,108.95579268292683,107.26825906327302,107.9734219269103,108.99712266899766,108.74125874125875,108.7447403236877,108.79781687391959,111.00342625479854,110.29132791327913,110.29411764705883,110.77751142742284,111.73610541068882,112.58758758758759,111.91867714727182,112.25913621262458,112.95454545454545,112.57222222222222,111.33666960452541,112.10695961988529,112.58480325644504,112.7514367816092,113.6795440151995,114.46261682242991,113.63324175824175,117.0,114.92634750408975,116.2354584089031,114.544438678159,118.65573770491804,118.88038942976355,121.64190938511328,120.52001070050639,121.86700767263427,123.64734299516908,126.47279278472928,124.1786858974359,132.33151183970855,132.46875,132.17647189410928,133.05219169699507,134.81283422459893,136.4527027027027,136.30705394190872,137.55898566703416,144.00264907593626,142.6199082715566,145.23684210526315,146.2396265560166,147.9301609557891,150.52777777777777,151.7764857881137,149.97222222222223,153.45280848403485,156.94183864915573,155.18916096216248,158.9532304521715,156.57620041753654,155.23713512263132,162.28009808982964,158.8322465915827,164.45142887016985,161.4156626506024,165.3846153846154,165.75085243301868,166.01908591854973,166.32270168855536,170.34075104311543,164.57554707950737,166.0857908847185,165.53610503282275,171.70424978317433,166.69912606654174,167.97505502567864,169.81665262990293,169.11683466854475,171.7948717948718,166.7451244115669,169.27545806906272,167.43975903614458,172.86172126128884,170.23575638506875,174.56026058631923,172.6058631921824,173.87959866220737,172.6058631921824,173.37662337662337,173.90350877192984,177.00594353640417
394318,70,"Allentown, PA",msa,PA,144.8978272115882,138.51139211886306,146.04028436018956,142.2790585975024,140.77159879736482,149.52392604676456,138.88888888888889,151.7957664658727,144.66605150735452,148.56934306569343,145.26298354742536,155.43509872503455,147.9599733155437,145.39266383329468,141.74744899653115,147.35897435897436,148.15512163613667,150.2396782841823,151.53714071316813,160.21259599511853,165.8934151051918,166.65873015873015,157.31555333998006,177.18490566037735,153.56788899900891,154.72894013583954,157.6285930408472,149.9351323300467,149.79591836734693,155.85396320690438,167.668609718893,157.32884487055523,176.28137858098302,168.16205357142857,171.7296508700751,169.1437802907916,175.52555775204743,168.6177370030581,172.1859389454209,183.49970640046976,173.59115747640337,187.75317527519053,184.27289178429243,183.13420320104254,193.61052754127985,194.63962170233947,195.37427055702918,191.3987014435986,196.16723848516796,198.92148408326386,196.42941888987744,199.97216035634744,208.50784190715183,204.7821100917431,221.20584269662922,217.37994510337188,215.35282898919263,213.2257897830089,211.71718102257023,220.72470111712815,213.7748783535592,224.11319729397553,214.78996160467227,209.7902097902098,226.36318407960198,229.20203735144312,235.12444663059517,230.12281488121917,241.93548387096774,220.49439770342389,232.66009285508852,233.99333333333334,229.65662668756028,237.7493188010899,239.63963963963963,241.45276056963743,235.47912259213896,230.21613190730838,236.60271408516613,225.13827738447665,243.1502479164285,223.13778632628083,236.56257901390643,229.09251564024567,215.8,232.50276854928018,224.97073132369695,245.00298606502986,239.62368566685115,225.67470132047788,232.55530346001132,235.0816819376376,241.02051282051283,232.05995439423594
394486,72,"Columbia, SC",msa,SC,90.74404464850119,90.66523605150215,92.62338283609392,95.88001468367426,91.55689570914038,91.76672384219555,93.82849020846494,91.55511713933416,96.66666666666667,94.91460674157304,96.53324244751903,97.98270893371757,94.73103919717539,96.64214902462425,96.12672913877734,100.60548472456098,98.99034240561896,98.77384196185287,99.63849504894418,99.95335176226675,101.89682028182028,100.63948840927259,105.18343742232165,103.38101430429128,96.30901287553648,104.63892133089195,102.47830468618778,104.07204588556056,102.00709895848847,101.70181968569065,104.84273589615577,103.95667767846194,107.267266302602,108.49076542342397,107.12483536716482,111.23408965135584,108.48273572377158,109.92304576751721,113.25935059597205,118.91449960598896,120.12752994757886,119.45643977912232,123.60145523519134,123.42205749093839,122.96834901625321,129.00009419683397,130.25474683544303,129.89550204452522,129.80831460674156,132.85928143712576,138.14173699364062,137.4960667691264,141.6199667221298,144.8148148148148,148.75601166270388,146.0792349726776,148.74195912804868,151.62450682332914,140.79963652885053,136.8199669788577,138.26839826839827,138.2322352929888,137.92593627724986,143.1372819100092,142.1840214405977,140.09962640099627,141.80861784550387,145.78679611650486,145.92004634994206,147.9837312344594,144.0229504243827,143.4309365388237,142.39482200647248,144.78021978021977,143.0986920332937,145.23133520287962,143.85020479812755,146.69665325285044,150.6728148688698,147.34118904611626,146.61354581673308,143.81294597349643,144.5731122268714,146.75790109147107,147.80457637600495,144.73684210526315,145.62452274462748,148.93505586592178,145.80865868859928,147.38367471334368,154.9578866836554,151.01824763241126,152.76404494382024,149.25027502750274
753906,73,"North Port, FL",msa,FL,166.7213320497695,166.46806732825263,161.3136966126657,162.8140703517588,163.6231884057971,164.5511100792791,164.6568247821878,167.86155747836835,162.0306717013569,168.51144548021819,170.5208086949155,173.4550016217422,157.02087286527515,161.98445905558876,167.35803945008965,167.4641148325359,166.39733840304183,168.1016231474947,171.04741896758702,169.13690079391756,169.85781990521326,172.31166461112747,173.2316814908937,176.38339920948616,176.85352622061484,172.33592095977417,175.8669253521618,170.07498295841853,168.63029315960912,174.35762978500262,170.3623580313683,179.1347483167248,170.36140037410314,175.07497682959036,178.05858701895463,185.2014833585928,180.1210557455762,178.33014659018482,177.99480294499784,182.73657289002557,183.62820357833658,192.12746016869727,191.22880333972103,199.3206997084548,200.29017933650954,211.17021276595744,206.10968939389608,215.33009315512354,222.96760740926112,221.51776579262767,234.59490463611175,237.9170028330616,246.76966292134833,247.19701664238056,250.10918505177847,252.44498777506112,247.95453075706857,249.30965786054568,262.8987184301344,260.9793541556379,254.95659794592063,246.85311037050695,246.45369420244552,250.4015677581012,247.88088024677756,247.2779552715655,241.13545352952133,246.97286012526095,243.67088607594937,248.4454458750596,251.87158297306286,254.04217236946084,256.68915953478165,252.95658414065304,241.40212784624333,242.84943335132218,239.9067177687566,228.6909815983053,234.9861316986997,230.73712834151667,230.90128755364807,237.15892420537898,214.6529562982005,228.19915919423306,222.98731257208766,222.71246006389777,222.73936170212767,218.88726207906296,218.5792349726776,216.0776805251641,223.5670731707317,217.48609305725154,226.4136967155835,221.50515170833404
845158,74,"Dayton, OH",msa,OH,,,,,,,,,,,,,,,,,,,,,,,,,,,,,,,,,,,,,,,,,,,,,,,,,,,,,,,,,,,,,,,,,,,,,,,,,,,,,,,,,,,,,,,,,,,,196.38753747592966,194.50310620076104,196.07712765957447
394457,75,"Charleston, SC",msa,SC,127.22042139384116,137.43607458496967,143.91130313690837,140.689489754449,144.20196833547283,139.3290459578826,139.31914593312212,141.50943396226415,151.97168418238542,151.32559660019615,159.83637807783956,156.88137535424963,147.07184887899382,148.1958762886598,145.39194915254237,152.3842623246855,151.65441176470588,149.45946186711393,148.7255951767429,153.42522183051543,152.07835325365207,144.38762354963472,148.3181225554107,144.59299927598158,148.89040423160722,143.34126040428063,145.91287513358475,150.12268618166163,148.74405974202307,151.0967399007796,144.77378541975514,151.04825822946628,148.50503958787905,148.22079389697058,145.35596804511277,152.3469297873806,148.0306530214425,153.34204413472708,156.57134925041643,160.44120314192747,169.9092706806307,172.08620689655172,175.51694648339077,178.38135556891444,181.11486251305257,181.4655887230514,179.84920015804352,187.0913190529876,191.94035452549554,187.9763008758372,186.65441176470588,186.6727613949799,198.72762359815624,198.70144186850357,201.74031148109168,197.0435684647303,198.7217043486807,201.1138613861386,192.1154337164034,206.56870259446308,185.6642259414226,193.77129788450543,196.8827951109198,204.63513017200228,198.71076836564106,201.31685575364668,200.10294663799962,200.8822003113648,205.1291095200673,198.6121990745915,193.88729904173596,199.8232918209357,197.11131140153222,185.7095238095238,193.41479972844536,191.70583115752828,195.1274868047097,202.3138990109318,196.86875,191.08496815680562,199.57618097139056,208.0968236468314,195.4655172413793,203.34619579113246,195.09528130671507,187.59757955259238,203.9993564993565,202.9035433070866,200.5025393852922,200.39175257731958,202.15346072865862,207.13336596964822,207.6332537788385,200.43605739238927
394648,76,"Greensboro, NC",msa,NC,95.81320450885669,94.25733106672334,93.03561935140883,94.65554471997771,97.91309669522644,97.05611775528979,97.60572013416387,98.03921568627452,103.58056265984655,104.33950223356733,103.97946084724005,101.76991150442478,91.82389937106919,103.2353824002652,107.21780067413101,106.13530135301353,108.7518647439085,109.88354732756046,111.29431162407255,111.9773759926654,111.17752540346683,108.80626223091977,111.98738170347004,107.26671891327064,105.68632189463509,107.30246113989638,107.6809818430315,112.5048243921266,115.09376890502118,113.44350156319786,116.93877551020408,115.34292488862454,115.66933991363356,118.36485661989018,118.34932187167443,119.90111248454883,114.52399419799787,111.44771328935386,113.38342440801458,117.43341404358354,123.56621480709072,130.1036811845391,132.32702169625247,134.05063458122163,142.501977066034,143.21329639889197,145.39930555555554,148.50560398505604,147.88453934361408,146.79260133805587,140.93484419263456,152.20752464951016,161.92682818645085,162.95379537953795,155.36048959182398,160.94902212247516,154.84613308853028,160.0475346042067,161.43285471692394,167.69945778466305,160.17561537531788,164.9656594115972,165.82591273374888,164.42753368473484,168.56558655731857,175.2336448598131,176.13814593612048,174.72779369627509,171.0843373493976,175.51622418879057,177.59312320916905,176.15868277450704,167.4007162753681,169.09317803660565,164.71861617316307,175.28957528957528,180.5506959023404,181.93841847445765,179.00833700611363,181.21764988381852,172.35754985754986,176.5695067264574,177.93848393267663,180.0150610231109,176.37364596188127,177.22023098367185,181.42857142857142,182.6516220028209,179.67216863412565,174.5568947430206,175.14840902945002,174.75635207842686,182.09293516776228,176.6376620698372
395134,77,"Stockton, CA",msa,CA,196.9468768409028,208.16959719766953,210.52631578947367,210.07739303695962,204.73790927129699,208.92684884392688,208.62944162436548,211.39944134078212,214.48339628704372,209.82503302994715,213.73224278949635,226.1458837097142,215.7038050433227,206.75176352032247,213.88473053892216,223.22070812020462,216.7142127633433,213.00282267671378,225.25605403349698,222.28441094042626,223.89959985449255,223.3671073329553,220.93903421112987,229.22134733158356,225.34493214449617,219.64050854888208,219.5787768363691,227.36572890025576,215.94811140785959,231.30930888365015,225.2601106611146,232.68274014542672,241.43384290985767,237.56906077348066,235.07659799260432,232.27611940298507,231.47113594040968,234.375,252.4586758298522,242.99918955335522,258.12567713976165,266.0621761658031,260.69942079939693,268.6768619088559,281.5108514190317,289.84692461068624,289.4736842105263,298.1818181818182,310.33138401559455,309.0607210626186,329.24044562050676,325.60815253122945,321.2785814279048,320.5812574139976,298.18051192208986,321.0260972716489,321.9302220208428,311.61032028469754,303.17344379437736,305.84503851381965,309.3333333333333,301.2048192771084,300.0871602957695,299.23503888200156,299.52157980456025,313.34574468085106,317.6874669356026,330.29578874695693,334.07572383073494,307.86657748039147,321.06507213225154,314.3385515323014,306.97346785065747,300.5639480492774,309.6330275229358,317.37102733195616,316.5374677002584,311.30986728216965,317.7687338501292,310.0042016806723,331.28703985816566,321.42857142857144,325.3045077412693,318.1818181818182,324.53483340545216,313.91946787590405,305.17879161528975,329.09884874950376,320.6967213114754,307.6308429884139,295.3667953667954,298.87817495877164,289.9159663865546,298.90060240963857
394440,78,"Cape Coral, FL",msa,FL,134.19874001942622,130.5834960068251,134.1062945368171,135.9251968503937,141.73710288545612,140.78978385666193,150.24636065017393,147.30169971671387,147.45885450954574,143.6656282450675,150.9433962264151,153.0234471410942,138.23761144515862,141.6533517278919,137.58156517075489,141.1783689525793,143.54849115809847,144.92753623188406,149.14959583656295,144.12128712871288,144.9617067833698,145.65277055377118,149.27729727908434,148.7603305785124,136.64921465968587,151.0289391313548,148.96755162241888,153.81053216436112,145.29281496062993,148.58490566037736,153.37735006417148,151.92369181821545,149.2537313432836,150.03246753246754,161.58732779046738,159.4113620807666,153.516295025729,161.29784688995215,159.97490589711418,164.59459459459458,163.72638809387522,171.14568599717114,178.1643671265747,189.8249452954048,187.99212598425197,192.32522796352583,209.4554159186116,209.72465925126954,207.1037062815382,194.04761904761904,208.55332215763997,218.010046018185,217.28151075977163,223.3592095977417,231.9575,225.51546391752578,233.46303501945525,231.5770733052384,231.42509135200976,228.54018589393112,223.58684474346086,220.01105583195135,221.57434402332362,219.9531005732152,221.57434402332362,226.58610271903322,223.125,226.41509433962264,222.09833304514154,223.78908645003065,219.26361803687013,220.83477150672323,218.22630296399444,218.1500872600349,219.181852713821,223.11827956989248,223.019943019943,223.62078200321372,221.8181818181818,220.63492063492063,220.70135117602356,221.5868477483917,220.6937799043062,217.8019555214724,214.98065229408513,214.25585149313963,213.88694093813308,215.4963680387409,212.384234019757,213.44535233765436,213.8728323699422,213.62912807325682,211.63530747306893,211.89591078066914
394399,79,"Boise City, ID",msa,ID,144.86728837876615,148.84029850746268,142.56667546870875,146.91878172588832,155.06910302020864,158.1171014360439,156.92671394799055,160.93717284661946,164.89884010719118,166.5262725779967,164.06610644257702,164.52260892118795,164.46778602437578,162.63388215414676,167.04232023623024,164.08546543277083,168.19316688567673,171.44638403990024,171.9336902034355,176.79916432647883,172.3603984357036,177.21550107997135,177.89617486338798,177.73835920177385,178.3462614791573,173.6112393981643,178.35443909153474,177.98020833333334,185.7551214864221,185.74430542188,185.9504132231405,192.4554662940971,193.19491939423546,199.22290388548058,202.91649518533174,206.61157024793388,207.95103419164204,211.2555679387085,223.46849762300246,226.70850582099143,234.94546794399412,242.9203069657615,240.82865774708674,251.66666666666666,257.6489533011272,256.42914979757086,262.0622222222222,256.7827626918536,258.6419127151076,264.53739612188366,269.59624488597353,275.67020738492664,281.7261587639851,286.79112554112555,272.6702869365027,269.6821392532795,269.1794569067296,266.0550458715596,256.5172767704413,247.43230625583567,236.1069683005167,233.90203632361036,238.22875816993465,243.32006415029497,249.03614457831324,252.15810995002272,251.7162471395881,249.7055359246172,249.06002791625127,262.27206477732796,248.87953259760735,247.9790081334316,250.69444444444446,248.91233766233765,260.5665722379603,256.8909488584401,260.8394366197183,255.6442517137495,253.50101971447995,256.35897435897436,258.99001883321125,258.4146341463415,245.25118686868686,254.0591663142065,263.9768076398363,257.8653652558323,262.112252338339,259.68884540117415,254.136855451302,264.09586466165416,258.3511618036137,258.7281384753071,262.8055190538765,262.6646927011626
394484,80,"Colorado Springs, CO",msa,CO,131.2613657093151,138.28959427755393,145.90255314767208,143.7951402102559,143.2017543859649,147.08154506437768,143.03610436893206,150.5916149068323,153.4594017094017,150.25062389075015,153.90942028985506,149.99880895664603,152.45819568199448,153.06201550387595,153.24060859064446,159.70266543893084,150.4508506616257,156.2367816091954,155.39097485359972,162.1969696969697,160.94240837696336,155.1801320339516,162.0733249051833,161.90273037542661,162.52558284913295,160.62043795620437,163.72185430463577,163.09381898454745,175.27894845518003,165.81980710421078,169.8804780876494,177.848491623158,175.17758145050053,174.65968586387436,174.95203836930455,179.65350523771153,167.79878217547744,173.35651214128035,190.99524142290034,191.8745449790024,189.19672123777866,190.19045855776147,191.10801589463765,200.89855174532875,198.15793305860188,204.0081044574516,211.99936171730138,218.90130353817506,223.206168733689,226.7744433514622,228.9845150333329,244.47300771208225,256.0975609756098,240.61171717171717,242.51690679211995,250.10190599305545,253.1268612269208,249.68616318696684,243.83761131948023,242.82569239728355,243.2808155699722,248.89380530973452,231.01402929978403,234.52784760683545,228.276187805377,247.25541370215217,246.40688850436413,247.14841412327948,236.9281991893457,241.10612855007474,237.31732776617955,236.13883345004666,234.25692695214107,236.86748226585792,235.95953625407634,228.6561012274961,232.4066029539531,243.19641294838146,232.65929034719574,232.92075368175614,240.21838253174968,233.5684966649564,238.35716905023835,239.3503311094025,225.18765638031692,228.18007084671692,237.59217375063682,243.88424427639728,237.2770138923978,234.7719298245614,241.0800363801728,251.3083632632119,247.86324786324786,240.96744201987747
394798,81,"Little Rock, AR",msa,AR,101.20481927710843,101.79096880131362,104.02219140083218,105.09767603006236,106.87916134401735,106.81075633404367,107.44149094149094,109.4384707287933,114.63109629012088,113.55625847266154,118.07909604519774,113.23377960865088,100.71428571428571,107.15277226937415,106.61362903217105,106.47123893805309,113.74674761491761,112.09431462512448,115.4356095130458,117.46361746361747,118.62272216195868,118.11023622047244,119.03846153846153,125.39927599156451,110.99785407725322,111.3560602253995,115.7085532343679,115.72593186134853,118.98809523809524,122.28593272171254,120.0,121.04900621118013,123.98276687410244,125.30940594059406,127.55102040816327,128.56782425757666,120.27231467473526,122.66444666512302,126.49446494464945,126.73431734317343,127.05882352941177,128.8283378746594,137.32870771899394,136.9997902415219,139.7807723250201,143.24197053851725,145.46684709066307,151.1415525114155,151.45291108770874,149.29580926631436,151.00486223662884,154.6579587238714,159.75957357529023,158.92857142857142,159.96296296296296,162.36118900729107,165.55319148936172,158.7022484784586,163.45559062606233,171.84156378600824,158.9958158995816,162.31611063923935,168.23821339950373,167.2684880731751,174.72972972972974,165.78944176229408,169.1013215859031,167.74576647604243,172.56637168141592,171.33389107208646,160.24289958721602,166.26360338573156,166.97674418604652,164.85126859142608,167.68502654747164,171.93755004003202,172.8448156064282,172.31134878193703,168.67346130434476,169.39890710382514,169.58823529411765,173.42739564961786,176.2962962962963,169.070796460177,165.8640984483681,168.88934272233305,172.0747295968535,171.55333749220213,169.08954250299735,170.14492753623188,164.33691658645554,168.56386290214027,161.64006833538082,172.0
394766,82,"Lakeland, FL",msa,FL,116.76321036889333,114.17691857059168,113.71395076201641,115.9062885326757,117.3913043478261,117.57352941176471,119.15169001349736,120.28447742733456,121.52859130471725,123.43965723858481,123.7207645339191,124.7188498487236,121.4441087613293,121.79286376447845,122.69671807038355,121.13261432761897,123.40765883071177,124.88364788322014,126.39730176211454,126.66334164588528,126.44360496492175,129.89576472910804,129.79193018524538,131.0756236495777,129.3063511830635,128.39673913043478,129.1850216149864,127.50944211785922,128.05919180421174,128.52512155591572,130.24810475534113,132.15088282504013,133.0283985572251,135.63979939516216,136.3424336769654,137.5169376693767,136.8474404460213,142.5438596491228,140.21225959681777,142.34900808879163,146.78840579710146,146.45799810375186,146.96479551053034,151.87117982538683,155.02749749115037,156.7054141259199,167.24324324324326,170.760934691432,164.75349357182785,170.9704566835288,174.78813559322035,176.82468021068473,182.20954356846474,186.2002567394095,188.65384615384616,187.24995265510188,189.5049504950495,190.20426195426194,186.64366683095122,186.29784688995215,186.21854454037714,181.54613466334163,184.20873205741626,182.58816837315132,185.51602215119476,189.75332068311195,185.49867021276594,186.40121732533277,189.93709874034946,187.64964797256113,185.88199052132703,189.82543640897757,187.98617113223855,183.60110663983903,181.25327925675444,184.52803406671399,183.5180055401662,180.9338834728337,178.3405311183011,176.58108954289293,180.0,180.4016620498615,179.80472764645427,179.3388429752066,180.2507130019638,179.14436942957616,176.20256614595212,176.05575117370893,175.4808278607755,177.51942618051405,177.07082833133254,174.97938883885072,176.31864358756042,172.36813485589994
394531,84,"Des Moines, IA",msa,IA,168.26923597781945,173.50567428890236,140.49463647199048,151.31004366812226,160.46950240770465,158.3629893238434,167.44186510151678,170.64775910364148,177.86098639960133,173.8512765403152,185.6763925729443,194.83282674772036,189.05844023343445,188.57223103357126,179.1044776119403,171.25473955457392,166.10633791480282,180.58643962002847,183.64295478957132,185.74677786201667,183.89488706875153,184.8868111105225,189.39383070301292,184.6238047109456,180.18018018018017,178.65602024129896,164.06808297282137,172.64446802365734,173.7621311150723,173.14246762099523,174.53325570909175,180.3846153846154,181.48342977380327,180.2658009293356,190.75177717857582,199.3214588634436,192.06465086493378,180.56635422923915,176.18495976425254,186.7992766726944,186.73723536737236,193.40976331360946,198.11320754716982,207.20967058866853,211.70083302308265,224.1103202846975,221.41654881640625,229.0950744558992,231.190697941819,227.15474396554714,224.7288241790918,231.6724573868055,228.88905250780655,233.05490654205607,232.98035230352303,240.17557096897497,234.48456308329298,248.9340421609598,245.83161270533083,235.98253169186216,228.96133434420014,230.1457800988336,228.0034131977667,228.44551282051282,231.18430273300632,241.45150034891836,235.4739652870494,236.17021276595744,235.50981417336556,243.01768874751147,247.9245283018868,249.25901201602136,232.6096546461875,227.94316675187022,232.40462662337663,237.1762349799733,241.78985148243436,235.74092149016775,244.6422018348624,234.7976801673322,241.43965462226703,248.64576802507838,255.92703904044106,257.8733702203507,239.44549464398236,239.4173982442139,240.43134944018857,247.57876359221862,251.04591911472352,247.13080168776372,244.76770670062695,253.1585292344786,246.99599465954606,246.92451071761417
394931,87,"Ogden, UT",msa,UT,154.91462382424285,156.716704805492,152.27636373497955,152.43810786914236,178.26721917570003,155.3224121557455,168.4694825652801,157.4204729510852,182.6304872551906,171.0874717832957,157.4870203160271,175.08879184861718,162.11688862720968,172.70733159959337,177.66141145440844,173.12842012356575,168.33849056603773,187.5966245916246,177.66666666666666,165.7176287051482,188.09232052414586,191.84069936862554,178.24717476944303,182.19005663939583,182.7438578692076,196.9856819894499,180.1424445089689,186.3338706430684,172.47246444064928,184.24850948509487,183.48017621145374,181.96148501799266,188.69309838472833,184.90872577529893,197.18058529621698,216.58169014084507,240.2279185226429,202.1144278606965,233.38004658385094,226.78092399403874,242.32748538011697,239.86556359875905,254.07315668202764,280.9457213149825,256.15379706445435,275.9013983371126,255.09308193640072,275.7389374413667,287.24916359986616,273.5074626865672,274.38695722806006,272.8330071754729,276.5361111111111,305.8232770146012,335.2220613323004,287.30415754923416,292.75339052740674,388.30244664237375,261.3359129361737,235.10801174496643,255.80620155038758,230.37116040955632,229.4148121466465,225.5114435086693,232.647850023213,231.5591193522591,246.73101904352666,213.56411310870254,235.3977844914401,244.38382541720154,225.0,228.94209249269812,226.5673494723774,232.78064293406482,219.53036546786547,214.51242829827916,222.71788250484184,241.6508162751686,232.90632911392404,219.49644932214332,218.24664065886432,224.93879112471308,221.52251857264645,230.0025440051109,204.66530703608825,240.6020942408377,227.2259960308656,225.26888110179084,230.5780482708181,232.2899045020464,234.1579530594977,225.10025966532027,250.95703955763506,240.45435134961326
394816,88,"Madison, WI",msa,WI,166.6569969848303,161.97093681258963,158.55434217368693,149.0857990009386,164.1338760741746,159.13333333333333,165.87598449472196,174.12139811820052,172.96216511953497,153.17176325778578,170.73922070865837,175.63373311597576,172.38493723849373,165.44278386982666,166.89520512454783,169.0909090909091,172.04561161022806,165.2253172852078,177.15974167645257,168.9607390300231,169.1147859922179,185.92677345537757,182.50901543863102,184.77404098791382,170.99185888738128,155.75343552226343,185.2005604483587,180.9228688998376,184.39642980479863,173.90817469204927,167.170816360601,171.63090128755366,177.0,189.9598551961621,184.40867579908675,183.46172931948507,182.89251547552055,182.0547031354236,192.06200947940056,200.81383894532306,194.60523225643686,204.0015649452269,202.7972027972028,203.65665796344646,209.6153846153846,209.6153846153846,213.9266304347826,224.71682680030642,221.86684073107048,229.74392646093236,226.11967438007972,231.52631578947367,236.67472057856673,242.3852183650616,228.8362938093759,235.04849279161206,231.58546655656482,249.3705743509048,244.8355011476664,240.16133929345335,248.76819708846585,243.45238095238096,248.3440170940171,247.22222222222223,237.62731044888721,248.9613853101877,241.7309640713896,242.5104058451263,265.44943820224717,256.9755794857932,247.879375,252.6875,263.05008247800583,259.1244997113781,265.85686145764936,259.8670943773798,263.390331769437,264.3579995716427,274.020149466578,271.7770034843206,276.6537704918033,269.8072805139186,263.7776626206038,269.01669758812614,267.4534766962041,278.1655512372431,286.0445364163144,272.8908188585608,264.7822814128547,274.1740088105727,279.08918221393037,274.98804399808705,267.0142700329308,272.0385414578286
395235,89,"Winston, NC",msa,NC,93.09585085826205,96.62371134020619,94.15164234229852,94.11047304777618,94.32314410480349,100.1926782273603,101.31414479240567,102.99060042638492,104.38139869166007,108.98678948006302,106.4,107.04387721831478,99.62546816479401,101.21035058430718,102.62773947703253,102.03150912106136,112.63881544156531,107.34046477314644,113.49826388888889,109.89010989010988,109.2511013215859,116.77491564512135,115.60069144338807,117.6770400155038,109.7560975609756,106.70595939751146,115.03412356321839,116.59907361329905,119.96179925047329,117.94871794871794,118.26001468120805,127.5576923076923,126.5912305516266,126.17525497421059,127.38853925070569,124.34571778049283,122.24363014423011,119.37908496732027,123.22106078203639,127.97973154365664,134.72784200385357,135.5647343683236,133.9794754846066,144.10915708879844,139.22518159806296,147.54098360655738,159.04365904365903,157.37860996509045,145.54514043503013,147.65625,148.60864416814684,152.4709255940371,146.52677279305354,156.72573321752336,154.55967814036654,158.43023255813952,162.97599671424894,165.24701873935265,169.1449814126394,152.4586497673782,143.26647564469914,154.30204657727595,158.74204417821042,158.9450096015946,159.58049886621316,158.1523473509488,160.85790884718497,162.97183942480527,161.281179138322,167.33810593836205,161.59573899109085,164.39909297052154,168.2751937984496,173.55756027901356,167.0392857142857,169.42384483742157,167.94961511546535,172.84798534798534,175.30504305043053,172.90249433106575,172.3356009070295,177.74667599720084,176.87074829931973,166.05913325232888,173.43304843304844,181.98263386396528,180.3718269574544,178.57142857142858,178.97545443813965,175.1552795031056,179.3400286944046,175.3898635477583,168.14221720348093,180.0
394528,90,"Deltona, FL",msa,FL,122.533974507159,125.25400283779513,126.16039045005834,125.88302899176587,128.94876862268165,130.170879359182,131.249375,134.8218201754386,134.28753898861763,139.89659367396592,138.15332986171381,141.26050420168067,128.2099474919544,132.88575195910002,132.16162612952536,138.41423830302818,139.2791692119731,142.87098298676747,141.59625717991474,144.21857683273652,141.6983606557377,144.51813851227556,147.0956638050904,145.95577893604698,138.421926910299,140.35687426024168,140.67172959361685,143.45356096324844,142.4763406940063,144.58333333333334,148.20137157107231,147.21861570640806,147.9460960774578,153.75071175991965,153.21422910896393,153.9897879803218,146.16333580819406,149.6010498687664,149.86047656783467,155.2206109973011,156.7472118959108,161.78528347406512,162.6241610738255,167.9597941145681,168.88552697932425,171.4771997430957,177.78993435448578,180.51969365426694,185.1851851851852,177.6255980861244,185.2901023890785,183.75059045819555,193.49464529563986,201.13109323237103,204.0426695842451,201.06639839034204,204.75649057419798,200.1857542716439,201.6052520118594,199.43019943019942,194.1983780411728,196.56009473060982,196.82531048876152,196.0297356828194,196.64268585131896,203.75536480686696,197.0382337102854,197.31263676148797,203.3120278907612,198.57221006564552,204.07066999776782,202.55211406096362,198.17354043920727,194.37200956937798,202.88307528029898,203.26221414546114,205.13676148796498,204.49144238604134,198.61848574237953,199.55127761087527,195.58457711442787,204.2468383162585,199.1772918697079,195.68982387475538,195.9161583097753,190.71508663610933,195.72524771096778,191.324200913242,192.92281973843797,196.02358145991474,194.53697534976683,196.4848844101956,195.96707643118987,193.9433711491247
395006,92,"Provo, UT",msa,UT,154.20212765957447,157.19182389937106,149.54,141.28571428571428,153.32468655425853,159.89556004036328,152.07902144529385,160.20579030509728,161.91117092866756,165.74669314624398,171.0121526006997,168.60877790389708,160.3642857142857,168.61955674254062,162.66808309726156,171.5122355868934,167.3437563150875,166.62618049719788,158.12050078247262,173.51471375066882,168.95052716950528,159.13880715725597,166.50098260426523,162.5410070946419,173.92962252079334,165.11535918840426,163.38500209467952,173.9101717305152,177.02884089038568,175.38599853185488,180.0946828358209,182.68946540880503,182.42667238421956,174.8609698804203,175.94314868804665,174.88016720854623,152.8757274905854,157.37732231098823,166.7681868293137,169.86068637444785,175.46801664218782,179.13430555555556,176.55372656607224,184.36297399368135,190.13939368206522,200.1335,197.18333333333334,197.0310391363023,196.239982409344,214.6218489098227,221.05855823844075,224.79922576145083,212.27932551647126,211.67326142943566,222.316288520149,232.58144511260465,219.23857868020303,231.60357142857143,202.95754587155963,207.68436636399525,200.36625992362218,199.75270607826812,207.1404636045324,196.85614480787552,197.5262917238226,207.9270516705679,207.37283398546674,203.88076490438695,194.66192520621263,202.25294418842805,202.1617293835068,205.80026166593981,195.909631061347,195.27501735419708,196.24945486262538,204.6870364876891,206.67248146532927,206.4,202.71655328798187,205.60497253266016,204.03733449099198,204.07308445033934,218.8994316315111,200.09252064440807,200.66174021851918,197.33946725003216,199.5999510044096,199.7867935037351,205.56769730265398,209.72663699936427,201.6538926986688,197.84083535197828,212.80570107774696,196.59093154680798
395160,93,"Toledo, OH",msa,OH,,,,,,,,,,,,,,,,,,,,,,,,,,,,,,,,,,,,,,,,,,,,,,,,,,,,,,,,,,,,,,,,,,,,,,,,,,,,,,,,,,,,,,,,,,,,215.1231944427675,212.82633371169126,197.23604201216142
395224,94,"Wichita, KS",msa,KS,135.022870807708,148.72521246458925,141.47310344827585,137.74141643636963,149.45035460992906,152.16725009723842,145.56331006979062,152.38103553530107,158.5876073832012,148.69626497533474,157.24605471157196,144.17712037787146,117.75875286786065,140.37759441410356,138.4754716981132,137.23589903396697,146.4849414224291,154.08904251418218,153.53932584269663,143.40466304694985,156.51804230609704,161.37712560311243,166.44420855480323,163.6050283860503,148.0242759531821,154.57727186850556,137.72098760041916,163.98594518622627,153.7527559055118,162.61712320094543,141.36487520481512,178.9795379537954,161.25955702509287,171.05870571479437,175.64285714285714,166.60039585915285,166.88281413755035,160.90216267813614,151.19920081562006,156.21500559910413,149.20424403183023,169.06449700169645,164.50083601153688,165.09968528292512,151.94421398676013,158.1975071907958,164.45880452342487,160.0952018278751,155.29828516772562,173.72912655470452,169.55017301038063,161.83834105763518,167.44338690317136,160.51769331585845,153.18578943728505,187.014820042343,174.79376891907998,182.51652547811577,167.4010488277242,167.09536541889483,154.10459587955626,165.3011997753454,163.33097592579963,167.84485159659033,181.53299545982475,174.1744157754643,164.76897689768978,179.7024952015355,183.27452001548403,196.47873126111838,191.63100861350375,191.85868400167354,161.5474164853863,192.3300283286119,181.58307861429745,191.2133891213389,169.1344827586207,184.84100877192984,190.1978834926466,187.34634690462912,182.4817518248175,181.72727272727272,194.6998377501352,193.6327778075356,169.614326221552,182.3275888603444,173.06897976042958,179.7478386167147,188.65108950464813,189.22857946158712,187.96902017291066,175.09098526994126,179.04343125421326,196.26114385750648
394549,95,"Durham, NC",msa,NC,135.4215371127995,144.59758798917056,144.16753201799932,145.69716775599127,145.02832438878949,146.99258377359428,145.58776680471487,150.5885912105755,148.63965274028666,152.86832484650765,152.81493633916273,157.45327463338822,150.8140531276778,146.70619244451845,144.53253509924613,144.84489051094891,147.28397624986138,150.37058152793614,153.53598014888337,147.88038120276045,149.6372430471584,152.26326815727367,159.32693037367315,155.23255884004328,154.0350739226172,152.08193785958423,153.09956167814653,152.32033146512575,158.45070422535213,159.00943307264816,158.28596414516835,165.65809379727685,160.17662346846765,165.04126031507877,167.01337295690936,166.263698630137,166.5706051873199,160.99411104179663,164.68523184941097,171.48555522159091,171.17948371734255,169.65046888320546,170.95227977312362,178.74711967446194,188.08333333333334,189.36935931872364,195.8933432525805,197.82366589327145,197.41825148922516,202.3350548283273,212.80876399142653,210.28289178266726,209.6196070963935,225.20274485339988,224.7557003257329,219.01456735930532,223.76335498318514,231.35674031170063,224.9820014398848,219.443133553563,207.9783693843594,208.3216537813998,215.22145976294448,217.42950821200202,221.69202992004128,231.94954894754426,225.19555372581308,223.07692307692307,219.37392161695834,230.4651706404862,242.46575342465752,224.42320174818897,217.1602250921843,210.45,214.89183225757364,218.34264432029795,221.18903971845148,227.91048888021243,223.09347574877415,225.0770515885589,231.26521951414907,224.7173913043478,225.58600692033724,216.2426280393171,214.92737763142395,223.95928686328807,216.93255201874848,220.80257583335785,225.0,215.97392013039934,225.66290550070522,216.49417201659213,226.70405522001727,221.46983311938382
394352,96,"Augusta, GA",msa,GA,85.70978910922254,85.8482273659537,85.4573035427347,92.80767181672883,91.88485633664928,97.91082008107266,98.82159608213459,100.53564831917251,102.91085637748472,104.44654683065279,104.35301132975552,105.1764280341809,90.60560828059991,94.03242955874535,98.17679347938804,98.09428175886666,102.9265873015873,100.50049685356575,100.4591167468299,102.45840008944847,106.29251700680273,105.22175547257784,106.15540250190986,106.351707116413,95.625740105952,104.67289719626169,103.55836381775856,101.97353637203261,105.32319391634981,101.9976822587442,109.67238689547582,110.98951709655134,111.71231020108425,112.05156950672645,114.78571428571429,114.40490970654628,100.60567556120289,113.50720317933433,108.82034632034632,116.49592676576805,117.56948831332912,118.07332650829031,125.1009009009009,128.31722525331256,126.37015253086682,133.54929459868595,135.09208558295637,136.12662942271882,133.2972972972973,138.9273356401384,134.68035640505002,137.39941760593786,141.4504716981132,143.78969703837498,147.8513356562137,146.91465442126452,150.10659322176437,151.95402142173435,157.72823901706357,153.31010452961672,149.8843423096257,148.73299962706267,151.75860792299147,150.31891769159193,150.9244001266531,151.90062991613803,152.9616724738676,152.26554946825652,156.6308997314021,160.13700878304962,162.81567080045096,153.72566627830554,160.8771161755321,154.11437246963564,154.16334990566168,154.5,154.7528760119301,152.5208241999123,157.16112923426812,153.89445756423777,152.69677911187344,158.93640350877192,159.2520954223082,154.73887814313346,161.45833333333334,167.3453908984831,156.92175408426482,159.538892186532,159.804605722261,165.64177362893815,163.19059413501958,156.5144927536232,165.6451612903226,168.58213616489695
394957,97,"Palm Bay, FL",msa,FL,124.52267303102626,130.08130081300814,127.02763677382967,141.39725760151612,138.42746400885935,138.04780876494024,141.2378892733564,147.29792147806003,143.5597404820417,147.55244755244755,147.34140383752924,145.743655245342,140.32168607875764,138.436004784689,149.26470588235293,148.04058908045977,145.44891640866874,135.06340478060824,144.58966720466418,145.99129894344313,140.5831369767301,138.32638128204007,148.95883249328722,141.11922141119223,141.5597477136883,132.04419889502762,141.3087431693989,141.43501126972203,143.79538904899135,140.20502714304504,146.61251187836552,143.4819474835886,140.22319262493934,146.12036366410518,147.40692872210832,145.62423367748463,141.74652056065284,146.9186652763295,145.97642879708127,149.39520333680917,144.61424492702918,152.63259368344083,148.54557348999413,164.65608465608466,156.36487964989058,169.75470929486937,166.25121690031153,168.96535234125963,166.07692307692307,167.4535010940919,168.4898190045249,176.158940397351,179.57559681697612,187.84737417943109,190.50104384133613,190.39592760180994,192.0401854714065,193.3272727272727,189.97226828220676,189.08096280087528,188.293819065979,186.74641148325358,185.6418170824914,190.34369885433716,193.6314461608805,191.6624346705426,193.94329896907217,196.27749576988157,199.03796141434708,198.6560734285967,205.2844638949672,196.93654266958424,193.62637362637363,204.89296636085626,197.95089820359283,201.7716948000453,203.60185185185185,197.48653500897666,197.736974262398,197.53126263941448,202.54733312964902,199.62335216572504,200.83965881475058,202.2760346815369,198.62004147734763,196.74791636439846,195.8030218242865,197.79945054945054,197.68028240040343,194.11307376792962,200.57347670250897,198.9311163895487,197.26080700987444,195.0333131769769
394711,98,"Jackson, MS",msa,MS,125.80645161290323,124.30590584279109,126.18070382095266,120.94395280235989,126.4976117456782,127.87684210526315,131.87716262975778,131.69642857142858,131.42318286542084,136.6224083571516,128.4781699212844,128.0317753730915,135.04075400773908,128.1276962899051,132.96213808463253,135.7959287347146,137.03532703866932,134.95826380215715,132.49541989912467,134.40255286721282,133.70165745856355,130.84673746066025,137.28100911002102,135.34441805225654,137.0664865462704,134.54339194554737,135.44610951008644,138.4083044982699,141.68501270110076,138.1850241798914,140.62111801242236,142.02185792349727,139.26541320507215,144.83547830458102,146.91292875989447,145.07126821635723,144.80354867650274,146.24964912280703,148.79068020178397,145.85319351763584,155.96745027124774,150.57276198557489,148.63013698630138,156.89228493961056,160.40955631399316,159.3947606142728,163.5080701754386,164.19490704754918,169.83445738810545,165.27201173605476,164.6459595959596,173.26466636811463,180.0937766410912,173.03779682795187,176.29482071713147,180.35522863904959,188.4083961639075,180.2805280528053,185.07684279552612,182.5310578030433,179.3468261269549,184.7826086956522,185.12486427795875,187.2776045936377,187.4132346136048,185.85526315789474,182.53968253968253,183.18028032866118,184.02093563798346,188.17899866942025,181.7798397300717,181.99732820280093,185.4298013245033,182.26646238846502,180.83947942729446,179.61404004820616,191.40426304953374,181.2084993359894,182.42199963109198,180.12422360248448,194.74196689386562,182.53436730861944,185.25876031137446,182.6086956521739,183.27513575090185,184.7752019853469,193.9401854512211,189.76528800097464,184.52768729641693,182.7323436853002,180.53890072165768,186.231884057971,183.56109589041097,185.957213384531
394666,99,"Harrisburg, PA",msa,PA,130.49996445888803,127.63596004439512,133.24936529271207,117.89473684210526,131.3175099708016,131.23059866962305,125.85232762318854,130.73721759809752,139.11919130325077,140.67127344521225,133.97924391995724,137.80568720379148,142.22287119878882,136.07920039842864,134.8246015522575,130.41422413793103,124.37869752601895,142.57234136379725,130.09060898202003,144.1158267020336,138.32231404958677,139.05285992791997,144.47127565328776,136.96312709292528,140.5825170852102,145.23260126790336,139.68582058701944,138.40573911797065,137.45882453295172,137.1828793774319,136.96459663377829,148.91362934208493,152.25976119290408,153.21503575620014,152.43421052631578,151.40449866565,147.20982142857142,144.85935085007728,149.44597128177622,155.018,162.02847709451095,161.32848837209303,168.99224043619427,164.45285285285286,165.0118123320351,168.13600891861762,168.0732196532565,178.02960800667222,166.6016471608149,172.1417203486169,165.4735234215886,171.86249345734188,176.61965939761993,181.09936123001648,179.84390906006107,189.49288104799604,190.66733129910213,198.63805200165083,197.22031074754045,189.61213637785423,187.04379562043795,186.00736664211968,190.47619047619048,197.3323814764728,214.0834762979684,190.91398416886543,193.02354181887506,192.63771186440678,185.5875,199.18979409131603,196.27085377821393,191.1694214876033,189.86563750714694,194.96116218736645,199.26936497284498,196.05263157894737,203.94973972044275,205.7815705514306,198.74906867114169,200.80357142857142,200.14274332757935,197.71594917026567,206.45549115966028,201.0439427345151,204.7985705003249,194.3086592178771,195.13755598208573,214.16491222379133,212.9427856352948,198.34603174603174,219.0918562454528,203.2154293683385,205.65910290237468,207.03231234270984
395113,100,"Spokane, WA",msa,WA,153.0122753057563,137.62820512820514,151.08052633238063,144.00790904597133,142.38905180840663,164.5174060880829,160.74441087613292,168.96882494004797,168.6919157705148,173.84615384615384,170.70111524163568,184.3867895545315,156.4673157162726,158.6233830845771,155.24830109775223,163.29865728712707,173.25022665457843,177.56419586702606,176.9686495176849,186.40284619594965,179.2090800477897,183.5432713184895,180.2721088435374,190.92673335618198,162.0837837837838,175.5817502528933,173.40601255368352,187.9632398753894,180.93385214007782,191.54719030199934,207.28011030349398,195.08191747572815,194.80957195820693,187.92357968828557,203.13037974683544,209.71021860701575,191.3388778457038,201.24281805745554,204.83757231972754,207.1769929867756,239.70951809220344,229.44827586206895,246.28135759960648,222.16425361957064,236.71939655172415,244.1160449633496,240.1403743315508,242.23290403684422,252.76085031000886,237.91791875347803,243.39021363773077,266.58804168952275,258.1081081081081,266.4756446991404,260.2054794520548,266.86178061977375,266.8664797811167,269.2960609911055,254.98831070889895,258.76182526432945,250.16154659855937,243.74745636708624,255.85365853658536,258.93964421855145,270.55202312138726,261.12687813021705,273.7402175069817,260.4828462515883,264.2650297576941,256.11792820375763,239.02109248242294,264.6683673469388,239.28491930996105,237.078373015873,258.53834472285496,245.30309828702087,247.38675958188153,265.3444747612551,285.31025385989994,266.20728929384967,280.8809364548495,256.6611175938168,264.0143246930423,259.53168729292537,254.80632505272834,248.3243566726511,255.9794101279911,267.9590028581482,256.68474331164134,263.8277777777778,261.12089201877933,249.2737896494157,258.29283667621775,255.1570835803201
394460,102,"Chattanooga, TN",msa,TN,124.67211426148654,119.54887218045113,122.63575350823673,124.67082467082467,127.1814747157733,132.28962818003913,133.6376993422599,137.16891783792516,141.48261562998405,135.84527444687686,137.09677419354838,140.4539712125919,125.54945054945055,137.47242288695986,132.30133102801784,132.97009192525138,135.8251633986928,143.43587150968344,137.78443113772454,145.0,140.6534423470881,142.45014245014244,148.70328608247422,152.98481889060596,140.49973971889642,142.6530445919199,139.0625,145.13274336283186,142.49852622551873,139.16101793957807,145.04716981132074,149.78171597542595,155.01644736842104,153.00937750857474,156.0,151.86235294117648,147.8491512345679,150.70284406668847,159.70722781335772,162.45215311004785,167.02305379218177,165.77362520021356,167.27272727272728,168.60108423919712,176.5665488810365,178.06144472672497,180.20260869565217,184.14929714008724,181.80370942812982,187.53219989696032,184.45766932270917,199.81071428571428,201.95755451713396,199.32893210591487,191.48936170212767,198.38586672820884,204.67391304347825,197.97421731123387,204.14201183431953,202.3507882882883,204.47358121330723,204.6624331550802,202.19932756964457,204.97547302032237,204.1973908111174,207.56718528995756,215.09309958682474,211.94605009633912,216.2636145193187,217.14285714285714,242.76801068945025,225.68436962817276,219.34826883910387,204.82896283717588,203.60021493820526,210.9279401767505,219.3458316713203,218.052738336714,214.06944444444446,225.19258501173806,208.7588413346332,222.76745495495496,219.22857986169674,215.1905800261666,208.6944757609921,216.11886537595677,220.51282051282053,222.40434683783235,219.10638297872342,209.0909090909091,212.66666666666666,223.00851012825123,216.4111812443643,223.90625
394997,105,"Portland, ME",msa,ME,196.5765070709492,200.0,194.92719586660405,221.88789451289452,193.28793774319067,204.53051907063616,236.23881159163417,210.07487148327886,197.95504385964912,218.22660098522167,223.7704918032787,212.66829865361078,206.04395604395606,221.26436781609195,214.8262910798122,221.3649194030341,216.7517656041229,232.5581395348837,236.32734530938123,236.32734530938123,234.5309381237525,229.71656686626747,226.68684554973822,221.60123456790123,214.2214509055869,240.5181623931624,215.67138218923935,215.8472840471607,234.25244571406472,222.2448224852071,236.3533237306446,243.78918565711018,239.28270814272645,251.97095435684648,244.79166666666666,240.1465231698179,250.8099908759124,245.53571428571428,295.5957602339181,273.30481104261594,265.15758518518516,281.5848676810135,259.4529024216524,258.6344406502117,274.6010638297872,281.03604447200155,299.33469805527125,297.16117216117215,284.0495719697268,302.2522852760736,294.7107203630176,310.32544378698225,317.3076923076923,311.6941166666667,313.6125654450262,318.6832180382431,298.93924783027967,320.26727993441875,312.52429359980124,310.3642034769047,307.797537619699,299.06145572263995,301.26488095238096,300.3246753246753,314.1573033707865,331.8019397651863,358.87179487179486,322.22222222222223,333.2115322520768,317.58720792116844,324.7651155898044,342.5462962962963,309.03861513885477,322.5646226219666,320.59461889312934,332.80651340996167,355.19557823129253,378.58220900591823,405.4054054054054,334.08575478384125,343.75,368.11148767343747,370.27777777777777,372.06188725490193,349.975029726516,342.1875,343.68657542301776,352.04865556978234,367.51308643279026,359.386815920398,351.04359760383176,373.4375,349.4496855345912,349.4623655913978
394590,108,"Fayetteville, AR",msa,AR,112.766051988447,114.04959143420683,114.757998732874,114.71128608923884,118.9731775131213,117.34709584023798,119.04283541093469,121.14003590664272,121.52082186183259,120.44270833333333,121.38429752066116,119.98592540464462,121.50575447570333,121.07813446396123,121.90352020860496,122.63702801461632,124.7608113279755,123.74949979991997,125.82781456953643,125.37467700258398,125.38898515372375,127.4390243902439,128.08988764044943,125.66335062271561,127.08830548926014,128.0,128.86872998932765,130.0,129.90200803212852,132.23472745036062,133.8170731707317,135.09113310152782,135.89373633344616,136.47869113064058,136.04766633565043,137.02678571428572,139.30331662167373,139.89211712661083,142.06445832884415,144.70301475304683,145.0,145.0,150.0,154.9105993904504,156.0,162.3508013937282,161.60514541387025,166.58476658476658,170.56872037914692,172.90748898678413,170.00811541929664,178.94736842105263,178.07994389901825,184.95660260384378,191.2014820143885,184.58117476388753,187.89902802615592,194.63525104049955,194.5960081876707,192.03274559193954,192.0401545333816,189.81861255509597,194.91959064327486,196.230289113684,197.8240058910162,199.7618926135687,196.29963898916967,195.0,198.54249011857706,200.90387096774194,201.52,203.68045868013735,201.50432659580036,199.48335246842709,201.62271805273835,202.02052597819116,206.91296928327645,204.95684789067144,205.05800464037122,206.2909192856154,204.68848332284455,208.955223880597,207.9732914375491,207.51908396946564,210.4707792207792,210.05223880597015,208.0015923566879,209.52,215.36363636363637,215.99058070058297,211.38264803396027,210.60773130544993,211.01702127659576,213.89683860232944
394589,109,"Fayetteville, NC",msa,NC,91.75870858113849,97.11470379985839,94.98480243161094,96.86535764375877,98.49229491338093,99.07899955670656,98.49994203821566,99.72318268410649,97.04211786755519,101.11576011157601,100.47946063918023,104.15231091327672,100.57336309699258,99.3854720305654,95.99300822026514,97.29201563372418,103.24825986078886,103.50139192820143,101.86757215619694,105.87676818305187,106.4437194127243,106.25879753202334,111.85356755826555,105.59153713298791,102.0530178108215,102.71158586688578,106.53737462648537,107.06638115631692,108.14721525667582,110.10682004930156,108.69565217391305,110.16961411515423,117.46680286006129,115.16264428121721,115.60693641618496,115.33333333333333,113.68291683736173,116.56099139325697,118.64973262032086,120.88879571932142,124.0419610269679,126.32978723404256,126.0462826193993,134.91859468723223,126.37478118805458,135.12938193977502,131.82674199623352,132.40755666391684,133.6154776299879,143.8655884353111,141.32086692216203,147.53668763102726,155.89743904478564,153.75153751537516,150.6024096385542,162.2342801266413,159.2998585572843,156.01545409308133,160.01052868820702,158.65549282770664,160.24667562693216,156.55802040945997,154.27215189873417,160.3229598872882,157.0760308865464,161.17593149329866,164.2420749279539,162.4905585217737,163.78213250086347,160.90754472161285,161.61298701298702,165.32046582792697,163.38914170296644,161.64164338919926,164.59187905359016,166.22706422018348,164.8698968147151,170.85250459774744,172.51461988304092,170.7504215851602,167.34681614381265,171.47117296222663,168.74066699850673,163.6103896103896,170.1933867735471,167.24842245101294,166.11295681063123,167.5747220935482,167.77824978759557,167.66718558846893,169.44243301955106,165.9775546367395,162.24976167778837,163.9845297029703
394792,110,"Lexington, KY",msa,KY,106.7625057365764,120.3128892008786,119.1037037037037,120.60604166666667,120.38703616721466,117.45005875440658,120.45833333333333,126.70648464163823,125.46125461254613,127.78782968282792,121.95121951219512,128.94,120.55094339622642,129.2906852248394,112.50517817470634,120.6896551724138,122.47423743191732,121.1941522524996,126.46185410334346,121.42298167409609,123.35704057279236,128.91442786069652,134.45328050379408,123.2797138194323,99.80176211453744,119.14087898856111,130.7296181630547,136.69639502487564,127.91534391534391,132.49491687280414,124.81535181236674,136.48468708388816,128.2843989160837,129.9771167048055,138.90048472614808,145.39416983523446,131.09597989949748,126.27586981441894,134.15324232081912,141.1000316985917,144.8027166882277,148.6957671957672,140.9090909090909,153.78010139416983,154.63917525773195,145.99502664298402,166.06578385305426,168.69095816464238,154.6112916458215,155.991053572271,169.05549430356487,175.33718689788054,174.3169398907104,179.07052918975347,172.17869375912875,179.24664976457805,178.6098874204601,183.68058262101164,176.84463562753035,180.2203304957436,180.56487025948104,166.47431018108284,174.29809523809524,177.40965399401966,181.98786747550164,182.09317927692882,187.60438335809806,187.0305049281427,177.20021746122484,189.1073552172848,179.09460542448298,179.4642736200474,175.10402024177677,193.48808902799513,178.4924131179638,176.9041769041769,189.7288112395566,187.3166801327677,184.86840703249868,197.43198015552775,182.22333500250375,180.76137890216137,193.6261493767908,169.57125984251968,171.88747175139775,181.19266055045873,184.4,193.08013209654703,184.68338323353294,190.40432098765433,200.1239460370995,193.86152324431256,190.38964229300342,189.0329856216521
394971,111,"Pensacola, FL",msa,FL,112.19414643327687,110.12478209658423,116.00669269380926,114.09370020597723,117.73564442030367,118.48837209302326,119.70074703185213,120.94535993061578,119.2170818505338,124.79474548440065,130.59769141147638,127.29166666666667,125.00680216685524,119.12503428884926,121.58553271899405,122.28429546865301,124.64269391758955,122.16589558042364,128.458942632171,125.63060217869511,125.60721721027065,130.4796599878567,126.66415508168558,127.38292011019284,127.77777777777777,123.60540223135644,127.58433079434168,129.05153099327856,129.25974594831362,128.98256976971118,135.1912568306011,133.50496506068407,133.04883318928262,132.1763085399449,137.4044310047376,132.9710786680559,135.66886630956984,136.37649219467403,141.12013917459598,143.72586872586874,145.1926298157454,154.22004132231405,161.16396194739787,169.00026777047609,168.62040108173983,172.7934735266362,171.36,174.14025762675288,171.16206762534006,172.02858978477354,174.12263017066493,178.26904985888993,178.41555977229604,188.67018211935434,186.13861386138615,185.66516851788236,179.0300391734586,187.40906547285954,182.23783241344705,181.96881091617934,179.85948477751757,177.07820954254797,174.80211081794195,181.14617445668353,181.16288331342093,185.96392333709133,190.93567251461988,186.07677293428756,185.1877856352528,188.55390955467203,193.37588829238396,195.1203643461288,189.76949877150903,185.3390835695468,182.10800260247234,185.36109303838646,188.4848484848485,189.84857309260337,188.824234437751,189.36688311688312,185.82541054451167,189.75301204819277,186.75015442015456,182.8618439749905,185.75607426774235,179.995,184.61108002238387,182.495,181.9075584082999,184.79232881677262,184.7800298071103,185.77618825265418,186.61912751677852,183.7001657860249
395019,113,"Reno, NV",msa,NV,196.4159396368781,185.6594110115237,206.87231709593132,194.57691962405133,197.6696238410172,198.30120875530872,201.885745978924,207.422102425876,202.62305295950156,206.89754596777794,204.73131903833658,202.76573555677476,209.4512375103626,201.0175797219951,211.26124567474048,208.8477716728258,203.19955696676783,198.54783037475346,199.68070519098922,205.84960552268245,197.37161538500766,195.88589743589745,197.6103962943901,200.67826319717892,204.04162633107455,201.7315104793367,208.13167760074975,212.3753894080997,201.45975657636436,214.2289683479035,222.63775582057536,214.67625899280574,220.2044747354529,225.80295862412152,210.4659668134101,229.49082966170124,229.64505691622503,232.71054964539007,234.84522573425545,236.19946740426076,236.20730452674897,239.19054956343092,246.4397361387972,248.8688913468746,252.877726771636,268.70681818181816,259.8339331619537,271.36559633027525,264.02671496586305,275.92371871275327,283.93987617321574,284.936396419062,278.8095069173466,284.45668059121857,287.3856665009091,285.01380192014426,280.9994941673964,288.88473053892216,271.6759090909091,266.231438812084,260.81143329290785,266.49519711850274,261.5128205128205,270.23197674418606,261.78318931657503,278.4375,282.2253376741206,281.87723480333733,279.073816088987,285.27232788467893,277.1606027195884,285.60908465244324,285.46001300390117,277.30446024563673,279.2419203605611,276.09055770292656,279.9640697260761,302.62223365928975,286.71274961597544,275.61095890410957,283.1221719457014,278.0981577704299,274.1299165673421,297.2403918090262,284.54906057113,274.7258641239571,279.02667758543816,293.86785960082585,286.7383512544803,276.9277108433735,298.24792089673474,298.17594248624573,293.5943060498221,295.5858823286838
394698,114,"Huntsville, AL",msa,AL,98.38571428571429,101.4959375539072,102.29551777434312,105.0023596035866,101.77373887240356,102.65728170014339,103.94201543137713,101.33559972531569,106.21761658031087,108.0832750923191,108.22684246112237,106.64745145631068,103.73485778926955,105.01883148237566,104.62705984388552,106.31556802244039,108.39364391477068,107.0373786407767,109.17895575926664,109.63172804532577,109.81227554684949,111.23873048370451,114.42663378545006,113.63952237087415,108.62154150197628,111.49849849849849,107.38440573662048,115.5613074261775,114.6470588235294,117.24137931034483,115.56788793103448,121.12646625736248,122.0758025357432,124.93939393939394,124.6813477560494,127.95311622683886,122.796410014171,124.29085303186022,124.70637408568443,126.78403755868544,125.90363259060257,132.97148524890548,135.63040934214862,138.46153846153845,140.26806272355645,143.81633333513318,148.7073896133608,151.40744985673354,143.29847464148867,151.4472023559108,149.32432432432432,154.35481682496606,158.2405627698559,159.82894273233305,164.78812948680314,165.56580732700135,169.1818181818182,167.7667362082351,168.86078894428408,166.58378915962209,162.64971173579949,164.39928272564256,165.47909924632194,160.91899573661772,162.41538461538462,163.7789964701969,167.4091743119266,167.88392542888607,170.162955548164,170.16429664959077,166.34445790093133,167.9973234649716,163.17144373673037,167.19067347460276,164.15549151774334,165.0841310588832,164.86486486486487,166.13057324840764,168.50201371823186,163.3571003534292,162.2643050021519,163.43472750316857,157.7189352774148,162.60803253685816,161.81102362204723,165.29775886864815,163.6506299823704,162.93044463570783,160.76178572655738,163.3977216443784,164.3076294277929,167.29301233118028,161.88006455770238,166.14654002713704
394995,115,"Port St. Lucie, FL",msa,FL,129.97635933806146,126.69881630863657,124.90066225165563,122.83428930329649,132.41024262857576,131.19265528852088,131.13989637305698,132.3546373540596,132.7077747989276,140.6092511013216,131.17040630685264,138.9308176100629,127.26472821800976,130.79601990049753,129.70910824988079,134.1765873015873,135.57732022160462,139.01181689275,135.8428805237316,145.7732980541286,150.48203602811265,140.89863847305554,139.80263157894737,141.68278529980657,136.18798955613576,139.39943976005884,138.20202804410673,143.86640976236353,143.8397129186603,147.24919093851133,146.12918002748512,150.91066782307024,157.68298594280174,160.22099447513813,157.38019169329073,155.69808720936538,145.81307401404646,152.54376367614879,154.00943396226415,160.84015847649488,164.1439610774454,170.6210123855841,181.16854368113303,175.89715536105032,176.94395078605606,171.92058748574627,182.25836681708597,184.7321455277019,177.50115260488704,178.79376367614879,184.20772579922385,193.96646646646647,198.12304483837332,203.02285878768026,205.92469545957917,216.03285077951003,215.52302302302303,223.9176676981555,221.87261309803887,227.07889125799574,218.86018641412875,214.36024817771607,218.9304300341629,211.82495344506518,226.68623608481084,226.28754752762822,229.05462455917655,231.2341664973244,228.79413113250803,228.21565291365377,225.66760695815702,237.6777335041368,221.00783890411688,225.0,222.22222222222223,225.58834845846792,226.56728665207876,231.30040322580646,227.98742138364778,226.4530382090557,222.7041898638717,231.8151489668013,224.44573482343372,219.44037980872167,217.52759381898454,222.52191503708698,220.8768267223382,224.9147163269301,217.19713115437798,214.06727828746176,228.72488839285714,223.2108695652174,219.40071102082274,222.87680342023174
394761,116,"Lafayette, LA",msa,LA,113.32516636418633,117.65886287625418,119.69532100108815,125.53117320191822,118.05104516610676,122.2975775601354,130.5163106235566,128.37966210963424,131.52542372881356,126.93602693602693,127.29549248747914,122.94673967147834,118.49998652522368,118.83023872679045,116.9592913010438,134.15892672858618,133.14685314685315,123.41882728979503,115.89722879538026,125.71171771880672,118.98741418764303,118.68657505285412,116.61643835616438,119.67824487726418,116.9140221779345,130.57059558517284,121.16578349735049,114.92489201743615,123.51543942992875,118.61576333796506,124.09971305595408,125.45879109825216,123.44691535150646,121.18005738880919,121.99101290711951,124.21018651362984,129.69894459102903,123.68561872909699,126.07947945864872,129.375400384369,130.05907059952122,139.96023856858847,130.02242152466368,132.6437994722955,135.1071181755356,136.77932874076095,146.32134718123064,145.44214956323304,142.64632746585164,142.6361386138614,140.55907780979828,139.07527316875758,148.197281943846,147.634996582365,147.23627011266396,147.0975918884664,143.0275974025974,149.40217391304347,147.10415795707917,140.07470651013875,145.39367816091954,144.20874384236453,146.85766433262768,141.45691258524488,150.2375296912114,153.36743393009377,154.80760676615228,146.43602147464296,148.51923609817703,146.2302725968436,144.27218934911244,150.16621998060418,148.2737321196359,149.93991989319093,147.70989272599348,145.59472551130247,144.4213263979194,152.7886323268206,152.6177536231884,147.15608465608466,149.59723820483313,146.93482022838685,147.74595692159767,149.15242652084757,148.40653785347104,149.34338829184355,149.23579116809347,146.60114690414264,149.59758476887941,153.38002629043336,148.87436437650805,151.0520769395988,150.81725323932665,148.78643852978453
394898,117,"Myrtle Beach, SC",msa,SC,115.96579295350264,120.69485274977006,119.46902654867256,121.76424738979118,123.57103973870441,123.5482283464567,123.62197620365723,126.49052478134111,128.8288770053476,128.70406824146983,130.49663615285783,133.3567415730337,128.3604747002537,126.24302291016738,129.64708838731127,129.56844592716152,127.18455030355432,134.925528431788,130.54179950950336,129.75778546712803,134.52273083132906,132.24374072846638,132.85608954400834,132.86343507255322,133.77873026625716,129.15573077879958,132.30038022813687,132.40466101694915,134.92260061919504,135.77607694369755,136.8408212475278,138.79870495495496,140.992752637329,142.2983394314664,143.343653250774,142.79513888888889,136.46589259796806,141.4874718172075,143.6838206954882,146.120646138314,147.99943566591423,153.25595984943538,159.1442046833726,158.11665495432186,162.21283271453223,166.48813559322033,170.56393108138747,168.99661781285232,168.32824094281972,174.03012551615652,173.10887752760217,178.65883504650026,186.7737095431507,190.67122886410948,186.21003642250102,196.68433033660978,193.9457627118644,197.96380090497738,191.80297397769516,189.90154158770937,187.89237668161434,183.28690807799444,181.6949152542373,186.68890583301564,188.38421444527177,190.41776315789474,188.70394736842104,191.13199105145415,192.07082371054656,190.24,183.8526513374003,189.4934210526316,189.23337091319053,186.35254237288135,189.76680198466397,192.7710843373494,190.88872567021667,191.28277817150956,186.65018541409148,188.1007281553398,191.14577424844015,192.1897233201581,187.51057827926658,187.41837968561063,186.72161005882015,181.94640338504936,181.51071025930102,185.28065395095368,185.21949254933548,189.28771733034213,184.79604449938196,185.22405659389057,188.623247679809,191.23393461104848
395116,118,"Springfield, MO",msa,MO,109.08503138838606,112.14266188456722,110.46425939572586,109.77392700398747,110.0723763570567,111.31957473420889,111.45238095238095,110.86318261890781,120.89914945321993,114.56278132056651,115.89999624257909,113.30909090909091,118.46901579586877,116.18843928819834,111.46254071661238,114.83632523759239,117.24748966331956,119.21498371335505,119.48633519920975,120.39169648181276,120.57181571815718,120.83333333333333,123.46570397111914,134.4543147208122,116.93579360656129,124.6470138924056,125.30673933112956,129.68425367343363,120.4295154185022,131.33356833762824,129.41176470588235,132.30779276880884,132.45,135.56670602125146,128.62394274560833,133.96497252747253,132.07376623376624,136.26666666666668,138.55290755295366,139.85970636215333,141.42165149544863,140.0,142.76002719238613,156.27593480857178,155.09840867115648,153.45617895122845,164.04883720930232,174.63031238102872,170.02924601715424,174.4145199063232,171.3033536585366,170.81967213114754,183.15018315018315,181.3186813186813,188.42523077231135,185.51246990759734,183.51214003387918,187.29176175262438,173.28,166.99460916442047,179.80517047583365,174.50124688279303,172.8395061728395,168.92044919483942,177.3434839478654,180.97432521395655,177.21228794131133,177.41612903225806,184.84848484848484,175.41198501872657,178.87388470489228,175.3149078726968,177.41612903225806,178.35414487838085,180.66927603175338,182.02764976958525,181.17168980697596,179.7378277153558,180.33596837944663,189.81283422459893,182.64373992477164,186.66666666666666,180.70075020839124,181.98019046782719,171.3414217841982,186.36179109324888,188.06719929444805,185.43793659322944,177.18987341772151,185.83017804823078,179.7175866495507,183.29938900203666,182.7090017825312,188.91114205570025
395195,119,"Visalia, CA",msa,CA,155.18940216350143,144.82515012363123,144.67005076142132,151.5370705244123,149.1272294289568,151.3704318936877,147.33286162250013,150.06345177664974,147.72327748479333,152.93688750478873,154.46892012999263,157.65996398559423,142.98101597429462,146.2882096069869,149.16323553590354,152.22952012579697,150.82482420739123,153.09095875837738,153.7037037037037,145.4708214808171,154.48387996555795,164.5489199491741,165.97222222222223,165.1373234536979,164.9271559539984,161.94303365780604,166.45622895622895,159.4120972300735,163.64481636448164,167.91354945968413,161.8229854689564,164.59886128364388,165.815800330033,173.44577439245558,168.96186440677965,174.84028025175155,177.5733977801647,178.4719867552441,181.94444444444446,186.50635556138968,176.784060004798,193.3006381788653,187.1231696813092,190.40128263224122,194.6619677790564,203.82372002592354,202.64026402640263,210.41044776119404,203.1844318873134,208.32914642353398,201.97652872143297,203.21507476229928,220.71190951430472,218.0677202729205,226.72485453034082,205.51887102755978,218.03974221267455,214.28571428571428,225.55853920515574,232.69583404962466,233.7288035956471,221.77557755775578,232.9888360929116,225.3579575943778,226.10969946552177,229.806598407281,234.07971484121842,229.53114065780267,211.2955363867339,226.05861244019138,208.51293103448276,221.75132275132276,201.0471101945805,201.43129770992365,225.27777777777777,243.95417904115402,223.3984799131379,221.81324647122693,225.2036415908002,249.91053677932405,235.06772486772485,241.7989417989418,239.2701181594243,250.16567263088137,253.14115308151094,233.003300330033,242.47191011235955,234.74851485148514,237.71124082889182,243.0817610062893,239.36633663366337,250.66490923028024,247.93571901921803,243.0260047281324
394746,120,"Killeen, TX",msa,TX,99.68917576961272,103.66568885258414,102.22092343658679,104.23225806451613,104.59518599562364,107.02209261948356,107.22000995520159,106.4284140969163,107.99005620406399,113.48365733056576,108.37864557587741,109.39724310776941,110.7754279959718,112.0805383058115,109.03348914348271,110.34118287208926,115.01045029863829,113.83730158730158,120.56394330001369,115.38911644236396,117.11507358982183,115.27410207939508,118.16956191478587,120.3474524248005,120.0206034697519,119.3225558121632,119.99705188679245,119.89795918367346,121.5736268811238,119.99450531331094,124.06735751295336,125.38300024752516,125.07751937984496,124.62121212121212,127.4209486166008,127.35583684950774,125.56234615058145,126.67050691244239,130.67061143984222,131.4418272662384,132.89007092198582,139.4423937587676,147.95058955642898,140.90161566742592,153.29585876766117,,,164.43550725072328,162.2958803120203,167.9413784001106,184.22441251331128,175.0324254215305,183.9274005312362,172.71922054915854,170.53206002728513,175.48498306490634,172.10076818798012,172.73663579307856,175.07418397626114,171.15973478793583,171.59504452187377,174.01725790987535,176.35135135135135,177.97940360080472,176.88756110809342,181.30218068535825,180.09453017348363,183.47706422018348,180.45555555555555,177.29120267260578,180.25584698612312,177.3276474769012,174.46650124069478,173.73953488372092,181.51541139130714,178.773851590106,183.00316860889154,180.9062425113827,176.81040175233665,175.6702681072429,176.16170212765957,183.38278931750742,175.06192784060312,177.54007566082208,173.82411725516323,176.98434309053778,175.97758559778464,175.8641975308642,170.74742268041237,177.9169413315755,174.51500401133978,172.00938232994528,170.90858357410843,176.15775687079486
394338,121,"Asheville, NC",msa,NC,167.11764496999396,180.46654790628452,170.45454545454547,170.8923577683033,181.8181818181818,174.73311335403727,191.6447268009768,195.3125,187.4521805661821,203.840490797546,196.42857142857142,196.32896713221072,172.45917733141226,177.2289156626506,177.38209363583118,184.98659517426273,199.30670957675054,190.74941648013163,195.91611479028697,192.81995789722367,198.60347985347985,208.64800822533596,208.33333333333334,207.82929885082837,199.235807860262,190.14461703267273,200.0,198.80427942101952,198.7816985645933,198.6404833836858,198.58156028368793,210.28827209724938,206.20297913234486,214.2682180036742,212.12121212121212,215.60570198507781,188.1612962866855,206.84476592157955,203.91872278664732,217.3913043478261,215.0551330798479,223.33333333333334,226.72064777327935,248.26661775589116,244.04761904761904,241.02791148245694,255.6272767491552,240.94010467144795,242.7490288955958,227.47832367150409,231.41104044357468,260.4731450772492,288.46153846153845,274.70103521564766,271.68437442755084,280.6267806267806,289.6964389959136,285.19849785407723,270.4410569105691,265.1412823636557,270.5367254489565,273.9242385969719,260.8695652173913,283.5507657402155,282.35415874152477,275.4160464634284,272.6761254382835,286.2453531598513,276.247207743857,277.6255980861244,269.817120142976,278.5808270676692,256.52741514360315,261.1607142857143,274.2735648476258,262.9221749492817,296.2284443996806,263.81174380582974,266.77721088435374,281.6781243839937,279.8885792228665,260.7908685562578,265.1403249630724,265.2275154539727,279.64071856287427,271.55519742143434,246.2597423211709,256.87278543104713,254.3381818181818,228.83295194508008,277.14285714285717,256.09206317473013,240.26315789473685,288.1273176761434
395244,122,"York, PA",msa,PA,116.79307502061006,114.64071566731141,112.8133951137321,118.88474373897796,117.85880123193556,122.5805019696443,126.9661437827022,120.17255334805003,118.44980940279542,119.8919587628866,123.53968253968254,126.84563758389261,115.50803212851406,124.02684563758389,120.77766883601177,114.48921526586622,120.30938833570413,118.9375,119.44965271883665,126.56085444610035,123.79286214135759,123.48397878060246,120.35792899328132,128.56843049719888,116.72509832671365,115.3835744062658,128.59605382843108,134.6231884057971,122.82006763350809,117.95625831058933,123.81299942898781,134.6389228886169,132.9901305899972,139.25097040176163,138.07435038800972,136.1552394802069,135.9038737446198,134.84389038634322,137.86627335299903,142.7979010922255,142.22784282396495,144.25,149.35892434136815,137.71808510638297,146.75548271634236,152.2730628346013,156.66,150.8231653792135,143.76439716312058,153.2409713574097,148.93085106382978,143.42947368421054,138.80907668231612,157.95759276582476,156.52,164.61942809083263,170.80062467464862,175.54170073589535,151.40479959003142,168.10606114250976,160.06040268456377,157.13087248322148,172.18595041322314,173.44578313253012,167.63245033112582,175.0,174.78991596638656,169.76280818675116,174.68867469879518,177.89960894437814,165.5192878338279,191.57508532423208,177.2325870646766,170.8185053380783,184.9378417373136,184.84624697336562,176.62542570954935,177.4818376068376,176.24994493917615,185.49119047619047,183.24905183312262,188.86017229953612,178.58024872842736,186.89459320514527,179.4413758618774,197.61627906976744,197.73684210526315,202.7892857142857,185.02339430029775,194.45455625817024,193.02506714413607,184.8585311987079,182.22926031875767,180.07145095581322
395048,126,"Salem, OR",msa,OR,155.66426364572607,170.17124546304015,178.34891986417125,175.9974667511083,169.31919295875815,179.28034444548183,181.2593984962406,175.55823777911888,182.52507501071582,182.76871601840233,184.1988459831336,193.9080944350759,168.70027200791296,187.47849659529066,186.32563597783758,184.7171428677913,186.7619958025986,187.05071393402264,188.02552552552552,185.54633867276888,188.00429582101242,184.53718566078118,194.27370610557665,195.5289730234595,187.8243512974052,188.2708922615858,190.94266025348077,196.6543274244004,198.2124079915878,200.79882322038594,205.32490974729242,200.55710306406687,201.34153734971818,214.18966989186112,204.75290896646132,207.32758620689654,207.4472978152549,214.2212750998509,224.63599165596918,222.59896729776247,219.63470319634703,229.63555250514756,230.7951214987943,237.02521459227466,242.0434080402435,243.6454358090533,236.69269138535688,255.47972157874634,246.02726847219083,247.50027028163345,252.9781818181818,253.3301784434529,256.3421052631579,272.13749113357085,278.32722832722834,274.9660912453761,266.343411294923,267.59113634329407,262.28373702422147,264.26587115592685,260.35834266517355,264.8583484026522,262.7794561933535,253.8370720188902,278.7769784172662,274.1666666666667,271.8723098995696,257.6930427011599,263.85350318471336,282.32339111606086,274.0833333333333,254.84993475424096,249.97706093189964,267.19772879091516,257.33736327000577,276.01522842639594,247.5503742084053,252.97321428571428,252.8227245687091,261.33162774059826,250.06150061500614,255.20210608128602,247.95309436457762,246.9792604049494,234.6906278434941,261.4711033274956,252.97321428571428,269.239177306185,247.0655848546315,254.46130952380952,260.0922619047619,252.79077108604668,255.94940476190476,265.27400976668474
394870,127,"Mobile, AL",msa,AL,,,,,,,,,,,,,,,,,,,,,,,,,,,,,,,,,,,,,,,,,,,,,,,,,,,,,,,,,,,,,,,,,,,,,,,,,,157.29987789143695,152.61213797618717,163.18157891196276,156.6677326511033,159.63149078726968,152.85152409046214,160.4905497858936,163.52232814851982,161.66108319374652,153.5593220338983,162.27354926426676,164.0894722819651,153.22225828554943,163.37704918032787,162.9815745393635,162.86077952508646,165.9343688137658,161.67505421665675,164.65661641541038,163.18553855094925,164.65661641541038
394502,129,"Corpus Christi, TX",msa,TX,132.16319130810757,128.40893230983949,128.083812098682,131.0344827586207,132.2735477155449,132.53279838964022,134.43708609271522,134.54898313492063,133.17118214856694,134.85362578988077,134.3183023872679,133.17788141239174,137.0086663456909,136.57987072494225,135.87332589285714,136.2503234152652,137.12330009066184,132.9859894921191,138.09529733575584,134.2755463523415,136.31334760885082,134.50398562681886,134.2077021987913,137.37730663525716,132.38396624472574,137.15291272497524,137.24767212189616,137.40990475293756,139.60935866155455,143.0245946493538,143.1399463451956,143.5540481606744,139.78756157635468,139.42133968658936,146.03365384615384,145.5253627808523,150.66652478999296,157.62665818373569,155.82944703530978,152.2008434370058,155.74723194009186,155.22676605682193,156.8425395912475,163.7667164337896,163.19892189218922,165.46762589928056,164.28703706779936,175.37488284910967,171.31095630145663,176.88996763754045,171.27031019202363,177.7115987460815,180.9194873527686,183.8308998653826,189.47368421052633,186.7667597765363,185.72723153602175,191.92753742691053,193.81686746987953,187.30492069713281,177.48026265177134,176.82337139019475,186.17021276595744,183.22876569445998,178.87589343729695,190.05685510071476,184.628595963933,185.71428571428572,190.27237354085602,199.00591303379778,184.86643306654838,186.74262690721963,175.97084367245657,187.34511092851272,176.9474907063197,187.90238635518529,187.85422740524783,186.8918918918919,180.8771168654342,177.89138396821247,189.46272386505623,185.27216708485184,188.95818646806825,180.98901098901098,178.44925479063164,162.22054963278845,173.12433696839474,175.732421875,169.26952141057936,168.86666666666667,170.4753968253968,159.62168744070166,169.83744186321033,177.5269368907132
394612,132,"Fort Wayne, IN",msa,IN,134.06652360515022,127.13064156401471,124.07559572719803,118.72307866097523,118.32347007397445,123.58509771986971,132.05028987007148,133.82852709168498,132.9225403527396,131.02707348517404,125.64780487804877,119.07469600463232,114.02444987775061,125.70654277971352,131.92886054645632,129.05844155844156,129.26332352354478,139.92932862190813,138.210901788488,129.75864179037882,140.49013787281936,132.37843736359667,129.41195168467897,139.53488372093022,134.69766115231033,143.52760952021544,133.406432748538,147.33481012658228,136.6877971473851,140.18662904802744,147.69615214506857,147.35449735449737,141.84734479346207,143.32894228584723,150.11352231279528,142.07400639561445,145.62126068376068,153.8417883006266,161.76576054535536,154.9961539759303,159.70891018814342,156.70265271308915,157.88649885583524,163.6981958082568,165.69566791410406,173.53351955307264,169.64548494983276,165.30619111709288,171.22659388207092,174.17715958442676,170.16021361815754,179.60662525879917,177.58734658763987,181.4235772282166,190.84050706890315,172.45066489234324,177.86561264822134,182.46028169014085,187.69959928816144,182.63576689081015,182.2776711452335,177.37056428155904,180.173564753004,178.16301703163018,190.19024970273483,186.84913217623497,192.92155094679893,181.57322122947346,192.9392446633826,182.8910220214568,187.51537515375153,199.63672296083362,168.1086663673103,178.6615276804485,173.30221050009334,188.47472150814053,189.57078313253012,192.42808798646362,176.17640372812002,186.0740018521601,194.09777424483306,187.83147361431836,185.4683966473313,200.25209088013276,180.6324110671937,186.84913217623497,176.99889169049504,183.38339670439717,176.34271099744245,189.35747051595246,185.9375,190.9418131009899,169.33935629587805,195.72953736654804
394658,133,"Gulfport, MS",msa,MS,94.82755005664356,97.42822966507177,102.29411764705883,105.50915948275862,103.28435609334485,102.56517406913873,98.71694194359857,106.17506631299734,105.82097761533088,103.58373510759114,106.40966076438472,106.65172568354998,104.42748091603053,108.07781765018606,108.4959349593496,108.05555555555556,106.53366365882479,104.5194874532835,106.5345474022496,108.37155963302752,108.08926080892608,112.89668482401675,112.66747868453106,110.28973070973234,113.06577737054732,111.11859838274933,111.56575597916174,111.96646341463415,111.04377104377105,108.98989898989899,111.04377104377105,112.06060606060606,117.40944195964218,114.31877973139899,117.19252873563218,116.62214288999263,121.31144437465103,117.18480400813662,124.1635687732342,122.09078621927463,127.65338196286473,127.84053156146179,133.5886511965192,135.7262939534179,137.86233766233767,139.17928676111381,136.75754625121715,145.20881558641975,142.10871118314975,148.21517549932864,146.0051948051948,151.36319376825705,149.7131446260717,154.03645833333334,157.2550432276657,161.07758620689654,157.40425531914894,155.6128885672323,151.36319376825705,153.21436670119596,150.95331588132635,147.81587065195555,151.09195402298852,148.61884330025924,149.56634865568083,149.87034035656401,150.31686208821887,153.5993061578491,153.4896705750977,159.87686595953238,152.4653492847953,152.08521061188017,154.65546050503679,155.0238586886265,155.6194373022152,154.57402597402597,154.54285714285714,158.20466786355476,159.87627311739308,153.5618878005343,157.44031830238725,156.75051232927507,159.89968033782748,157.77276603923173,157.4373156342183,164.98219056099734,160.79597701149424,156.24155288488464,161.2061754120898,164.15199336691163,159.81382104737366,158.9709090909091,159.35140073081607,158.43750132908028
395051,134,"Salisbury, MD",msa,DE,135.1203501094092,133.45900439238653,149.01135387867572,148.8020441097364,153.75,156.25983160358163,155.83722741433021,147.47576079711416,139.6249002394254,147.49156435312787,147.8743068391867,152.937972631224,135.6477507707561,150.73135128090018,156.16927690482873,150.10173224818936,149.28440262610505,149.545251081775,148.10768740031898,148.94791666666666,151.57525426830864,158.56226868444537,159.09727164887306,163.06158017041054,136.78947368421052,149.95166662761727,156.2037440453138,153.10729166666667,154.17425470117587,153.79504464884525,155.9378793898365,158.34546256734163,155.62529166215717,160.0086405529954,171.78899082568807,170.26774284660166,155.8735829611817,156.16645929039194,160.4633867276888,167.30357142857142,169.5124513618677,173.16556555868226,176.8734226881008,178.78787878787878,186.1422770535899,190.7514450867052,202.52021340345416,211.21707145844536,201.3022222222222,206.77512164452463,200.38503394753394,199.87150442477875,202.65042757190983,206.60166466571138,224.1025641025641,218.33626857457347,223.11805841217605,224.92018938112952,221.28272450532725,231.3709677419355,229.9148146744569,217.1286133221617,228.33392857142857,241.81,232.08509661450017,238.5365099009901,231.9335504356455,232.3470588235294,234.29468599033817,236.5052599009901,220.26389668725434,230.28823529411764,225.95159200497346,216.440341860534,235.0575985694096,236.65568462654784,229.73338073231426,235.8872466216216,236.71014492753622,227.84980744544288,241.23222748815166,236.85649202733484,223.36170212765958,234.08240246897077,244.57752255947497,213.29285118662028,238.0915750915751,251.81512137694705,232.21638861161367,231.1866694112103,230.66167994948572,221.51943462897526,224.07407407407408,229.46376811594203
395070,138,"Savannah, GA",msa,GA,92.36973415132924,94.45872466633712,98.46283783783784,95.90961500219257,97.25111441307578,99.45839487936976,96.63405088062622,99.11764705882354,100.01519628535246,100.20911752404851,102.56720619226442,102.79348547358703,98.04401519043208,105.15088449531737,95.93235831809872,110.16561964591662,105.23103748910201,104.06184053242508,106.64777680906712,112.12859849198738,109.4796984330344,105.57896774101904,110.8361018826135,112.55350350780444,98.5909090909091,107.36434108527132,111.92738044832994,105.548717821891,109.31163084702908,111.6509336099585,110.25115781973638,113.8027107655349,114.16,115.90324149883065,112.92642026009582,115.87468290208017,108.19672131147541,116.77692307692308,120.87800369685768,129.28275862068966,131.21441774491683,127.42001793080333,124.21536199926497,129.8876404494382,130.026660203587,130.11176857330705,137.81829419035847,135.50191781573128,133.57072449482504,147.39226741844544,144.9642683369504,150.61486767175978,148.15524610966406,155.68870101569146,156.6805285383415,155.42851117671867,162.2558286074354,166.90850277264326,162.81623931623932,166.0,171.81443298969072,165.48209926769732,165.763299922899,168.20122857576217,169.76141078838174,178.57142857142858,177.57200283003118,177.59341355288157,178.4401385120932,177.63640734432926,174.9553152569373,176.42309245054503,180.92538882676922,183.80574523119404,177.88503649635035,187.58300132802125,183.17757009345794,188.6278792692613,191.49322761810373,179.9172685338858,183.34817012858556,182.00754433107653,178.38856105310938,186.81370005189413,196.14772103239977,190.91565094236103,193.59467907867497,185.25687597301504,182.52306903622696,186.81370005189413,176.70458619416831,184.25492409607523,194.5754716981132,182.385443583118
394327,139,"Anchorage, AK",msa,AK,,,,,,,,,,,,,,,,,,,,,,,,,,,220.74161592551854,198.88162493318532,183.01267010793055,187.48575352412826,191.8394364541013,187.19951923076923,195.52192138537657,213.91216102932856,207.38933426280934,216.55172413793105,201.0989010989011,208.13078663560216,206.67293233082708,208.25471698113208,215.86378691872642,221.37226536365608,226.32134182423692,227.43170855505952,233.6003658181854,226.79544191217343,236.04425256341068,239.1135303265941,238.2068598288715,241.90270128507737,242.09574770632335,246.6902030008826,251.0570824524313,250.72358652198744,253.19148936170214,251.02941176470588,261.9145134569178,263.49931651821146,268.2424830084432,277.4216524216524,252.17246835443038,252.79152583293094,264.3027181440443,259.99131944444446,266.2422602687433,269.1504304296501,257.0606398809524,263.6838407494145,284.26534813945557,291.4557048530485,276.0869565217391,288.84586466165416,273.13505233848457,270.55889234187555,280.60246084494906,295.7615000399559,277.2227772227772,279.6662938187827,276.0142627299213,275.64102564102564,282.8587409519631,284.7487136045073,280.0,284.7738985633435,305.019305019305,283.16855121409026,282.3886639676113,283.61344537815125,290.6424104870185,288.56382978723406,290.9655629648135,300.0132674551006,286.9565698552638,292.63349368720435
395096,141,"Shreveport, LA",msa,LA,126.65443062255505,122.0398276574038,122.07512118182387,131.3940872091979,128.5285612039616,131.14754098360655,128.03260753548938,128.97369925671813,131.32658497602557,126.3971948907745,136.6474543707973,133.07156362798307,132.76619099890232,127.33096085409252,124.95583038869258,130.04691119803238,128.47767616998385,133.0541237113402,139.6986301369863,138.17809621289663,129.6405194805195,133.42749007196565,134.13848631239935,136.56200615766102,126.15853658536585,134.28571428571428,132.65402843601896,134.266862170088,133.57916737037664,136.58245419211548,140.44793484584062,140.97670924117205,131.62544169611309,131.5493932170597,138.60788788270193,144.59190444591906,137.36114958448752,145.13324171952078,142.5883668903803,135.27217620192573,149.25746007622908,154.3635589612601,151.30190007037297,139.54741379310346,144.95977602690317,151.15238095238095,167.48529411764707,163.12406481515274,156.00682593856655,145.671552660152,155.0,155.0,153.45122646891045,163.85550106766487,159.0,171.0261569416499,159.44619666048237,154.09180977542934,165.01943364797336,153.3382431143672,159.6587082084933,169.8751300728408,158.72479838709677,163.46778387572425,161.66960611405057,168.0792261630585,170.57249510096278,159.37718684394682,168.27241379310345,158.24908647990256,144.41331923890064,164.92711011580138,149.33982683982683,162.5625792411569,159.68586387434556,158.9055564938355,158.6611146700833,156.80414201183433,157.80315907869254,153.67582760774516,159.64663143989432,154.1555194805195,153.6610709165472,153.3405172413793,157.46517262265294,158.48494983277592,159.52508361204013,154.053412462908,156.0207100591716,158.20342205323195,160.94918842625265,153.6753958587089,158.10428338771288,153.39541742286752
394875,143,"Montgomery, AL",msa,AL,101.38059952846076,102.08028673835125,106.34615384615384,107.4520823911848,101.54584986496585,104.98296422487223,105.8068612391193,109.52695589036122,108.58206844628569,110.58969610964974,107.93615749309187,111.75,103.23586880669923,112.95568263045033,108.42327295028271,113.99525477551042,109.0921332388377,107.51547929876912,108.39428571428572,111.3136170212766,116.64129883307966,118.46661709551162,122.07264957264957,126.85222508868108,111.4100161327735,113.45971977715473,110.90972871842844,110.54641598119859,118.4924565696023,109.11458333333333,115.48517177907802,117.92745803357315,122.39467849223946,122.41715399610136,125.29106094180074,126.40902366863905,118.93027210884354,122.90968109061734,123.76192400917975,122.43184488836663,127.4995,129.2447306791569,128.15736342042754,121.91375150784077,136.275415896488,139.7070327190673,139.70169965451902,147.894896265262,129.87218427748763,146.31107911802974,147.94951679705474,149.45032751091702,149.83863531581375,155.4804252489521,149.07179252417222,152.90196078431373,152.156265854896,160.44178197772527,155.0402750491159,156.70079106561192,151.31327717609307,160.14298360112446,162.71067415730337,173.35413478180584,172.01704545454547,160.16063492063492,153.78893995874648,160.3642671292281,181.5450513007194,162.16494845360825,166.8318495497216,149.39326702371844,158.125,142.0365950233454,157.0542731277533,159.79871168185585,165.16039475502947,164.85104613959754,161.14508060033353,156.3710206609668,167.08004509582864,159.06060619845252,164.75764313507503,167.6810042114575,165.00857043105322,170.4090909090909,169.9271817676487,161.974930064435,162.83559685489635,164.55894224644226,167.21650793650792,168.4002519468621,171.8304665048082,166.79955981540644
395146,145,"Tallahassee, FL",msa,FL,120.13886864546451,113.03349125668282,144.982093996459,126.17653576552095,157.23032495993493,139.74137931034483,140.99920697858843,151.6942474389283,132.67857142857142,163.84959467544508,132.04384268214056,156.66579980318272,139.68679031770515,143.17215855459978,151.6688339835284,145.11984562258786,138.01373389237938,156.03329456863503,157.51445086705203,148.95419499299817,162.73048327137548,150.98591549295776,148.41758241758242,157.8648136449779,145.47619047619048,147.9251899473992,145.350930106644,155.336864221106,147.97406495305523,155.1139870292996,137.54501934587097,152.27279596216036,158.22784810126583,159.26729916727436,158.4811529933481,161.07307903906107,155.9574629547173,163.04326077905256,168.157631587768,164.23357664233578,164.01076172161993,168.93776824034336,165.04963898916967,174.58882713978824,171.22395833333334,175.2248420029169,171.54444617274282,171.42301710730948,175.13751375137514,174.3124312431243,177.17121774243796,178.85024840312278,182.06313775510205,181.965881397238,194.2846034214619,190.24432379743155,200.04269854824935,199.43222143364088,198.66520100502512,207.61038307452472,211.0191637630662,190.5010939681285,197.5392740606183,206.95364238410596,209.91153373994035,199.02474107519535,195.90026889134032,213.00596852957136,205.48909632089416,211.5085536547434,203.90863141524105,206.98639392511203,195.8959227467811,198.1285988483685,189.55650929899858,206.3273727647868,208.85720007502522,194.45924347362813,198.5627836611195,194.1113914924297,196.43114635904828,194.88372093023256,213.2524319690387,208.6412462034886,211.3385225885226,193.48387096774192,201.24254473161034,219.71717761625658,224.1130080172469,184.60879263408447,207.69230769230768,216.59324522760647,194.2405063291139,214.1194702149863
394901,147,"Naples, FL",msa,FL,212.5667469879518,196.67170953101362,188.3279644800512,187.82952548330405,188.2211961095801,189.681118375503,183.86961972419556,185.74249280131633,193.452224824356,191.5304170761956,194.0662064214688,192.90123456790124,192.04703632887188,187.39859383450514,187.58310356763468,188.75399028452463,194.9671772428884,180.90194412748235,184.2330152399943,193.31007751937983,193.91163793103448,190.03346456692913,200.12537049272817,201.958605664488,192.18033622007133,184.6800775315627,194.75,200.64605484117615,196.53564290473017,195.25924793641087,196.8503937007874,224.76019171109303,224.0,222.26995446344188,219.80422590953683,220.31746031746033,204.69257255287752,216.87962340282448,224.36236674896733,216.36796587937044,228.8895634751011,218.4131736526946,247.86094790442615,237.84115942028984,251.70714285714286,235.02379235760634,235.97732843137254,255.31281427146035,264.2514651038892,254.7133956386293,265.08491023774866,289.7971014492754,292.7833324351113,280.2483540387474,278.82599580712787,284.7096608427544,303.58841937083355,310.3541666666667,293.75565388397246,304.32136335970785,309.41408821593154,300.0,309.3147039254824,310.26042928528165,307.2830356794443,319.46508172362553,320.6961211092621,307.0761014686248,344.7368421052632,341.49431949918846,297.1210319588836,311.8609406952965,315.6146179401993,340.70747295968533,329.1639236339697,362.5377643504532,334.17275915225053,337.7221856484529,324.8031496062992,352.77177825773936,337.9106808244847,321.2189291539642,317.05792332743266,323.99068322981367,346.12794612794613,329.1639236339697,329.1205897840969,331.73898880673266,315.30799515068,330.07334963325184,321.6739537788882,327.8737582863514,318.32797427652736,340.0500501651569
394927,149,"Ocala, FL",msa,FL,81.8692694469092,92.19858156028369,85.37980863246037,90.67903458213256,98.69643374891272,104.78817141137871,103.76978571910033,103.59486884803164,103.3912448521886,106.61764705882354,105.93031875463306,105.5976408821595,94.39108720706876,94.37377108900878,94.75552061830925,100.3349460364719,105.22496371552975,107.70214125918824,108.98796886058032,107.75862068965517,111.07989937805172,110.15645068561852,111.11945905334335,112.5709939148073,103.34385657319099,103.63918511701763,102.807662030963,109.98957821266873,112.4020285846012,112.62208865514651,113.093129051049,115.9758854559156,116.26591230551627,112.78853920788193,118.96203869253303,120.44046799724707,118.23662396382818,116.3786626596544,115.69796323894684,119.23453420682384,114.47638603696099,123.70620495980324,126.81638044914135,132.57184966838614,144.37416256181376,146.4036101677325,143.04522037779049,143.86993603411514,138.83113828786455,150.9948415622697,158.5991206642548,161.33979015334947,162.16023914613822,170.70243726185782,168.89654199605042,171.85450432219636,177.27734095782702,175.01869857890802,174.28571428571428,173.16930250246867,167.72151898734177,170.8227848101266,170.25316455696202,167.82930435143894,170.73729863692688,170.53479350656187,171.26363053239257,173.9873417721519,176.6517571884984,177.94973544973544,180.2404207362885,174.06720127245012,174.17349726775956,175.96502978591778,176.5368346287131,179.3958152293405,177.66181818181818,179.65210280461076,181.86951066499373,180.19459437558265,179.65653896961692,180.81591320072334,177.11640211640213,179.71830985915494,177.67503302509908,179.62466487935657,179.9867899603699,178.89098928796471,176.83206388005758,176.2069660907976,175.0330250990753,174.1466685336378,176.20338983050848,176.68776371308016
394679,150,"Hickory, NC",msa,NC,,,,,,,,,,,,,,,,,,,,,,,,,,,,,,,,,,,,,,,,,,,,,,181.67986323620343,184.8574784154393,178.05989583333334,124.83810709838107,150.85969050393652,156.06588851768163,156.26930203829525,178.08219178082192,185.86436150255878,209.23004055534176,203.16400580551525,175.5134074558535,183.07426597582037,187.93914246196402,171.30488559059987,173.18435754189943,171.66042446941324,184.24036281179139,165.44785575048732,171.84265010351967,161.27292340884574,185.00444639543258,167.8192715537114,156.6543438077634,169.22094508301404,179.33723196881093,172.15194610778443,175.35545023696682,171.95855670103091,169.90291262135923,180.07662835249042,169.1380908248378,168.5823754789272,182.12,180.22406234778373,162.76276276276278,174.82517482517483,169.0782894736842,159.63601532567048,165.2739251040222,169.0717525773196,166.38586956521738,188.81578947368422,170.6224915508542,170.95483133218983,168.80022847840178,186.79540583778564,175.10204081632654,186.53566690353836
394602,152,"Fort Collins, CO",msa,CO,157.96403480838336,174.15946348733235,154.89776127572617,202.73868421052632,181.57894736842104,189.55220522052204,180.81451612903226,176.0983842373725,174.58100558659217,184.6206486773012,190.5184503451003,187.81833616298812,161.94932663028345,189.45147323436797,182.86219072571112,165.76576576576576,179.6,175.34884018416238,190.5285631342914,191.85502210991788,184.71229145386448,198.8236136382768,187.56497656582872,178.65803888487025,202.37537537537537,186.71434977578474,174.0278444551128,175.32167832167832,171.05263157894737,177.34434067581978,176.66826692270763,190.38898815945623,203.06742169352606,201.46520146520146,188.8960102950686,195.1777330416743,189.73560631344213,177.41310715925385,178.93186760438482,184.33179723502303,200.11725620480752,196.75775103330903,207.45535714285714,206.7667638483965,224.17061611374407,212.46377314814816,203.4176029962547,217.4695652173913,206.07344976694475,217.14417475728155,236.6765100671141,231.78660200060625,239.96383363471972,243.7425931825422,247.9899934577652,261.53050034270046,257.1250863856254,260.7809847198642,271.87822332021085,271.64677320639237,261.1391484942887,246.6272954924875,222.7721179624665,223.49113347353693,213.36841552172825,261.4659237033862,240.3301261870098,272.544329873823,228.17154596815612,268.0018007202881,229.27328556806552,242.76231558914577,230.77097505668934,232.16931216931218,258.7474120082816,255.21083000443852,246.57734567916634,261.04835092675194,273.96978788083084,243.894777265745,247.6916195856874,226.40926929475222,225.9416195856874,256.594952901576,244.70338983050848,239.34621367762537,235.130179933033,246.21777194134384,227.9187145557656,252.27739726027397,221.83648315529993,223.08994240027647,215.41568495456076,210.61442236938925
394796,154,"Lincoln, NE",msa,NE,95.8967266021208,124.01199236849278,105.1264288188431,125.55775669642857,117.81416615791616,123.22476525821597,127.11340426745778,147.7482807908451,129.699352193323,144.79638009049773,160.60806345009914,185.8452380952381,143.48309608540924,192.80452224653538,145.24647887323943,125.0,122.43083772999832,131.16623895067008,134.11574280413072,128.57507505007965,134.81589444614912,141.22914122914122,141.54496297353438,145.37366548042704,124.08088235294117,123.60801781737194,125.30315278900567,139.02143145976547,122.62708851759687,133.1357261403221,129.33185887539736,121.75227202127121,129.46116165150454,136.9333683105981,137.9469171090241,137.52522522522523,37.4975812804054,,,142.31673185074044,142.94670846394985,139.9961123110151,141.77803602556654,145.46091833158079,149.13657770800629,153.4288061849758,157.9822616407982,156.20833333333334,142.22606727037515,153.71990517901426,157.61548064918853,160.59957401490948,167.82141533901444,171.504889114293,167.94380587484036,170.74501992031873,176.26501860049297,179.31612470667113,176.75050985723996,176.7726552396498,178.72988255763374,169.9677567941041,163.887291546866,180.66405415033844,175.0739274517429,176.75350701402806,176.43653955606146,182.02827498364036,183.19503877417546,182.64029595902105,184.9738190096756,186.02215688259633,173.17761126642375,183.73629916183108,175.8914628172991,173.9343459088682,178.346191964869,171.98133687718126,173.9217675411956,186.28908052729662,190.5230500842322,181.4864348490638,184.3651612903226,188.33474576271186,199.28413311270452,191.4176080692801,177.38928513509794,187.17634709587125,186.8279569892473,193.61307668950548,184.71074380165288,188.28629032258064,189.17670693345102,193.02830272975027
394622,155,"Gainesville, FL",msa,FL,120.58510638297872,121.15419486034206,132.0312379483224,147.48917748917748,142.86212914485165,141.7184005628518,132.404181184669,149.44879173241748,147.20558882235528,150.94032613086455,154.8202614379085,152.01410998552822,135.0684908387716,130.84112149532712,141.25799573560766,141.4985590778098,142.5091352009744,152.7489943027668,143.07036247334756,157.54760623991393,162.09629843840372,156.66988358114395,157.58735632183908,152.5818298969072,138.21698377884678,138.21588691779493,151.63920151110142,148.7944339263621,148.93617021276594,164.08049535603715,143.65269461077844,154.903758020165,160.21506450370657,163.3627648839556,172.30686045462295,160.29961531673337,171.70475602223596,144.53478805277933,167.48192771084337,174.82517482517483,173.76681614349775,177.19736537355539,178.35723598435462,182.53968253968253,170.04048582995952,167.1135604085337,174.93872549019608,182.75862068965517,177.46620016889642,178.32957110609482,180.61353211009174,199.12023460410558,209.4135041892558,202.0,213.2505175983437,210.4830917874396,198.96049502614363,210.0183620369581,196.25,210.51761212002862,195.0,204.14153908351904,196.49334945586457,201.11111153448846,205.01930501930502,204.66065747614,201.4846235418876,200.0,206.15923566878982,213.594827568808,210.37329723095436,197.22222222222223,178.44102178812923,185.96958213989313,192.7570093457944,197.7760127084988,188.9740698985344,180.9413754227734,198.83792048929664,184.75112499625624,185.4509582863585,198.89743371338875,187.49437449998157,188.02966101694915,194.33046710198693,192.00564971751413,186.20427194865164,190.95804695194633,187.74781402723016,192.6225165562914,205.83468395461912,183.66306927755525,194.55685741778456,178.49844236760123
394646,157,"Green Bay, WI",msa,WI,,,,,,,,,,,,,,,,,,,,,,,,,,,,,,,,,,,,,,,,,,,,,,,,,,,,,,,,,,,,,,,,,,,,,,,,,,,,,,,,,,,,,,,261.61898115840893,262.2821377246156,257.73917458770006,276.0084925690021,280.8553354973367,258.9657375180149,273.8219987895423,268.61768368617686
394488,158,"Columbus, GA",msa,GA,,,,,,,,,,,,,,,,,,,,,,,,,,,,,,,,,,,,,,,,,,,,,,,,,,,,,,,,,,,,,,,,,,,,,,,,,,,,,,,,,,,,155.1614946168461,146.4660109184259,154.13961685632475,157.2354211663067,165.03796632551996,163.41418459786416,152.79544091181765,157.6151583881016,160.40609137055839,159.98271391529818,164.99013806706114
395109,160,"Spartanburg, SC",msa,SC,99.91803278688525,100.63974246414983,104.83870967741936,107.73107049608355,107.84531764490414,103.57811955410546,103.749375,107.53393665158372,111.62790697674419,107.92031379025599,109.03713006757053,105.19762827987878,106.05503707914183,107.44161208265984,108.82238792530518,108.34431818181818,113.81928625664389,110.12227074235808,109.06779745077617,116.29072681704261,117.87363966142685,122.53868360277136,118.45879467594122,116.7066967228803,108.79419764279238,114.45932239470753,113.91625615763547,118.23436678928009,119.45638820638821,120.59134107708553,120.5628948879954,125.04674905964535,125.38058968058968,129.03459550396042,134.0650406504065,132.6625,123.74934175882044,132.80799737175576,131.30690161527167,137.1671971111179,131.9811320754717,132.9842499283672,139.16111942876887,139.49848743565312,140.5563186813187,144.40653112851388,143.64761595747967,143.5095856524428,146.4965034965035,146.24825174825173,147.2349841938883,155.11882998171848,163.52566727759947,151.8922965269763,163.44652908067542,158.19470759125932,152.21788363920345,148.00981591377013,155.71428571428572,145.95,157.14285714285714,143.31972244949986,141.89189189189187,147.94079794079795,156.62078785002373,149.61101137043687,149.1778225219038,149.6788648244959,155.63786502849,157.4455899198167,143.42998149290563,141.71396269078576,147.54797441364605,143.6335403726708,148.61454526780113,150.83669781443535,150.85247042449546,151.99493015235376,150.68726355611602,149.150844403036,148.94795127353268,149.46159640371496,137.5230563765058,146.07046070460706,143.62070710850037,147.49403341288783,145.58483587609803,148.08207170361868,147.73073080082744,150.2721088435374,150.78897591316758,149.88962332944055,145.605223505776,146.06741573033707
394645,161,"Greeley, CO",msa,CO,144.6803531893684,148.3762004372079,142.17741935483872,152.41254751052634,144.49634034766697,155.7992802303263,151.71147518508363,156.2052257544396,163.20647575658967,159.51892748068678,161.05544715447155,164.16764953664702,157.6729366602687,150.62565102129315,155.7157036511875,158.50786917541745,154.9185111689257,160.9296241418811,158.94359962345618,170.04999487232078,167.84416822689133,168.87391526288923,171.52055143611756,173.92857142857142,170.08046817849305,172.79033034773084,153.69710860366715,161.55082362394535,173.3477789815818,178.29146968139773,169.90291262135923,179.14625719769674,180.57140867495355,192.04418344519016,164.28924294451724,173.8559135592078,175.89085820895522,185.18462126268062,187.03439230784392,188.23099415204678,190.11817315730212,196.79190751445086,195.35374868004223,200.0410004100041,208.33333333333334,209.5077074049605,210.68623919308357,220.20009416195856,226.10169491525423,218.43629675467548,220.17796391388706,208.6573073391255,213.22843822843822,229.0950792326939,255.79322638146166,231.10960144927537,243.63103953147876,250.37275449101796,214.08163265306123,222.5070072492084,229.78034676202475,209.48260869565217,216.50062084208943,233.91871737509322,213.6317395727365,233.17764804003338,229.56345634563456,214.04028556858745,228.41480127912288,261.2624085763025,227.63289869608826,236.22823529411764,248.19061402713464,214.92342772523932,213.04675716440423,219.5121951219512,221.95995145631068,225.09752211572922,220.6876456876457,250.56117964113753,237.35294117647058,221.01642254771417,213.27602061547015,215.81619624192035,217.88140637787666,222.05626295696305,221.1271165024008,237.30656629025512,225.8051846032993,221.70868347338936,239.76236197791647,232.1916824592949,235.6986731167191,236.08534322820037
394808,162,"Lubbock, TX",msa,TX,112.9863301787592,106.65654205607477,105.71728971962617,109.91048593350384,107.08836617927527,114.37740588252717,113.13337216074548,116.04602667840159,118.44327094519458,115.10387422796182,118.01873360809292,114.57149142102948,111.584973111507,118.25915927497108,113.26879271070615,114.87107651258594,122.44897959183673,127.73246329526917,123.1099650684434,127.978515625,126.82010333489902,123.78179976494583,123.471438707081,131.8490245971162,123.98373983739837,122.7996344602111,126.40901771336554,127.13733780593815,130.65192002260198,125.13234515616729,122.92817679558011,126.32482661985867,130.32131147540983,121.75988049905575,125.32356459330144,120.46144823671327,129.34843510885125,135.33204384268214,137.3357228195938,139.83186328555678,148.92301555644195,152.1550230224929,143.46774193548387,149.44954128440367,152.0892288556704,149.03896103896105,152.89689529626298,153.12867225171846,150.97142857142856,159.56111111111113,162.87015945330296,166.40035508211272,165.55183946488293,170.75438753581662,169.4842406876791,173.40311051072604,169.4915254237288,167.30919760242358,164.51612903225808,164.5041705282669,148.27586206896552,146.49185667752442,164.2726719415703,164.74464579901152,165.08790951479241,165.4331737048324,163.94989373631932,165.0,159.33044017358958,154.46631847292173,154.21372719374457,144.8074074074074,150.65913370998118,148.8352184963111,149.74486966167498,149.32592592592593,154.35835351089588,149.4076203208556,151.0328920193682,154.16717325227964,147.80649868276674,147.69230769230768,144.42691113114918,143.35177517909818,147.89376171585508,148.5997635933806,149.88920972644377,151.4802094212028,154.35897435897436,163.6241264450395,158.74296301362938,160.8625,163.693643045503,163.82571022727274
394471,163,"Clarksville, TN",msa,TN,104.59738585965795,106.24327233584499,109.68255494505493,107.34822458197195,110.64001837813004,112.9128433859773,115.37396121883657,113.09732688179719,112.9708097928437,113.93382352941177,114.57260556127703,115.76744186046511,113.8082996694822,115.0105152471083,112.5303878608467,117.51394251394251,114.27906976744185,117.86848072562358,118.86961566822052,118.03205844423603,119.96209728363866,119.04566854990584,118.74737284573351,121.06446776611695,117.95,119.14116768546819,122.79400505597688,119.44444444444444,121.50649350649351,122.97590673228791,124.34075932371076,126.33547008547009,129.98938428874735,128.96975425330814,131.28205128205127,133.21239696784875,128.9426339644101,130.9047619047619,133.53658536585365,137.91666666666666,144.11479591836735,143.94471728028992,143.02272727272725,148.61839804127317,154.6419990389236,160.2519244226732,161.44643828167483,160.22435897435898,163.70144999783258,164.06890894175552,174.45054945054946,170.45640747361253,174.00204708290687,176.42857142857142,183.0478440637921,188.97845117817283,191.77148846960168,194.66700674954814,194.2479249969708,189.6103896103896,186.87525396180413,200.15969802555168,184.03901382259926,190.05208333333334,188.02507836990597,197.79771615008156,199.22010398613517,191.6580310880829,194.52953661124866,195.2980132450331,196.03359509074835,199.73378174003025,186.25033597419718,191.66666666666666,186.75655588092394,193.34229053221844,204.9738219895288,195.59006211180125,200.2229186010523,201.77514792899407,199.4969256567915,189.10638297872342,195.003875582169,191.64269141531324,186.5561694290976,188.69004364611465,199.1655505952381,194.11764705882354,189.06285243887703,189.49795081967213,193.11145510835914,192.28332337118948,195.78313253012047,189.06455774423674
394741,168,"Kennewick, WA",msa,WA,149.47844228094576,156.01694094869313,149.7288679242935,153.57870280379188,153.39657821582205,154.84432358939497,165.72982466564247,159.7184623714131,171.62988027069235,162.5889598540146,168.3851246395434,167.74193548387098,167.90637957183122,172.3080250266562,178.59545805990285,179.4603791929995,182.88075342247038,178.92900591743341,176.68108974358975,178.5816108339273,179.5785472972973,187.0618227206637,187.99787535410766,181.59685863874344,181.54939459019602,181.8497350904114,186.99161420856328,186.59347031434663,194.1392978482446,190.94688385269123,193.32627118644066,195.8039667896679,198.43364059954672,198.98423707440102,197.32276330690826,196.37156563759697,195.99288925742428,194.14111111111112,202.456300223051,210.6804210419549,213.56916514320537,223.51373513735138,222.2039748099862,228.36871903750884,234.117237008872,233.32149802682687,244.31823328126208,256.26658781599156,254.8421052631579,261.1096686362297,259.0962441314554,250.0,267.5174683455076,266.5700678917525,271.97322057787176,271.3594841483074,269.452068529148,272.9032258064516,277.5576913480062,268.81720430107526,259.0356406585171,275.3854332801701,256.67055620381177,255.76185906224293,278.90088945362135,276.35959339263025,267.4897119341564,269.52456995312514,279.55094115497076,270.77005695273095,271.81858813297254,269.78574009344743,282.627387175394,263.3364837889008,275.2917060987405,274.6322580645161,277.6657431193868,263.195908755544,261.53218984906107,274.15649676956207,273.03681413374,272.25969452982287,280.04667444574096,272.89972899728997,274.44566681024617,280.1929824561403,273.22112835200676,273.1829733163914,278.17947062621045,282.21933809214795,273.4966539196941,280.1715374841169,269.62098438191947,279.92049848994293
394660,170,"Hagerstown, MD",msa,MD,107.49754316912139,102.71650326797386,113.99548532731377,106.88094726502548,116.44832605531296,108.25523098173633,104.38114920834582,115.96925704526046,122.08090698143664,116.83947368421053,122.48774509803921,117.7448025286757,113.44753747323341,111.12727272727273,114.54545454545455,124.05772569444444,117.69015151515151,124.81114021308807,118.12093004285967,122.02165917831671,121.30269134936046,132.1554235120564,136.87600644122384,121.78418367346939,122.88784385113269,126.70238095238095,126.72192916352675,121.42857142857143,115.95104927987543,133.9881556683587,137.18515784692255,136.94317088356823,130.1590909090909,145.27326856784708,131.94444444444446,145.0,139.71624281291463,142.40808823529412,145.6004576321228,151.4300930898675,155.2579992967651,156.64500406173843,147.11940298507463,146.77227011494253,165.0995691467003,164.37057387057388,168.88113595318475,160.18390899303495,176.41616296296297,163.71681415929203,173.94781057480907,185.33366812043096,174.66081404628892,176.32709348534047,180.60243625542762,176.38836418587078,181.67440273037542,192.80615901033417,188.72898588734506,177.85414480587616,190.30167597765364,159.87061418214603,170.68539915966386,173.27502214348982,194.49318081981164,175.24375,186.1568809331149,200.34982078853048,178.72487872487872,186.00118133490844,184.2605516908673,183.22373945331145,179.73594295382003,180.15302218821728,177.3671061546142,180.07149141980602,181.09709910900386,183.57588357588358,178.96165739022882,184.48275862068965,183.06816501304078,178.08656906429027,175.34722222222223,181.79119382660008,181.68391196661565,176.50192554557125,187.00680272108843,168.524208566108,173.99879372738238,180.6003717472119,183.37503880782367,166.69126866653403,171.11246436836407,192.39059290152318
394937,172,"Olympia, WA",msa,WA,,,,,,,,,,,,,,,,,,,,,,,,,,,,,,,,,,,,,,,,,,,,,,,,,,,,,,,,,,,,,,,,,,,,,,,,,,,,,,,,,,,,,,284.87993487993486,272.6699226699227,280.52088717425755,281.77966101694915,263.55158563910607,254.43907875185735,271.1025756891098,252.46351084812622,259.05056678175674
395229,174,"Wilmington, NC",msa,NC,136.77238801637634,125.36443148688046,126.62033898305084,127.82550860346808,131.7033786748574,128.2925317632476,129.29061784897024,135.5520737327189,141.78443135571626,132.56559766763849,135.6497418244406,135.5474509771463,131.96268193479216,125.22097819681791,131.06290903187158,134.91426614023922,136.55244029075806,135.24804177545693,132.7694728560189,140.6833956219968,141.5453074433657,142.2849915682968,150.78378555796252,151.60183066361557,135.2574985851726,136.0026327336551,140.5823706236854,144.37355632551527,151.86102033760056,146.73202614379085,149.60046900495456,156.54351909830933,149.1912568306011,151.38888888888889,153.0619347498722,157.06349206349208,135.12949039264828,152.4804177545692,152.39154616240268,153.28562808426233,163.27868852459017,153.91923667385686,155.80155801558016,172.8110599078341,171.27766599597587,166.66666666666666,172.31514084507043,181.78396687993978,174.929676511955,177.01921672683693,181.637247474244,186.86020293122886,189.4171550372892,190.24802705749718,193.51464435146443,215.2111521115211,209.82672302973822,201.18172197432904,206.21608288110508,197.17138103161398,205.26490066225165,200.63161329202376,207.82819535850365,198.53469042547283,207.81211372064277,204.37685459940653,213.22620519159457,209.8194130925508,213.81031613976705,219.37786509495743,221.089038445593,221.09249329758714,220.1235998455002,224.51790633608815,227.01142594529492,234.91443058975244,225.3658860571997,226.12175873731678,234.12626832018037,234.83136593591905,238.08957952468006,239.7798997809783,231.71390827540966,231.88163884673747,235.4715602571842,234.28927680798006,244.09585179218686,255.8784425451092,242.15115859954585,234.65542356361038,224.47551899725812,231.44192913385828,229.7534609056102,250.03405538292023
753875,176,"Crestview, FL",msa,FL,155.71297989031078,143.85432081116062,172.0846118967026,139.64680579669974,186.24933967247756,154.4499900428159,155.77548980031403,170.1249150851055,167.00489052032447,158.29145728643215,169.33333333333334,152.97472469537976,144.8015873015873,146.57739599124136,149.90860655892925,155.13712648383137,170.41474282548745,168.43544857768052,162.64046695499138,170.56268208583344,149.20604395604397,164.08014571949,156.7488012786361,159.29385566871701,154.97323741958303,148.9091862960081,168.29745596868884,157.8693790149893,169.16046953984053,176.2740474574877,187.01342281879192,198.1046931407942,186.20214925755877,180.9453471196455,200.0,198.66848530303162,178.4197154471545,178.23639774859288,182.26002430133659,201.66279201437808,202.64116575591984,213.58212389857454,191.8020926031885,208.97729336560764,209.84707086429557,230.3619776339023,237.41054001301237,222.31941965738724,217.3913043478261,208.33333333333334,204.72136222910217,191.7486338797814,207.26004780937242,213.713370772418,220.58823529411765,253.233564295189,203.94965277777777,235.33880482527127,251.67581130039457,225.29593356129067,217.45540632888444,227.53755120619027,209.44027521664142,214.08382066276803,229.82362373062534,224.96932561213242,214.79338842975207,226.39593908629442,252.44775219385247,213.11845304900862,203.59753787878788,200.0,210.55699481865284,208.15702479338842,199.29259488791814,214.8474082702388,220.1266395296246,204.78348439073514,214.68958599535839,215.02057613168725,203.12185297079557,214.27336708235583,203.58441558441558,206.75506148046622,212.7025009934834,205.00724842929242,196.60560344827587,205.55174777244687,201.0330321093235,200.3871646501841,214.09813934100083,205.30784502040052,203.61201298701297,209.0245174752217
394412,181,"Bremerton, WA",msa,WA,,,,,,,,,,,,,,,,,,,,,,,,,,,,,242.36438762412547,205.30499824978352,239.1262755102041,242.90888781709907,230.5480195333695,231.09061313076506,212.24300254452928,219.89114750343563,217.63305928169623,237.32789003349933,228.2420863323215,225.93285534560957,234.1407803946122,233.28771593247575,248.36512703076392,241.13416320885202,250.51925573344872,232.2300295857988,247.0811675329868,259.6062310688014,274.70082284932585,269.24528301886795,258.6594655231685,270.5621951219512,265.9412550066756,289.3911760196259,279.0617283950617,264.2121951219512,281.5072463768116,263.43817204301075,245.00273373428104,243.29961727720067,226.3163972286374,241.93279569892474,242.79785431959345,249.97619047619048,252.90731707317073,258.43589743589746,254.44578215217973,245.093954248366,255.7055499573134,271.56455254864284,248.661705077526,248.21485324899191,264.3171806167401,250.90731707317073,270.9113300492611,259.8756917467457,262.23776223776224,279.75892857142856,267.7659574468085,276.75230627306274,260.63563829787233,275.8338751185882,268.1159420289855,279.75892857142856,270.0837858945092,297.4468085106383,272.88499025341133,284.5487804878049,314.3197126178716,283.97494103773585,275.988065988066,321.41130981150314,309.76921119592873,283.33591032083496
395103,182,"Sioux Falls, SD",msa,SD,,,,,,,,,,,,,,,,,,,,,,,,,,,,,,,,,,,,,,,,,,,,,,,,,,,,,,,,,,,,,,,,,,,,,,,,,,244.67484860291634,263.2796989028502,221.65763662551296,264.2138916103749,233.4157212317666,271.5190199871051,219.82414068745004,236.23623623623624,212.5,257.1041948579161,231.05864485174828,248.50223072020395,260.3061782394751,224.83333333333334,246.51151504657054,240.66265060240963,229.59897919242297,242.52175311957922,274.04021937842776,258.35336538461536,237.63618436179055
394323,186,"Amarillo, TX",msa,TX,,,,,,,,,,,,,,,,,,,,,,,,,,,,,,,,,,,,,,,,,,,,,,,,,,,,,,,,,,,,,,,,,,,,,,,,,,,,,,,,,,,,,,,,,,,,,170.76923076923077,184.8155156102176
395171,188,"Tuscaloosa, AL",msa,AL,101.43979057591623,101.23548239597622,98.21589627959413,114.89804908747641,114.5656806033536,122.21342427419606,128.63880613853226,120.58526740665994,120.45735475896169,122.61732661636952,122.1690132731385,128.52620554025646,104.481696770318,119.38757421207477,120.68735498839906,127.71454036159918,126.5885129875088,116.20919416629509,124.51483312731767,128.66395243343754,133.0132802124834,124.7415725388837,120.85400225479142,130.86034912718205,119.32259855635758,122.5054229934924,122.15332581736189,125.67246290995112,132.79937912301125,132.466813600318,131.26201153106982,128.33058326775483,130.770462175773,138.00131492439183,133.53373413493654,134.72378804960542,133.05205657887672,139.79706877113867,141.53248195446974,142.73104880581516,136.32982021078735,147.26606538895152,152.27691038334603,149.97927890592624,153.5738142952572,156.0019970497149,153.5738142952572,153.5738142952572,153.5738142952572,160.23111111111112,151.74981923355026,164.76752767527674,163.90222222222224,167.86573146292585,166.93386773547095,162.22025882230653,165.33333333333334,169.01006258698567,166.23449830890644,169.76272688318767,153.43173431734317,168.63905325443787,165.08299942759015,169.760761861712,183.63393453573815,188.40408805031447,184.88745980707395,186.74937965260546,183.3582089552239,180.3826246745955,170.2738810955244,169.05298759864712,174.10096818810513,165.49069916613215,180.8181818181818,174.39864864864865,190.1882255389718,184.24630734728896,184.567991939605,183.7080291970803,187.5829149073054,170.14637400050742,184.66981132075472,190.1571546732837,187.28333159214645,175.39649122807018,185.24456320047503,175.01869857890802,177.0378395166717,177.804901242594,180.92744951383696,184.94369662369803,175.28390113560454,179.98614958448752
394483,189,"College Station, TX",msa,TX,151.9907295863371,141.41078838174275,138.6957960940086,140.09277667329357,142.1343846099814,144.9925850952307,146.9809447818606,141.06975053546174,147.5766016713092,145.12151739290482,148.8598781549173,148.62334801762114,140.81669813738893,148.27608982826948,148.22190611664297,145.15386493319485,140.84745762711864,146.99204771371768,149.1325036603221,154.0909090909091,155.46283266519697,150.86856425282545,143.69345396487492,143.19662243667068,152.5493215161985,150.5050505050505,148.06629834254144,150.38412291933417,151.57789613848203,140.77083333333334,145.0188476036618,149.62209943964626,149.70760233918128,145.6569248977583,155.1436403508772,144.27706845481475,139.6078431372549,156.28257093225247,149.64357835218095,145.5876364345487,155.15743309456013,154.7337413925019,150.24529844644317,159.33333333333334,155.62874251497007,175.92527058082212,172.0,168.98409192409457,173.125,164.43908751647677,165.73701623418265,173.7272064186725,171.30893237825399,182.3019572163207,175.60867656337632,182.40146654445462,183.74248224556305,188.73361878242423,194.30522231738652,179.11291391606352,186.14587189929657,178.42855599110328,187.08487084870848,186.10145888594164,187.2990353697749,193.08854460082193,190.4537131487906,191.69680530440024,187.2784150156413,191.15002846045672,193.32992700729926,180.24757434960998,183.2128647214854,182.42660607096724,187.33480943415623,191.7111324506611,180.4814233385662,195.38188277087033,189.06123276561232,185.114495288565,185.8120325874387,182.82111899133176,171.6417910447761,183.84382368352107,176.5057636887608,189.58878504672896,190.0311526479751,189.7810218978102,195.55702917771885,189.97650513950074,215.18354430379748,196.35744103062922,197.61904761904762,195.65217391304347
394811,191,"Lynchburg, VA",msa,VA,,,,,,,,,,,,,,,,,,,,,,,,164.51481481481483,114.21953108452459,109.89419092314826,134.21394543092248,135.2941176470588,159.06040268456377,157.98818831645477,147.23926380368098,149.55875522526708,149.45954384269683,142.69240906694782,167.45124411566914,158.87425947251785,157.6498954377855,155.80947986235248,165.7513729405891,164.2517814726841,153.88563049853371,168.50715825123154,149.37028301886792,154.10058519209565,165.0943396226415,175.29150471960023,190.86849878052644,160.96059298635848,155.92,176.5034965034965,194.88191474194468,182.19557195571954,183.90291262135923,185.4203911800504,179.64071856287424,188.13735838832224,180.55555555555554,191.61676646706587,202.56895104895105,195.4515491100857,167.7620481927711,191.54819277108433,194.44444444444446,190.40963855421685,199.95833333333334,190.7503234152652,197.77747572815534,185.20933734939757,206.02493074792244,185.89743589743588,194.0210843373494,199.28571428571428,187.8523489932886,190.78947368421052,185.43862951807228,198.85554375080352,210.27380417335473,200.6313297783651,194.91415662650604,198.79518072289156,202.02095808383234,200.6533361847733,208.23119887219985,216.53394765810873,226.72064777327935,194.61077844311376,203.36311087756175,198.52292768959435,196.47058823529412,217.47076023391813,198.56768885564696,218.9116512345679,212.1904761904762,222.6454293628809
395240,193,"Yakima, WA",msa,WA,,,,,,,,,,,,,,,,,,,,,,,,,,,,,,,,,,,,,,,,,,,,,,,,,,,,,,,,,,,,,,,,,,,,,,,,,,,,,,,,,,,,,,,,,,,,,259.4693804713805,254.20875420875421
394585,194,"Fargo, ND",msa,ND,,,,,,,,,,,,,,,,,,,,,,,,,,,,,,,,,,,,,,,,,,,,,,,,,,,,,,,,,,,,,,,,,,,,,,,,,,,,,,,,,,,,,,,,,,,,,,188.90642303433
845160,198,"Prescott Valley, AZ",msa,AZ,169.04869085898025,176.97374297772683,180.39735099337747,175.0079397841268,181.27757847533633,182.79365079365078,186.19167217448776,189.8390956198317,190.51358515573227,194.86872387393737,188.91605370250483,191.70058139534885,174.08514537718287,182.87215715316273,192.64022583470978,187.60257263251276,187.5,195.5521180103247,189.2744479495268,191.45968625871882,184.43887895050685,198.61164674122637,199.21553228621292,199.93332858203792,197.60790464240904,196.89209535759096,193.7997512437811,198.1818181818182,200.68573351278602,208.6130044172761,203.48045564972875,208.59693515186171,208.23749761429553,209.89089371597697,221.79994693138542,218.48505245525877,207.0240410108242,215.7493106859154,205.69689877121124,218.41015037593985,223.47664816739263,223.29390843869902,238.51290026802087,239.36228070175437,246.06321680460826,237.41007194244605,246.56811594202898,247.43985507246376,255.1352743690182,253.595814311194,260.4860186418109,253.5850581544414,267.85714285714283,258.36397823903064,274.53090601185437,270.41200238614505,276.800118623962,293.0294502617801,279.6074632184208,281.36529727404115,281.06215746977364,294.1249610435327,288.94736842105266,289.1905882352941,299.5689655172414,284.0346727098405,295.5223880597015,315.09121061359866,304.1291902071563,320.6328611898017,326.52683468834687,295.55536564068984,298.529466966967,309.4059405940594,308.572705966139,330.5952380952381,322.1375630981464,340.77110569607186,322.2420504172789,313.22572968283157,314.03398363750784,328.2173518055871,323.2695139911635,306.6453703793213,322.2487434448496,310.2361623616236,332.96185806185014,326.81771058315337,316.23707656391446,329.6703296703297,336.54742547425474,312.936626746507,307.9691142191142,333.5588003157064
394813,200,"Macon, GA",msa,GA,,,,,,,,,,,,,,,,,,,,,,,,,,,,,,,,,,,,,,,,,,,,,,,,,,,,,,,,,,,,,,,,,,,,,,,,,,,141.19181247936612,151.49382895109437,144.7536945812808,140.92612539832146,145.44830741079596,150.28248587570621,146.715311099655,149.5944795768206,150.94647631274512,153.26824904580153,143.52350197344816,146.83183400069873,138.38218714768885,158.00642587935639,142.68747757445283,155.37907834137113,147.89100291999893,148.38082901554404,147.11950394588501,152.51162790697674
395174,201,"Tyler, TX",msa,TX,,,,,,,,,,,,,,,,,,,,,,,,,,,,,,,,,,,,,,,,,,,,,,,,,,,,,,,,,,,,,,,,,,,,,,,,,,,,,,,,,,,,,,,196.64165588615782,197.5984130907251,195.0947603121516,202.66342754191808,201.69045830202856,183.27777777777777,200.16856300042141,198.01938474504846
394519,203,"Daphne, AL",msa,AL,104.94619027120103,110.69138657830453,112.80400278992008,111.28435517970402,113.40573567099216,116.19238476953907,120.5715059588299,118.2668687017335,118.3466194857794,114.3069395235568,117.19919246298788,114.63028865164097,113.57175355841719,115.96427132246747,120.14101778050276,125.67148760330579,122.456771860618,122.15508771929825,123.44124700239809,121.6786471701241,119.07983761840325,122.41504854368932,129.91927723103092,132.69178397506295,121.34806132304988,128.5847864712818,125.18288393903869,121.67429876650316,127.02853945159485,127.67364253393666,129.4131312958658,131.2686579645644,131.43370420489117,131.30672005207066,129.2573981016192,132.80071813285457,129.06439066551425,133.63378099173553,132.46987951807228,135.90764331210192,137.56853277844232,136.27392344497608,146.79596250901227,143.40305711987128,148.110263764887,151.70758721762712,156.14,159.2365805270722,155.40107931511812,157.83822476735864,158.1371359223301,163.72021521906225,166.64348226623676,170.4556898288016,174.2510775862069,177.19239005675178,163.52531418312387,166.58826638477802,165.43046907430468,169.66059602649005,166.69464847848897,165.9442970822281,167.52322327923895,176.28099173553719,177.8262118491921,180.262725130675,182.38491921005385,177.95138888888889,179.10657336032818,181.96185286103542,177.64214711729622,190.28752017411176,180.39895923677363,180.56550665301944,182.58855585831063,181.55237000825718,182.26763348714567,182.44315177154945,184.0,182.71333433718593,182.77925531914894,182.98430735930737,190.84757118927973,185.70355180116212,185.78891229146987,185.9641857862339,187.6925851703407,190.7923705722071,189.3539921831379,191.69329073482427,201.11508426000228,190.5683975432719,192.75265957446808,191.6850921273032
394378,205,"Bellingham, WA",msa,WA,,,,,,,,,,,,,,,,,,,,,,,,,,,,,,,,,,,,,,,,,,,,,,,,,,,,,,,,,,,,,,,,,,,,,,,,310.45490822027136,295.6521739130435,309.932785660941,297.68895016035725,315.51596139569415,343.59759996671755,313.31747919143874,343.36677814938685,359.2915811088296,338.64044542865395,299.20212765957444,333.6673346693387,308.5863377609108,322.92255974281045,349.1988845144357,333.8907469342252,357.6372865712967,341.33990759296375,330.7641025641026,316.286899610447,344.3654266958425,271.73478260869564,320.4035527782667
394848,210,"Medford, OR",msa,OR,,,,,,,,,,,,,,,,,,,,,,,,,,,,,,,,,,,,,,,,,,,,,,,,,,,,,,,,,,,,,,,,,,,,,,,,,271.2119199465136,259.7864768683274,282.632058287796,277.0461386567076,278.9890710382514,289.599521817095,278.0380071905496,281.0211463550362,241.0958904109589,266.43990929705217,259.61538461538464,283.33626588465296,279.9141802772009,271.50916784203105,285.35980148883374,280.8068614993647,253.7174721189591,306.4327239262616,283.69292954247555,286.0485093481556,283.7606837606837,266.56258375770574
394459,212,"Charlottesville, VA",msa,VA,154.20541306858334,152.8483048302872,174.10261117911057,151.88153031809145,168.7914042237866,166.70095693779905,164.61991596638654,183.1221322962771,172.324336998833,187.49321200125615,174.63480537954223,192.9979367815803,152.39023136246786,166.3910706903679,160.09003040191894,168.40756756756755,180.55555555555554,165.31114935934215,181.8188976377953,175.0,181.12660152008687,178.28432180767538,173.61389445557782,175.1692803371742,166.12852587579056,170.88011622279092,175.4631441617743,188.2,187.78280542986425,190.79896694214875,189.68753830439223,186.45636094674558,194.70295055821373,186.2200026683373,195.2719793720285,189.87159140918072,200.9411214953271,208.34306340238544,192.62636223218735,189.93034125643692,209.56947162426616,200.2997589654987,219.6083732030168,206.6626405048314,206.676217401908,197.86208899091787,239.29307056579785,229.90120227551822,210.9264940875679,241.47380106571936,232.11921097770156,242.31402928198958,225.11848341232226,229.30877155934502,224.00639181134147,239.63656968968053,255.95449620801733,232.36662315056572,248.38842975206612,226.8850221767315,225.3333290638398,231.33310629958896,228.9132197891322,217.7409026734071,232.98731257208766,227.941306266549,227.51788140332263,235.91160220994476,225.30916110901637,218.76115178442853,225.5797070978324,253.45477644358837,237.27735827426443,227.81065088757396,229.12346829473563,209.0131193876107,238.39623991101504,229.93478260869566,244.3181818181818,245.3339077983628,241.5174761467477,246.29006318207925,242.97030411449015,230.4753820033956,241.23492245835726,234.58128295254832,233.84819064430715,222.07971627225749,246.26293487957182,264.57699060173303,262.9277617024394,221.68015068450808,243.3005148005148,242.93078055964654
394773,214,"Las Cruces, NM",msa,NM,,,,,,,,,,,,,,,,,,,,,,,,,,,,,,,,,,,,,,,,,,,,,,,,,,,,,,,,,,,,,,,,,,,,,,,186.26512096774192,174.54394693200663,180.72124450031427,182.03076510478525,183.35861778339654,190.18025510469664,182.93281020107895,183.7226675597347,181.52774626095925,189.8664343786295,192.69202749654426,185.0629260618773,182.5,192.77003484320556,192.73911028730305,190.21883264630705,195.72944297082228,194.16717791411043,194.97955976666242,191.22096399535423,191.3963587257167,196.06446776611693,189.03826754385966,190.89338390223347
394464,215,"Chico, CA",msa,CA,,,,,,,,,,,,,,,,,,,,,,,,,,,,,,,,,,,,,,,,,,,,,,,,,,,,,,,,,,,,,,,,,,,,,,,,,,,,,,,,,,,,,,267.28487742443633,286.80755837552607,292.91757940854325,283.86163723916536,270.05311251908074,291.3636363636364,283.8124353273485,274.2261103633916,271.13702623906704
394681,216,"Hilton Head Island, SC",msa,SC,141.50674662668666,132.76235294117646,133.66555169636564,141.72945819878004,129.75536694957563,141.0575851393189,148.34765366820886,149.9231069983784,145.49518887625896,155.57089275900927,160.289190919593,144.191881547534,147.79783932967007,143.2298733492883,148.7652006834392,146.56681541733622,151.95876288659792,165.0868854534821,149.2632860007409,145.23346456692914,152.90697674418604,158.04243668720054,161.80973357944367,151.1430648710707,158.20892257410122,156.88322342682534,168.50091550592762,167.99618939279281,158.39466666666667,158.00399201596807,160.96143018018017,162.08528584817245,170.58661971830986,174.09516717192793,169.2871830020562,170.47648948085168,178.82177033492823,173.80364806866953,172.38336964909894,178.22314049586777,186.38130642591608,176.39755480607081,179.6229913473424,179.42109144542772,186.5948041322428,198.46484247993567,195.52284505064523,195.80106257378984,207.76156156156156,190.81513903192584,203.20631651218676,206.16626249146867,201.1905411550705,204.41262664696745,215.31222695313662,222.0316226654963,214.12917271407838,229.6146755162242,220.2845341899954,235.8700489541611,202.94299069410056,244.6818408144672,244.93047830923248,261.28129939087313,255.93790849673204,239.73254592534687,242.2509505703422,247.85369522973735,256.44976076555025,261.8003138065408,265.2489735810568,262.41944134297074,259.3205741626794,265.161209408174,264.8447550193406,272.92288467855974,278.009375,259.6922793228589,274.9565846599132,279.75018925056776,272.1188662656178,273.8897629109904,265.2301418754424,262.8182356423919,253.4169014084507,286.33086534012034,243.93813905930472,270.2793522267207,243.92595793162326,260.02382086707956,270.0302800908403,261.712676056338,244.3452649030591,234.93373493975903
394765,218,"Lake Havasu City, AZ",msa,AZ,124.19035029742234,123.70049504950495,128.13370473537606,128.38657568948253,136.89700130378097,145.39181862986692,156.92225772097976,159.38303341902315,141.54824120603016,151.1105827532001,168.93299347471452,178.30464214363136,160.03242074927954,140.50138401131596,139.94565217391303,147.525950668037,151.60466184393516,156.75508351222578,165.38718688718689,151.21186094249953,174.1472286520481,165.284702580631,172.60174418604652,149.47993091220349,141.35111371629543,140.30720558029253,146.7391304347826,160.2337089412431,161.46353166986563,146.03400376108766,160.45209903121636,146.05978260869566,158.8810082063306,163.47731000546747,164.00966277747642,164.95,160.23668394131107,162.66823578457343,166.18288393903867,172.81908302354398,167.53328988944278,183.71816008350493,181.88370975492552,188.77538505958978,194.91018060366156,189.90101095197977,199.55156950672645,190.77956656346748,200.0,207.20164126611957,205.8988764044944,210.06879299562226,211.7246596066566,216.88159437280189,219.28895612708018,214.65020292075252,211.05489773950484,212.94518376030453,210.45984117739442,201.2448132780083,207.06455542021925,202.5523961026049,188.325,213.2421875,215.6929347826087,209.76773383553044,214.86349848331648,218.80963343194685,209.99583333333334,213.13466633132126,217.07598127725288,216.65833333333333,209.50294860994103,224.15833333333333,211.2482853223594,217.34404536862004,208.51063829787233,210.55155670711156,208.67441742021975,208.51063829787233,200.5891126025354,204.160363086233,208.51063829787233,198.2024185068349,208.51063829787233,205.18952630557175,204.24305919329493,210.10650623322675,208.51063829787233,197.1373003957964,223.82501306765582,203.64623739332816,207.5500880311652,211.7202268431002
394726,224,"Johnson City, TN",msa,TN,,,,,,,,,,,,,,,,,,,,,,,,,,,,,,,,,,,,,,,,,,,,,,,,,,,,,,,,,,,,,,215.43403298350825,181.10719322990127,205.01835985312118,200.90412111017662,211.02982554867754,213.7877615763416,243.75978867924528,258.5312979530386,220.61779683730904,245.84504349488577,208.71391084308266,236.25,232.39077865398815,195.27846397536456,228.80635193043668,208.33333333333334,196.07692307692307,199.84326018808778,215.10197775030903,212.85516937417566,216.26373626373626,208.10622934779025,219.99045941886976,223.10513447432763,219.6910825516857,228.04054054054055,219.33333333333334,189.28571428571428,203.80313199105146,204.4893762851268,220.55626598465474,207.85608254761877,208.19859093261863
395247,225,"Yuma, AZ",msa,AZ,118.32963784183296,116.21808398807067,123.34859187656846,118.55876241710072,120.6298460219291,124.03900212937603,121.42769626029178,125.28969078038708,124.13793103448276,124.64407840946362,128.2798833819242,128.2973411777029,127.97012898845892,125.19716088328076,123.98372755316166,125.95744680851064,128.51063829787233,126.55423372988103,125.34309240622142,127.35679409023841,128.63220401827311,128.62776025236593,131.7740197056346,131.65520141283324,131.46677201757882,131.86484174508126,128.70128933183548,130.09744214372716,132.93730664308868,131.8512530315279,135.2799122062754,134.44908814589667,136.55564581640942,134.26738821514084,133.61702127659575,135.94828588030214,140.1032769063519,134.84848484848484,140.27538726333907,137.2369624885636,148.14701443662975,147.0878578479763,152.05479452054794,146.620436995437,153.63353242320818,165.9556313993174,173.54166666666666,171.22073578595317,146.57534246575344,,181.1341653138528,185.86183429284216,186.2673484295106,190.5289785761599,194.19584039149257,192.62063890257343,196.92244485395236,198.26944735762163,200.79272517321016,198.15059445178335,193.39490445859872,202.41769547325103,209.78143627590123,205.4794520547945,201.59680638722554,203.60491929285166,201.8348623853211,201.8348623853211,208.9041095890411,208.9041095890411,208.33333333333334,218.15990006246096,205.4794520547945,208.73015873015873,209.93150684931507,212.62626262626262,211.5520792296453,215.05050505050505,216.96969696969697,217.34006734006735,220.163535901957,216.39908256880733,219.26605504587155,222.41248097412483,228.42948717948718,218.5860058309038,223.3812146338125,236.0527894421116,242.6658852253576,245.9094193579993,228.98627430932157,234.34343434343435,231.64484917472964,243.47826086956522
394623,226,"Gainesville, GA",msa,GA,102.5057603686636,103.60115802418528,109.13942127019918,117.76263571695993,107.76280323450135,106.2691131498471,112.07436175204606,112.20472064853544,113.4712,114.96442789264158,119.32124183006536,119.17567906393649,114.96724890829694,114.86856132869488,119.00774091627173,119.902087968616,121.59874213836478,127.69938466603124,123.53281077501671,122.74643874643874,121.04502650433705,123.43275510204082,126.08695652173913,117.51482213438734,124.4723419687647,120.23662788914281,121.60768878491947,130.84889855072464,125.71245475242821,120.50527839449741,123.38425381903643,123.02517692655734,124.1835396039604,127.79552715654953,130.40863228699553,126.276856758665,128.34041799504072,131.91257196187098,135.04782146652497,135.6059377268216,133.50973451327434,142.89271163422364,146.1215221096611,146.47944647944647,152.3440170940171,151.53012350045685,153.43264248704662,151.56570866141732,156.1426684280053,160.45832019890165,169.87152921674263,170.24167987321712,176.2164668856048,194.74054054054054,186.33027335781316,210.0,201.67027027027027,190.89236430542778,197.82608695652175,182.16360540471078,188.05135135135134,194.32725968436154,198.27175799652866,185.1793062904174,189.37260869565216,192.70542383292383,185.0686567164179,193.09459459459458,190.44179104477612,180.78444444444443,187.18455586865963,183.8632142857143,178.9328888888889,186.85168316901124,190.6243213897937,196.0667162162162,188.58317214700193,186.96802582083313,194.29620034542313,199.5927092709271,188.71785389154334,185.66359611791813,186.51315789473685,184.99288762446656,195.84315318976027,187.1210971275159,188.24561403508773,190.0,189.5977011494253,201.92894982860705,190.7471264367816,195.5985598559856,188.796,184.6864365580943
394716,227,"Jacksonville, NC",msa,NC,100.66358306337546,100.36157024793388,99.40357852882704,102.08581199349683,99.13913539586386,97.04289879216994,102.76521185090793,106.71413740716784,108.10810810810811,106.79723502304148,107.60401721664276,108.76856732151414,105.68720379146919,106.15133369624388,104.66933139534883,107.38585496866607,104.10958904109589,104.2376160990712,112.10335675663234,110.30176899063476,110.28571428571429,114.03966597077245,112.84891363179463,114.0515050944378,111.32294947087695,112.7348643006263,113.6326039551846,108.9131235356025,110.68541300527241,109.50673242020869,114.68531468531468,112.48852157943067,115.6369820655535,118.95551257253385,121.52420185375901,121.70077105575326,119.1753713945958,118.10824481537684,118.54545454545455,116.02679904980015,113.79776800811634,121.92774116785648,123.56020942408377,127.41312741312741,127.41450195262186,126.4300763736376,131.5368196371398,135.29980657640232,130.05868693818334,137.57128919641312,143.2258064516129,134.95845046960056,147.79310344827587,149.45225555898637,152.77372853903466,155.36130536130537,159.24276169265033,164.35352656856105,160.15625,160.63910776140992,159.23036093418258,155.9224318658281,163.94988814317674,158.53658536585365,161.84990328820118,169.66104193989963,165.03813559322035,165.69767441860466,169.1734551396994,164.3489254108723,167.42788461538464,165.61314791403288,167.43946419371457,165.93883803708138,171.62686257536097,171.56398104265404,165.20175976325382,167.49734888653234,171.68464528828326,173.62858580775037,176.52388797364085,172.50608272506082,173.97090243617566,174.41860465116278,171.8664477285167,170.19230769230768,169.62576153176676,171.60602154092823,178.18380501831277,174.2176934043406,174.41860465116278,179.75421396695901,170.3080045866502,182.81335522714832
394597,228,"Florence, SC",msa,SC,,,,,,,,,,,,,,105.85548172757476,108.00989679944121,109.2187457209366,99.37521480049955,95.8994708994709,108.8,107.31964767164882,105.1935392275292,104.29685989611751,113.62751191216077,112.0868004992719,76.10486577181209,98.2486937146623,102.94215108260929,110.08569545154911,101.78901912399753,100.90219092331768,112.34482758620689,110.71710007880222,117.68661735036987,118.39152119700748,112.34482758620689,113.9618138424821,118.18181818181819,116.20603015075378,111.98466814696285,122.94389615008447,122.02663563918838,115.3639208648838,126.66652740253832,127.48605577689243,131.15395851592172,132.0,141.93333333333334,134.04079650315688,117.54135974976798,142.6003016591252,123.2983970406905,139.24377486057662,141.85631414547078,147.1309346155972,137.10021436227225,154.1233501298454,149.97321906802355,149.64028776978418,152.13340336134453,126.3102533172497,138.18943149824028,147.84859261389613,144.3181818181818,145.63076098606646,155.7727759914255,151.0158270676692,151.69344870210136,149.8306519898391,147.69461268728085,144.61705502330972,139.2616501788699,134.6749226006192,159.2358395763951,150.51685393258427,145.70552147239263,153.65840297993552,162.72189349112426,152.41320914479255,151.75543954049493,153.02585544687696,148.29802259887006,167.63888888888889,161.00536847242557,141.2358757062147,152.31782945736435,156.66666666666666,162.96296296296296,161.45175904563126,174.23728813559322,166.44414775255896,186.06024808033078,158.42638771014714,154.02651685393258,168.94871794871796
394380,232,"Bend, OR",msa,OR,186.25397265923883,187.30027548209367,188.70523415977962,192.78236914600552,194.7956475583864,196.0315781615488,201.9742883379247,200.52505147563485,200.84834123222748,207.8606317160534,207.24238248354004,205.15957362699422,187.87322002756088,191.79862767593355,195.99118942731278,207.41827326068733,210.96861141129438,216.70391061452514,226.3894606834088,213.53126774330337,218.85572139303483,225.08445945945945,231.98757763975155,217.11614371476776,207.5116335314901,210.78568461036264,217.43927203065135,214.6428526834953,225.22080723600823,216.5435868961688,235.7855811062772,240.8831192283243,232.33290897517506,234.3378846153846,232.48342374924653,229.27900552486187,220.90369271074127,234.50441609421,238.5271168202033,235.27723258096174,245.55168340224455,250.8716719914803,255.67558139534884,272.95464049982365,294.536044888775,307.99782009450945,315.0505305709955,317.17241379310343,317.17241379310343,320.62068965517244,330.33721898417986,322.27930873423634,352.55080879303193,327.95419052576784,319.22808132147395,342.44940321743644,359.3805590851334,352.3622047244094,345.58617468472676,339.64206896551724,349.69289191617395,309.43523841731485,297.1737931034483,332.0705760249092,330.929866036249,323.4341252699784,328.4036697247706,328.15677223434193,316.6542473919523,322.00208026006084,340.91743119266056,346.7150913026879,336.8181818181818,331.5981259760541,343.276957756917,315.68594989766956,311.69254500457055,334.8595207591792,318.2553996547433,319.46093104153965,343.23383084577114,333.10775637688704,332.9939630681818,334.41379310344826,345.61310782241014,317.06230774673975,334.56299659477867,346.4633204633205,335.0970017636684,333.42222368009925,339.42045454545456,328.98335567198734,318.52189431555456,367.69443166129776
395202,234,"Warner Robins, GA",msa,GA,91.05400130123617,92.1193232413179,95.11808094601804,94.82120051085568,92.62354651162791,90.74477367808171,99.61072664359861,92.6463912846119,97.11574952561669,106.15719972199406,102.88775082903851,98.24438202247191,96.83988764044943,99.00990099009901,98.77551020408163,99.27893738140418,96.44343548997351,103.46352247605012,103.5377236705275,102.66864343958488,103.41750841750842,109.83930811944947,104.32252701579385,101.8702878649781,110.42518621293998,107.22379603399433,105.82352941176471,105.63586198532533,107.87236530534685,105.83067092651757,106.33249686323714,110.39848197343454,109.46073384923051,109.67828869932796,108.70698609837928,111.8083878414775,109.12470429199054,111.48912437255996,112.50049935084391,114.68579234972678,117.95,122.97298873231225,124.0,118.16480116796441,125.04947715747844,125.51898734177215,134.00488400488402,133.8631009151012,135.15803647375648,125.17578814208196,128.8586956521739,138.6717267552182,140.0,145.015873015873,148.51748702209085,151.8026788708402,154.9182924433692,152.99877600979192,158.4675663909447,154.75161987041037,153.5287081339713,149.8515840870815,155.01519756838906,152.01196537301053,144.52393581788078,159.9901352874859,154.1994750656168,162.1158555456962,158.178125,166.23282718727404,154.2518837459634,162.3020158387329,160.0328272466147,156.63716814159292,162.37247171484464,162.7268014515293,160.58823529411765,160.3748590755355,155.16672169032685,164.02966625463534,164.1488779419814,163.41463414634146,150.51194539249147,151.85055865921788,160.90584028605483,168.3216971269719,155.82129963898916,157.71295215869313,168.89629111812496,160.18086347724622,158.70069605568446,160.19029233314947,156.3511659807956,154.19639390559183
395009,237,"Punta Gorda, FL",msa,FL,115.87015318800053,118.55967721104412,123.77006732263077,124.16168228337222,135.23347283577462,124.85136741973841,151.74506828528072,126.34543178973718,127.97921155507223,126.4744863758776,132.5777202072539,128.77822678021414,124.30463576158941,132.636734786972,126.83002481389579,132.95165394402036,130.53482587064676,128.72704810040406,134.19710309551448,133.23000619962804,133.29200247985122,135.82544378698225,138.35526315789474,137.81880187839084,134.42524309232692,134.88624052004334,138.06256971528987,136.4912380196223,137.248322147651,137.45247148288973,140.89595375722544,138.2587124090761,142.50155569383946,148.91516579121568,149.53579192154086,151.74606948142514,152.95481627903717,162.04175824175823,151.12333791838606,159.9727705922396,156.98069177077312,157.5495382031906,177.82846715328466,180.4268292682927,181.46417813896133,189.02212068026387,193.6560934891486,194.4908180300501,180.5584432717678,194.31891542930924,191.4621093192522,201.52063721940624,208.13184529430148,208.288610614192,217.13367273505014,217.7529129352207,220.5494862087615,235.015230842456,222.1000623384798,218.06674601721295,210.52631578947367,217.87048567870485,211.37667276403198,211.6851099906296,216.11036938139742,213.4880116558457,212.43763036731787,208.47457627118644,210.3061863281887,203.60065466448447,203.09477756286267,202.99923722349354,194.68503937007873,207.5438596491228,210.27115631707971,209.9372090858481,204.99001996007985,205.57338823049525,204.21131386078528,204.73606314750864,203.7007509316556,200.3816961823929,198.3764281419122,191.69875411514255,195.28828270303782,194.1619215917272,187.63621444201314,191.3613996719519,180.52516411378556,185.46691403834262,191.03438089975594,185.3997957436273,185.3604578377895,181.12416925797208
394960,242,"Panama City, FL",msa,FL,131.6438130085195,131.70838823012735,124.97550220480157,132.3551999286197,140.94937423021156,139.39592483260134,141.4266524325974,143.12447786131997,156.1885583103765,148.82490463885813,150.45782103429735,140.7776885907747,145.73170731707316,138.81322957198444,140.32756396040404,147.6762041615598,139.0912651782217,142.59402369912416,142.78571428571428,154.71021346110257,146.07212640300875,159.57703994431418,151.56819839533188,151.0791366906475,159.42562592047128,154.03899721448468,144.1028659160696,139.89948119325553,142.1244277985851,138.40232091690547,139.47835759077753,136.73800259403373,143.2091346153846,146.83179723502303,158.73068502378845,157.4524312896406,143.12841530054644,143.64857302742027,144.91978609625667,147.78843287091365,159.8488848429677,150.74146614437606,165.27846888883926,171.25116063138347,170.25112685125563,176.24384508696323,174.32950191570882,172.5997842502697,175.89882424633473,175.3213079690275,174.1146168705731,179.95238095238096,193.14521544487968,187.0686490342338,184.21264689423614,168.35478455512032,201.58038147138964,197.60851930351035,192.84318514899854,189.54248366013073,201.58129137194953,163.24173636001592,188.0571912284447,211.8575109142415,196.1307901907357,199.49139280125195,201.22170093980142,199.66711051930758,203.74342218771568,207.58006627452693,229.64750314729332,204.5458732897702,206.9611594567714,212.12121212121212,200.57020669992872,209.30913348946135,199.1625089094797,205.98840952994206,217.17165970124552,204.68053491827638,207.06586773639293,227.4168600154679,203.9638982192365,202.12474297464016,200.91854207436398,207.00037636432066,213.14387211367674,208.12954395241243,199.18074756784435,198.9994441356309,207.41496598639455,214.738929279577,197.04476309288418,207.28182323513062
394539,244,"Dover, DE",msa,DE,115.24503195951044,115.28662420382166,114.37375249500998,115.04131332898456,122.04536433108683,129.59100204498978,127.87233054781801,136.2997094229971,130.7295081967213,138.36137440758293,132.91124224615635,148.19880715705764,119.38610662358643,119.48014085703966,127.89691127571825,124.83917083631165,131.90302398331596,137.9924174038635,136.2357190860215,142.6028409090909,131.75554224086278,139.66992665036676,135.48387096774192,140.22380952380954,134.18102029621502,138.63334935127344,134.21279251170046,130.43283092411957,132.5332126318836,127.93259883344135,148.63174342105265,143.8318775435929,140.14072438763236,138.0449141347424,143.8755670771225,148.6129458388375,149.60779924713987,155.45527707064656,142.21450052771337,153.2516227490227,153.7037037037037,153.72670807453417,151.75913272010513,160.76072561905,157.99187785225018,166.00653594771242,168.09990875912408,172.2156862745098,175.15686274509804,179.65770426009755,182.71309789037707,178.29848363926575,183.1199460916442,177.0592763664357,185.28611898017,187.97297297297297,193.94542772861357,197.64,177.2797262617622,200.2335164835165,194.7864382239382,194.995,195.0108082674953,197.02088948787062,198.8795518207283,202.8023598820059,206.28238341968913,198.1421052631579,205.97729618163055,224.65490029635953,207.85185300594125,199.9373156342183,209.26030277544155,201.92307692307693,211.91272656984876,201.9462250785637,197.3224864590386,208.68233161623095,204.8079877112135,211.33337493891946,199.6794534944824,205.3200204813108,211.31031155224701,226.4978775015161,198.97540983606558,213.28362840862843,209.26666447252938,221.5019525928617,207.06278317152103,224.04723469960697,200.2479338842975,217.13935185185184,219.3877551020408,208.87055183084064
395119,249,"St. George, UT",msa,UT,171.17277777777778,169.29211970656053,173.2182381584772,172.23634354754893,175.6682389937107,171.39815242494225,174.10554561717353,176.0268018982266,180.28197835610916,181.12702365204115,183.32377850162865,179.48422777550184,186.4200082844851,185.45726495726495,182.30284775465498,183.9437680161359,186.8107784237106,185.84967845659162,183.44931436265108,184.10925738710472,192.52318812562172,197.36840023004868,191.53312945973497,187.91883561643834,181.53554572939797,192.91762013729976,191.00907259003782,193.21766561514195,193.2156,191.038,191.22062663185378,198.37476099426385,204.1493502862096,208.11380400421496,201.74456470431733,211.7620549797206,202.43728544920663,218.58623180748484,223.87054258761026,222.36889122438257,225.70130654138828,225.62294209739977,245.08780290063615,248.45923720262786,251.57215517094411,254.15582759500128,260.47742564740474,263.0546655339119,270.1859956236324,279.6930533117932,279.5664123715305,298.9687004405286,287.79762949442477,293.69720597790774,296.2833827893175,305.5579524978613,294.78873991972273,289.12382072267565,284.4831279891391,288.3673469387755,276.4227642276423,283.4641002888262,281.14177559912855,279.2897047086991,274.888558692422,267.2099087353325,259.31388438681796,285.2073921971253,259.4594594594595,261.46017699115043,257.0613001510807,259.53435114503816,263.6764705882353,262.8123680463495,262.18794835007174,272.87160150823576,268.0633080587149,266.35464231354644,271.506706683451,262.467604091418,284.10844046953605,270.27027027027026,264.321412996075,268.51851851851853,251.45043731778426,278.21011673151753,284.236024036285,270.13655254304376,274.3229975039129,269.7495183044316,272.3735408560311,266.6333333333333,270.9904947413768,280.4091856390567
394299,251,"Abilene, TX",msa,TX,,,,,,,,,,,,,,,,,,,,,,,,,,,,,,,,,,,,,,,,,,,,,,,,,,,,,,,,,,,,,,,,,,,,,,,,,,,,,,,,,,,183.676603432701,178.20754716981133,175.23805938192152,177.0601851851852,176.46300211069496,179.4426652892562,182.7463868973707,173.08956450287593,187.29641693811075,175.39424578725541,178.73015873015873,186.346452924991
394707,252,"Iowa City, IA",msa,IA,,,,,,,,,,,,,,,,,,,,,,,,,,,,,,,,,,,,,,,,,,,,,,,,,,,,,,,,,,,,,,,,,,,,,,,,,,,,,,,,,,,,,,,184.71818710052295,181.2608695652174,191.85217659958693,184.8363350030755,198.5615528451939,182.56521739130434,192.39115963253894,191.54588310671758
394351,253,"Auburn, AL",msa,AL,120.22020371536368,118.42379504993487,107.69659375241244,110.58891288696904,135.55196360519102,118.25538254362482,118.76571959969493,124.10162649529254,124.98002975128651,117.1775,111.12024492722904,118.21924886141798,120.21375143843498,107.43776240174563,119.14377224199288,115.41494021333946,121.08731466227347,127.3046875,110.96662332032943,126.6602834163156,112.95041223152415,132.16970387243737,120.18348623853211,123.99177990502187,117.46590409150902,123.65934858419479,131.43092880716642,125.41690300623937,119.08819769919046,116.78383830661205,127.91993551853842,126.72418169231253,127.65728395061728,132.28195894850558,127.8767816091954,125.37854107648725,121.00568904240961,126.6182603780936,123.84736153510684,134.05797101449275,140.69037656903765,133.6401001393486,138.52752545719943,133.5130577233381,146.92109718929902,133.21492007104797,139.3704950291907,140.99617321736045,137.44684819097353,137.9790594866605,144.53601540221678,146.16225567867386,157.01587165609067,157.088122605364,155.70271122320304,171.4510966212211,171.69387462780742,176.4756844490721,159.94412746833376,164.0,172.97457627118644,182.98224144375035,168.68681910499532,159.002743652334,167.50316455696202,164.40461613798115,173.96188158961883,182.93805452029375,175.42865890998164,172.08350877192981,191.9528359374737,178.52677651905253,183.19624831232937,165.95364399140144,177.5034293552812,177.01428852860528,185.54632206759445,175.75810166441747,177.59965337954938,179.55764075067023,179.97080745341614,178.7157317587516,180.8560281715358,185.03525402632098,166.50927434515603,175.68290043290042,189.53577743554644,178.96942245218398,191.4515248065544,186.91291705669832,186.7251264590488,196.97629945046904,191.9438612505705,192.17217630853995
394860,254,"Midland, TX",msa,TX,,,,,,,,,,,,,,,,,,,,,,,,,,,,,,,,,,,,,,,,,,,,,,,,,,,,,,,,,,,,,,,,,,,,,,,,,,,,,,,,,,,,,,,174.5888888888889,175.12222222222223,196.8503937007874,201.53210073710073,198.27735092132997,185.83042973286877,196.3436329588015,198.7941176470588
394651,259,"Greenville, NC",msa,NC,99.87819732034104,110.03393116820165,101.41987829614604,100.43402777777777,98.09084924292297,102.54712643678161,98.81988907743435,96.03951443361892,105.90912994303972,108.72162485065711,100.34735623311462,113.90226166364639,104.01935146443515,105.6,97.67394358043381,106.7024128686327,106.28943032015067,108.89243876464323,108.27586206896552,102.38386308068459,105.78512396694215,109.61080222398729,106.55546935608999,110.6252257967873,101.13154172560114,101.61870503597122,105.95294565059952,111.32596685082873,108.9070400622326,118.75325456325155,111.4021559958894,112.95938104448743,114.83870967741936,117.10927296473662,117.59810722556617,121.5831060537945,121.36918917820192,107.82372597851817,113.18611397857117,117.6252319109462,119.80092160546403,125.17086342553714,127.40107076350094,126.71178423071572,125.26970129648666,126.69825236241198,129.6041956420955,136.189282905504,133.37431693989072,136.13380007779074,142.84092940125112,132.81569268492032,137.07082655116284,146.8746232670283,147.99635701275045,153.89527458492975,151.51382556854034,148.66915010656464,151.33638690690637,146.90740656389835,156.6752226511208,153.7433155080214,148.40183574565674,155.2835051546392,158.7379203710862,160.38175046554935,159.0771389436768,164.64471403812826,165.19208381839348,172.77150916784203,164.05895691609976,167.85714285714286,164.28571428571428,164.3088857545839,164.87083866601938,164.66432926829268,163.47177848775294,162.64454499748618,160.11663286004057,160.81460674157304,157.18617771509167,165.4979674796748,167.97556719022688,163.6983211199825,163.57100059916118,166.53543307086613,160.7898448519041,168.08290922834217,162.64845605700714,158.67418899858956,175.32467532467533,160.54039874081846,164.52825494706275,171.2666200139958
394428,260,"Burlington, NC",msa,NC,88.95274584929757,85.61236623067776,96.27586206896552,91.47289899558209,92.81228192602931,100.14126191791422,100.6111027660989,99.05071476245087,100.625,105.17728670776503,108.84368308351178,106.20317687414195,101.90122098116512,104.13476263399694,103.39425587467363,111.15021084775339,106.79164105716042,105.49691147403708,110.884548016145,110.61201572150478,114.41584238367994,116.80572109654351,110.37303659904586,121.44645607187383,124.15631644152977,117.12887438825449,112.397617274758,114.62845718093969,111.04319478402608,103.99959250203749,109.90990990990991,115.56585685006041,115.98716683119447,121.19033047735618,124.87435234785059,125.27346211232208,120.98090277777777,120.17231134878193,122.57690686894227,134.01109057301295,147.55970439517696,141.63736815670518,160.8033782937888,152.42750587578172,166.11111111111111,150.9550851832731,158.53658536585365,160.7389502762431,167.9947099838668,169.32660332541568,156.73722250903458,167.25183530162784,158.90459363957598,162.5,160.47144152311876,168.14236490921024,171.78658043654002,172.9562383612663,168.05618486633438,155.4100589034889,171.96367763904655,168.6447166921899,161.47499147050394,172.9667432543891,176.29818594104307,178.1354051054384,185.02118644067798,177.18715393133996,173.74044077794576,177.62843798650752,181.25854993160056,175.94108019639935,176.3450899031812,170.73170731707316,175.79627714581179,177.65025736231593,181.24781315605318,187.60714285714286,189.3647461804359,182.7213457024734,182.85714285714286,184.8803424174167,180.59159314997405,179.9576570218772,178.44646606018193,173.45021916092674,173.84535547483134,182.0,177.85339474922793,173.87991592317795,166.34725288342995,176.5536723163842,176.57685188056274,178.2120251467709
394480,262,"Coeur d'Alene, ID",msa,ID,147.50623441396507,157.25277604910252,167.02331772285538,166.18667275216796,169.99111934254933,164.67430102224807,172.0366857160702,182.30563002680964,176.77182919056725,182.75327988896987,172.95524691358025,182.44618494188984,179.17547568710359,182.39008894536212,181.67488076311605,172.19864168132216,182.5737889395487,187.40767045454547,187.52679127725855,188.4800165325388,177.0182119205298,195.71902834008097,189.83644859813083,185.92618353502877,188.19121649531013,194.7279772727273,191.63043009523074,198.54360280076384,197.07604103802052,197.4417985473599,189.50577663671373,201.88188622427458,204.02253147779987,206.71838441916907,206.42894753508216,208.7749654855039,222.71514813311688,222.9385923185983,218.34857723577235,221.882210316897,249.61261229876726,248.4825493171472,274.20362273579013,285.3943008614977,280.72033898305085,283.2438878950507,309.29779213785673,304.8780487804878,292.4686192468619,322.8394956896383,318.3646112600536,307.5629832049872,330.8017789072427,308.9538861830988,320.3014640933094,318.4536474164134,311.1111111111111,295.55244378468046,300.8264462809917,293.2137015248097,297.5206611570248,299.6815286624204,281.01748906933165,303.34728033472805,300.8543723983704,317.4265363021958,304.9021527984365,326.49693540782647,308.14628388802623,300.5339435545385,284.4311377245509,304.38466518885934,307.8430113761873,300.3616045456308,303.06461001164143,301.45791915175613,313.98095247918576,299.7183058720509,292.8,292.6096954630205,301.74844895657077,301.76056338028167,309.1330343326582,309.9460292983809,297.0901323063873,282.9496830427892,301.7241379310345,299.93192963032743,290.96899598393577,296.517026512088,308.90736972534205,305.1601157701539,326.5895238095238,337.33570966471643
394930,271,"Odessa, TX",msa,TX,,,,,,,,,,,,,,,,,,,,,,,,,,,,,,,,,,,,,,,,,,,,,,,,,,,,,,,,,,,,,,,,,,,,,,,,,,,,,,,,,,,,,,,,,,,,,,175.78534031413614
395079,274,"Sebastian, FL",msa,FL,147.66595631326584,144.16438356164383,143.87005822487524,148.83054892601433,140.44327171074332,142.69141531322506,134.69971401334604,152.39421708493873,154.28571428571428,143.27146171693735,139.9168975069252,149.16033533906338,156.53484483681115,143.28277899706472,150.43892699828314,159.71665250637213,154.0554962646745,146.89018273732123,156.16776579698984,162.240662139219,147.56066176470588,148.703805846663,155.05891913856155,151.52596877487707,153.80864840700207,145.40682615860078,154.8693269442041,146.16505372907358,146.90641918020108,151.45735684619052,151.63046144708983,141.3135016414637,149.76195249742705,163.32631578947368,159.67626817430147,155.54525701147514,152.38095238095238,159.62258362491937,169.71586971586973,166.61624668435013,160.46496539792386,184.81982762315693,170.29684622467772,172.41379310344828,166.03014697767418,181.53166666666667,184.43228858663514,188.32697547683924,191.90649692712907,190.15539947322213,191.48483235763703,193.66196065989848,195.98116846498857,204.33979686057248,214.82669616519172,214.92094861660078,220.97174020823005,236.33398564905414,227.5,251.12372836517264,238.0952380952381,215.11874592735154,219.93911719939118,216.72771672771674,200.24504405286342,216.90898504080116,219.35908691834942,225.247311827957,225.2663622526636,217.39140336270884,199.21498905908095,223.00469483568074,205.77954048140043,202.4972647702407,232.11567732115677,240.9355660007834,249.10698425514735,239.72602739726028,248.91540130151844,219.67353321952726,218.1709503885236,242.1226795803067,256.25,238.31755915317558,256.238670694864,251.7799352750809,228.4736473641359,240.1702786377709,242.71844660194174,218.43381843381843,218.97220501860997,237.15620134924754,233.03945085230174,242.38035862378993
394814,275,"Madera, CA",msa,CA,,,,,,,,,,,,,,,,,,,,,,,,,,,,,,,,,,,,,,,,,,,,,,,,,,,,,,,,,,,,,,,,,,,,,,,,,,,,,,,,,,,,,,,,,,,,244.78914202617548,222.9092092417833,234.14744293161192
394639,280,"Grand Junction, CO",msa,CO,,,,,,,,,,,,,,,,,,,,,,,,,,,,,,,,,,,,,,,,,,,,,,,,,,,,,,,,,,,,,,,,,,,,,,,,,,,,,,,,,,,,,,,,,,,,,,315.8282387190684
394685,289,"Homosassa Springs, FL",msa,FL,,,,,,,,,,,,,,,,,,,,,,,,124.12769116555307,94.22615648201028,114.50924608819345,117.57352941176471,117.28307254623044,120.56010928961749,118.3512753170472,119.98577524893314,120.50596790524992,124.82501528219183,126.95179904955873,130.76317678492512,131.60142348754448,129.54945849576677,129.29592566118657,127.75919732441471,128.59185132237312,135.66056653041437,139.25696594427245,138.99188876013906,159.60082587749483,149.29936305732485,145.9200784502494,155.37400690925418,156.04483586869495,136.96969696969697,149.34618031658638,165.31713900134952,163.03245547696827,171.25399774625674,174.20537897310513,177.200488997555,180.2872860635697,180.18650139307442,178.4651992861392,175.82417582417582,173.32842498940101,155.11517036797406,169.2453184040898,175.25431225121628,168.65079365079364,166.4246271577025,178.1283495097676,176.86050741569125,176.76767676767676,178.57511356262168,171.67381974248926,175.0,182.92857142857142,177.864768683274,176.60507297075497,173.98800843706056,179.1172680412371,177.864768683274,174.37722419928826,177.32962447844227,183.02451899306013,180.73713490959665,179.76081040492943,187.2462839682288,177.79089425277851,180.6818181818182,178.182384341637,174.30604982206407,178.182384341637,176.51245551601423,167.25978647686833,166.17083414617355,172.28817754612217,168.09167376452365,167.59248424274546
395036,303,"Rocky Mount, NC",msa,NC,,,,,,,,,,,,,,,,,,,,,,,,,,,,,,,,,,,,,,,,143.34886128364388,98.79032258064517,100.86537581539491,141.7004048582996,124.90908918832935,143.93939393939394,135.09916646810973,144.06454091432963,135.77168154054675,,139.17233560090702,139.67281254445197,134.7296813462227,151.4799767846779,144.6469345187722,152.59605399792315,142.0081991570621,153.02491103202846,182.03410605534629,176.62682602921646,145.25168655941877,144.3504230960677,147.2684085510689,178.00687285223367,156.57779311041526,150.8515815085158,165.74766355140187,177.91345575785925,143.1587379620407,165.94991462720546,145.0,148.6988847583643,146.32799558255107,146.50698602794412,152.86222973600985,167.14422158548234,166.4582402858419,169.91374936580416,157.70513790494533,172.55685649616004,171.3239875389408,152.42165242165242,164.38418898931033,156.7864271457086,165.7738726790451,157.87064158564726,171.36708394698087,172.08559373116336,173.23809523809524,174.7787080710491,158.52003816793894,169.35773291450562,163.8189602936983,163.73371104815865,170.9047619047619
394880,307,"Morristown, TN",msa,TN,,,,,,,,,,,,,,,,,,,,,,,,,,,,,,,,,,,,,,,,,,,,,,,,,,,,,,,,,,,,,,,,,,,,,,,,,,,,,,,,,,,,,,,,,193.38310324811138,195.18716577540107,189.46756425948593,208.0,190.0,194.36244793231708
395232,308,"Winchester, VA",msa,VA,,,,,,,,,,,,,,,,,,,,,,,,,,,,,,,,,,,,,,,,,,,,,,,,,,,,,,,,,,,,,,,203.11289560699103,185.36591438138748,213.10084825636193,200.6658558832472,186.58984369794103,205.77981651376146,220.12670565302145,197.81168224299066,193.52941176470588,216.0904255319149,209.34177215189874,209.5808383233533,216.21366906474822,219.23535442885287,208.0374692874693,223.82213253692794,228.32666666666665,213.09050064184854,213.3887029288703,218.07083434406655,207.1875,207.15292275574112,203.85360633955568,222.3345685547909,215.44577186339475,208.0265197878417,218.7063750581666,232.00273821568572,231.9350563286945,230.28057173107464,231.04689075756673,226.66666666666666
395139,314,"Sumter, SC",msa,SC,,,,,,,,,,,,,,,,,,,,,,,,,,,,,,,,,,,,,,,,,,,,,,,,,,,,,,,,,,,,,,,,,,,,,,,,,,,,,,,,,,,,,,,,,,,,,,149.18058132343845
395094,319,"Sherman, TX",msa,TX,,,,,,,,,,,,,,,,,,,,,,,,,,,,,,,,,,,,,,,,,,,,,164.62450592885375,173.2157177225341,177.47862606869657,174.78991596638656,174.80278716216216,180.64378619053736,189.53547151155607,204.28447870778268,205.4004539559014,200.15981240569928,205.39152759948652,198.1578947368421,200.29477129788035,200.29045938744486,198.59394585716223,187.52467105263156,189.59404764565176,187.4086603518268,183.77188328912467,191.80455961130303,187.7573188394005,190.74531967502648,195.98765432098764,192.11508312700758,194.08674378556194,184.34358466659884,178.60652076820008,180.36789465360894,190.54670912951167,186.68898398898835,190.83333333333334,195.77498540154028,197.7511007436585,198.74335511048287,200.01495016375375,191.77361580186266,188.06645230439443,187.95180722891567,191.53860920119064,184.32712350315109,182.6002814919071,179.2380702853431,180.83182640144665,180.2231065763449,180.49450941204475,178.68182217995545,173.36595595945474,183.33333333333334,175.4047976011994,167.91576086051862
395153,329,"The Villages, FL",msa,FL,,,,,,,,,,,,,,,,,,,,,,,,,,,,,,,,,,,,,,,,,,,,,,,,,,,,,,,,,,,,,,,,,,,,,,,,,,,,,,,,,,,,,,,,,,,,166.18832417309508,178.18484042553192,169.2552471225457
394474,334,"Cleveland, TN",msa,TN,,,,,,,,,,,,,,,,,,,,,,,,,,,124.23140777224866,130.45553176100185,137.48651564185545,129.375,134.51339427772257,129.43262411347519,141.43426294820716,141.27320954907162,140.06672546738173,137.80147653721684,138.44441613908623,139.6440129449838,132.9787234042553,141.5685990338164,152.88235294117646,146.06256742179073,149.37388193202148,155.21154945683247,150.0,150.66281483257285,162.51706551670497,158.43419244377264,164.65116279069767,160.0229113437047,178.26825127334465,182.8863845446182,179.98814814814816,176.8957963476293,182.99353555445052,186.86915887850466,173.2071107546461,181.9620253164557,186.607925198805,172.63285758287216,188.1401455235685,182.06521739130434,203.7037037037037,192.8622927180966,201.59151193633951,194.02947154471545,213.02325581395348,203.9274924471299,197.08029197080293,198.13352476669058,195.03546099290782,183.33333333333334,199.93333333333334,200.2403846153846,189.06826568265683,197.65625,191.18219068136696,205.66037735849056,207.63358778625954,219.42857142857142,208.44199980579975,215.13629842180774,202.02628032345012,168.2546459065796,196.96127284299808,203.50877192982455,222.32734153263954,222.32734153263954,200.3448275862069,184.72222222222223,194.9339207048458,211.4135249278945,190.8666032953105,192.49810736481027
394905,341,"New Bern, NC",msa,NC,,,,,,,,,,,,,,,,,,,,,,,,,,,114.5993005692959,112.5984251968504,111.4131857122411,115.27719497445264,114.01498332561809,113.63636363636364,118.27505573758009,119.29988662131518,129.88454706927175,116.32987438558165,109.66169338113323,110.35420436109801,107.6121431807884,117.6470588235294,111.70080454679658,130.22632129774985,120.65454545454546,112.59628454916175,130.48071843634443,122.96195652173913,138.94888408927287,138.3089770354906,127.54686226568867,137.24137931034483,134.18561666853367,131.7767250119387,124.00242267377799,134.06682966585166,138.8346808559648,127.63329196476371,144.75084119467203,146.24505928853756,153.69540794169296,149.1411813992459,155.57320994605357,165.8227848101266,151.00046533271288,167.13619886069395,167.1696847753186,164.5481155843673,173.56778218944982,156.8259666688624,168.85676741130092,172.10526315789474,166.66666666666666,168.34702008293357,172.8395061728395,168.87816646562123,165.53163844613272,170.21634615384616,167.6221563894375,166.29089891155792,169.21867860732888,171.22507122507122,159.98666559631496,180.7117242645669,173.11827956989248,173.18422641003286,155.04889392403555,163.24457678601323,161.59969864389754,185.46691403834262,179.42176870748298,180.65796937039138,175.05560737604935,175.7699012202208,181.33416085986605,180.24132730015083
394635,350,"Goldsboro, NC",msa,NC,,,,,,,,,,,,,,,,,,,,,,,,,,,,,,,,,,,,,,,,,,,,,,,,,,,,,,,,,,,,,158.85911619875935,165.60913705583755,164.29353778751369,156.5398699540309,174.95,164.28112965340182,170.5685618729097,177.03766160764474,157.85046728971963,155.2482715273413,163.11246864973168,171.57712305025996,156.69313801437062,157.391221541107,162.61682242990653,160.69221260815823,166.58253407370015,160.81000595592616,171.5584952459694,161.9283065512979,176.80826636050517,173.5563441990887,167.28624535315984,181.1881188118812,186.46334182527326,188.47795163584638,172.43422865424216,180.17476788640087,177.54830113257827,169.71175084835826,179.60946855381437,170.82489832394083,175.17857142857144,182.24573780129336
394495,363,"Cookeville, TN",msa,TN,,,,,,,,,,,,,,,,,,,,,,,,,,,,,,,,,,,,,,,,,,,,,,,,,,,,,,,,,,,,,,,,,,,,,,,,,,,,,,,,,,,,202.53164556962025,193.73957145184943,201.76010629731036,213.44155844155844,204.0796963946869,194.47012401352876,209.04588131363838,224.9118901873493,214.9075081610446,212.06060606060606,215.33779264214047
395168,374,"Tullahoma, TN",msa,TN,,,,,,,,,,,,,,108.01080108010801,116.0631383472609,117.93618215845291,117.04961043091112,123.0,122.55744508997847,124.84107157965988,126.88342585249802,127.07232014643922,126.22725428530555,125.56532663316582,117.00793982448809,128.62711130359463,127.65164762900787,129.62962962962962,130.6532663316583,128.69198312236287,129.2146415307498,143.44484848484848,135.07700708312694,135.2,137.54411485073206,137.71633265595335,128.69847756261174,137.98701298701297,138.7822269583462,139.8178269355888,152.22039004563607,152.82857142857142,146.136505131656,166.58333333333334,164.0175657989099,174.69204927211646,179.50650091240874,177.79431216931218,177.00711758163987,155.02450980392157,178.9287834192424,190.0,198.9873561692953,198.1860677584478,204.0249433106576,200.6500497001129,205.67802271209084,218.55666986821643,195.05494505494505,190.1951219512195,192.76848509281484,201.18308014667366,198.96694214876032,207.82674772036475,198.98329702251272,204.37037037037038,201.8409850388378,202.19101123595505,210.9375,203.3115767950403,211.3891285591027,198.49314038443512,194.9,197.4652493867539,201.10410094637223,205.81549036835395,197.60658856584155,194.68042333047862,215.21777620396603,214.8998534440645,200.703125,200.47169811320754,204.32425294362645,222.5638049290034,212.79313143307985,207.09515492286133,216.95766502780688,208.36239753890044,204.3068025794882,226.06662040249827,209.13625997719498,224.47447447447448,211.09145068486174,200.73891625615764
395222,375,"Whitewater, WI",msa,WI,,,,,,,,,,,,,,,,,,,,,,,,,,,,,,,,,,,,,,,,,,,,,,,,,,,,,,,,,,,,,,,,,,,,,,,,,,,,,,,,,,,,,,,,,,,,,,305.465124683773
395080,390,"Sebring, FL",msa,FL,,,,,,,,,,,,,,,,,,,,,,,,,,,,,,,,,,,,,,,,,,,,,,,,,,,,,,,,,,,,,,,,,,,,,,,,,,,,,,,,,,,,,,,,,,,,,,175.09336760047208
753912,398,"Pinehurst, NC",msa,NC,103.52422907488987,99.65622612681436,110.88235294117646,109.375,112.05555091691312,111.89427312775331,120.25,116.03053435114504,119.88053718516946,114.39488910318227,122.20566318926974,117.46555095669865,108.01520950846091,111.1604938271605,113.27267022278005,117.66677841099565,116.21507197290431,115.6081081081081,114.3,119.7476066350711,120.11802190983079,126.73188196152176,120.86021505376344,129.43680791177414,117.22828666350262,118.76664113506219,119.58041958041959,119.09722222222223,122.70062866355876,128.3041815631081,128.38934660249612,127.02445220704986,128.76004585476755,130.40254237288136,130.2059105412639,130.35714285714286,119.51754385964912,123.798684844983,127.25,136.44251626898048,132.18583067023621,140.80258175976235,125.81699346405229,153.87537993920972,154.7175667287399,159.28287021348694,166.8896321070234,160.37735849056602,148.06576402321082,169.0949263502455,148.65273894080997,165.783619817998,164.02786573780875,188.21603927986908,190.9090909090909,179.13059841926986,181.88585607940448,178.1539259495691,170.15795862556155,169.16639356025797,180.47555043522783,173.83418423431124,179.82176957352004,171.3709677419355,176.52453003209536,182.89668808699952,172.55434782608697,181.61362905818066,177.73967809657103,183.3729216152019,179.3002915451895,187.78515002217665,174.99462555166295,183.00248138957815,183.63224933880804,188.12696747114376,186.9296577946768,177.26425928288887,182.9262669811382,181.34715025906735,188.95958083832335,196.40242094426776,206.73128702207862,187.79206489436973,189.30330752990852,187.3888073909922,188.6978654015136,210.32901833872708,195.30232558139534,184.11362440820622,194.17249417249417,193.64950634696757,197.46121297602258,202.52753636062883
395086,402,"Sevierville, TN",msa,TN,,92.43362831858407,106.8840579710145,117.22520107238606,135.56701030927834,99.85383102099743,145.79474579474578,138.22115384615384,130.58823529411765,128.1746031746032,145.83333333333334,147.29299363057325,127.27882037533512,118.45134665508253,116.62404092071611,143.70892615176152,118.91403865717193,130.78992965348453,107.09326737401953,144.32624113475177,145.87677725118485,142.48,154.7829742709797,136.07487237663074,141.66666666666666,128.0279081694435,102.06322795341099,144.0,166.8309665744092,162.19858156028369,155.32203389830508,163.64440513047325,192.4508126603935,207.6059850374065,169.66580976863753,228.139331874088,207.14285714285714,257.93650793650795,198.18968877754955,215.34192649203447,292.8647497337593,252.92857142857142,219.78021978021977,261.63289835164835,302.85961871750436,272.30892152862776,298.3533039832285,313.6021856570231,273.47665279704114,296.92660550458714,274.61072664359864,370.6597222222222,330.14150943396226,311.22237569060775,305.9088541666667,241.42857142857142,367.35632183908046,332.5124875124875,346.4831804281346,385.53954930429524,291.6666666666667,377.35849056603774,345.0863102465952,370.3703703703704,383.8158604567524,387.32553312276013,382.918719773702,346.60766961651916,384.32459677419354,345.5105359480087,414.5961888263835,426.6099369893575,390.625,424.10714285714283,390.9327925840093,424.8434704830054,385.5421686746988,386.477973168963,342.5,328.2229494960491,344.2708333333333,371.7105263157895,400.51968990120747,317.75210084033614,325.30120481927713,351.6955266955267,276.03795524216366,305.94405594405595,292.05555555555554,217.4943630214205,285.59870550161816,351.90395099778556,325.9098316132537,356.55323450134773
394882,403,"Moses Lake, WA",msa,WA,,,,,,,,,,,,,,,,,,,,,,,,,,,,,,,,,,,,,,,,,,,,,,,,,,,,,,,,,,,,,,,,,,,,,,,,,,,,,,,,,,,,,,,250.5114054875623,254.29056652140474,254.0500736377025,256.0775095298602,260.73706591070163,261.70420527441195,234.1455965909091,253.8953624639571
394928,410,"Ocean City, NJ",msa,NJ,,,,,,,,,,,,,,,,,,,,,,,,,,,,,,,,,,,,,,,,,,,,,,,,,,,,,,,,,,,,,,,,,,,,,,,,,,,,,,,,,,,,,,,,,,,,691.8653138376321,449.33333333333337,500.0
394682,449,"Hinesville, GA",msa,GA,86.80066603235014,87.24879956027391,85.71273593526975,87.15444295122526,85.63400576368876,87.77302421293106,90.41513083464108,95.75712143928035,94.6213128351968,83.8096810958177,91.70020120724347,89.9453511318786,89.2058428475487,83.05192064162094,94.2202850363399,92.93666970768712,96.0774975986786,96.05662285136502,91.89107142857142,101.25487589192085,96.98358633809454,96.79720744680851,93.92771084337349,94.8409376077285,94.55421686746988,102.08589797299476,99.13444502344971,92.86027157249234,102.32993157737403,93.44081932186182,100.81577366882789,104.37845303867404,100.70778564206269,104.26867219917013,104.78771228771228,106.48670268688919,104.99490316004078,106.21037069382047,104.67212355453918,107.063704496788,104.7855421686747,112.61759822910902,113.12860892388451,111.86747491638796,115.33921834955163,116.08914060231828,113.57097514078194,117.01069270106927,124.68578244375085,126.79849847137405,129.39208984375,124.75274725274726,124.06047140599003,130.39375230305177,133.28722334004024,145.41092766263296,136.8579885398462,135.93272171253824,138.91785633721116,158.83157240522064,143.2218309859155,150.37313432835822,151.03647462071035,143.04249108011678,149.88605878685053,141.32117882117882,156.1831153388823,137.44692523549867,160.24949385564292,151.69763721984864,156.12244897959184,152.87572038078042,152.11808186406427,156.83657099203316,143.01732925586137,160.3448275862069,162.04477847723967,150.96292885861155,151.52028789603492,156.78176795580112,151.4647160068847,162.5657202944269,155.14778325123154,154.47902235885664,153.184165232358,153.9619300575476,159.23546209761162,159.12481352560914,174.35160533270223,164.4671523272159,159.91692627206646,159.89047843291485,156.29040278468423,156.71270718232043
394674,467,"Heber, UT",msa,UT,,,,,,,,,,,,,,,234.89301204819276,345.10285538839423,301.5000163323143,227.97927461139898,223.1173512154233,261.0,390.7620811162252,377.01508060322413,456.6883718042418,445.88071830391243,487.0330142788173,294.28217524652007,278.5643794264484,342.9317972976165,239.15461624026696,272.29595375722545,397.32637687381225,277.9959650935669,433.5608189482136,349.3114305270363,427.14760322733747,601.931359707627,764.2007042253522,427.02785568520585,437.7594112809702,501.9674355495251,390.90712723490816,472.255081300813,489.6276128535618,388.9745627980922,575.177304964539,450.1278925105748,621.8309287198224,630.3388494877856,1012.6617843514423,834.8962029308733,600.9718969555036,488.26542364194177,561.5,452.4267367192061,399.7694466720128,438.70060396893876,544.4834063869756,421.30331030659477,478.368813559322,496.0537768543511,523.2029117379436,472.79809412205816,404.8221723806472,421.6875460574797,425.77934098482046,471.75342732314937,487.7083815028902,505.4989581972093,576.5833596393188,563.503358748927,556.2390158172232,603.2482598607888,752.5083612040133,595.9505436688881,724.0333586050037,359.17390002993113,580.6739534407327,547.2832980914656,605.2402665731322,500.11288980910285,503.66817155756206,533.0459396412228,378.5123966942149,,581.2022583859183,630.7309279595318,502.1612001017035,389.8108838286376,385.54401990269014,430.31626462993927,516.0067396798652,697.1989005497252,526.3157894736842,626.8706941638509
753893,477,"Jefferson, GA",msa,GA,91.96,93.09122046254399,94.7270643626428,96.51705145858017,97.71,100.26637339055793,95.85168014500837,97.3347001537673,104.17215911349885,101.20265799089597,100.94611687326082,105.3295403346589,108.67989918084436,101.95214112008591,106.21634850709741,108.9057318806253,105.1678057573254,106.66653242045912,108.91162790697675,108.98359216357512,110.19134775374376,109.95599559955996,112.64371453210192,111.88510638297872,114.2824,113.82380506091846,117.64340384570235,115.21352093702356,115.95030514385353,114.66377685638899,121.23975335509611,120.73529408799777,118.57865338438233,121.06313846030446,122.38376010781671,121.93409523809524,119.11389884508164,124.50812660393498,122.51095181202709,133.52741387675886,132.448132780083,131.62741433607556,129.77198035539863,138.85228519195613,137.69674935842602,144.08728296574378,142.2737819025522,152.5357224084567,145.795,155.05641025641026,146.13511029411765,155.17197170645449,162.02395799146703,170.6463375282349,168.16432963703983,175.4468085106383,176.8612879221782,173.2888888888889,178.0324400564175,162.32540581351452,163.69711239449134,163.50504224584355,177.923606168446,177.5082690187431,177.4127167630058,180.5316363959677,168.77582781456954,176.14355571079287,179.59329290046378,176.58919163396774,188.46093852230598,175.66578014184398,173.8387440344925,177.46298160320862,179.75172711571676,179.43563606954916,177.6732249786142,182.21048835305322,203.92413472611327,185.71428571428572,183.53428571428572,186.5645416675967,190.0094864245993,186.1288289987162,184.85214242607123,192.01222173723264,184.58947368421053,203.02539322407887,193.2258064516129,182.0808625860111,197.23471400394476,185.11996533290994,190.11410716870833,184.0328014184397
395063,522,"Sanford, NC",msa,NC,,,,,,,,,,,,,,,,,,,,,,,,,,,,,,,,,,,,,,,,,,,,,,,,,,,,,,,,,,,,,,,,,,,,,,,185.96697013154014,192.9731638418079,184.7460872874065,173.65591397849462,165.74585635359117,174.19403163950142,195.15889830508473,179.14110429447854,184.7462169346685,172.3406913350933,180.30513176144245,172.30040102801246,172.96389588581025,168.25213460572576,178.00332778702162,171.3626907073509,172.75012321340563,170.28704422032584,162.17870257037944,168.88900943907996,173.91304347826087,166.76466404961027,165.56317006741023,166.03053435114504
845162,535,"Granbury, TX",msa,TX,,,,,,,,,,,,,,,,,,,,,,,,,,,,,,,,,,,,,,,,,,,,,,,,,,,,,,,,,,,,,,,,,,,,,,,,,,,,,,,,,,,,,,185.96491228070175,182.69555035128806,188.24871648602397,180.76398362892223,186.66002986560477,175.86206896551724,183.27310273619,179.25863280014437,174.76002258610956
394446,562,"Cedar City, UT",msa,UT,,,,,,,,,,,,,,,,,,,,,,,,,,,,,,,,,,,,,,,,,,,,,,,,,,,,,,,,,,,,,,,,,,,,,,,,,,,,,,,,,,,,,,,,,,,,,,227.46031746031747
394951,564,"Oxford, MS",msa,MS,,,,,,,,,,,,,,,,,,,,,,,,,,,,,,,,,,,,,,,,,,,,,,,,,,,,,,,,,,,,,,,,,,,,,,,,,,,,,,,,,,,,,,287.92962356792145,269.4263328925064,253.23559700394657,246.0144927536232,257.9898362507058,266.95572797809217,263.6591478696742,257.15093273035615,250.3200226327566
395122,576,"St. Marys, GA",msa,GA,,,,,,,,,,,,,,,,,,,,,,,,,,,,,,,,,,,,,,,,,,,,,,,,,,,,,,,,,,,,,,,,,,,,,,,,,,,,,,,,,,,,,,,,,,,,174.83925549915398,177.10095882684715,183.95184989693496
