RegionID,SizeRank,RegionName,RegionType,StateName,2008-02-29,2008-03-31,2008-04-30,2008-05-31,2008-06-30,2008-07-31,2008-08-31,2008-09-30,2008-10-31,2008-11-30,2008-12-31,2009-01-31,2009-02-28,2009-03-31,2009-04-30,2009-05-31,2009-06-30,2009-07-31,2009-08-31,2009-09-30,2009-10-31,2009-11-30,2009-12-31,2010-01-31,2010-02-28,2010-03-31,2010-04-30,2010-05-31,2010-06-30,2010-07-31,2010-08-31,2010-09-30,2010-10-31,2010-11-30,2010-12-31,2011-01-31,2011-02-28,2011-03-31,2011-04-30,2011-05-31,2011-06-30,2011-07-31,2011-08-31,2011-09-30,2011-10-31,2011-11-30,2011-12-31,2012-01-31,2012-02-29,2012-03-31,2012-04-30,2012-05-31,2012-06-30,2012-07-31,2012-08-31,2012-09-30,2012-10-31,2012-11-30,2012-12-31,2013-01-31,2013-02-28,2013-03-31,2013-04-30,2013-05-31,2013-06-30,2013-07-31,2013-08-31,2013-09-30,2013-10-31,2013-11-30,2013-12-31,2014-01-31,2014-02-28,2014-03-31,2014-04-30,2014-05-31,2014-06-30,2014-07-31,2014-08-31,2014-09-30,2014-10-31,2014-11-30,2014-12-31,2015-01-31,2015-02-28,2015-03-31,2015-04-30,2015-05-31,2015-06-30,2015-07-31,2015-08-31,2015-09-30,2015-10-31,2015-11-30,2015-12-31,2016-01-31,2016-02-29,2016-03-31,2016-04-30,2016-05-31,2016-06-30,2016-07-31,2016-08-31,2016-09-30,2016-10-31,2016-11-30,2016-12-31,2017-01-31,2017-02-28,2017-03-31,2017-04-30,2017-05-31,2017-06-30,2017-07-31,2017-08-31,2017-09-30,2017-10-31,2017-11-30,2017-12-31,2018-01-31,2018-02-28,2018-03-31,2018-04-30,2018-05-31,2018-06-30,2018-07-31,2018-08-31,2018-09-30,2018-10-31,2018-11-30,2018-12-31,2019-01-31,2019-02-28,2019-03-31,2019-04-30,2019-05-31,2019-06-30,2019-07-31,2019-08-31,2019-09-30,2019-10-31,2019-11-30,2019-12-31,2020-01-31,2020-02-29,2020-03-31,2020-04-30,2020-05-31,2020-06-30,2020-07-31,2020-08-31,2020-09-30,2020-10-31,2020-11-30,2020-12-31,2021-01-31,2021-02-28,2021-03-31,2021-04-30,2021-05-31,2021-06-30,2021-07-31,2021-08-31,2021-09-30,2021-10-31,2021-11-30,2021-12-31,2022-01-31,2022-02-28,2022-03-31,2022-04-30,2022-05-31,2022-06-30,2022-07-31,2022-08-31,2022-09-30,2022-10-31,2022-11-30,2022-12-31,2023-01-31,2023-02-28,2023-03-31,2023-04-30,2023-05-31,2023-06-30,2023-07-31,2023-08-31,2023-09-30,2023-10-31,2023-11-30,2023-12-31,2024-01-31,2024-02-29,2024-03-31,2024-04-30,2024-05-31,2024-06-30,2024-07-31,2024-08-31,2024-09-30,2024-10-31,2024-11-30,2024-12-31,2025-01-31,2025-02-28,2025-03-31,2025-04-30,2025-05-31,2025-06-30,2025-07-31,2025-08-31,2025-09-30,2025-10-31,2025-11-30
102001,0,United States,country,,50616922230.0,59152681280.0,66462494615.0,73587482747.0,78588534936.0,78777702358.0,72056853943.0,63745753824.0,61156347472.0,42714152864.0,48671617248.0,34892529024.0,37021817622.0,47395537623.0,50313285750.0,56937180160.0,70703692290.0,72976103955.0,65945314544.0,63676116101.0,65860159186.0,61806570171.0,59494892400.0,41146436401.0,42155005809.0,65028067104.0,68041326303.0,72105017631.0,83036208006.0,61597546470.0,60333547264.0,60915135377.0,52090674966.0,50033570256.0,56862463120.0,41547214582.0,41636608440.0,57546668376.0,59279217884.0,64191861990.0,74582106912.0,65315707404.0,69069390212.0,59954307116.0,53260521236.0,51730962102.0,56082771144.0,43689138948.0,46520852756.0,62633423605.0,66626701050.0,79523633952.0,86077583772.0,79182787275.0,84176608255.0,66891816504.0,73003284158.0,69485534800.0,72978477696.0,54786459420.0,55195311600.0,74652024222.0,86506297158.0,103418698240.0,103947364092.0,109781762937.0,106635102309.0,88403022750.0,87482853306.0,74428973069.0,79266896784.0,60944627445.0,58748146704.0,75617075610.0,87959523243.0,102101793383.0,110545808346.0,110230892688.0,104198527583.0,93501683730.0,96581645760.0,74352164550.0,87308883860.0,63367829833.0,65404771575.0,91386354453.0,102194373218.0,113236849760.0,134462621160.0,131420150271.0,116928777792.0,108939541368.0,102622436560.0,81061783310.0,98495914705.0,71443093686.0,74188042110.0,99613225831.0,109432570520.0,124087612680.0,144869586036.0,125551740060.0,132186974454.0,116988737481.0,107504344438.0,102050538480.0,104453024520.0,82349522600.0,78868158224.0,115650529160.0,114866291490.0,143521534145.0,162069683787.0,136179035952.0,145078607728.0,120779525196.0,119378947554.0,109458452610.0,106947830220.0,85155329562.0,84730631464.0,118941894882.0,127441238994.0,148889456989.0,160492086480.0,146261995827.0,149598355436.0,113882268216.0,123044811834.0,108520273568.0,97355787618.0,78641235652.0,83528036522.0,111019557759.0,128993457540.0,154032962007.0,152024206509.0,153112054500.0,148677118327.0,124636552712.0,129866149870.0,110514620098.0,117085669932.0,92809645264.0,93677243996.0,121151411964.0,103068161263.0,99179088561.0,146636609655.0,184427620332.0,182241339280.0,186365023390.0,192055152500.0,163719406587.0,177068249126.0,128953158390.0,131283018720.0,188354017062.0,208301908391.0,212121075848.0,253402578794.0,234290410310.0,228121102560.0,212427812555.0,204323005440.0,197211856632.0,199369441656.0,146031469750.0,146669079297.0,205259275935.0,211617792480.0,224538914124.0,231584724938.0,187587627206.0,192211992388.0,167758518676.0,144645028660.0,122450437260.0,113542203532.0,88308397960.0,98239548276.0,141725681894.0,134121790550.0,170434971300.0,183838457419.0,155217975012.0,169938979760.0,143176861737.0,137523026352.0,118868629558.0,112444957280.0,97564867330.0,110081523032.0,137507941934.0,160640057014.0,180052175153.0,168356869743.0,174097317030.0,166696622560.0,141732724192.0,154049757408.0,132286196475.0,135641662734.0,110149614352.0,115163812592.0,144862440138.0,164113867820.0,178395423750.0,185292265756.0,180338453694.0,171420847281.0,162066115496.0,166312236420.0,132317472384.0
394913,1,"New York, NY",msa,NY,4725100116.0,4982282338.0,5533054040.0,5790858732.0,6272350847.0,7852059792.0,7039567560.0,5641239380.0,5428401960.0,3969575106.0,4220633552.0,3159710792.0,2615202627.0,2990736288.0,3137986830.0,3615544064.0,4708629065.0,5667167646.0,5740907640.0,5377249404.0,5426752100.0,6977920932.0,5480291486.0,4336616478.0,3578617740.0,8159949432.0,4780029690.0,5018169440.0,7541887854.0,6240068136.0,5607859590.0,9749384841.0,4295178225.0,4261140970.0,4642007196.0,3975703178.0,3851085572.0,4256920730.0,4518378480.0,4848122696.0,5885936458.0,5775065225.0,5991863409.0,5204566296.0,4039861740.0,3641547364.0,4189268622.0,4003800197.0,3420940032.0,4196362828.0,4430622924.0,5403324574.0,6483157184.0,6556465464.0,6836904407.0,5376176844.0,4951927338.0,4800020101.0,5581718135.0,5356337365.0,4010239780.0,4600622280.0,5338298639.0,6825075712.0,7207592420.0,8728782717.0,9114086034.0,7775832005.0,7372729595.0,5988595021.0,6961259019.0,5943656592.0,4564347480.0,5220735353.0,5289707445.0,6574806456.0,7408537878.0,8518165789.0,8603804796.0,7163725867.0,7348178621.0,5798726514.0,7052034276.0,5915565055.0,5227209484.0,5861861776.0,5992740864.0,6910950555.0,9289459725.0,10018477713.0,9575667678.0,8740096569.0,8305935400.0,6773019890.0,8230183228.0,6448018383.0,6435237528.0,7360796160.0,6852604453.0,7489389436.0,10263334455.0,9617944050.0,10763003178.0,9304801588.0,8201098224.0,7783694289.0,8686663656.0,8136801988.0,6607792225.0,7892138898.0,7801892964.0,9413746472.0,11668954679.0,10270909648.0,11831587075.0,9292021440.0,8847467675.0,8317449854.0,8698938752.0,7829991290.0,6594676386.0,7707223678.0,7976385280.0,9271432800.0,10938125744.0,10970006709.0,11578215806.0,8346710760.0,9323379429.0,8130360679.0,7897095000.0,7192603368.0,5995591246.0,6914628920.0,7382118120.0,8871188868.0,10566049200.0,10505138576.0,10283818286.0,8375133980.0,8574760115.0,7423069095.0,8259631968.0,7798559367.0,6459566118.0,6717656420.0,5263316046.0,5797966392.0,7083120984.0,8666794914.0,10394849088.0,11279026647.0,12805820072.0,11420122835.0,13446670332.0,11462079680.0,9924645620.0,12703453125.0,12211431804.0,12349906304.0,16084535547.0,15895395776.0,16548531188.0,14265197992.0,14565851552.0,12976443675.0,14157339600.0,12448928964.0,10439118481.0,12767838120.0,11614021020.0,13139628078.0,16095012830.0,14273616148.0,15123804432.0,11604419136.0,10123940640.0,9433562565.0,8772088640.0,7642125498.0,6461261783.0,8240021536.0,7664521554.0,10100898059.0,11888047633.0,10833053622.0,12693130272.0,10119710150.0,9801112710.0,8618265254.0,8571726391.0,8245954998.0,6977241981.0,8038811040.0,9076402200.0,10537007910.0,10966412970.0,12374870690.0,12440733244.0,10154646315.0,10446028694.0,9174232584.0,10286096170.0,9529346124.0,7688338944.0,8945764200.0,9840747840.0,10813577940.0,12268449452.0,13269197220.0,12947370302.0,11931546850.0,11320906212.0,9602014275.0
753899,2,"Los Angeles, CA",msa,CA,2578954803.0,3076479602.0,3731958720.0,3969355104.0,4197988800.0,4549267736.0,4089128799.0,3835828731.0,4035295630.0,2855466735.0,3335816031.0,2329532001.0,2474823431.0,3200140818.0,3352005350.0,3678802669.0,4482393200.0,4617604476.0,4151401093.0,4297842244.0,4354990640.0,3756603970.0,4449508362.0,3049951596.0,3042844875.0,4343970180.0,4380106912.0,4851943334.0,5154170134.0,4308381054.0,4024409408.0,4105938549.0,3585401862.0,3480803040.0,4108700628.0,3011665080.0,2822430644.0,4272768063.0,4084949979.0,4109967504.0,4631624946.0,4072473524.0,4368670959.0,3965855796.0,3466852116.0,3577990750.0,3937331342.0,3095531376.0,3250976838.0,4610501631.0,4664385440.0,5230428012.0,5436083200.0,5148196560.0,5748818600.0,4662837627.0,5358164040.0,5096065355.0,5953416480.0,3759337616.0,4009182863.0,5656338618.0,6275094189.0,7169067612.0,6707400092.0,7200377856.0,7037457840.0,5810563227.0,6109763036.0,5108518776.0,5526857914.0,4169925515.0,4186578336.0,5455311948.0,6308816360.0,6541676296.0,6623536976.0,6830866248.0,6373783080.0,5847293305.0,6177932192.0,4835502502.0,5764811164.0,4253269345.0,4326956316.0,6397058586.0,7179999749.0,7224969024.0,8003777508.0,8032034140.0,7025800237.0,6663551260.0,6446431479.0,5040549184.0,6675649344.0,4844882448.0,4915532160.0,6747041168.0,7149778026.0,7746304937.0,8335641379.0,7501173400.0,8016487710.0,7265152272.0,6715141536.0,6557661000.0,6628837064.0,5456980023.0,5126908356.0,7585057788.0,6912868800.0,8799651085.0,9644067108.0,7917791700.0,8872410848.0,7741838351.0,7289572800.0,6827977596.0,6722624433.0,5357338487.0,5392308975.0,7923069530.0,7627829930.0,8669768450.0,8847450958.0,8254213908.0,8597581230.0,6384813568.0,7058108440.0,6196594028.0,5584915945.0,4395664560.0,4838950092.0,6550299129.0,7565966902.0,8381781540.0,7991291987.0,8294596200.0,8209005200.0,7225633350.0,7641424470.0,6572401280.0,7281069640.0,5846202773.0,5908844466.0,7252508490.0,4923219960.0,4101969608.0,6407606969.0,9318203816.0,9622216607.0,10323978756.0,10443929185.0,8971388178.0,10348998294.0,7542902960.0,7788000388.0,11735121888.0,12931329350.0,12288925512.0,13672031150.0,12530677863.0,12225030922.0,11766030378.0,11283353746.0,10865047945.0,11221276838.0,7910428690.0,8183341572.0,12167851620.0,11976622062.0,11410041695.0,10939953492.0,8586800910.0,8886281586.0,8033916528.0,6917200640.0,5949019100.0,5512914820.0,4555889667.0,5019838922.0,7790742836.0,6666823257.0,8095763655.0,8532791597.0,7265444445.0,8375962288.0,6751359180.0,6866808700.0,6153660180.0,5799343740.0,5122220103.0,6098973269.0,7439405350.0,8441267098.0,9197283870.0,8066457789.0,8795864715.0,8263254873.0,7153114320.0,8368224816.0,6995519952.0,7364548600.0,5727481896.0,6848924544.0,8237905614.0,8945405859.0,8607191622.0,8584975488.0,8978303611.0,8155321398.0,8280933426.0,8717767506.0,6852758120.0
394463,3,"Chicago, IL",msa,IL,1618048200.0,1984083161.0,2079193896.0,2288049075.0,2616782499.0,2633887696.0,2446909500.0,2055775338.0,1815821415.0,1198137834.0,1270571094.0,892206769.0,864851520.0,1190973420.0,1249021728.0,1510054128.0,2015270496.0,2250643406.0,2123585568.0,1976846256.0,2020134870.0,1808933763.0,1662664696.0,1171025436.0,1048557978.0,1603431340.0,1952073352.0,2050951560.0,2749765231.0,1756288820.0,1765354977.0,1408121496.0,1306617481.0,1225041536.0,1370658763.0,1077727050.0,965276842.0,1325682904.0,1478206197.0,1727532576.0,2138218329.0,1905674471.0,2027285130.0,1528661706.0,1408310090.0,1351304210.0,1414290768.0,1103243563.0,1035451710.0,1540323178.0,1677345852.0,2174858610.0,2562166404.0,2291299668.0,2457364935.0,1885907070.0,1916885117.0,1783037520.0,1713645840.0,1459549440.0,1301417694.0,1850732620.0,2355283098.0,2927026595.0,3339202709.0,3544890250.0,3446725004.0,2657141097.0,2791097682.0,2241067216.0,2440699845.0,1794117600.0,1572872769.0,2073275014.0,2631543054.0,3148993694.0,3896158144.0,3738719524.0,3576878412.0,3193255672.0,3047261922.0,2200712529.0,2514357020.0,1761165276.0,1692143120.0,2561012855.0,2990210933.0,3570403328.0,4694542167.0,4478499312.0,3994423029.0,3411941112.0,3244570748.0,2272040468.0,2688428870.0,1994434939.0,1890138736.0,2666109068.0,3380245632.0,3978338557.0,4890935280.0,4226817100.0,4259457198.0,3335921152.0,3024530952.0,2725646924.0,2746488360.0,2174652208.0,1909893832.0,3260707910.0,3498994594.0,4398634368.0,5300066758.0,4225635690.0,4224436864.0,3288012145.0,2991052020.0,2637523356.0,2586106768.0,1985511825.0,1851782768.0,3038677003.0,3673516803.0,4438615433.0,5026277696.0,4210077753.0,4168305360.0,3047073450.0,3100184764.0,2781418487.0,2322853716.0,1764968942.0,1829861255.0,2755240150.0,3565241523.0,4331296512.0,4542633728.0,4443819292.0,4091796188.0,3116954040.0,3131517944.0,2603756389.0,2743253436.0,2053760744.0,2058290570.0,3022086263.0,3134890636.0,2677043072.0,3531736559.0,4878914040.0,5056179000.0,4927326260.0,5465712985.0,4415462784.0,4329559170.0,3475893960.0,3285831250.0,4747965056.0,5492753640.0,5687356000.0,7179694836.0,6650834405.0,6410981520.0,5207878550.0,4608115296.0,4309928740.0,4137552892.0,3207502276.0,2858914764.0,4304513935.0,4749004050.0,5151290128.0,5880931206.0,4529323260.0,4345847639.0,3770248915.0,3024152796.0,2657481673.0,2334765664.0,1730661079.0,1767941805.0,2980894280.0,3038175880.0,3800380815.0,4514209641.0,3581291148.0,3911272797.0,3098742075.0,2835987566.0,2396803909.0,2401430435.0,1826183180.0,1938825550.0,2760812940.0,3500125405.0,3945560960.0,4027386559.0,4134536880.0,3882674997.0,3096880306.0,3120664517.0,2844549258.0,2757486468.0,2273636960.0,2217153742.0,2934767550.0,3633946290.0,4035986760.0,4715989740.0,4352336456.0,3975831360.0,3507495372.0,3646180274.0,2638647315.0
394514,4,"Dallas, TX",msa,TX,944108064.0,1093082940.0,1204412484.0,1415854860.0,1396101582.0,1372190848.0,1283897856.0,1054120832.0,905513112.0,633780339.0,741083575.0,516684690.0,665827740.0,823832954.0,862035794.0,1023890868.0,1205964865.0,1213075567.0,1106235648.0,943761644.0,957075828.0,877760568.0,813522720.0,536413782.0,663060680.0,1017049488.0,1216523466.0,1274875718.0,1235909784.0,966605855.0,933637930.0,809543444.0,742981200.0,743911695.0,863603910.0,553328136.0,616379760.0,908906224.0,997145765.0,1124843382.0,1246092130.0,1102819176.0,1200796828.0,901225710.0,805276917.0,786334713.0,852955857.0,615359283.0,754119270.0,1074947090.0,1166299639.0,1463857686.0,1522050075.0,1429893690.0,1498325032.0,1092843752.0,1114970456.0,1028529664.0,1079533888.0,801970683.0,947007160.0,1456347718.0,1711355935.0,1990971595.0,1973384640.0,2013426988.0,1947511512.0,1513745408.0,1393099533.0,1164529256.0,1274143728.0,875229337.0,1120610088.0,1461450252.0,1681381090.0,2000539740.0,2143020984.0,2111896256.0,1974198374.0,1660560026.0,1626507168.0,1247400446.0,1585264585.0,990809872.0,1224712485.0,1733900652.0,1834519236.0,2206905378.0,2547554124.0,2454309837.0,2311114846.0,1962459240.0,1804432500.0,1579381195.0,1878656672.0,1219116733.0,1475251332.0,2028424315.0,2123261554.0,2438170014.0,2683671552.0,2372197211.0,2605711950.0,2236497452.0,1997497040.0,1914144622.0,1963512134.0,1375125444.0,1630505535.0,2341741792.0,2310749315.0,2936801840.0,3074894964.0,2692705140.0,2811956451.0,2221788984.0,2106327650.0,2068473330.0,2086627150.0,1498362726.0,1810265280.0,2451128212.0,2510491985.0,3085776960.0,3132247858.0,2934681025.0,2826579261.0,2141534232.0,2059873242.0,1898566298.0,1911366117.0,1287668655.0,1741360680.0,2356928682.0,2665262292.0,3138708522.0,2929936344.0,3011142762.0,2863175424.0,2282838090.0,2323251948.0,1924010244.0,2306038387.0,1627760300.0,1941799308.0,2444577636.0,2089362366.0,2061083153.0,3253859322.0,4049763760.0,3566017750.0,3341375236.0,3360273140.0,2854797132.0,3064742975.0,2024613105.0,2252710582.0,3222246958.0,3761973510.0,4063206400.0,4628245564.0,4424851530.0,4364336544.0,4050890980.0,3715466080.0,3554950413.0,3648071200.0,2648405760.0,2813664543.0,3819789618.0,4214199249.0,4727683800.0,4730072163.0,4061393854.0,4063594752.0,3405450802.0,2857964017.0,2367954537.0,2182593672.0,1598495568.0,2348502552.0,3038807135.0,3039888319.0,3856331124.0,3904111710.0,3389021678.0,3488027136.0,2733440750.0,2535704496.0,2231512049.0,2277747180.0,1970428356.0,2500901676.0,3124761520.0,3577039695.0,4065385168.0,3383095862.0,3558600200.0,3220523167.0,2706363436.0,3005380480.0,2592551952.0,2743709777.0,2047515564.0,2430646764.0,3210511612.0,3477014236.0,3785980464.0,3786546816.0,3698912520.0,3296782953.0,2919769551.0,2959612290.0,2319502329.0
394692,5,"Houston, TX",msa,TX,816644808.0,936464426.0,985081552.0,1195652425.0,1264840560.0,1180374720.0,1082003811.0,662524541.0,695444545.0,495576646.0,647208837.0,435983310.0,554106672.0,713469057.0,719972352.0,877312359.0,1080108470.0,1118295240.0,945043925.0,846720666.0,814561360.0,775336947.0,820340912.0,432285996.0,609988854.0,913357569.0,984625170.0,1047968910.0,1081514108.0,829650600.0,810171982.0,719974200.0,616542444.0,586192572.0,720419292.0,478548833.0,559281517.0,803260860.0,850744512.0,976905472.0,1142638092.0,987002728.0,983199420.0,764623500.0,663513026.0,620775856.0,780088563.0,493580284.0,596128532.0,895055805.0,920964600.0,1207078480.0,1259792863.0,1187829291.0,1006045440.0,779006608.0,985386276.0,924723550.0,997137660.0,686983725.0,844886950.0,1139852857.0,1397239712.0,1665687744.0,1637357533.0,1754848710.0,1716158187.0,1336505019.0,1200302808.0,974950155.0,1194924608.0,813452116.0,774123900.0,772831843.0,915635000.0,1072054136.0,1238238190.0,1957903020.0,1803242322.0,1602150570.0,1546257856.0,1214827595.0,1524257376.0,1003210562.0,1049989632.0,1555733725.0,1647863610.0,1797037295.0,2192613488.0,2122595820.0,1887777912.0,1613444754.0,1486002717.0,1074805824.0,1514184750.0,1019390310.0,1143885612.0,1577521934.0,1651561411.0,1933671104.0,2181614876.0,1912134000.0,2106937262.0,1670089740.0,1509272604.0,1423231345.0,1679354556.0,1103244566.0,1375649730.0,1878648408.0,1792052658.0,2307012578.0,2455538094.0,2089822086.0,1689295509.0,1892089782.0,1688079504.0,1591480908.0,1762406416.0,1232344052.0,1452516800.0,1869915801.0,2021118498.0,2378657567.0,2516343086.0,2327515680.0,2309328512.0,1719016992.0,1778263014.0,1610287226.0,1682336248.0,1068548314.0,1383911565.0,1887388801.0,2132619660.0,2536993636.0,2319558612.0,2428570200.0,2347565220.0,1790119785.0,1785498238.0,1560654135.0,1958545564.0,1227523248.0,1520083200.0,1947330847.0,1573675728.0,1562897278.0,2483229560.0,3153159236.0,2673113355.0,2587451682.0,2624020204.0,2317526147.0,2816749419.0,1726867915.0,1808539780.0,3009384306.0,3222107700.0,3415820316.0,3932647663.0,3712001337.0,3532452804.0,3226952886.0,2997564997.0,2900696866.0,3220847886.0,2214438739.0,2579708728.0,3465373450.0,3468395310.0,3879149877.0,3783136098.0,3141778482.0,2991748986.0,2664743147.0,2145940816.0,1805313672.0,1874948724.0,1342288896.0,1645627900.0,2492128260.0,2460568926.0,2993824068.0,3045118778.0,2602930869.0,2722707456.0,2135286792.0,1948443714.0,1699573858.0,1639638032.0,1420942164.0,1788540129.0,2170539819.0,2659160514.0,2897306109.0,2550879796.0,2604568659.0,2315867606.0,2172764615.0,2356200586.0,1897561438.0,2123047224.0,1555113016.0,1760045848.0,2306125448.0,2644457888.0,2994638562.0,2993525472.0,2773595664.0,2516821800.0,2288550474.0,2304923824.0,1847672424.0
395209,6,"Washington, DC",msa,VA,1647872832.0,1965248586.0,2259972710.0,2468739108.0,2900436660.0,2680846740.0,2422857353.0,2166239905.0,2078232871.0,1517164980.0,1820565000.0,1242464652.0,1351759565.0,1824774000.0,1997424624.0,2244551440.0,2826742280.0,2693814026.0,2417650165.0,2148952896.0,2158390909.0,2073718727.0,1951452480.0,1498136146.0,1391339686.0,2091655306.0,2411804117.0,2617255929.0,3106220212.0,2288757744.0,2509483038.0,2000037780.0,1871108231.0,1867887588.0,1986067304.0,1421514450.0,1431609990.0,2053709180.0,2145684915.0,2411823380.0,2997674058.0,2467092255.0,2405918645.0,1946888960.0,1685080061.0,1716491933.0,1812020613.0,1374123421.0,1444689864.0,1953894000.0,2280064194.0,2942929632.0,3139829448.0,2707732665.0,2757646674.0,2089537285.0,2107244499.0,2398941708.0,2148148184.0,1741852467.0,1692595100.0,2373691570.0,2864753722.0,3651786900.0,3970089732.0,3598207488.0,3344286750.0,2629604835.0,2569999288.0,2159571456.0,2498773230.0,1675136904.0,1771783748.0,2216143556.0,2792261165.0,3406708854.0,3853550883.0,3457766778.0,3116533308.0,2556529962.0,2727754604.0,2137959467.0,2687919714.0,1843588884.0,1896431079.0,2641566748.0,3171212564.0,3664256284.0,4442604008.0,4040106986.0,3443306880.0,3051637236.0,2871992880.0,2471855898.0,3041206812.0,2014060230.0,2174160405.0,2835666064.0,3512347101.0,4238350074.0,4911465117.0,4035540804.0,4062868728.0,3183304916.0,3116291939.0,3008803941.0,3145237524.0,2529737368.0,2515114455.0,3618301752.0,3874424232.0,4840702382.0,5366645520.0,4238552242.0,4111546875.0,3233158864.0,3457786810.0,3099161441.0,2995548009.0,2376163854.0,2317780625.0,3298924534.0,3912101109.0,4721898186.0,5082768900.0,4313506764.0,4091816289.0,2917028400.0,3297065136.0,3155251350.0,2960036438.0,2352059077.0,2433698626.0,3394507764.0,4161750504.0,5013159822.0,4822197360.0,4609610880.0,4166139151.0,3402115932.0,3716347152.0,3151605166.0,3403438075.0,2556992880.0,2686312890.0,3827835639.0,3700599926.0,3449950647.0,4597574864.0,5432465415.0,5273737510.0,5305956435.0,5450488865.0,4691413940.0,4852784168.0,3428455044.0,3730169664.0,5227267216.0,6436581055.0,6814061430.0,7881633200.0,6811382458.0,6259229710.0,5465398928.0,5671194832.0,5530123560.0,5115012960.0,3411361858.0,3688276200.0,5593648929.0,6084999490.0,6528611376.0,6369733728.0,4953692652.0,4787577760.0,3927122292.0,3597726168.0,3024119280.0,2712481101.0,2008883416.0,2609917056.0,3551815206.0,3790983168.0,4864891150.0,5044348050.0,3944786316.0,4069019820.0,3210438630.0,3209872887.0,2870450030.0,2655697467.0,2200678800.0,2742316633.0,3492510519.0,4467088470.0,5146101376.0,4829749089.0,4666730614.0,4259655436.0,3484567440.0,4057747819.0,3352819797.0,3460087885.0,2646682416.0,2849724360.0,3587062668.0,4693529625.0,5038736130.0,5286147698.0,4771217430.0,4284884370.0,3785715570.0,4216595152.0,3375505024.0
394974,7,"Philadelphia, PA",msa,PA,939156640.0,1115386596.0,1312884969.0,1385403408.0,1627244714.0,1829695382.0,1634296690.0,1555362400.0,1292899207.0,891935088.0,986670974.0,698555320.0,661599715.0,852353964.0,930146346.0,1089255144.0,1501448256.0,1576002180.0,1484744200.0,1250583675.0,1295957696.0,1387257305.0,1084698922.0,779052510.0,697589334.0,1085228675.0,1281205520.0,1438252791.0,1964351625.0,1231047350.0,1129860300.0,975959460.0,905316129.0,873752110.0,980264002.0,761293500.0,644885571.0,919137618.0,940813616.0,1124685885.0,1430502320.0,1214857941.0,1309733256.0,974745745.0,922417019.0,905991320.0,948324403.0,827746402.0,724419520.0,1022059584.0,1084776902.0,1336083586.0,1596516147.0,1494498324.0,1579294920.0,1134297000.0,1124534400.0,1288737700.0,1174629879.0,988017646.0,807135748.0,1122133470.0,1338539341.0,1712088480.0,1985504662.0,1952559738.0,1804791600.0,1416980070.0,1410456352.0,1179531500.0,1297540538.0,958433740.0,785319988.0,1000019724.0,1236428328.0,1558600392.0,1990508280.0,1908002412.0,1820332107.0,1427519883.0,1490947896.0,1238393214.0,1454906250.0,1030395884.0,888964625.0,1230732566.0,1446221200.0,1774639221.0,2398751740.0,2400678399.0,2045281635.0,1785146775.0,1646928852.0,1357759228.0,1577351706.0,1178993344.0,1124605760.0,1391868606.0,1661641101.0,2017201107.0,2706984000.0,2255630160.0,2328120015.0,1881651450.0,1721876580.0,1710192756.0,1781945595.0,1405403685.0,1200562809.0,1789001334.0,1882785190.0,2433431840.0,3051711806.0,2613050916.0,2570028909.0,2001135528.0,1973734588.0,1886124624.0,1847457888.0,1411070692.0,1116108720.0,1722276340.0,1897684544.0,2338392285.0,3037323400.0,2696245231.0,2637017344.0,1925102925.0,1989328088.0,1915185462.0,1751218986.0,1378134960.0,1271140016.0,1740764648.0,2045394304.0,2523015486.0,2861586976.0,2677774710.0,2578597099.0,2042561640.0,1972561737.0,1772169192.0,1887145624.0,1580293474.0,1379001816.0,1856484060.0,1702697718.0,1432783344.0,1917174180.0,2951572521.0,3132175860.0,3023942644.0,3200991066.0,2784259296.0,2940936354.0,2203968988.0,1977158016.0,2639675648.0,2921233920.0,3026240896.0,4271037800.0,3915622107.0,4092120202.0,3583650326.0,3286700883.0,3240648908.0,4003079379.0,2950404317.0,2283010080.0,2946841422.0,3024540856.0,3286179026.0,3985495839.0,3313124458.0,3431897251.0,2741725518.0,2355577848.0,2137219182.0,1979645640.0,1511546619.0,1413052610.0,2119494316.0,2035225800.0,2523153729.0,3158110989.0,2640802692.0,2865405894.0,2329926105.0,2243114639.0,2092270476.0,2026467078.0,1610988583.0,1541682944.0,1980875003.0,2408986985.0,2795041920.0,3038197890.0,3091699632.0,3044421954.0,2447630856.0,2630522564.0,2334368990.0,2379165444.0,1897745616.0,1745089912.0,2085674831.0,2630747042.0,2993529652.0,3635824038.0,3354752307.0,3180779745.0,2834794680.0,2721853692.0,2411132360.0
394856,8,"Miami, FL",msa,FL,1356087570.0,1556299790.0,1728648119.0,1846856443.0,1897656943.0,1700436139.0,1443955799.0,1349744088.0,1391409892.0,990093116.0,1357591940.0,981091125.0,1066983344.0,1360344216.0,1312316026.0,1417738698.0,1678556215.0,1620499917.0,1440594336.0,1560092576.0,1616509018.0,1459658109.0,1766956818.0,1272735990.0,1334211975.0,1993830328.0,1949351930.0,1858038425.0,2093820272.0,1699681929.0,1577182852.0,1519483010.0,1483371576.0,1430441571.0,1914903676.0,1447336776.0,1609223616.0,2121017468.0,2195123590.0,2304720880.0,2365557076.0,2039860008.0,2051379168.0,1767860712.0,1582400856.0,1698534662.0,1989684000.0,1546238088.0,1676522780.0,2169978720.0,2441904570.0,2611859250.0,2601701489.0,2292996745.0,2383451070.0,1861825476.0,2253696341.0,2179939343.0,2731170378.0,2055947283.0,2195972480.0,2717910013.0,3234327943.0,3560360553.0,3222536904.0,3236779260.0,2953787333.0,2610767628.0,2745941748.0,2536166265.0,2870274480.0,2417673408.0,2359204974.0,2985256224.0,3357191424.0,3573615591.0,3431926511.0,3250867092.0,2892164130.0,2904383676.0,3118893656.0,2439808452.0,3206103822.0,2529580070.0,2629129693.0,3490443123.0,3759745888.0,3611968851.0,3970719237.0,3744824095.0,3219936207.0,3224832875.0,3017372940.0,2547120100.0,3181469970.0,2504694314.0,2713708572.0,3446037375.0,3509509940.0,3550367836.0,3964344971.0,3199414785.0,3418586830.0,3062510856.0,2702021254.0,2748580947.0,3153728930.0,2551087602.0,2693289090.0,3823790540.0,3565469836.0,4063902300.0,4282159343.0,3447671260.0,3640723940.0,2372267940.0,2920474676.0,2751832241.0,3231994430.0,2799155430.0,2923600482.0,3748247292.0,3962378428.0,4049017300.0,4155890772.0,3499058088.0,3523007852.0,2829674475.0,3066387876.0,2912188294.0,2815942976.0,2428714200.0,2584507562.0,3590182620.0,4083303204.0,4379752755.0,3741736284.0,3974538261.0,3506255480.0,3232876184.0,3216145170.0,2898659166.0,3658462640.0,3024013376.0,2916884946.0,4027357608.0,2804495876.0,2281576217.0,3337208049.0,4608374302.0,4653914355.0,4634435000.0,5105545308.0,4647337259.0,6019981500.0,4678882460.0,5151102944.0,7738247700.0,8591071740.0,8008288200.0,8866518420.0,7650883317.0,6890404960.0,5933432176.0,5834028880.0,6085474380.0,7132161804.0,5815819320.0,6184846494.0,8660454395.0,8374250632.0,8128442025.0,7488099135.0,5605000380.0,5401641808.0,4783679156.0,4437823329.0,3901992846.0,3882283888.0,3357156352.0,3739232178.0,5886998577.0,5218251120.0,6331234602.0,6046799368.0,4767323616.0,5266861608.0,4706826962.0,4614885308.0,3831381466.0,4157151102.0,3676952880.0,4200304920.0,5454759744.0,6172243584.0,6295663080.0,5566699686.0,5288654743.0,4787266396.0,4099170676.0,4315944720.0,3651428616.0,4296001229.0,3945673970.0,4075401292.0,5294469868.0,5542819178.0,5526485154.0,4965721306.0,4734576280.0,4473587923.0,4455288720.0,4738600125.0,3962812347.0
394347,9,"Atlanta, GA",msa,GA,1144282560.0,1257238565.0,1304907954.0,1396249356.0,1465626729.0,1424463204.0,1268213111.0,1143612450.0,1077864736.0,698732433.0,916706502.0,693296496.0,701821197.0,939239862.0,939473132.0,965851749.0,1314572360.0,1292571576.0,1117492050.0,1040792700.0,1097966118.0,1049468868.0,1025720691.0,678402081.0,764372085.0,1089729160.0,1184624874.0,1219647420.0,1314447171.0,1029129171.0,965176598.0,1032714994.0,1082287965.0,1000954845.0,941512176.0,638980377.0,678970308.0,968074692.0,968852865.0,1081142370.0,1265250600.0,1111707768.0,1192714278.0,1039850760.0,923211000.0,872497086.0,959027412.0,787405518.0,884507904.0,1130241894.0,1128529502.0,1376139137.0,1511980275.0,1369492128.0,1412698866.0,1097208630.0,1222304950.0,1120586123.0,1188827838.0,1005505400.0,1052785768.0,1415015290.0,1536015366.0,1857052170.0,1836595488.0,1936599814.0,1749491700.0,1407741816.0,1422515801.0,1237564335.0,1285265400.0,1064485268.0,1109371362.0,1457372553.0,1625277998.0,1990164030.0,2100281799.0,2038696380.0,1857607584.0,1656183996.0,1633196110.0,1285936586.0,1537077568.0,1175213403.0,1242764280.0,1856257554.0,2051903920.0,2293363184.0,2519840484.0,2472034448.0,2135258498.0,1915238017.0,1733073909.0,1424811276.0,1829485818.0,1354809690.0,1526457384.0,2163150819.0,2312596053.0,2724422445.0,2910556348.0,2609323500.0,2583381798.0,2206229652.0,2032439808.0,1937615310.0,2060205588.0,1481388910.0,1604708028.0,2586210720.0,2428383668.0,3084724075.0,3319181008.0,2819576254.0,2827641817.0,2333015965.0,2298994192.0,2159159730.0,2206535524.0,1630676536.0,1911518140.0,2723849682.0,2886494280.0,3409774830.0,3448106980.0,3185674800.0,3176870880.0,2454566582.0,2527801790.0,2329748680.0,2092981011.0,1640002000.0,1988228538.0,2786230448.0,3050147688.0,3591617130.0,3412895490.0,3430347535.0,3140595168.0,2639076874.0,2706903522.0,2307320991.0,2610683357.0,1961704924.0,2321259640.0,2882470563.0,2403942245.0,2230559830.0,3391615006.0,3919238871.0,3793256979.0,3751099672.0,3846315323.0,3159033504.0,3606062778.0,2599728048.0,2911160296.0,4308618748.0,4695350660.0,4857228072.0,5732492718.0,5446589352.0,4995821320.0,4401509554.0,4174752600.0,4619298288.0,4340711738.0,3248593237.0,3830509215.0,5115001584.0,5114667432.0,5492858643.0,5476258755.0,4433281552.0,4249263186.0,3759413295.0,3191822730.0,2539509624.0,2493493776.0,1814048210.0,2315669464.0,3386877824.0,3183134760.0,3901034800.0,3969322854.0,3284407896.0,3589430680.0,2978719137.0,2846907695.0,2490105030.0,2546048160.0,2035819599.0,2596362903.0,3246545700.0,3571628130.0,3969513810.0,3524670692.0,3731547310.0,3304848519.0,2914961290.0,3072070408.0,2680268704.0,2951196262.0,2184199734.0,2561721710.0,3301565120.0,3876014736.0,3969823824.0,4125288488.0,3772342770.0,3150652780.0,3168652590.0,3050186946.0,2588000768.0
394404,10,"Boston, MA",msa,MA,779342418.0,962694768.0,1185159784.0,1468032080.0,1952343057.0,1758586800.0,1653259920.0,1219595028.0,1164081060.0,806785456.0,917844883.0,600112920.0,565130169.0,740095613.0,837876627.0,1090780068.0,1658734428.0,1807348438.0,1661877235.0,1244921076.0,1287996942.0,1298292402.0,1182401283.0,762351515.0,708558300.0,1037434809.0,1355830410.0,1513211596.0,2262103632.0,1438997400.0,1457144500.0,1129657835.0,985236942.0,1038545374.0,1264075300.0,850348200.0,676476036.0,1046960015.0,1167604911.0,1486376865.0,2197926384.0,1777620215.0,1897555648.0,1337151024.0,1110735934.0,1196998614.0,1261428192.0,851399879.0,802071483.0,1163148120.0,1392053388.0,1828224983.0,2603001786.0,2249872768.0,2406201037.0,1410554160.0,1567950700.0,1757081088.0,1750901464.0,1134486641.0,914534750.0,1250522715.0,1684873440.0,2369747408.0,3003235488.0,3125322228.0,2931093280.0,2113787116.0,1929352916.0,1700127993.0,1830165764.0,1259729280.0,884908020.0,1317891456.0,1674783510.0,2374514175.0,3200054835.0,3122143943.0,2835822080.0,2112771424.0,2087056790.0,1665579618.0,2025629827.0,1356150200.0,1047330508.0,1319704628.0,1615197030.0,2306078679.0,3762858141.0,3815414350.0,3334544850.0,2488013304.0,2273963595.0,1997444180.0,2349920846.0,1605984692.0,1227982280.0,1706584490.0,2024153684.0,2703127595.0,4032215760.0,3173847165.0,3583579670.0,2689606872.0,2271341625.0,2393268432.0,2320531997.0,1851932467.0,1230019755.0,2016219690.0,2045629489.0,2949599048.0,4298926506.0,3471052585.0,3717125808.0,2678583072.0,2638420845.0,2564951735.0,2330381312.0,1799034570.0,1275088745.0,1876830910.0,2338307781.0,3098820690.0,4469152032.0,3888097695.0,3986723720.0,2527564182.0,2639426358.0,2734973734.0,2100699417.0,1687367922.0,1413338232.0,1943616342.0,2327216570.0,3339084684.0,3925800076.0,3869526330.0,3714086700.0,2620636326.0,2682987948.0,2517502560.0,2666896344.0,1882370164.0,1448262894.0,2087500104.0,2223842076.0,2136303136.0,3083722047.0,4123221102.0,4362872913.0,3897615212.0,3928796308.0,3299277666.0,3716441292.0,2300473359.0,1851753393.0,2846086688.0,3560752764.0,4118563692.0,5873610690.0,5222565180.0,5019763265.0,4226273348.0,3607359120.0,3983842720.0,3895422960.0,2510149725.0,1965514303.0,2950775423.0,3480747972.0,4550868849.0,6346818142.0,4686043968.0,4711829532.0,3647659392.0,2944071648.0,2865314181.0,2687978634.0,1655020080.0,1412960256.0,2231585511.0,2340726510.0,3238451580.0,4560560384.0,3638909759.0,3621269866.0,2717582616.0,2738433880.0,2656569744.0,2337281208.0,1877305755.0,1641199872.0,2308734571.0,2965431150.0,3794656554.0,4556399832.0,4399648207.0,3968330190.0,2954549250.0,3352238446.0,3052921905.0,3047404495.0,2249511644.0,1852995590.0,2397962070.0,3161345818.0,4209698196.0,4944270616.0,4753929544.0,4515892128.0,3552387758.0,3840140812.0,3134219692.0
394976,11,"Phoenix, AZ",msa,AZ,1035611616.0,1249468092.0,1397355096.0,1498385121.0,1448646067.0,1453111794.0,1262529155.0,1262089080.0,1128837619.0,879934368.0,1010772888.0,859168870.0,965843640.0,1189972652.0,1308417920.0,1432337150.0,1586061512.0,1512533544.0,1283246370.0,1306487179.0,1335737235.0,1227816468.0,1280832531.0,1019276460.0,1136599226.0,1545336864.0,1564620644.0,1520617950.0,1645468641.0,1180623768.0,1138068960.0,1074978939.0,1045982392.0,1024902936.0,1324403479.0,1064130987.0,1141335016.0,1556338486.0,1526640367.0,1538427301.0,1673731608.0,1302900244.0,1349477120.0,1197837383.0,1166543135.0,1152745179.0,1295281085.0,1084939866.0,1260154805.0,1632434911.0,1631088568.0,1773028756.0,1719666460.0,1472921515.0,1522156762.0,1308175330.0,1514054958.0,1456590366.0,1552212372.0,1304212126.0,1521673335.0,1878786525.0,2096233779.0,2340220464.0,2009826808.0,2035240648.0,1759047477.0,1559778987.0,1574587608.0,1326164255.0,1587058575.0,1252499259.0,1407995792.0,1769289578.0,1997995390.0,1973415010.0,1923444378.0,1728043449.0,1633441392.0,1563521747.0,1580316910.0,1262277920.0,1712398710.0,1287233801.0,1497759398.0,2118646449.0,2303840111.0,2286752448.0,2429177074.0,2199076514.0,1885079088.0,1894495056.0,1724042656.0,1452515820.0,1909895080.0,1497537136.0,1667751832.0,2355319070.0,2391765768.0,2559854588.0,2578843575.0,2159826825.0,2270093100.0,2141822956.0,2030065720.0,1986366312.0,2070239115.0,1815065655.0,1907948170.0,2850961500.0,2647056260.0,3100716307.0,3011932920.0,2435608496.0,2582102230.0,2305487485.0,2261849634.0,2266643456.0,2221597692.0,2020593564.0,2279672766.0,3126006975.0,3047905248.0,3345822327.0,3168759156.0,2815089070.0,2770043950.0,2302427448.0,2488069440.0,2273874090.0,2171230425.0,1947341748.0,2275635824.0,2898313655.0,3318745839.0,3622498092.0,3312748212.0,3133024968.0,3022132158.0,2752647183.0,2795007540.0,2555525238.0,2734901585.0,2449305838.0,2820173607.0,3371653998.0,2571169225.0,2392873926.0,3431640932.0,3935336685.0,3549412626.0,3898800602.0,4244731128.0,3869407017.0,4280771864.0,3321527350.0,3758425500.0,5110286170.0,5456699440.0,5160610818.0,5568834772.0,4934637474.0,4911091844.0,4933347309.0,4823034696.0,4914678645.0,5001698418.0,4059551936.0,4737152664.0,6096453260.0,5835457712.0,5557734554.0,5119508928.0,3600550653.0,3481278751.0,3217644744.0,2706120900.0,2408286090.0,2394077184.0,2075736289.0,2803635119.0,3818113620.0,3391223715.0,4208658669.0,3876238974.0,2974678630.0,3095099024.0,2671550742.0,2663494274.0,2361551508.0,2314092411.0,2249654120.0,3059836071.0,3594459765.0,4020742740.0,4232254692.0,3326467500.0,3125140056.0,2824437270.0,2667878512.0,3021859818.0,2697737464.0,2927866500.0,2760947211.0,3314981646.0,4059541791.0,3952227615.0,3913501319.0,3525832310.0,3171670253.0,2905585842.0,3053249112.0,3325130356.0,2885867355.0
395057,12,"San Francisco, CA",msa,CA,1442311926.0,1737752120.0,2170457520.0,2424318575.0,2372899376.0,2546317948.0,2323097716.0,2015050608.0,2067190176.0,1423844576.0,1493568125.0,1027929700.0,1110899680.0,1334108076.0,1577627931.0,1809382638.0,2240189952.0,2287233000.0,1937360000.0,2008979440.0,2149914880.0,1876958729.0,1973510624.0,1261681466.0,1266258625.0,1997814778.0,2122772859.0,2510798772.0,2551499040.0,2113302096.0,1966264438.0,1835511165.0,1806549458.0,1756120534.0,1962523728.0,1235048003.0,1304652796.0,2105986091.0,1994307760.0,2231731970.0,2560522080.0,2120079948.0,2196600804.0,1979804810.0,1742917140.0,1900244912.0,1862055744.0,1298896227.0,1554882012.0,2254331079.0,2393492200.0,2872140060.0,2949072750.0,2680627950.0,2718212100.0,2158393860.0,2618386634.0,2490964632.0,2488124826.0,1548165180.0,1766847285.0,2701199459.0,3149905483.0,3652380465.0,3481626580.0,3698660593.0,3423485984.0,2696879592.0,3175343407.0,2728977270.0,2593066050.0,1936764739.0,1957200045.0,2872309586.0,3545559342.0,3842449426.0,3789155502.0,3853198971.0,3487097130.0,3079225584.0,3614085060.0,2733809026.0,2646934628.0,1757591495.0,2067449748.0,3294844749.0,4025470193.0,4120618442.0,4531362825.0,4351562850.0,3720603875.0,3436730361.0,3538232206.0,2976065304.0,3424161951.0,1980750198.0,1964628300.0,3235328340.0,3738311038.0,4065769986.0,4592628840.0,3785369886.0,3805216990.0,3353564864.0,3578978405.0,3444247120.0,3053718140.0,2086877370.0,2137984860.0,3688719699.0,3905897526.0,4643536950.0,5065673645.0,4182016101.0,4341976032.0,3586356720.0,4311855404.0,4005535232.0,3258070236.0,2236086475.0,2573543830.0,4181913360.0,4488765906.0,5310112147.0,5316441102.0,4581475470.0,4334910850.0,3398919147.0,4450453092.0,3556681488.0,2700410112.0,1988683840.0,2492536281.0,3751506572.0,4610380202.0,5391975048.0,4753002392.0,4407405750.0,4111697651.0,3508318800.0,4569917518.0,3620127126.0,3350729018.0,2253127508.0,2612988570.0,3648508383.0,2493312516.0,2426679332.0,4316554824.0,5413159070.0,5292559804.0,5426467830.0,5597132962.0,5352732947.0,5429235060.0,3543059926.0,3945390328.0,6256235760.0,7596138447.0,7219743370.0,8171400339.0,7087252311.0,6650568045.0,6294879160.0,6351400727.0,6362292148.0,5137696590.0,3370039465.0,3926087892.0,6711636582.0,7035153944.0,7268742624.0,5990858708.0,4478872262.0,4569420448.0,4452382403.0,3915026730.0,3326366637.0,2705493132.0,1735633473.0,2329576084.0,3685041738.0,3525903802.0,4680971468.0,4594981425.0,3680804400.0,3799992575.0,3520315140.0,3753711918.0,3172972038.0,2602756572.0,2043553930.0,2869367945.0,3757767573.0,4776367452.0,5222642004.0,4513521590.0,4391335800.0,3937928808.0,3710610077.0,4625003003.0,3746349462.0,3064062437.0,2169601500.0,3043671120.0,4334954928.0,4673539872.0,4872924160.0,4684295144.0,4247916345.0,3703745504.0,4241494924.0,4965214770.0,3842824843.0
395025,13,"Riverside, CA",msa,CA,883033672.0,1140008638.0,1267328907.0,1442813528.0,1462748580.0,1565212440.0,1401365835.0,1474694910.0,1537920450.0,1159381992.0,1377963657.0,1093961100.0,1086500598.0,1319452743.0,1348337601.0,1323272500.0,1487001288.0,1474620725.0,1286164708.0,1414915425.0,1343632980.0,1179341450.0,1387993256.0,1077742690.0,1067936936.0,1403142920.0,1401396450.0,1439583447.0,1527298153.0,1267418998.0,1168016598.0,1145170175.0,1096318236.0,1057516065.0,1247355792.0,974996846.0,1015907854.0,1297515492.0,1228555952.0,1207670256.0,1298262600.0,1113713276.0,1235205312.0,1092737301.0,1035022305.0,1033137827.0,1158757670.0,935808120.0,1033703566.0,1359886455.0,1237405905.0,1454450150.0,1374908958.0,1230778444.0,1489422956.0,1064406536.0,1263776260.0,1236874720.0,1304061428.0,1119916800.0,1142952144.0,1422030974.0,1595233750.0,1718136567.0,1584561155.0,1658487657.0,1668423464.0,1427803582.0,1500446640.0,1302441308.0,1389272808.0,1226613345.0,1182226896.0,1465015500.0,1663097176.0,1723352640.0,1638820206.0,1641356500.0,1492686518.0,1455855102.0,1505577760.0,1244126916.0,1482258348.0,1179449600.0,1183530855.0,1684828025.0,1879361901.0,1810378416.0,1990907212.0,2016001686.0,1721029248.0,1677237081.0,1614770172.0,1311108324.0,1687957800.0,1259937431.0,1358598912.0,1879171533.0,1873952910.0,2029269154.0,2209583580.0,2009218820.0,2048816370.0,1979105124.0,1806618000.0,1796786400.0,1864550476.0,1567242600.0,1503200027.0,2259384886.0,2100042676.0,2394213435.0,2641320730.0,2192360499.0,2396068842.0,2107153224.0,2081136330.0,1881121060.0,1931933640.0,1690459428.0,1667997450.0,2239367130.0,2339135784.0,2518518380.0,2403106837.0,2329425280.0,2307111140.0,1900240480.0,2065432800.0,1799249760.0,1618709238.0,1495555600.0,1540030485.0,2055876556.0,2341818857.0,2605115208.0,2357642560.0,2522549925.0,2430900720.0,2181198360.0,2363257652.0,1905129669.0,2003272810.0,1800156510.0,1814726732.0,2261648642.0,1666812600.0,1517688087.0,2289968220.0,2996480609.0,3042145325.0,3193925625.0,3286003688.0,2928152864.0,3397424607.0,2538482338.0,2610936965.0,3745936910.0,3784661673.0,3489739392.0,4079075670.0,3801213174.0,3696608606.0,3636659400.0,3607326660.0,3631557069.0,3739607436.0,2975650340.0,2965551186.0,4169396391.0,3953696416.0,3749616624.0,3482261274.0,2653487100.0,2769226555.0,2498069601.0,2145806544.0,1780836623.0,1803589242.0,1647469075.0,1850310210.0,2536805299.0,2379420429.0,2797888002.0,2664928476.0,2166975544.0,2278740779.0,1987349004.0,2010655328.0,1776882992.0,1825814778.0,1727036376.0,2005805976.0,2339975616.0,2598632742.0,2661464289.0,2295924120.0,2483970720.0,2359452003.0,2045777804.0,2262746295.0,1951643980.0,2137622616.0,1966430028.0,2104333020.0,2507259204.0,2704670118.0,2610006168.0,2451068400.0,2529391392.0,2243561985.0,2240560680.0,2497311986.0,2015983442.0
394532,14,"Detroit, MI",msa,MI,567715915.0,596038144.0,698632647.0,706558624.0,749566518.0,759216288.0,755295092.0,730566000.0,691936036.0,513746813.0,508470340.0,429699150.0,424990650.0,536591160.0,565100340.0,548575967.0,647931630.0,659627655.0,616913706.0,639289150.0,654696744.0,608334848.0,577747276.0,437578751.0,469061747.0,635102958.0,636973050.0,628219598.0,766857301.0,546450447.0,610316160.0,574329000.0,537820149.0,490961232.0,508182752.0,429071202.0,432451250.0,593836680.0,566724864.0,600707380.0,691848420.0,690724584.0,763264385.0,658375480.0,577712654.0,545787984.0,528471291.0,479000417.0,497455225.0,630092548.0,636061452.0,744254231.0,844415330.0,816468822.0,942021432.0,754673942.0,929899165.0,774738320.0,712222632.0,685570452.0,616524200.0,824789966.0,827946852.0,1028806290.0,1066764020.0,1184623640.0,1207919094.0,1096532878.0,1022050393.0,819872768.0,802837818.0,654964888.0,600245110.0,710673800.0,823804011.0,1026355212.0,1132321680.0,1191333472.0,1197518592.0,1095152886.0,1092300188.0,836184517.0,861479790.0,676804425.0,649758312.0,845613398.0,967883962.0,1079943513.0,1357009740.0,1394391887.0,1263906820.0,1278185670.0,1142969442.0,855591444.0,955202850.0,794694240.0,758508142.0,1007392918.0,1065983820.0,1278891526.0,1552939164.0,1335147093.0,1489408650.0,1334070724.0,1243540620.0,1122096960.0,1051576266.0,911162658.0,787743858.0,1125397790.0,1127600562.0,1475107200.0,1715938014.0,1469188224.0,1678703554.0,1400847937.0,1417498465.0,1222878000.0,1050183840.0,887929784.0,811330043.0,1096046688.0,1219513666.0,1556099493.0,1648944432.0,1660542000.0,1709827182.0,1348707020.0,1378622700.0,1155880088.0,997425864.0,849573648.0,836118056.0,1061795280.0,1236713243.0,1596765984.0,1598660760.0,1636679240.0,1678576536.0,1432309815.0,1448490320.0,1200764063.0,1101257520.0,997365404.0,903242844.0,1130518818.0,790130600.0,642803877.0,,2058888714.0,2041628137.0,2004845310.0,1975520028.0,1647586140.0,1718594631.0,1331960268.0,1205422044.0,1559543784.0,1680110250.0,1905932199.0,2349383081.0,2102650544.0,2189407728.0,2106954336.0,1968060366.0,1800733340.0,1686130412.0,1354916281.0,1295952108.0,1595626213.0,1737407488.0,1961559468.0,2260449620.0,1923219684.0,2011667184.0,1771471650.0,1568773489.0,1265257344.0,1104738025.0,870443048.0,964305272.0,1309373970.0,1182520260.0,1643836629.0,1881219810.0,1603961100.0,1729614897.0,1547813438.0,1414519695.0,1269333974.0,1055997504.0,979736580.0,980654372.0,1227425325.0,1446432182.0,1771083770.0,1727978822.0,1851722416.0,1788262032.0,1581065830.0,1671246192.0,1357414744.0,1256729880.0,1047394158.0,1076635615.0,1205933820.0,1535579400.0,1847958057.0,1966500515.0,2048686150.0,1921339611.0,1673870460.0,1661588031.0,1356572680.0
395078,15,"Seattle, WA",msa,WA,1032135672.0,1239554820.0,1302500197.0,1334331087.0,1451816696.0,1290299568.0,1173918666.0,1094216288.0,972193824.0,595990929.0,725884720.0,479865672.0,559063847.0,703206840.0,759089250.0,880276866.0,1247399040.0,1242881959.0,1157246886.0,1151247123.0,1208783496.0,1102610880.0,995415246.0,670532180.0,764123992.0,1181698925.0,1299371441.0,1311747144.0,1399841608.0,1034994390.0,1018018214.0,933082016.0,871455876.0,823821354.0,1025559552.0,659057856.0,715903552.0,1066295088.0,1090788897.0,1099548300.0,1317971257.0,1134825468.0,1232620528.0,1065123542.0,957163688.0,946893216.0,957430746.0,660790156.0,783455904.0,1080927951.0,1221487500.0,1419002607.0,1585724764.0,1475158272.0,1586579980.0,1292347880.0,1441119845.0,1345963059.0,1336207662.0,884391911.0,990995668.0,1465547514.0,1702080512.0,2085889359.0,2036627655.0,2242611441.0,2124229526.0,1813453620.0,1724771336.0,1379682616.0,1441387485.0,1020605160.0,1158842620.0,1479814096.0,1880987251.0,2096655288.0,2298063120.0,2349166479.0,2092847976.0,1935499583.0,1991851928.0,1548257652.0,1629291024.0,1137488067.0,1238392379.0,1947850335.0,2406335110.0,2585933656.0,3051940956.0,2922116886.0,2614500924.0,2438830530.0,2262219510.0,1757122325.0,2102205014.0,1316804546.0,1513446008.0,2296297785.0,2533182171.0,3023503578.0,3495937647.0,3218439336.0,3224458409.0,2862870648.0,2707710888.0,2537055205.0,2287603401.0,1764029048.0,1732557636.0,2538211200.0,2667732991.0,3622861872.0,4126321940.0,3633052152.0,3862204010.0,3304049144.0,3205285935.0,2873185920.0,2485836934.0,1758256326.0,2019353448.0,2845860512.0,3309516672.0,3836805128.0,4114304027.0,3723388650.0,3396920672.0,2603576360.0,2842544456.0,2412501598.0,2087573992.0,1555453889.0,1901921540.0,2471145500.0,3127591888.0,3701922146.0,3762369930.0,3792227208.0,3494911544.0,2795450114.0,3080957160.0,2559783518.0,2617168140.0,1686494080.0,2008030182.0,2765562720.0,2437549668.0,2401626347.0,3689164224.0,4272594036.0,4324794810.0,4563855570.0,4647946674.0,3729843645.0,3597415500.0,2303880160.0,2697415560.0,4224409550.0,5154149728.0,5330159821.0,6447130920.0,6034949025.0,5712969873.0,5461758816.0,5042800774.0,4479475364.0,3840708958.0,2233676925.0,2929581916.0,5030922839.0,5645986024.0,5774378736.0,5423235247.0,3914232294.0,4094728410.0,3757730827.0,3110829840.0,2388117152.0,1873486181.0,1406445360.0,1872162747.0,2759475552.0,2751898633.0,3320273724.0,3655334952.0,3220428150.0,3372201702.0,2845311183.0,2658840802.0,2116941072.0,1748194920.0,1607138940.0,2161458540.0,2912033898.0,3617981248.0,4136584576.0,3657848460.0,3972881800.0,3692058302.0,3119920664.0,3754008720.0,2907001620.0,2460163425.0,1843833477.0,2407139046.0,3233391915.0,3787171362.0,3764476410.0,4184119532.0,3922824603.0,3619079120.0,3245034750.0,3476378059.0,2494818391.0
394865,16,"Minneapolis, MN",msa,MN,594081350.0,715175580.0,837600620.0,950399410.0,1040456294.0,1035327566.0,935981790.0,853584390.0,697747184.0,527568588.0,492233427.0,376813150.0,386105625.0,509853528.0,631788080.0,754122690.0,929731785.0,990839169.0,909191375.0,873218048.0,887282102.0,775531960.0,613640815.0,441977032.0,477176161.0,703523664.0,863979034.0,823402421.0,975540240.0,653230045.0,671085018.0,618555722.0,546834904.0,536279832.0,548583836.0,428951880.0,403297780.0,573331710.0,631077576.0,699701470.0,825475388.0,771688160.0,837381405.0,709831670.0,694336500.0,619797142.0,625266428.0,535659948.0,569681500.0,771562094.0,859790295.0,1014167790.0,1179063872.0,1061614944.0,1171989840.0,933882680.0,1022822300.0,881583959.0,828781756.0,641342664.0,629280135.0,871177356.0,1031794310.0,1343063464.0,1429769570.0,1484763721.0,1625529360.0,1255486842.0,1156824614.0,974775891.0,892038144.0,703878500.0,683654387.0,880537621.0,1067898650.0,1332307680.0,1568581735.0,1483273820.0,1425067859.0,1107330404.0,1190135080.0,908266932.0,937992762.0,751864960.0,748656250.0,1129672587.0,1450228290.0,1683175306.0,1966040241.0,1794732500.0,1641708096.0,1436388282.0,1352743218.0,1034263160.0,1119067091.0,915689320.0,896045320.0,1274161822.0,1347788751.0,1524167514.0,2200467438.0,1835640319.0,1900746895.0,1610449480.0,1408514940.0,1242008075.0,1153632996.0,871060385.0,781405958.0,1212002610.0,1390549336.0,1889362696.0,2350791915.0,1922574818.0,1984516980.0,1610320062.0,1484144948.0,1324472688.0,1172368995.0,833840224.0,777704774.0,1212373530.0,1436803741.0,1784789727.0,2226294684.0,1933239018.0,2082397510.0,1598778770.0,1629325879.0,1388211875.0,1126065984.0,852414100.0,854853225.0,1172749242.0,1389709935.0,1960725900.0,2234353056.0,2221616085.0,2213056880.0,1801233730.0,1718392536.0,1457642475.0,1347966312.0,968453486.0,930686791.0,1357737216.0,1492602750.0,1485708070.0,2037641335.0,2392880000.0,2387086416.0,2349113455.0,2550594630.0,1997628122.0,1806804956.0,1244195584.0,1176632912.0,1625823378.0,1939308998.0,2298084295.0,3198904632.0,2869712600.0,3012617311.0,2643437160.0,2438700994.0,2197667055.0,1972227950.0,1206689233.0,1094426400.0,1615347530.0,1978177008.0,2407000344.0,2908750636.0,2394403357.0,2396515100.0,2032099120.0,1668616218.0,1346615648.0,1130696135.0,812062361.0,842006696.0,1189006956.0,1239704378.0,1670158140.0,2305486260.0,1960915291.0,2179351440.0,1769177196.0,1552316146.0,1248198822.0,1114396188.0,869035072.0,919794412.0,1214790500.0,1559270904.0,1884446928.0,2018637396.0,1989204036.0,1983374502.0,1612733750.0,1740157332.0,1441661200.0,1367793141.0,1005911920.0,990572000.0,1376212946.0,1709140914.0,2094867843.0,2369991144.0,2084595435.0,2082920190.0,1881000000.0,1931984768.0,1432090268.0
395056,17,"San Diego, CA",msa,CA,728829159.0,838895940.0,1125443650.0,1277406474.0,1185085695.0,1329579966.0,1156013694.0,1180199174.0,1242218390.0,829961608.0,1027307088.0,789296031.0,759571844.0,946895872.0,1079065560.0,1058100556.0,1248045358.0,1322449422.0,1156509536.0,1219776792.0,1263791695.0,1091394477.0,1285535720.0,844551840.0,905857680.0,1229186344.0,1277050640.0,1467482075.0,1446954000.0,1192830984.0,1178765150.0,1149355494.0,1047349872.0,957355016.0,1186153540.0,775461213.0,870754500.0,1215546904.0,1257300078.0,1220492286.0,1297028165.0,1171216080.0,1219316616.0,1140240832.0,1015245009.0,993894915.0,1164264494.0,892992015.0,971865466.0,1268099280.0,1401051300.0,1505209125.0,1556480984.0,1419010250.0,1667484544.0,1283240088.0,1485973060.0,1418983460.0,1547617981.0,1115329347.0,1166921336.0,1662648390.0,1811814584.0,2083521399.0,1945908935.0,2106348144.0,1925792676.0,1645454949.0,1691560690.0,1414713195.0,1455508204.0,1192961474.0,1187484340.0,1626141504.0,1903872575.0,1845811677.0,1946040672.0,1838967164.0,1757444880.0,1767603640.0,1726607232.0,1315104336.0,1640337885.0,1243637244.0,1385775575.0,1873366061.0,2186228500.0,2076268898.0,2495911803.0,2334170592.0,2011156983.0,1913578363.0,1742095200.0,1465057957.0,1877266038.0,1292627128.0,1386106907.0,2001836050.0,2258278725.0,2330610792.0,2481363081.0,2147243520.0,2302410177.0,2123213442.0,2056386447.0,1905527680.0,1868511744.0,1433506910.0,1523281794.0,2143725788.0,2180578803.0,2553069278.0,2723597902.0,2339261568.0,2495932248.0,2111661255.0,2187483588.0,1943876150.0,1869909165.0,1558826460.0,1630344068.0,2192987277.0,2366264880.0,2561723310.0,2605662108.0,2421449514.0,2509355443.0,1871556822.0,2045092080.0,1772870580.0,1635114597.0,1250127173.0,1508910957.0,1935526740.0,2345810775.0,2527630336.0,2338907045.0,2471850100.0,2450036940.0,2131172160.0,2254720710.0,2077670592.0,2053174640.0,1711387496.0,1812935126.0,2237205210.0,1796472264.0,1437773305.0,2405793354.0,3118586874.0,3047239190.0,3297136530.0,3308240670.0,2860530715.0,3072700720.0,2062183266.0,2408547460.0,3117568466.0,3850901475.0,3618381010.0,4234677150.0,3903175647.0,3711005026.0,3719585701.0,3382368275.0,3174459768.0,3285673880.0,2472801800.0,2823101173.0,3795572240.0,3764099072.0,3701132143.0,3233535010.0,2500075732.0,2778267828.0,2444093175.0,2226984921.0,1847427227.0,1819759851.0,1602746006.0,1849301250.0,2672915460.0,2488088988.0,2809268217.0,2567493182.0,2592539040.0,2769072748.0,2171497328.0,2110662393.0,1841249320.0,1578726522.0,1673682945.0,2212800772.0,2501696432.0,2734537936.0,2891664744.0,2603578572.0,2749855104.0,2599821816.0,2243509680.0,2471133024.0,2111737452.0,2068484565.0,1845638676.0,2099838990.0,2417590800.0,2868446656.0,2654096050.0,2528424080.0,2558017184.0,2620898930.0,2535093153.0,2554268958.0,2026699620.0
395148,18,"Tampa, FL",msa,FL,441380780.0,527352173.0,578873367.0,607718880.0,606557196.0,604357655.0,519288795.0,494615690.0,436287930.0,332814324.0,448523992.0,324442512.0,352042515.0,459263792.0,471934080.0,483641032.0,589466632.0,563213892.0,508980024.0,537961820.0,520325895.0,460313073.0,543534815.0,365600290.0,399744393.0,594732060.0,638055712.0,597483771.0,654307178.0,487377226.0,477724168.0,472015512.0,434046177.0,420293100.0,550591617.0,366722694.0,424717260.0,607027304.0,596448288.0,563301855.0,620707857.0,530134848.0,578378583.0,525200952.0,459406420.0,412397730.0,534792960.0,398859627.0,459711552.0,612810000.0,638872874.0,694589995.0,721077364.0,677485124.0,701978190.0,598775116.0,687193304.0,662719148.0,708936104.0,551633313.0,584357853.0,781174100.0,875536222.0,968137236.0,962204688.0,988886118.0,943000422.0,804141310.0,758571297.0,651829185.0,810179136.0,599896428.0,623493318.0,835334096.0,902616102.0,969999435.0,1023020724.0,984708936.0,957288500.0,903120355.0,997880378.0,765828457.0,1033142897.0,661585985.0,802116364.0,1097292430.0,1208400444.0,1188771122.0,1381734930.0,1271079216.0,1119476160.0,1126797552.0,1060235715.0,859084340.0,1149019989.0,811418571.0,956075475.0,1241354272.0,1354380972.0,1350824870.0,1512736896.0,1354540266.0,1343026344.0,1221343656.0,1124428348.0,1163327835.0,1288645740.0,993493430.0,1067623128.0,1520174812.0,1445419547.0,1757003016.0,1858164616.0,1576531872.0,1568376972.0,1159783296.0,1282030290.0,1208379566.0,1352202982.0,1021611780.0,1130934808.0,1542402350.0,1597401250.0,1718516672.0,1799504230.0,1591620940.0,1606201527.0,1315072840.0,1411877376.0,1304645594.0,1279604448.0,1019956928.0,1211780247.0,1513463714.0,1695619641.0,1835027019.0,1798684141.0,1807261378.0,1681574235.0,1422477987.0,1491386694.0,1280268525.0,1523004288.0,1092032640.0,1263626826.0,1664750626.0,1294440024.0,1165688181.0,1821252750.0,2127175620.0,2025371837.0,1975995211.0,2041288460.0,1788329994.0,2157458810.0,1561260168.0,1753919544.0,2514298046.0,2654889684.0,2504985194.0,2812560975.0,2566865152.0,2610811566.0,2563629334.0,2486695540.0,2507363186.0,2805357935.0,2167966108.0,2268391780.0,2931228971.0,2887143042.0,3024222210.0,2991518650.0,2367057276.0,2314757388.0,1723914275.0,1906516647.0,1458483836.0,1618884330.0,1288253058.0,1630221912.0,2221728852.0,2108701808.0,2509216756.0,2521790381.0,2079069360.0,2161935216.0,2028840322.0,1772151904.0,1588920795.0,1661131520.0,1374425172.0,1725559890.0,2180888535.0,2428891250.0,2464922576.0,2197819520.0,2188170116.0,2048648154.0,1500013560.0,1559979625.0,1505493478.0,1963042938.0,1457300740.0,1747114512.0,2141669865.0,2188467120.0,2258469200.0,2237868661.0,2021623317.0,1945430712.0,1790448352.0,1890557548.0,1542079520.0
394530,19,"Denver, CO",msa,CO,812705620.0,930775860.0,1031517135.0,1157847206.0,1211557282.0,1206190858.0,1034407883.0,1019397366.0,971921288.0,616610176.0,684447360.0,477211176.0,552683362.0,724022320.0,731102976.0,845627448.0,1019188940.0,1043392938.0,917081876.0,870274855.0,904263048.0,784976016.0,725540992.0,510194280.0,578070372.0,883523598.0,1010498280.0,1038523356.0,1067055662.0,788538025.0,753250008.0,744272046.0,698887234.0,648604388.0,722094912.0,478258870.0,524760219.0,759010924.0,833649600.0,906361218.0,1039033261.0,929024096.0,933633395.0,808293539.0,754197788.0,713424140.0,722084274.0,557662914.0,607363920.0,880287840.0,1028518935.0,1283418340.0,1415866358.0,1286673786.0,1302724580.0,1117023432.0,1125908100.0,1036142354.0,983124288.0,765487425.0,840600450.0,1255196112.0,1468443597.0,1793088609.0,1847523600.0,1966500580.0,1721403040.0,1413415500.0,1365243624.0,1121148063.0,1130941818.0,837984000.0,893872634.0,1191632487.0,1505743900.0,1832821938.0,1971117912.0,1958240256.0,1768111476.0,1590200568.0,1592531100.0,1240897150.0,1395848919.0,912259331.0,1056148610.0,1524309402.0,1782660366.0,2045467353.0,2391387003.0,2296313511.0,2028915600.0,1933705040.0,1796750187.0,1358253000.0,1651494710.0,1171796263.0,1161533034.0,1687587221.0,1831022036.0,2150672489.0,2417983650.0,2215292175.0,2276139621.0,2058465906.0,1913788000.0,1797653520.0,1773838458.0,1327760280.0,1284889084.0,1974052179.0,2054788036.0,2472830688.0,2715359824.0,2321734724.0,2360647584.0,2035221920.0,2091266892.0,1937656974.0,1725811071.0,1365163771.0,1442459160.0,2102170290.0,2302277328.0,2695461756.0,2768227812.0,2494326025.0,2488493488.0,1857689471.0,2000483568.0,1748330143.0,1521318672.0,1245769488.0,1502147910.0,1968284070.0,2331455040.0,2778731010.0,2649011505.0,2703982215.0,2505770935.0,2163565824.0,2211574567.0,1806462548.0,1866091581.0,1427329945.0,1614381615.0,2184959007.0,1739696478.0,1485751256.0,2818184425.0,3472626300.0,3108213878.0,3041571811.0,3109751300.0,2489185602.0,2439051726.0,1638185130.0,1967929161.0,2836944132.0,3308903884.0,3369796953.0,4076846124.0,3700785935.0,3624107746.0,3401340544.0,3219584528.0,3212392700.0,2818702040.0,1786183746.0,2138241150.0,3250882440.0,3659080209.0,3807215112.0,3699609884.0,2819071710.0,2656371338.0,2478058080.0,1973708292.0,1667914281.0,1445135364.0,1142698492.0,1552435200.0,2274043750.0,2243678325.0,2672721735.0,2782496863.0,2402017380.0,2494968511.0,2049918418.0,1886064450.0,1583750892.0,1456147728.0,1199710005.0,1788272256.0,2271031176.0,2549913522.0,2842327722.0,2518485982.0,2505017865.0,2444352945.0,2052906400.0,2284686600.0,1963293156.0,1883727898.0,1488366558.0,1823090223.0,2393196120.0,2806879039.0,2885961414.0,2855395157.0,2573603490.0,2398300500.0,2256219030.0,2391119550.0,1884364620.0
394358,20,"Baltimore, MD",msa,MD,669292176.0,796941595.0,811936344.0,849538575.0,1020588180.0,769872009.0,773481474.0,749694267.0,651895193.0,483365610.0,564840380.0,384887991.0,396051510.0,568173216.0,558494580.0,645463213.0,838561941.0,795387168.0,812275925.0,737234036.0,767064168.0,728843360.0,658276399.0,489314844.0,444976542.0,687989946.0,701929350.0,816050670.0,949645130.0,637696675.0,725142400.0,679252156.0,597779437.0,568092602.0,607612968.0,470200586.0,439929740.0,583177708.0,625289729.0,658614816.0,830687214.0,676579410.0,672815766.0,632945496.0,562078608.0,548367975.0,574683144.0,438378552.0,440244441.0,549733737.0,654871350.0,758112165.0,924438460.0,754633663.0,799613870.0,718495119.0,646663170.0,678820914.0,664277775.0,562816864.0,445276104.0,616162005.0,781845480.0,983649725.0,1111651803.0,1047226530.0,980007840.0,833154290.0,810894444.0,739322500.0,723628080.0,470408109.0,469559829.0,619740740.0,733616286.0,880498512.0,1131018198.0,1018136679.0,959503226.0,852499584.0,839621367.0,687715102.0,854910864.0,549488232.0,567181324.0,766621161.0,844712490.0,1045548336.0,1346358672.0,1172238210.0,1111025395.0,944629305.0,937485030.0,756558456.0,969696689.0,674600196.0,708880410.0,879740204.0,1020032520.0,1269993041.0,1560203133.0,1216326944.0,1244711334.0,1103684200.0,1058263239.0,1005654534.0,1130614960.0,829606320.0,803271246.0,1076040857.0,1151838240.0,1443518944.0,1800267568.0,1331091150.0,1415292230.0,1143085438.0,1149682608.0,1042607879.0,987122717.0,741516768.0,726586308.0,1005305730.0,1155698940.0,1345829888.0,1568883375.0,1301023692.0,1416499488.0,1029912064.0,1073175906.0,979371090.0,868472616.0,738361822.0,689201064.0,1006167702.0,1133358837.0,1420889960.0,1555774777.0,1406681790.0,1377940395.0,1132431102.0,1129167564.0,1005468030.0,1068663468.0,876741253.0,824364255.0,1111973808.0,1093604148.0,1036900210.0,1525575513.0,1778179380.0,1715969501.0,1718653374.0,1930639306.0,1649523832.0,1774629801.0,1361995292.0,1382736300.0,1949336312.0,2029106702.0,2111554483.0,2556074196.0,2301075408.0,2220117856.0,2076253070.0,2073388980.0,2019224328.0,1858982895.0,1333145946.0,1279329155.0,1823438606.0,1909345905.0,2067487919.0,2131091690.0,1723877648.0,1835845284.0,1583323005.0,1334899764.0,1187365612.0,1082583762.0,820506753.0,868327259.0,1204024255.0,1198887402.0,1513231600.0,1656175690.0,1322831680.0,1393882036.0,1242698041.0,1158483224.0,1074974040.0,975920940.0,827717216.0,878440475.0,1139084960.0,1309101350.0,1547375520.0,1532998680.0,1520289000.0,1438250788.0,1273267590.0,1413888878.0,1225674620.0,1267567520.0,984693528.0,868131804.0,1139630545.0,1413311114.0,1574366570.0,1724926252.0,1515495670.0,1473519116.0,1370547675.0,1464319008.0,1233187079.0
395121,21,"St. Louis, MO",msa,MO,364303900.0,455095795.0,530830212.0,644638136.0,661869160.0,637942275.0,566456229.0,478230961.0,456082757.0,327160110.0,321878038.0,240004219.0,259710906.0,351646540.0,372002976.0,456288690.0,575276608.0,595117044.0,488301970.0,499932048.0,499723280.0,439315980.0,318115840.0,229893352.0,253354815.0,455263057.0,499790984.0,580406442.0,607359280.0,403524280.0,374176556.0,378045450.0,349118973.0,315559444.0,363822380.0,239679447.0,243962446.0,324511759.0,371645010.0,457341497.0,523730082.0,429238836.0,478055736.0,402287545.0,374111276.0,375261218.0,357989121.0,263201960.0,303151275.0,382843878.0,474517589.0,632459730.0,593626840.0,592892240.0,586792536.0,455609000.0,461080500.0,449702954.0,444818595.0,377628732.0,335118832.0,472723472.0,560355501.0,716412655.0,707776436.0,759048231.0,733368600.0,562100055.0,555289004.0,452293366.0,483440005.0,353106900.0,324200536.0,443319189.0,551949075.0,732746566.0,819144469.0,786007105.0,762600492.0,624218606.0,640034100.0,482304284.0,543756114.0,352817531.0,394864925.0,587994948.0,684751025.0,827907412.0,969173069.0,971110850.0,779705330.0,691778448.0,645940668.0,526018206.0,659036133.0,442245950.0,445506774.0,669059325.0,755924160.0,936403700.0,1108822856.0,888190424.0,908317485.0,794046341.0,724770965.0,679072170.0,670837311.0,471092664.0,469796976.0,758125172.0,794789679.0,1029274400.0,1138336514.0,999278020.0,986919545.0,809666301.0,776191815.0,740563305.0,686875876.0,510432417.0,508519440.0,744509328.0,854981290.0,1098571764.0,1136016993.0,1042241904.0,1024123488.0,772781394.0,807000997.0,723158088.0,655759685.0,553463728.0,516480580.0,756398721.0,908134175.0,1106802264.0,1168819470.0,1102098600.0,1062777882.0,848809575.0,872422216.0,729748460.0,807785616.0,567165748.0,573419124.0,804632280.0,805749120.0,823528569.0,1133524300.0,1326801635.0,1407420416.0,1225713260.0,1190709660.0,1074049452.0,1129551660.0,791605494.0,747223540.0,1067633700.0,1151760226.0,1274894955.0,1625719128.0,1547567052.0,1504252388.0,1395918576.0,1239050448.0,1213400112.0,1174766320.0,770413488.0,735337776.0,1026057270.0,1138848280.0,1258493709.0,1560063840.0,1303195776.0,1331405724.0,1160535260.0,968709616.0,856576000.0,799372800.0,559821268.0,609785780.0,858468976.0,843910200.0,1070897112.0,1373779071.0,1137665466.0,1248781905.0,1037414076.0,946911888.0,890074730.0,785628792.0,599935080.0,690709624.0,854894408.0,995355202.0,1214941221.0,1198855416.0,1222058826.0,1188169794.0,985532592.0,1128887628.0,913203098.0,937223892.0,668646928.0,658615909.0,903789664.0,1089214712.0,1322081330.0,1265675454.0,1427151800.0,1315753303.0,1150462944.0,1274534004.0,987108392.0
394943,22,"Orlando, FL",msa,FL,331519635.0,414384978.0,405719073.0,428531250.0,486620136.0,451940499.0,368133832.0,384559862.0,342229438.0,283584207.0,329829240.0,265762424.0,279647064.0,365538693.0,361024776.0,340341540.0,437961362.0,474406295.0,429121479.0,420243156.0,439622810.0,414065427.0,453240120.0,325837204.0,316874424.0,463742522.0,442512576.0,475127976.0,543529329.0,424695022.0,426193656.0,373533386.0,344113608.0,332435975.0,406406714.0,326827593.0,352880248.0,444735291.0,457150320.0,449629986.0,470966262.0,418633744.0,424958544.0,395768527.0,389420080.0,370325436.0,443878212.0,308500652.0,364918353.0,476802144.0,463878168.0,502046930.0,518702208.0,490625100.0,519469930.0,421295130.0,494560816.0,476382264.0,520497935.0,400370740.0,466133619.0,593550657.0,636803370.0,681460810.0,647267520.0,735546160.0,703216800.0,597860016.0,582657647.0,499084788.0,585974290.0,457367843.0,477529460.0,597725445.0,665850078.0,735092788.0,739462500.0,754561179.0,680290650.0,693288742.0,696388836.0,555284328.0,703356264.0,511615364.0,599748870.0,812839716.0,807644625.0,851619265.0,955242052.0,948354025.0,860803559.0,830318952.0,750542884.0,616227981.0,832070988.0,598722050.0,643391304.0,844543350.0,889986600.0,992712162.0,1076731176.0,958608784.0,986893443.0,889059600.0,807416514.0,733613307.0,838602622.0,687044682.0,766145625.0,1060971075.0,943883226.0,1195359975.0,1249810354.0,1069742114.0,1115336073.0,839491824.0,908560920.0,865452182.0,960008750.0,774122180.0,790258626.0,1105756050.0,1120982970.0,1279650190.0,1267655410.0,1235309568.0,1224010232.0,982113691.0,1052873822.0,924952000.0,952864566.0,760156068.0,863743837.0,1091549502.0,1214314686.0,1337177646.0,1261034158.0,1326089793.0,1279241400.0,1070323400.0,1116778576.0,951547813.0,1137916375.0,847677636.0,926644410.0,1200466067.0,861080532.0,787124331.0,1116006481.0,1409971290.0,1358814249.0,1343356395.0,1358542996.0,1246665384.0,1477690711.0,1088268345.0,1244854116.0,1806725694.0,1876296085.0,1777618432.0,2141645989.0,1992548896.0,1969466337.0,1870982256.0,1807260696.0,1777504795.0,1869895280.0,1515141915.0,1616100734.0,2126205452.0,2041014612.0,2081174177.0,2142296703.0,1755627939.0,1711700512.0,1331010606.0,1387047095.0,1007063700.0,1111868125.0,848020999.0,1072340487.0,1471966878.0,1373688600.0,1633154215.0,1681151300.0,1441219038.0,1449098925.0,1275108666.0,1270093440.0,1013037873.0,1049840454.0,884836498.0,1143545808.0,1427873296.0,1485735084.0,1595899620.0,1460448471.0,1469623620.0,1380099340.0,1244773224.0,1186349952.0,967981400.0,1168235356.0,981684352.0,1076146620.0,1381085276.0,1430170560.0,1504448506.0,1468587406.0,1426972140.0,1274146407.0,1226913618.0,1286124476.0,1057016506.0
394458,23,"Charlotte, NC",msa,NC,451085382.0,516756770.0,541151340.0,581917512.0,612867672.0,581907688.0,498322850.0,424911003.0,367911720.0,233632600.0,284982768.0,206835295.0,242367554.0,309544924.0,319616745.0,351152984.0,442712980.0,475005948.0,407671815.0,398798037.0,426603276.0,370142442.0,362483380.0,258926148.0,268794498.0,428210487.0,454700840.0,498127547.0,526377664.0,392565074.0,372905532.0,354171554.0,315759456.0,305656830.0,350436240.0,241257960.0,245813400.0,370112975.0,387283365.0,429588064.0,491248297.0,392757885.0,455459367.0,387281500.0,321647022.0,290888875.0,352513840.0,242043087.0,285303170.0,411965068.0,435451386.0,546962253.0,690205728.0,547837332.0,601577487.0,439804458.0,476510904.0,470987985.0,490567042.0,354421725.0,399814938.0,554044620.0,659127920.0,805315859.0,817051230.0,799415436.0,742010493.0,568768525.0,584403297.0,527824140.0,575043102.0,427447192.0,382257054.0,536160690.0,640963480.0,782301245.0,914617326.0,860748084.0,814823770.0,674300136.0,717428985.0,524468320.0,665908682.0,467057808.0,487863034.0,715164142.0,746578980.0,864305400.0,1102694610.0,1068408590.0,916714116.0,827605415.0,720728580.0,569860480.0,712021784.0,476036778.0,558629310.0,842523870.0,922820283.0,1094689600.0,1276568220.0,1053477747.0,1114411275.0,991340280.0,858967948.0,848694690.0,867618747.0,664009655.0,650043723.0,1125447288.0,1091888161.0,1261247820.0,1491077192.0,1314306812.0,1329831528.0,1107672404.0,1066251648.0,924715248.0,869864216.0,702590044.0,734582828.0,1109040540.0,1153298332.0,1349817327.0,1439457480.0,1287279791.0,1340533620.0,996579032.0,966476469.0,925002000.0,819010010.0,680051000.0,773537706.0,1041851773.0,1279715142.0,1517347648.0,1521496828.0,1469924625.0,1441745760.0,1185887722.0,1258518142.0,1031739360.0,1126935188.0,841696701.0,902970476.0,1254909306.0,1075131148.0,996585373.0,1520633300.0,1826752800.0,1683484968.0,1694712444.0,1741369195.0,1459889172.0,1511054160.0,1196081768.0,1236463000.0,1888397712.0,1959895864.0,2138314439.0,2587375008.0,2404630965.0,2434568500.0,2274022478.0,2224631054.0,2140694870.0,2135055040.0,1569198960.0,1663334236.0,2255068404.0,2268624577.0,2430003670.0,2647522404.0,2047984308.0,2029968248.0,1859860328.0,1504703985.0,1267772688.0,1116473900.0,848881467.0,1022360365.0,1497370208.0,1444246848.0,1708758774.0,1896706007.0,1519265535.0,1673586022.0,1329136320.0,1303260816.0,1115662184.0,1050942594.0,879410108.0,1139758147.0,1425780678.0,1586663704.0,1868276628.0,1761751497.0,1746474456.0,1688309344.0,1445729361.0,1426335207.0,1270963185.0,1334047260.0,1119822480.0,1180657187.0,1605338436.0,1776358350.0,1993991350.0,2037939354.0,1816196241.0,1714672080.0,1541840235.0,1639811574.0,1276790416.0
395055,24,"San Antonio, TX",msa,TX,218536225.0,236849064.0,260085968.0,288936340.0,337041000.0,287650690.0,285037640.0,237129629.0,213142601.0,158196800.0,180710040.0,130934880.0,176286830.0,205867233.0,224957495.0,263942500.0,325171814.0,328503565.0,284365960.0,253167762.0,260849540.0,233521134.0,226540600.0,130583134.0,183204175.0,259640824.0,290911707.0,309314034.0,326874366.0,272671863.0,285641923.0,222550854.0,212742144.0,234448326.0,202567885.0,150332554.0,165274830.0,241252909.0,236811995.0,305347988.0,338724060.0,288083308.0,290654380.0,256942687.0,219032910.0,193723373.0,234658816.0,165333878.0,191509362.0,260931932.0,289561632.0,337528010.0,368054963.0,334842815.0,361551400.0,276619376.0,291642480.0,270936456.0,264084800.0,216248280.0,247508118.0,317450852.0,370518480.0,482579616.0,471690800.0,486918636.0,457657936.0,374105852.0,341721270.0,301669557.0,332362720.0,250861422.0,263597920.0,334004222.0,391174608.0,474423978.0,506817570.0,527195376.0,495027364.0,434207808.0,397670342.0,328866921.0,398935970.0,270096945.0,328434470.0,443838461.0,470449024.0,553206478.0,628596090.0,633384420.0,550902040.0,509756016.0,462891120.0,347940580.0,450628178.0,322302078.0,393696435.0,515021112.0,533910888.0,613890208.0,674792292.0,629037000.0,642947288.0,563312617.0,516163200.0,457093760.0,483066960.0,373802366.0,420228899.0,563252784.0,556734464.0,726190848.0,747698952.0,676520172.0,671445502.0,559375200.0,533293062.0,509442961.0,512278075.0,391573798.0,434878835.0,614303550.0,642214989.0,783313350.0,792499076.0,755528003.0,774044388.0,578207865.0,593082712.0,517979680.0,508336452.0,399316736.0,480905929.0,622017466.0,693133760.0,824853876.0,814936960.0,786146085.0,776646736.0,609063882.0,628255600.0,509217408.0,605826228.0,458629927.0,528462810.0,661773480.0,589901690.0,602891618.0,866249730.0,1030093790.0,909762495.0,906883920.0,896850072.0,795823398.0,893906265.0,643164984.0,609650340.0,912156422.0,981010170.0,1051977282.0,1243364864.0,1282736455.0,1184077433.0,1148331264.0,1128769278.0,1005103242.0,1138353080.0,789190496.0,850862320.0,1131470806.0,1151072904.0,1274570480.0,1273236174.0,1132367834.0,1125398046.0,1011095424.0,787065240.0,632485373.0,649926904.0,508346475.0,604989111.0,779933310.0,756142296.0,955775472.0,953392005.0,821894935.0,811559112.0,671387745.0,587046550.0,491025875.0,511561421.0,472190310.0,536419989.0,701487321.0,766260000.0,819631040.0,743044296.0,789837030.0,735117120.0,620049060.0,682789740.0,569225268.0,574614612.0,476587683.0,543528144.0,686905206.0,740935463.0,851313190.0,830672120.0,827028268.0,724059795.0,658897152.0,675713133.0,519959538.0
394998,25,"Portland, OR",msa,OR,541724428.0,678727500.0,619016304.0,715651676.0,752757672.0,735447964.0,669703280.0,597442350.0,566300626.0,365080254.0,344704878.0,258255987.0,312265424.0,422146692.0,443677426.0,488133254.0,639045225.0,702797956.0,629571372.0,615794264.0,690073066.0,602633640.0,533039410.0,357942311.0,370623360.0,623887382.0,686647360.0,694370752.0,722510927.0,509008195.0,511612189.0,480563200.0,437754828.0,425993891.0,492080400.0,337146450.0,333930492.0,522948372.0,516500052.0,565472250.0,625959891.0,571058655.0,594102996.0,515771944.0,486283384.0,494536890.0,503720617.0,370335240.0,412801378.0,525194928.0,572579790.0,719044194.0,795662200.0,694339932.0,785343084.0,661770912.0,723868806.0,599778608.0,639373860.0,482150568.0,469807682.0,702984735.0,808985320.0,1048477732.0,1020654900.0,1130340540.0,1078235140.0,891380885.0,872475752.0,701778182.0,707605365.0,545757670.0,594490699.0,747150686.0,888355237.0,1046279311.0,1135941689.0,1195308914.0,1145171904.0,1045430400.0,1078878654.0,809040260.0,925275652.0,642136300.0,693911449.0,1006706374.0,1222804230.0,1331665984.0,1629220893.0,1639117074.0,1460182567.0,1352881834.0,1282944600.0,986976546.0,1207534368.0,828725810.0,806117169.0,1222857336.0,1305016779.0,1527835860.0,1710695104.0,1464214268.0,1600586068.0,1451414420.0,1339155906.0,1250570559.0,1320966075.0,948898776.0,870124433.0,1234553416.0,1215600696.0,1649631344.0,1789827004.0,1615490352.0,1683262830.0,1405734852.0,1365127200.0,1281765680.0,1214747296.0,902064660.0,982068920.0,1298794200.0,1400976560.0,1627003926.0,1768104360.0,1621109336.0,1787731580.0,1285383582.0,1391378120.0,1158862740.0,982288360.0,806955979.0,902292876.0,1167500347.0,1347356968.0,1665020472.0,1636442967.0,1694623925.0,1691887014.0,1369693986.0,1501002485.0,1262773776.0,1216408405.0,936997677.0,1015926208.0,1262275782.0,1162672344.0,1147506858.0,1592800698.0,2062452436.0,2009863746.0,2064635991.0,2086470064.0,1816057936.0,1765504950.0,1203104700.0,1363750998.0,1830577104.0,2184894791.0,2418769217.0,2854276374.0,2796080215.0,2619839494.0,2472720492.0,2447652249.0,2225674579.0,2026939200.0,1428257760.0,1468579691.0,2198676992.0,2323633062.0,2492799144.0,2457190172.0,1927919595.0,2023438014.0,1754150094.0,1420501528.0,1180715280.0,1010815740.0,740068002.0,950440920.0,1238961581.0,1273255375.0,1606170093.0,1707280584.0,1504030390.0,1638457590.0,1261014781.0,1191084434.0,969767860.0,920460380.0,752734512.0,886919920.0,1173978928.0,1418098486.0,1681570106.0,1603001460.0,1608073381.0,1518734472.0,1251586202.0,1408703036.0,1212848070.0,1084708330.0,925933320.0,1071757873.0,1216801936.0,1473813165.0,1618846505.0,1660821960.0,1646371164.0,1548359528.0,1457534357.0,1511104401.0,1121046990.0
395045,26,"Sacramento, CA",msa,CA,481865952.0,563388513.0,696212811.0,789859072.0,859234600.0,848455794.0,833326704.0,805446300.0,768196957.0,577750685.0,646836039.0,470245908.0,486007448.0,572438084.0,570356073.0,628956900.0,682476430.0,745763752.0,631347802.0,643156224.0,713893225.0,600923043.0,654081792.0,475916819.0,468299837.0,668300958.0,656414710.0,746258160.0,800367590.0,634338548.0,642649280.0,619695414.0,569454690.0,580718464.0,623354979.0,483609810.0,467463552.0,684340149.0,617321841.0,614296305.0,719982288.0,654035577.0,704938827.0,675025596.0,596440588.0,579576760.0,661985310.0,470400333.0,540908388.0,681668022.0,665724760.0,785922796.0,760034198.0,748101699.0,842842070.0,709950282.0,822158894.0,752081144.0,782189688.0,558249174.0,615179551.0,830863178.0,897604641.0,1044485765.0,994263518.0,1042425082.0,1045470550.0,869958805.0,858451290.0,716998503.0,803490468.0,587262968.0,627300436.0,794305170.0,952120876.0,1021852598.0,982265989.0,1078737580.0,1002948061.0,929828562.0,955620768.0,713263258.0,867408388.0,585325500.0,704481096.0,952009656.0,1105345440.0,1123938312.0,1286011628.0,1281313047.0,1189214966.0,1090022220.0,1057178370.0,835561949.0,1024652140.0,696471787.0,778937716.0,1046257892.0,1203311676.0,1261556950.0,1444182875.0,1253519724.0,1404216250.0,1296586501.0,1172312064.0,1079106224.0,1114971120.0,790622916.0,769953324.0,1090449857.0,1185260520.0,1464332972.0,1580786876.0,1333460835.0,1537032471.0,1348817163.0,1337788530.0,1212803760.0,1115278355.0,903505792.0,898670120.0,1258587600.0,1438266328.0,1583496606.0,1593052110.0,1462513536.0,1458251696.0,1158698872.0,1307082024.0,1059318546.0,932036340.0,763343710.0,899502975.0,1128956751.0,1314500040.0,1568892192.0,1480799918.0,1558056621.0,1489194570.0,1266910994.0,1411534938.0,1114471190.0,1075511392.0,909165645.0,925016688.0,1242976751.0,943441509.0,938211120.0,1521665847.0,2135018270.0,1976141442.0,2068038993.0,1978433919.0,1751467016.0,1811679300.0,1261297394.0,1296639856.0,1834794591.0,2127400198.0,2217874230.0,2488502808.0,2351744454.0,2273124910.0,2113614569.0,1964369346.0,1945333404.0,1854137808.0,1357865344.0,1519019730.0,2133468071.0,2216764958.0,2115076964.0,1974925432.0,1571726848.0,1651393284.0,1497136056.0,1252885181.0,983232523.0,931037228.0,671332415.0,874145720.0,1175409741.0,1105735974.0,1513779345.0,1523722490.0,1268498045.0,1496988603.0,1276281005.0,1149518228.0,897385860.0,883283040.0,811652078.0,985329056.0,1116332352.0,1331792240.0,1511947120.0,1311192046.0,1452756410.0,1445533275.0,1184727276.0,1376044815.0,1120711530.0,1160562320.0,905826528.0,1024787420.0,1237348764.0,1380779320.0,1441959799.0,1379149584.0,1465211132.0,1391661930.0,1437926770.0,1358329608.0,1026050269.0
394982,27,"Pittsburgh, PA",msa,PA,243897288.0,296922540.0,322386480.0,371113809.0,446859200.0,420342801.0,406180500.0,312615402.0,323555896.0,234479124.0,246436320.0,153478935.0,154427696.0,226699424.0,263869965.0,316077984.0,390159936.0,422631946.0,372451482.0,329316020.0,349222477.0,345002320.0,267002694.0,167248180.0,165956182.0,284378794.0,358306011.0,385008588.0,493944968.0,318442860.0,328651110.0,304865068.0,298699420.0,246202000.0,287963006.0,192746188.0,192451410.0,284317800.0,296360950.0,346462245.0,443284580.0,384280195.0,406532316.0,335661216.0,297172692.0,277137900.0,288243104.0,218853039.0,201067679.0,315161462.0,342658580.0,435996700.0,534637728.0,463460046.0,493408560.0,344957720.0,383605592.0,344394022.0,349777972.0,254397948.0,231853050.0,318094040.0,408929213.0,490198576.0,547142909.0,564896840.0,562463048.0,419904198.0,417513696.0,354764111.0,379897947.0,256309893.0,233960370.0,320039206.0,392814976.0,476055000.0,575730480.0,555391224.0,515554645.0,438256108.0,450211014.0,325102000.0,458942432.0,243352457.0,266450331.0,371513240.0,421454430.0,497116509.0,648748704.0,627944625.0,587190421.0,489081816.0,499998500.0,371250456.0,462570432.0,305752356.0,294993864.0,393451214.0,509565351.0,590885856.0,714701616.0,584549744.0,570213510.0,519150896.0,482436960.0,458107105.0,459704580.0,345216840.0,283825087.0,480664180.0,459377136.0,609565160.0,760559778.0,585398016.0,620593490.0,542825195.0,520855140.0,474503093.0,474076467.0,346471147.0,298193000.0,481399200.0,563460474.0,635769630.0,808246430.0,701943753.0,734132286.0,526299200.0,541695890.0,480922000.0,468239616.0,326378391.0,345975084.0,452563995.0,542960556.0,698757075.0,743295960.0,713637540.0,734825452.0,563939700.0,557514155.0,518507472.0,531662055.0,370802975.0,366509478.0,500531629.0,443972640.0,323587728.0,552369286.0,957604626.0,889788856.0,843155524.0,816469654.0,688784490.0,700662324.0,514829856.0,456101513.0,695285175.0,677555361.0,718516876.0,980975692.0,881893560.0,857440274.0,794542028.0,788482972.0,772207281.0,773865088.0,546779160.0,508586847.0,690783390.0,724184528.0,839099481.0,985783446.0,885192084.0,879040070.0,718429894.0,620531545.0,567221550.0,555861600.0,377903928.0,372509842.0,577382325.0,556388796.0,704985952.0,914360400.0,734873832.0,778793688.0,679203525.0,646070525.0,561384792.0,562460293.0,384542120.0,426705520.0,584799119.0,678597690.0,769601688.0,814379150.0,860758899.0,780995303.0,605291165.0,659657016.0,588419650.0,628457445.0,441386850.0,471296544.0,601281213.0,668346464.0,787945086.0,902920394.0,859030515.0,884751488.0,730070400.0,745795659.0,609214100.0
394466,28,"Cincinnati, OH",msa,OH,236863242.0,288520720.0,299988855.0,351413766.0,393385606.0,365343056.0,343695798.0,298396997.0,276811514.0,193994740.0,209791362.0,133310844.0,175338990.0,218681470.0,232560096.0,280497266.0,353745058.0,359156736.0,328340376.0,310354776.0,303029090.0,276767400.0,233356365.0,152711476.0,165842874.0,280947489.0,314919275.0,372068958.0,384690084.0,254217618.0,249815580.0,238927500.0,203028674.0,193353216.0,229812660.0,175801065.0,173588840.0,232263299.0,244837400.0,279700344.0,345992130.0,313800200.0,329200866.0,255988473.0,235434236.0,223340212.0,221670429.0,178472790.0,189073283.0,294464672.0,277977795.0,359459412.0,406248348.0,357047955.0,415070695.0,318865356.0,308856000.0,296158030.0,274541369.0,246408120.0,241196418.0,333396987.0,363291852.0,479330622.0,513445592.0,512087466.0,495905008.0,399802161.0,376731536.0,306487920.0,321078654.0,244242369.0,249419643.0,315384962.0,404785436.0,485546292.0,543718896.0,521864199.0,483736728.0,434923203.0,415450020.0,323427344.0,341459571.0,241778661.0,263914046.0,393757806.0,415244800.0,524457054.0,654492600.0,595361252.0,529724376.0,482487330.0,458861780.0,343168842.0,383421239.0,303400290.0,313814430.0,441042662.0,553051905.0,605854112.0,737021312.0,637020971.0,651650280.0,568781325.0,554665613.0,461754360.0,457224332.0,346995462.0,339157065.0,520548516.0,573257487.0,677432700.0,762909673.0,619813800.0,666244590.0,591254508.0,502035385.0,435753825.0,392676306.0,321416766.0,319524624.0,553019943.0,618316005.0,698753048.0,836056494.0,729196392.0,708872220.0,555019422.0,557508650.0,508194065.0,450718000.0,317191504.0,379226016.0,501915792.0,629005824.0,759266832.0,740811540.0,737111934.0,711865152.0,574178004.0,602320368.0,504888672.0,503990000.0,380459520.0,410118276.0,545479080.0,512900064.0,544148880.0,778638544.0,843813530.0,833065200.0,803545575.0,816514596.0,645091830.0,697972620.0,490241017.0,502078935.0,701309160.0,782401444.0,856349004.0,1059112368.0,962360240.0,979534734.0,938666583.0,926497360.0,810569460.0,830323636.0,584904370.0,554582160.0,757133786.0,817114968.0,960839426.0,1055841141.0,908400223.0,907802028.0,826275825.0,703938279.0,859413504.0,521859072.0,398662280.0,425306120.0,616198020.0,616052150.0,780911768.0,923052282.0,813014272.0,832565250.0,659924766.0,691254720.0,603866661.0,556814190.0,443860272.0,504954140.0,654000552.0,764642934.0,899785051.0,829309565.0,916073315.0,784583140.0,726935041.0,744516312.0,656630352.0,635224950.0,505938190.0,517141220.0,661971321.0,815036079.0,935541629.0,1022302665.0,946155780.0,876098496.0,801857786.0,839067251.0,681794000.0
394355,29,"Austin, TX",msa,TX,293846520.0,354285036.0,394857880.0,480054146.0,471248770.0,441368824.0,422556970.0,327235038.0,269134407.0,181493368.0,242279680.0,151952632.0,218472376.0,245524837.0,314576920.0,371657806.0,443763818.0,448097559.0,374065552.0,362431485.0,375664198.0,320026443.0,304125948.0,189162240.0,226888715.0,378448992.0,431042846.0,460352472.0,489686720.0,390133513.0,368267845.0,281467272.0,273986592.0,273624364.0,321260808.0,217470064.0,242655384.0,348437412.0,405061440.0,444465476.0,526662280.0,473412336.0,465948096.0,372805554.0,298808125.0,288703200.0,342555654.0,216889540.0,277860028.0,438255168.0,489738300.0,625620422.0,688364820.0,622630264.0,615913210.0,440111196.0,511154435.0,400926474.0,522167310.0,343119888.0,375316039.0,577822256.0,725069337.0,837204381.0,778053352.0,885071592.0,826321000.0,629421286.0,564593471.0,507062009.0,549087420.0,343583397.0,445184733.0,596679756.0,687792364.0,842549456.0,882600942.0,841370342.0,782179840.0,680957046.0,666371660.0,512733166.0,588087570.0,441075037.0,482537088.0,684433872.0,766487456.0,875142969.0,956493944.0,989393894.0,874999112.0,745631612.0,700999376.0,531865593.0,696478855.0,450840768.0,532293113.0,795965092.0,829491056.0,967666204.0,1122537564.0,919293555.0,959623095.0,770012378.0,720283040.0,678112490.0,718658661.0,499616580.0,597461760.0,841719340.0,854690508.0,1122433772.0,1235855428.0,1015608142.0,1007900894.0,747008988.0,769214772.0,673998668.0,765490586.0,545841978.0,677490505.0,917977425.0,1016872832.0,1205529458.0,1234209591.0,1133490164.0,1094280824.0,791207704.0,795336012.0,701360992.0,732184110.0,532549337.0,658733912.0,884431536.0,1114231643.0,1297280448.0,1201280733.0,1222871008.0,1113652456.0,901772634.0,903397536.0,739778637.0,933039225.0,568203925.0,786375376.0,979595160.0,815073588.0,814387200.0,1323949778.0,1629613880.0,1524007023.0,1413168000.0,1424294532.0,1218445005.0,1384231263.0,908781930.0,985389020.0,1729091700.0,1965645570.0,2103739344.0,2392813206.0,2275469046.0,1983161100.0,1774462865.0,1625216686.0,1676715490.0,1845496548.0,1134261792.0,1406807656.0,1851175465.0,1972121440.0,2177294589.0,2025100997.0,1522024928.0,1488807402.0,1324824149.0,1045646008.0,870335990.0,860665840.0,665342325.0,832403775.0,1157688282.0,1194878476.0,1527607764.0,1432987400.0,1256163620.0,1235305692.0,987486658.0,911191320.0,729345890.0,797609988.0,648253032.0,860298175.0,1090921888.0,1317117186.0,1434078888.0,1166097008.0,1171932570.0,1135187514.0,892218650.0,1004061224.0,866238939.0,976847625.0,714448784.0,839831632.0,1106899585.0,1213129533.0,1384433316.0,1358955897.0,1227277102.0,1215147888.0,1063049400.0,1064533800.0,860370310.0
394775,30,"Las Vegas, NV",msa,NV,493746048.0,676994890.0,755546000.0,779034526.0,746964218.0,809394504.0,737308093.0,730841498.0,694893264.0,537754360.0,640379936.0,494681033.0,499252292.0,588723549.0,600915852.0,631035176.0,744733079.0,691742620.0,619305135.0,624254666.0,670517856.0,612173866.0,710151340.0,502108880.0,477175846.0,670796148.0,682203269.0,601230220.0,721338344.0,596666608.0,588519389.0,576337864.0,502321232.0,529496385.0,613507439.0,468199786.0,511202574.0,634093502.0,588186315.0,566748995.0,630628299.0,555220470.0,634805424.0,585133869.0,550078416.0,553051896.0,615248532.0,503977410.0,573038516.0,625286682.0,571985700.0,649980794.0,637566350.0,615259257.0,705919944.0,609399909.0,659882288.0,634167450.0,707331999.0,581445270.0,635812015.0,720188292.0,819657992.0,828146592.0,819692167.0,866449194.0,800747318.0,768310400.0,767624103.0,648101520.0,726565686.0,561221985.0,563438460.0,717241432.0,745993458.0,777062970.0,784584669.0,789043918.0,749177920.0,737897818.0,709039500.0,624919911.0,731685759.0,543952288.0,617437796.0,842557947.0,858993573.0,824584384.0,954477144.0,955374920.0,886702320.0,836811740.0,778370554.0,698169719.0,900506079.0,606025482.0,709969712.0,896217856.0,914372596.0,1076490296.0,1482690958.0,1256950092.0,1317922545.0,1238159009.0,1138374436.0,1217922090.0,1156353975.0,761526048.0,796566432.0,1138287402.0,1033370395.0,1345641120.0,1361381406.0,1242698702.0,1243137210.0,1138311265.0,1156593312.0,1027180416.0,1067520355.0,918947268.0,930304154.0,1295177033.0,1216836387.0,1334291840.0,1394718375.0,1342892946.0,1385102556.0,1058974020.0,1226880860.0,1050447500.0,952099759.0,831164827.0,862762670.0,1139662272.0,1259722746.0,1423018156.0,1220793750.0,1362859940.0,1367550282.0,1202028300.0,1248792987.0,1068313746.0,1151806704.0,1035524155.0,1119383478.0,1283093870.0,829619340.0,743125760.0,1061448979.0,1438169920.0,1343605968.0,1468967076.0,1473788744.0,1499996736.0,1633812376.0,1380780824.0,1480349235.0,2084880849.0,2099368674.0,1941509250.0,2223268785.0,2157289876.0,2098449648.0,2004022724.0,1944328757.0,2121480660.0,2073271888.0,1721762910.0,1730881152.0,2405634218.0,2310290300.0,2236297792.0,2012161480.0,1511741210.0,1377192000.0,1262309868.0,1115695272.0,942294463.0,884959790.0,812733390.0,958996224.0,1416990120.0,1182733332.0,1497824091.0,1414818414.0,1313163369.0,1265508400.0,1137824000.0,1084173390.0,938828898.0,947938090.0,1026948294.0,1216844785.0,1381594500.0,1584349488.0,1610603533.0,1428595906.0,1531672861.0,1357970307.0,1184206842.0,1265697518.0,1084204080.0,1213712300.0,1105009372.0,1223554431.0,1525142688.0,1547124590.0,1457634978.0,1373370688.0,1364497710.0,1206828830.0,1225682688.0,1169533722.0,1035566090.0
394735,31,"Kansas City, MO",msa,MO,292411986.0,353077760.0,388501932.0,466953440.0,477179492.0,469107762.0,412879191.0,370997571.0,304966867.0,227448648.0,269701754.0,167103242.0,213846320.0,291922002.0,315242280.0,373419477.0,478731771.0,500731854.0,407228838.0,377821680.0,407034288.0,384091122.0,293214240.0,193026599.0,202599387.0,350728560.0,437852780.0,480126564.0,456177870.0,291772936.0,301378618.0,291521503.0,264743640.0,257508894.0,274199120.0,172578418.0,184551864.0,276257310.0,296128649.0,344586395.0,398530500.0,333074728.0,375197768.0,302604432.0,281412100.0,279016864.0,273420784.0,210476792.0,240984090.0,323060802.0,355611102.0,447858426.0,481201814.0,454641088.0,459925520.0,343340200.0,376040044.0,361925280.0,349762910.0,229639872.0,248315980.0,380723765.0,441554652.0,585727938.0,579625200.0,605203600.0,570937029.0,477857934.0,437203500.0,372903705.0,399392370.0,262986056.0,269973984.0,368836281.0,474017115.0,594169198.0,649232448.0,629352574.0,551875614.0,472220840.0,497092750.0,379857544.0,413395749.0,300429976.0,320234750.0,506452630.0,582515934.0,718193870.0,792724869.0,773390835.0,629026440.0,583290252.0,548189901.0,424627840.0,482914260.0,330144720.0,359590677.0,562039767.0,645905000.0,812848560.0,954133560.0,762167216.0,764446350.0,670831393.0,610148292.0,553365174.0,570124944.0,394474000.0,403603970.0,640410200.0,673236962.0,893638447.0,1001329308.0,805245595.0,821559024.0,680421896.0,670794045.0,629529330.0,586092096.0,460845639.0,443058150.0,651929081.0,706396782.0,942036700.0,999178802.0,922230036.0,908482890.0,671259250.0,712948740.0,666111880.0,531260115.0,412402809.0,435520116.0,607701432.0,718746288.0,952501104.0,970593624.0,959140407.0,924900741.0,727972190.0,738558975.0,631877700.0,654340936.0,482311390.0,474117805.0,670516880.0,694887960.0,740083150.0,1007655088.0,1166541186.0,1042392240.0,1069823664.0,1046411928.0,891003206.0,906255786.0,602796000.0,589842792.0,722334708.0,919983526.0,1071337778.0,1335486834.0,1195355645.0,1204821537.0,1114955844.0,1020096390.0,947832646.0,924980864.0,634126010.0,615595799.0,856345200.0,1046603950.0,1264252500.0,1306835332.0,1141493128.0,1082717545.0,951657424.0,784513056.0,663472926.0,635901508.0,452742127.0,534259250.0,674053248.0,756202472.0,988519143.0,1145247612.0,957726770.0,976286859.0,789221050.0,750911686.0,716338272.0,609536872.0,466054594.0,545311004.0,693846972.0,880312074.0,1069012332.0,1032351320.0,1041733308.0,999978771.0,818011636.0,877169844.0,812695518.0,807426584.0,546858886.0,555332384.0,754120976.0,945078178.0,1207259612.0,1246194911.0,1183607304.0,1083767529.0,949845080.0,1037360744.0,820532944.0
394492,32,"Columbus, OH",msa,OH,175695722.0,185362188.0,194709720.0,225537988.0,255723384.0,240786161.0,258038100.0,205228920.0,179771384.0,125287736.0,149301462.0,109645056.0,119251989.0,139507389.0,147257133.0,192411665.0,234339372.0,236616368.0,231137984.0,217999004.0,222741480.0,201387498.0,171996228.0,115051935.0,129174528.0,204069300.0,243447850.0,303971776.0,320410376.0,199482400.0,202877624.0,172440170.0,178117888.0,157575033.0,176379548.0,132811575.0,128203251.0,176410741.0,192308085.0,216529038.0,257372520.0,240371170.0,260352642.0,214107068.0,171680040.0,169750464.0,174325824.0,142400223.0,152490184.0,206144215.0,245166685.0,286989109.0,384890766.0,347108839.0,378534102.0,291124980.0,277614300.0,291201600.0,246175299.0,193922315.0,207215176.0,273398088.0,333218802.0,422831642.0,475839964.0,494423356.0,427931281.0,347778640.0,319060016.0,303594468.0,282908717.0,227186000.0,217756511.0,288105408.0,347593528.0,419098655.0,512609352.0,502666488.0,423103617.0,403268160.0,384556927.0,292752890.0,313857264.0,224083341.0,243524312.0,337005900.0,383795244.0,485633328.0,587340904.0,585597650.0,505569551.0,456879728.0,412637079.0,336456562.0,370017144.0,260833340.0,306741248.0,399573240.0,462723792.0,566166572.0,622935573.0,569195000.0,580265586.0,515998304.0,462332594.0,402674107.0,399032753.0,305876416.0,316231443.0,478630753.0,482561558.0,662877070.0,688649040.0,621619200.0,653276531.0,522578230.0,572107332.0,473410780.0,472510112.0,347675432.0,367293024.0,523167865.0,501468006.0,645271200.0,685964452.0,664072365.0,624223728.0,500500685.0,522592070.0,446408768.0,401822627.0,307052064.0,328201470.0,438029215.0,533569375.0,669704682.0,678019440.0,645383582.0,619287930.0,509437778.0,497419800.0,425933872.0,429038316.0,335553192.0,354703263.0,474636330.0,424349124.0,506039933.0,640323390.0,760104562.0,720828621.0,747673983.0,739092627.0,592660740.0,594960228.0,436720140.0,449676800.0,605757978.0,674798495.0,769325430.0,966197687.0,927695520.0,933942212.0,923089692.0,867697952.0,748367707.0,707129280.0,522564688.0,513633792.0,647199709.0,794795340.0,941261024.0,966346368.0,899631259.0,880639058.0,736510034.0,686090970.0,561774551.0,477528436.0,375701550.0,421797511.0,565976820.0,578251260.0,765219080.0,838779566.0,700190500.0,817665580.0,652954830.0,642782748.0,542583450.0,486425160.0,423168276.0,481452435.0,556809434.0,638507430.0,831474508.0,764085218.0,816626765.0,749823885.0,697333268.0,708627543.0,567588066.0,575185076.0,395152992.0,484733066.0,597687165.0,719110784.0,828728064.0,816019560.0,829871622.0,788330639.0,717735750.0,787075885.0,555763280.0
394705,34,"Indianapolis, IN",msa,IN,258492465.0,285805305.0,315997500.0,375953032.0,378912560.0,378421584.0,335925236.0,315445414.0,264513789.0,193993029.0,228923304.0,153694836.0,161460144.0,224843311.0,235114488.0,308873985.0,363388921.0,374811884.0,337997740.0,300653166.0,326924004.0,276029420.0,250299857.0,150924410.0,193230901.0,283136037.0,331125240.0,392565594.0,382787942.0,271460978.0,300631760.0,260766000.0,241192144.0,209179284.0,245590086.0,166222980.0,162648824.0,249197261.0,283428624.0,320760320.0,363492960.0,349662222.0,355772581.0,287381577.0,260582222.0,246687022.0,228006600.0,180579620.0,181129648.0,268646312.0,320589984.0,390146160.0,447725600.0,397749040.0,412249168.0,321798350.0,346012572.0,298833270.0,272920725.0,244925850.0,252537600.0,355010656.0,410546906.0,537407723.0,529068186.0,585998952.0,509507152.0,384987729.0,389849802.0,327683906.0,344998458.0,277324880.0,260489463.0,367803408.0,436826093.0,559449830.0,623333094.0,611610292.0,535735312.0,467022040.0,461817070.0,347022185.0,383327126.0,272183120.0,281755104.0,415157088.0,509258880.0,582342348.0,720331056.0,723602622.0,583293875.0,517261764.0,476359248.0,378809262.0,469784601.0,284789604.0,338218524.0,469196580.0,548051406.0,705340912.0,779480380.0,695666622.0,677893566.0,625453640.0,510709472.0,494376930.0,481509964.0,338008628.0,346316520.0,629050846.0,585451800.0,747431720.0,893225163.0,716655418.0,742211739.0,613797050.0,615948664.0,553766052.0,514618440.0,376087270.0,419674905.0,583032140.0,671425930.0,792344432.0,901038870.0,809145129.0,804780663.0,644743196.0,629465396.0,565487297.0,483166970.0,333454572.0,397887120.0,575008144.0,639996588.0,817810840.0,851699068.0,867071748.0,809885100.0,681705416.0,684883616.0,561060968.0,587513535.0,400245495.0,454801672.0,656849250.0,631010930.0,671648875.0,919834800.0,1065385656.0,978731256.0,967499269.0,990066315.0,818899813.0,847563808.0,531762340.0,557781331.0,738117100.0,908469863.0,993293862.0,1191693333.0,1211930049.0,1175680924.0,1168744640.0,1060530237.0,1008493614.0,982930176.0,648387670.0,677604840.0,870531560.0,956066085.0,1133240584.0,1292413392.0,1148425740.0,1097807279.0,970465938.0,821288640.0,709654092.0,641772824.0,434623016.0,510833414.0,753815582.0,742229478.0,929709995.0,1012385860.0,910415688.0,924442980.0,773146000.0,728616953.0,637393152.0,594904800.0,485629625.0,553168674.0,712560160.0,831854196.0,919227699.0,964272830.0,966944960.0,896996100.0,826449168.0,832691385.0,712187866.0,726453828.0,497704181.0,527364556.0,764616963.0,907557880.0,1010008012.0,1080668928.0,1055900345.0,1024685585.0,866783154.0,931212957.0,709187076.0
394475,35,"Cleveland, OH",msa,OH,151020855.0,175293594.0,197212363.0,238347148.0,269525529.0,246584520.0,230975476.0,215094643.0,213426918.0,148368430.0,176853693.0,118710250.0,106214300.0,144012620.0,159929467.0,177646254.0,239495076.0,231071616.0,202146820.0,200770850.0,213990000.0,196282350.0,155958130.0,99755726.0,109091559.0,181484760.0,228927600.0,252868772.0,307554807.0,180420078.0,192884848.0,175766550.0,167406152.0,144387628.0,164257532.0,106341599.0,99892569.0,152676650.0,174776481.0,181168626.0,238619312.0,214618200.0,234646248.0,203556614.0,162473955.0,153644724.0,168857901.0,116963600.0,127043713.0,167221066.0,193443822.0,256130030.0,305244046.0,293645968.0,316287072.0,240053760.0,254733800.0,215325813.0,216832368.0,150083700.0,150777728.0,218268985.0,235456398.0,332387520.0,346052775.0,365424078.0,347404113.0,274381067.0,285942640.0,222792566.0,230929006.0,159131331.0,147900753.0,205481600.0,229716942.0,296339472.0,351443820.0,360963004.0,347386312.0,305309100.0,295539794.0,212011000.0,250203656.0,163119285.0,157636209.0,244556595.0,264471270.0,334367399.0,417586952.0,438604386.0,370181340.0,355046880.0,331995510.0,239051813.0,291482982.0,194571256.0,215294738.0,290427932.0,337699764.0,399572910.0,504008384.0,399442230.0,424547387.0,368677085.0,337851010.0,311399622.0,331622555.0,250215648.0,231956680.0,349679610.0,336543588.0,498255472.0,571189943.0,486334952.0,512476300.0,430139726.0,419419565.0,387819944.0,353251194.0,235361840.0,232527415.0,336975380.0,392513680.0,473430577.0,560976394.0,487940670.0,516585120.0,390764610.0,392652400.0,342290212.0,325873149.0,245176272.0,226064300.0,328804506.0,413754924.0,529900314.0,508945150.0,527803542.0,522768033.0,401978964.0,426613088.0,340694760.0,335614728.0,253995258.0,271570744.0,371140200.0,370250252.0,382114670.0,491933832.0,619214142.0,585672000.0,567138516.0,602840821.0,482907529.0,529012302.0,371854362.0,321430690.0,474550519.0,505101212.0,580730184.0,737672976.0,750822046.0,753320823.0,643807450.0,631692630.0,563260796.0,571702186.0,401812210.0,352262952.0,490473549.0,530242752.0,633713845.0,752914554.0,670762941.0,734502912.0,596609400.0,484723218.0,418456125.0,397574210.0,253288182.0,292534725.0,422904672.0,402887830.0,535165128.0,626627476.0,520624610.0,600623045.0,490655800.0,474838418.0,417941188.0,377794000.0,293472820.0,306644876.0,404153344.0,466150845.0,573416285.0,594143470.0,611557635.0,591782046.0,505193472.0,513750540.0,456472165.0,445070075.0,337246778.0,334470096.0,407748600.0,526751182.0,603547256.0,659811156.0,705586100.0,658565735.0,615417285.0,601474368.0,490775744.0
395059,36,"San Jose, CA",msa,CA,580759496.0,740323397.0,846176768.0,1044847311.0,1042023048.0,1018289629.0,975614413.0,878784294.0,736993660.0,517163832.0,576428336.0,415557798.0,467502984.0,564269334.0,686867290.0,806727872.0,1020716775.0,1066525908.0,883581226.0,947994921.0,950940825.0,842770460.0,912361899.0,554164035.0,601026368.0,912900408.0,988164355.0,1218614796.0,1122488416.0,990034710.0,916108596.0,820238848.0,810539164.0,814630720.0,858189780.0,538889926.0,591353460.0,968710151.0,1033563942.0,1027505700.0,1199265408.0,979377875.0,1005819760.0,861683680.0,791308336.0,818742491.0,822862906.0,589949800.0,666382432.0,1072227264.0,1205859762.0,1399586235.0,1325258436.0,1210970040.0,1217056782.0,1013217625.0,1135641066.0,1110431800.0,1164566862.0,669573630.0,806595846.0,1186243638.0,1451411464.0,1579973669.0,1440029645.0,1547492751.0,1445669784.0,1262966175.0,1360095187.0,1097068973.0,998783464.0,737720116.0,879317750.0,1215776250.0,1597584850.0,1678363560.0,1655785158.0,1570274000.0,1401666932.0,1339510766.0,1468901344.0,1083112668.0,1057007595.0,760448456.0,943889392.0,1475001090.0,1906008984.0,1826870584.0,2009801115.0,1886789366.0,1703226083.0,1520878321.0,1466259840.0,1189079624.0,1395641220.0,867539725.0,895496855.0,1419679007.0,1835939568.0,1936668356.0,1964182428.0,1559246385.0,1544653152.0,1604531760.0,1548108774.0,1533746655.0,1193789415.0,925113728.0,1025866380.0,1644892426.0,1761574440.0,2177837242.0,2369213595.0,1974984214.0,2036145459.0,1866167196.0,1805589750.0,1719833280.0,1498468125.0,1071300770.0,1300504248.0,2150098041.0,2273469417.0,2558569020.0,2294745292.0,1942105176.0,2044807797.0,1556276182.0,1797262965.0,1452021120.0,1171032000.0,860437705.0,1065227828.0,1642344576.0,1912727625.0,2288609540.0,1955648715.0,1916311864.0,1749322003.0,1473628753.0,1714917260.0,1546741478.0,1360441259.0,914141988.0,1105316740.0,1442329512.0,1192282080.0,1024974687.0,1844307645.0,2192847360.0,2015212562.0,2181913344.0,2348869072.0,2188587940.0,2005441650.0,1444086690.0,1697723916.0,2540069906.0,3357349575.0,3233892406.0,3649493507.0,3130978215.0,3028605195.0,2899089081.0,2775195108.0,2729211870.0,2266356673.0,1419197752.0,1768978570.0,3043448870.0,3246637002.0,2952734784.0,2647942752.0,1883540072.0,1999953149.0,2107048567.0,1734546656.0,1309710141.0,1136929360.0,811833610.0,934613040.0,1826471570.0,1666631512.0,2167947192.0,2162156598.0,1624651344.0,1978472280.0,1650818772.0,1768915070.0,1388367955.0,1134419825.0,990329698.0,1310712345.0,1896089802.0,2408156760.0,2769360494.0,2428827648.0,2280795804.0,2129311192.0,1889605832.0,2241363358.0,1982901001.0,1691019000.0,1096857000.0,1455119928.0,2180704872.0,2569861303.0,2356157016.0,2497734480.0,2054591814.0,2014772748.0,2048703864.0,2231305166.0,1675815851.0
394902,37,"Nashville, TN",msa,TN,308809956.0,370381518.0,405928412.0,442201725.0,497045157.0,506201940.0,406380414.0,360376744.0,334903485.0,230714495.0,231037432.0,178721556.0,199578176.0,270583775.0,276830745.0,290698495.0,420448490.0,418450240.0,352309650.0,354931895.0,371062368.0,340351296.0,327276022.0,181325265.0,209353175.0,345956967.0,372181598.0,394689178.0,484643360.0,350057073.0,321798888.0,293146560.0,282350108.0,268535800.0,293466586.0,207427299.0,206244127.0,286797843.0,307292700.0,373254408.0,433867467.0,376240452.0,433041660.0,337414896.0,296447569.0,314236167.0,361267072.0,292470732.0,271520157.0,377493376.0,433662753.0,513543645.0,543633258.0,539248330.0,515967352.0,413778835.0,450795106.0,409996272.0,416938410.0,323238032.0,345636875.0,452630296.0,581974624.0,680773108.0,728484204.0,724849536.0,661349063.0,542310930.0,550740420.0,498544038.0,524670368.0,391079715.0,376880056.0,501331572.0,609528000.0,732898372.0,800987276.0,782544680.0,736793430.0,664309088.0,650874048.0,547029931.0,611022451.0,424891745.0,434774670.0,648485520.0,675636048.0,857382240.0,978393213.0,948804730.0,876932031.0,812712701.0,720420149.0,539811700.0,688000830.0,513461180.0,500300724.0,723132264.0,837129290.0,971542473.0,1033024425.0,946397154.0,1002615714.0,853475672.0,832286881.0,730703840.0,776562733.0,576797700.0,598384992.0,856244322.0,834050690.0,1070966540.0,1157208338.0,1063606350.0,1095892610.0,906970616.0,872246100.0,834146096.0,824451288.0,602202000.0,631868468.0,886064144.0,984453060.0,1083274896.0,1202182710.0,1065512745.0,1106341812.0,867965382.0,919002792.0,811478448.0,781918761.0,634604016.0,715000713.0,920621234.0,1053259600.0,1358198738.0,1335785472.0,1301643000.0,1288090638.0,1045347095.0,1073221040.0,953017857.0,1002466737.0,775320638.0,830839329.0,1071792618.0,884786364.0,942307416.0,1396722908.0,1569374360.0,1470421128.0,1533478675.0,1480984249.0,1269635908.0,1420554125.0,1009891008.0,1016347794.0,1462169334.0,1686752292.0,1872288208.0,2273659080.0,2122921390.0,2127203043.0,1961763174.0,1759267521.0,1847548618.0,1969973390.0,1355980906.0,1458494872.0,2038031072.0,2224761039.0,2308348548.0,2458142892.0,1894793158.0,1802799592.0,1718807880.0,1331582056.0,1051495830.0,995339075.0,796882579.0,897420573.0,1400238455.0,1225542962.0,1821879176.0,1796092504.0,1471812339.0,1644333600.0,1328059213.0,1259149736.0,1073827584.0,1094089640.0,989243136.0,1050190020.0,1310483928.0,1527582964.0,1828658793.0,1690688210.0,1685162772.0,1568085717.0,1335111544.0,1426844720.0,1325417680.0,1459109353.0,1034197864.0,1185189430.0,1480811775.0,1686347652.0,1806051270.0,1873836475.0,1827798280.0,1722905464.0,1516983304.0,1686697628.0,1226404960.0
395194,38,"Virginia Beach, VA",msa,VA,333958462.0,376526721.0,433676432.0,415773088.0,477476973.0,480503198.0,412711463.0,320272668.0,321676080.0,245252585.0,241526880.0,180692046.0,208377260.0,300361986.0,304744780.0,346912774.0,467020510.0,473202620.0,408745066.0,397144748.0,411515676.0,392283920.0,325637031.0,215386674.0,234544464.0,339521850.0,390326120.0,396118905.0,464042600.0,359382420.0,344310624.0,291555558.0,267632176.0,287019282.0,296819292.0,248975288.0,217283992.0,320679128.0,327086028.0,362370543.0,378976884.0,349986520.0,344325168.0,314991210.0,285735835.0,277262271.0,306327528.0,229574592.0,268434380.0,330459684.0,323806750.0,426896522.0,450786400.0,431944320.0,421453576.0,339935283.0,368876984.0,340639894.0,302576836.0,295808820.0,279697881.0,378300564.0,422614416.0,468506919.0,499509943.0,541123141.0,485768670.0,389276316.0,389832529.0,322515177.0,330603438.0,242460675.0,266229504.0,344504048.0,414887286.0,454108272.0,517644900.0,531438440.0,478883412.0,442956792.0,428031266.0,332471326.0,435617914.0,287713440.0,278358316.0,461014484.0,462702645.0,524048934.0,624344960.0,637135506.0,521792876.0,504640116.0,455939671.0,391781544.0,456617893.0,317868480.0,377510649.0,484333983.0,533097656.0,631732446.0,742761892.0,608035383.0,642499760.0,567956078.0,496030689.0,481536065.0,493712700.0,373884880.0,386853574.0,567987140.0,601357220.0,712662240.0,787982338.0,648138246.0,699791808.0,584070225.0,564119739.0,501131728.0,505506825.0,382851846.0,378238053.0,592091500.0,612931312.0,753161088.0,817805956.0,760321166.0,735470908.0,554162806.0,542166765.0,502863789.0,507309244.0,381363072.0,444609459.0,584162040.0,676853913.0,815138160.0,823776723.0,850203925.0,790691085.0,656508762.0,652261680.0,599203202.0,587993278.0,471460224.0,485257074.0,694140375.0,676082660.0,692034890.0,932160843.0,1070432414.0,1043080390.0,1049080506.0,992220675.0,921179924.0,1004139819.0,673719466.0,720178310.0,1147567050.0,1253559652.0,1267673674.0,1539719832.0,1379438298.0,1323927540.0,1180222230.0,1131770710.0,1058463724.0,1078709028.0,797983704.0,798978286.0,1133974332.0,1148100270.0,1308780240.0,1306111576.0,1069832475.0,1081155873.0,981009480.0,781646130.0,694926836.0,666734320.0,531102516.0,582522507.0,830681712.0,816872828.0,1042683340.0,1197384364.0,898267104.0,929717595.0,786514690.0,735297453.0,673815672.0,629940330.0,544233240.0,675407880.0,840196556.0,930235356.0,1100156332.0,988355082.0,1021066144.0,938765862.0,829616125.0,872575740.0,776396150.0,787832605.0,588999924.0,649950500.0,796425318.0,1007902449.0,1130048820.0,1153058744.0,1099046895.0,981153225.0,971415082.0,939172198.0,765166899.0
395005,39,"Providence, RI",msa,RI,206666426.0,285769715.0,301166784.0,373543107.0,423616170.0,390397878.0,353764456.0,301912938.0,328391580.0,227656254.0,230716080.0,157207860.0,163638735.0,176389668.0,201792442.0,257075959.0,372476664.0,378486810.0,352658302.0,331972080.0,336659922.0,347334022.0,281835299.0,182495340.0,175925496.0,263401794.0,296317490.0,327033576.0,442574209.0,303075300.0,305730194.0,280498190.0,275218135.0,284712480.0,290149120.0,186222425.0,160429332.0,231355860.0,245161332.0,299711820.0,368263108.0,360190796.0,342786330.0,326252696.0,253873560.0,260234432.0,274695138.0,219120616.0,182680183.0,252476680.0,260644384.0,322250880.0,409857250.0,352493001.0,395722158.0,315165533.0,339111960.0,389292139.0,380649540.0,217080250.0,202703750.0,272691072.0,310083552.0,450916235.0,486782375.0,462134283.0,509212956.0,404750280.0,402691646.0,352052610.0,341482725.0,280717177.0,225966030.0,274873500.0,333433760.0,386977578.0,534622718.0,465520552.0,434713944.0,443788947.0,457245428.0,332874620.0,396842589.0,288833480.0,234940832.0,303083345.0,319326660.0,432220800.0,598910598.0,593764576.0,543369760.0,496348671.0,501719683.0,391495600.0,451641240.0,317230284.0,276448830.0,373327512.0,433978545.0,551018574.0,668516550.0,638877176.0,637546062.0,614517057.0,529627875.0,517727890.0,507327360.0,382329962.0,310454366.0,417010668.0,487248552.0,611116461.0,805469288.0,641384500.0,674801451.0,634118373.0,625528566.0,559308504.0,532003988.0,400587000.0,317021488.0,422430673.0,483047396.0,628515978.0,769114357.0,688895350.0,728478088.0,601836587.0,614977857.0,574397208.0,443382805.0,372015934.0,314557900.0,433516923.0,514247319.0,696121113.0,744238232.0,761887214.0,734067684.0,639226932.0,647927664.0,567769852.0,593308608.0,439751680.0,373655008.0,537071642.0,454861248.0,510911161.0,639176727.0,868524507.0,869636103.0,948555328.0,958400878.0,834380128.0,922317968.0,558174552.0,456558624.0,658572945.0,713762829.0,806246613.0,1156490533.0,985661040.0,993334798.0,940194864.0,816299743.0,819850784.0,848238579.0,557765620.0,429384326.0,594857088.0,679088838.0,796491246.0,886855032.0,815314166.0,817584936.0,759284581.0,637123284.0,562354470.0,519653823.0,354043830.0,288132348.0,435709505.0,444961506.0,599087727.0,739120410.0,578865210.0,686512210.0,666303867.0,600966415.0,538943760.0,483301420.0,375423030.0,369028650.0,481215504.0,526224442.0,638446172.0,721934325.0,808884454.0,751146475.0,675022700.0,656111104.0,584896760.0,653001778.0,478407280.0,425187576.0,470973228.0,569307402.0,705881754.0,814554990.0,838858500.0,819931882.0,918571638.0,646920799.0,546176490.0
394714,40,"Jacksonville, FL",msa,FL,202918104.0,235934478.0,258651522.0,296386176.0,322963158.0,263854475.0,227306476.0,230860051.0,220237737.0,137305424.0,216841218.0,138369150.0,150193740.0,184504020.0,186420960.0,238296528.0,253305108.0,258918314.0,219949225.0,234619760.0,250316416.0,220729138.0,248948910.0,156693420.0,179451981.0,256959248.0,259301632.0,258961140.0,286713600.0,230684259.0,242481552.0,234657680.0,201295125.0,194303392.0,240331924.0,172127091.0,198461840.0,250035540.0,258042390.0,265001021.0,310853925.0,245647404.0,280197040.0,242354156.0,200679628.0,194460216.0,240273950.0,146801089.0,199162546.0,271443120.0,281466507.0,307838564.0,336568527.0,266321740.0,316582535.0,254328504.0,291918974.0,294317223.0,353748522.0,251589246.0,240851676.0,352045836.0,409546018.0,446982624.0,452348544.0,445644970.0,434916900.0,359902080.0,374724444.0,319329972.0,394059250.0,292994240.0,277439712.0,345698934.0,411731271.0,459490992.0,486117478.0,520366140.0,430020084.0,421790463.0,420856410.0,336709715.0,460180854.0,291320064.0,340523627.0,489017547.0,500792592.0,536580731.0,634525842.0,606320400.0,504879560.0,523620796.0,479483785.0,380614556.0,493547478.0,367450700.0,389416756.0,522407600.0,567690222.0,639670220.0,716980068.0,630284544.0,661148983.0,548147200.0,464369900.0,457542464.0,526796000.0,404391664.0,433331023.0,636570900.0,643277151.0,782868120.0,814759560.0,684237120.0,743119818.0,506847450.0,553949640.0,541049216.0,617524030.0,439076000.0,479753397.0,679226946.0,749420950.0,821735148.0,862975402.0,769786740.0,742484565.0,616966095.0,661544311.0,563208321.0,562654820.0,443614015.0,490271238.0,654330867.0,805670460.0,868015104.0,861166620.0,843315375.0,830872608.0,685294908.0,662951002.0,561251328.0,691844613.0,514310336.0,626352860.0,767449192.0,658768032.0,580530860.0,879346216.0,1148015682.0,1012320971.0,1007482616.0,1064505552.0,861149512.0,1029126014.0,773212090.0,896504018.0,1181092224.0,1363129501.0,1399190118.0,1503869379.0,1457742865.0,1371679506.0,1282101078.0,1281725480.0,1301280078.0,1306312250.0,1003731190.0,1045951160.0,1441187696.0,1434446416.0,1566013896.0,1510591849.0,1180098680.0,1164012155.0,895524375.0,981424664.0,712019303.0,715669713.0,600946589.0,734114774.0,1113099120.0,973502379.0,1189523088.0,1247073892.0,1038519054.0,1022881392.0,894140670.0,856189040.0,785960864.0,676909980.0,626806764.0,821063659.0,1001436450.0,1179848416.0,1162998683.0,1089954684.0,1086076080.0,1023061080.0,790990860.0,859056900.0,724827985.0,890470784.0,703368796.0,773029430.0,952461364.0,1075723800.0,1107247648.0,1126650060.0,1068114592.0,965336560.0,935785088.0,962117193.0,699782944.0
394862,41,"Milwaukee, WI",msa,WI,174437345.0,235867665.0,273771084.0,310352008.0,376432875.0,374609168.0,335552888.0,268096928.0,259730655.0,176160635.0,163259932.0,117179878.0,132207075.0,176814450.0,192343680.0,235842516.0,317876919.0,343172214.0,309858352.0,270561648.0,281822452.0,266490620.0,185637030.0,125383464.0,130539056.0,214829867.0,286330518.0,315385807.0,348052350.0,215613228.0,193715444.0,185689816.0,178658436.0,149446020.0,161477424.0,135405520.0,113023416.0,167809994.0,174127619.0,216289604.0,294535060.0,246826777.0,262751034.0,227665158.0,187489132.0,160595625.0,187116228.0,128865792.0,128348525.0,216091098.0,255602364.0,293305700.0,363017367.0,329136909.0,325908522.0,254733260.0,260263476.0,192953100.0,190484968.0,176458586.0,150496905.0,254428410.0,291612048.0,352856504.0,426594441.0,444340611.0,407040296.0,320209508.0,302706873.0,307635948.0,229572896.0,179792685.0,151879968.0,226047816.0,278361594.0,356757972.0,468675720.0,475505380.0,413057772.0,343145952.0,369797175.0,244428576.0,252475674.0,165807390.0,160707733.0,292106969.0,354845976.0,433080210.0,579132160.0,515517942.0,437959199.0,379798392.0,367265404.0,250157226.0,297886050.0,196873962.0,202434759.0,313538376.0,409069584.0,497062800.0,617706929.0,530180270.0,526506300.0,432746006.0,379602690.0,334739944.0,312804590.0,198221506.0,197880816.0,337214320.0,416440626.0,526453668.0,664966225.0,552456648.0,553013587.0,444985953.0,426244036.0,345795060.0,307441560.0,227903526.0,209635396.0,378004550.0,443235821.0,517613958.0,644521401.0,580170240.0,540768207.0,424928312.0,423479220.0,371389725.0,299535120.0,229246571.0,224059311.0,327133890.0,444638106.0,562668171.0,619661484.0,593895695.0,585508560.0,455655040.0,434633561.0,369594750.0,336258132.0,278425488.0,247746720.0,396304584.0,407081150.0,409718140.0,549014700.0,660140902.0,571997160.0,501473334.0,437302233.0,400526024.0,408490642.0,271898200.0,235572576.0,417469455.0,543737810.0,641728818.0,872808696.0,848133154.0,800604651.0,712142222.0,648806340.0,597727130.0,589171152.0,370152080.0,348208244.0,510178430.0,574098230.0,689433601.0,821975770.0,727788187.0,716514975.0,648134282.0,491028600.0,398679192.0,353302580.0,230811168.0,253324155.0,368036115.0,404862381.0,526360653.0,620663472.0,573660705.0,621251410.0,483312550.0,477556236.0,423703098.0,367303156.0,245113415.0,285003648.0,367301184.0,472268380.0,604338520.0,590276568.0,677486670.0,625861500.0,479397280.0,531025761.0,428502820.0,413371548.0,300270600.0,326732868.0,404016354.0,495058871.0,655111847.0,750054925.0,682977804.0,704862845.0,601335228.0,596672636.0,445195087.0
394935,42,"Oklahoma City, OK",msa,OK,128152800.0,139942296.0,187297252.0,206296140.0,223859140.0,216086598.0,212942920.0,167166615.0,167241258.0,102009774.0,111454925.0,85621472.0,108302469.0,142091389.0,138072419.0,166350915.0,201827392.0,204166505.0,182978770.0,167039640.0,184661532.0,165856800.0,125366920.0,77015056.0,102927024.0,165007700.0,210567185.0,195204438.0,192652164.0,130561483.0,140700123.0,125791490.0,125651556.0,114303847.0,132808305.0,111134100.0,99501579.0,146296728.0,150032450.0,191262939.0,203194780.0,201035700.0,206681104.0,182692753.0,162338176.0,145611921.0,159138540.0,112200435.0,148121454.0,188865957.0,204446415.0,247211860.0,283353483.0,252596796.0,266112066.0,233570835.0,245103360.0,230993829.0,210988442.0,166037184.0,175141044.0,240552928.0,275785916.0,305132088.0,312028930.0,374577312.0,355239444.0,307651575.0,272365143.0,236884774.0,224662940.0,182746431.0,196156840.0,279038936.0,279516925.0,347594464.0,363420262.0,377487466.0,353924550.0,332251136.0,317293025.0,251494460.0,275670024.0,196245390.0,205107464.0,260651628.0,282156229.0,333316284.0,376872966.0,373200268.0,332886720.0,321634560.0,274723335.0,209066264.0,250584607.0,240764868.0,241063580.0,302756179.0,319524989.0,386157060.0,382071690.0,371634222.0,356017000.0,339828980.0,293091264.0,258574459.0,299787750.0,191884149.0,233295400.0,353986368.0,327813840.0,453647559.0,451080150.0,407228426.0,406896549.0,335371890.0,289455432.0,280007920.0,301550496.0,237067992.0,240000702.0,326332045.0,290977710.0,397292712.0,415425780.0,396916960.0,428267772.0,349574680.0,372780732.0,321506655.0,284220992.0,254447320.0,272167656.0,376997985.0,379994534.0,500394048.0,473192252.0,480650720.0,469053360.0,386599485.0,404365625.0,317892680.0,339807775.0,269451622.0,318964215.0,377392880.0,365343656.0,392149164.0,553065292.0,605874507.0,589884618.0,564992205.0,530957678.0,453755302.0,461651717.0,371444760.0,359964228.0,513041522.0,569661774.0,627070800.0,777450531.0,672973484.0,700822512.0,636448124.0,620546520.0,577467222.0,570767175.0,468613500.0,437173625.0,603163066.0,633266564.0,709977345.0,743011720.0,656143908.0,685639878.0,589462240.0,488652208.0,391537888.0,373518700.0,303136712.0,325811490.0,439593664.0,394332204.0,571553040.0,601085914.0,537396384.0,516249200.0,458876912.0,436942944.0,357991137.0,351123175.0,308977230.0,360286520.0,475392169.0,503632426.0,575626012.0,563185232.0,553992282.0,578880600.0,450836739.0,492044245.0,415274832.0,428612636.0,362091504.0,403425762.0,473678688.0,531313170.0,587859076.0,570437964.0,603742014.0,569815092.0,483274919.0,506152752.0,415453692.0
395012,43,"Raleigh, NC",msa,NC,255211528.0,279203232.0,290879770.0,338668890.0,343384674.0,335005902.0,289267036.0,235754010.0,208521352.0,139013112.0,169301188.0,124421481.0,153455808.0,209611332.0,190775720.0,242253270.0,302261606.0,322322720.0,271250304.0,235159800.0,263813898.0,256402886.0,205776717.0,165119010.0,164307584.0,256068864.0,316583680.0,325254384.0,355245462.0,226526520.0,213972540.0,196856445.0,174670166.0,174447000.0,210920819.0,145576688.0,140321707.0,205173540.0,229224946.0,226557760.0,291243211.0,240878694.0,265947120.0,216871416.0,188271974.0,182852553.0,188576975.0,140984558.0,179611782.0,244995926.0,258740216.0,310663878.0,372554024.0,292703334.0,330124146.0,254557259.0,259967620.0,241720785.0,267244273.0,218994468.0,213061832.0,304958256.0,392320104.0,450076332.0,453738908.0,460320640.0,425890136.0,358031648.0,361506496.0,288928704.0,334286808.0,233561340.0,218192688.0,329511792.0,391141120.0,489551040.0,505851475.0,499976426.0,452490480.0,370116240.0,411975824.0,320613748.0,376760240.0,259777280.0,263059000.0,404398604.0,389147256.0,528399174.0,650929764.0,609628111.0,536358144.0,455030772.0,469197230.0,350899164.0,425082732.0,281174464.0,293951847.0,443533986.0,520813606.0,634211640.0,752580450.0,625276542.0,627985656.0,542789048.0,499347056.0,439901748.0,470119962.0,349508853.0,360396095.0,618823520.0,582144574.0,682328378.0,826928011.0,651054528.0,698762264.0,558382500.0,551853702.0,512056402.0,479182550.0,361865450.0,385115848.0,562224080.0,613597864.0,693677586.0,779897833.0,714521496.0,689262102.0,495626820.0,533523078.0,499881877.0,448134448.0,345150686.0,414493120.0,586357739.0,631354424.0,756601641.0,762861264.0,781583633.0,716052110.0,557963070.0,654241676.0,532295946.0,622009536.0,438953694.0,495669055.0,648687696.0,591034284.0,576380240.0,800825910.0,876014348.0,794361150.0,794863140.0,829543022.0,713897240.0,776972522.0,553764595.0,586354665.0,788411981.0,907253360.0,1058945328.0,1297828280.0,1101416272.0,1153343488.0,992243840.0,1061835932.0,1044212390.0,1002391632.0,730502801.0,728000988.0,1053615276.0,1078738653.0,1179079660.0,1291526908.0,1053374511.0,1082383680.0,860672118.0,751071966.0,629828730.0,558831357.0,387853648.0,499329961.0,717873112.0,676592392.0,815484915.0,944001234.0,824423376.0,796786608.0,602004128.0,637234868.0,612754956.0,518653437.0,456964059.0,545401643.0,687661065.0,877592625.0,937269567.0,935674280.0,866270592.0,804104720.0,614031924.0,737443000.0,645669225.0,666805775.0,558028588.0,582056496.0,753372130.0,818530724.0,955536459.0,969529834.0,976362546.0,880372828.0,746074631.0,779546061.0,610234758.0
394849,44,"Memphis, TN",msa,TN,187123134.0,220400507.0,204271000.0,218037720.0,233489898.0,240756279.0,204366507.0,193391392.0,170282495.0,119509506.0,149647008.0,116126822.0,127531620.0,164395480.0,180499584.0,181486500.0,213394896.0,221751153.0,192203727.0,220511268.0,203016720.0,168935000.0,172691661.0,109364996.0,129354561.0,190560606.0,199180170.0,230964678.0,233186225.0,167841261.0,173095505.0,165494388.0,136361900.0,140640906.0,140837760.0,99521268.0,115481488.0,158519202.0,158856060.0,175413830.0,206119095.0,176663916.0,188127759.0,167184936.0,145531001.0,137253850.0,133713408.0,110888211.0,139211280.0,170514840.0,176395872.0,223862264.0,225439760.0,228155944.0,212926440.0,187766040.0,189691040.0,149490684.0,170538926.0,156955698.0,148996288.0,183106845.0,208600281.0,273544095.0,275760072.0,306617821.0,294784710.0,224980191.0,227809320.0,187072550.0,199048078.0,158243412.0,171553530.0,221426100.0,244527570.0,262868800.0,288525225.0,300810244.0,257998030.0,244717485.0,240623124.0,174223788.0,213851769.0,156854835.0,180914816.0,240169170.0,251937600.0,290577660.0,341664980.0,334096384.0,298788208.0,281282750.0,238436660.0,193159904.0,241460325.0,158460948.0,190338666.0,270911215.0,313294408.0,337613600.0,383235828.0,348223050.0,327231090.0,289510455.0,292411396.0,262092600.0,272533998.0,199675710.0,209082232.0,300589245.0,314171088.0,383054022.0,426964160.0,404100326.0,432576375.0,340746196.0,326670374.0,314939950.0,291155372.0,224504280.0,224133260.0,313194808.0,349472994.0,440773560.0,432623854.0,407766980.0,398998800.0,325496152.0,356709433.0,296615654.0,271468428.0,226269150.0,256106292.0,317849272.0,371085915.0,462641184.0,449107160.0,454254536.0,413690858.0,350785029.0,359422486.0,295344322.0,321343605.0,259323768.0,287268268.0,342428586.0,349821604.0,341707185.0,457940614.0,518005840.0,498203418.0,480680380.0,511784735.0,411978798.0,471927532.0,334547400.0,303482174.0,437846986.0,485446062.0,555799547.0,637440000.0,659517684.0,644273228.0,586796590.0,544308672.0,520057633.0,536130670.0,383655030.0,406467944.0,558016580.0,528062976.0,654243219.0,668595924.0,567222000.0,598082589.0,556736716.0,401198472.0,355078983.0,316526400.0,241049920.0,294088174.0,395041251.0,382956822.0,479107720.0,545055489.0,449587275.0,490074596.0,395034681.0,402667008.0,320410161.0,319323252.0,262529172.0,322354230.0,386611656.0,441283140.0,502358472.0,471058880.0,487645258.0,440463595.0,381983292.0,391591802.0,352583354.0,356364900.0,293313273.0,320102435.0,380304033.0,418362658.0,485447434.0,499905840.0,484788150.0,435343458.0,409343922.0,420090515.0,351257249.0
395022,45,"Richmond, VA",msa,VA,253353160.0,306292876.0,321733818.0,374439308.0,402598476.0,365152113.0,340765712.0,256287330.0,216497347.0,171797472.0,189471910.0,147063515.0,142465287.0,193631276.0,200949369.0,252957013.0,354244550.0,316132712.0,280405056.0,245353464.0,261465160.0,244068421.0,214274902.0,130720527.0,152011230.0,214550640.0,276990505.0,313044732.0,361355740.0,238924210.0,242270874.0,184325764.0,185566333.0,179974221.0,209419002.0,152764157.0,145268085.0,211118648.0,215983050.0,260879828.0,304284359.0,264648930.0,264706575.0,208755389.0,180260168.0,192114620.0,219055176.0,158640685.0,170094034.0,210905844.0,266230014.0,313780340.0,362400423.0,324909321.0,314213520.0,227979140.0,243500982.0,249322822.0,244576602.0,193504744.0,192519828.0,238714695.0,305762576.0,388043472.0,418282080.0,401609592.0,387520930.0,283723560.0,276293958.0,246670520.0,277662216.0,207570090.0,180519570.0,257319755.0,315950184.0,361189317.0,461043756.0,415859788.0,367645971.0,327041244.0,303199252.0,260319850.0,308903976.0,203856928.0,228444088.0,348010194.0,366595760.0,400429425.0,541446054.0,510667788.0,421145352.0,367737240.0,357881784.0,281550410.0,354918465.0,244403540.0,256034034.0,345535986.0,421278390.0,508957425.0,643677590.0,528531084.0,542092210.0,425283386.0,375169086.0,365664158.0,371010010.0,272894816.0,277220760.0,434428491.0,469761698.0,585392700.0,681369156.0,553302070.0,595110240.0,442560240.0,417164713.0,403348204.0,423927240.0,294565865.0,296392600.0,457575728.0,487865568.0,577358422.0,687817494.0,628123840.0,605835760.0,400437210.0,445830150.0,409079378.0,363935022.0,297005489.0,305205888.0,464080016.0,490087854.0,626068648.0,685919328.0,637444680.0,606627321.0,481047777.0,506612848.0,441244898.0,518526008.0,362898537.0,359987334.0,503434834.0,527747705.0,530986950.0,648466655.0,701923261.0,684929349.0,656354184.0,717863862.0,592145180.0,645144696.0,461497500.0,435586932.0,636911898.0,709913127.0,799437564.0,941484036.0,951217425.0,876344630.0,783440145.0,725944704.0,702933791.0,733327584.0,488842956.0,440459904.0,685701848.0,755904254.0,866282957.0,981306195.0,797064225.0,768930283.0,640645020.0,580230960.0,472290980.0,457616304.0,327381978.0,392301696.0,513931300.0,507754890.0,715928120.0,783654385.0,614266968.0,648064872.0,525438300.0,531701265.0,491939428.0,497677862.0,322179660.0,435196180.0,507004728.0,635203702.0,778239516.0,722263120.0,680907678.0,625470552.0,529559433.0,621901500.0,548969561.0,599219153.0,401617230.0,421852300.0,549085308.0,656981436.0,790056792.0,855752639.0,775082028.0,714693810.0,578356200.0,703640322.0,525012748.0
394807,46,"Louisville, KY",msa,KY,164798280.0,172305325.0,197279280.0,241497810.0,254168052.0,260308930.0,242126410.0,210990045.0,191351937.0,137144480.0,135579752.0,98770527.0,121762109.0,145647270.0,176082200.0,191657543.0,263054583.0,269530376.0,227903016.0,224307580.0,238110546.0,223562359.0,173669346.0,119722017.0,124706880.0,177584682.0,230590276.0,265652570.0,297982634.0,201060360.0,185755436.0,167194935.0,170327472.0,171125568.0,169023378.0,123022790.0,130739265.0,179080836.0,182086987.0,203348528.0,256192272.0,222256440.0,217442966.0,203970085.0,169942929.0,168322928.0,168094355.0,143616960.0,150307685.0,196146720.0,219616644.0,244631556.0,247718296.0,263121210.0,260997917.0,230003898.0,240863708.0,221327470.0,210496541.0,177864414.0,169346880.0,219632410.0,279278160.0,326143164.0,325750250.0,357073360.0,343143648.0,296457066.0,267256970.0,257157947.0,229964547.0,173428215.0,177588054.0,217296952.0,255638008.0,314550495.0,375739840.0,361435904.0,359900626.0,285295333.0,291091500.0,228846320.0,253186290.0,196470921.0,181595520.0,259832400.0,317375112.0,364153811.0,459509785.0,424392529.0,390543300.0,359774000.0,333715795.0,228063280.0,292368384.0,226407924.0,241717908.0,322878196.0,355942620.0,417038388.0,480969770.0,431904796.0,438154420.0,403255860.0,386568450.0,361174275.0,339095808.0,269272434.0,278404380.0,409928064.0,371268843.0,481194500.0,515659840.0,478629264.0,500367322.0,425697780.0,394965792.0,383664456.0,358463958.0,280008717.0,309228314.0,369466768.0,419569139.0,483428016.0,508020709.0,510354192.0,525847700.0,402262520.0,387631636.0,352341660.0,330172227.0,271569767.0,270132082.0,351122850.0,385512984.0,485406372.0,491796114.0,520512096.0,505370100.0,417791000.0,435954484.0,364184774.0,361247526.0,263179558.0,295820598.0,382285300.0,359547140.0,360598485.0,520742262.0,596252104.0,595729728.0,512349600.0,559522206.0,474606288.0,489986784.0,364910008.0,343995015.0,442303519.0,489972665.0,553685916.0,645923652.0,644022200.0,592238592.0,602642418.0,614998277.0,528255896.0,547333704.0,367725648.0,388081721.0,493320510.0,556701950.0,557900811.0,619506602.0,592992716.0,583740261.0,509106070.0,477823090.0,362295241.0,318001310.0,247998108.0,281288806.0,410622654.0,356172432.0,452197848.0,497810192.0,494663156.0,491799264.0,374300504.0,388418688.0,369789900.0,309680003.0,250703046.0,309078524.0,366796630.0,415082880.0,494526555.0,480762464.0,526921743.0,502712100.0,441169176.0,447352504.0,385836084.0,388673071.0,287756976.0,295249522.0,398764968.0,466192690.0,493546588.0,559422885.0,582525600.0,545953392.0,488664550.0,548216550.0,392672040.0
394910,47,"New Orleans, LA",msa,LA,117235868.0,129136950.0,137170250.0,171996711.0,156737832.0,165882937.0,128546225.0,90391627.0,101002518.0,69946110.0,84877108.0,76767792.0,87900120.0,117074450.0,104569137.0,119969280.0,148323604.0,140283720.0,117801510.0,118950195.0,120933384.0,110210214.0,105993616.0,64710360.0,68946526.0,110990275.0,124837020.0,126686892.0,145647426.0,127715880.0,110288740.0,92309442.0,109146975.0,84642760.0,104375930.0,78318152.0,79177960.0,116905695.0,116756087.0,140184264.0,160089111.0,146116528.0,130978269.0,114892596.0,111203400.0,99433565.0,103819560.0,86012010.0,91899950.0,126653202.0,120790980.0,168164853.0,172627428.0,147680523.0,123836328.0,137327580.0,135490256.0,134958378.0,131006700.0,106097992.0,91146376.0,129194352.0,158110137.0,187876384.0,189777198.0,178081563.0,189651185.0,158073121.0,155570186.0,134307732.0,139516866.0,111140257.0,119890717.0,136981376.0,156167194.0,195585918.0,208118469.0,203430892.0,195624621.0,171695325.0,188186893.0,159515982.0,180139470.0,118532025.0,130946017.0,188422851.0,189516075.0,226602056.0,226108792.0,240859770.0,219618188.0,214956405.0,183745398.0,159674783.0,190862568.0,140992716.0,151725986.0,202017888.0,210101220.0,236671857.0,262803728.0,229776300.0,226766210.0,199865876.0,190294276.0,194781626.0,181326749.0,163345597.0,143374689.0,193735152.0,177848512.0,246559448.0,256887024.0,224986146.0,248251616.0,198973376.0,164554236.0,158562080.0,171320050.0,140113913.0,141890217.0,197695680.0,211033680.0,257685022.0,255454774.0,255506736.0,246768477.0,192088571.0,193548080.0,179333819.0,160530500.0,141418084.0,138576790.0,179783814.0,196792462.0,252505330.0,254891340.0,250776576.0,223421836.0,205166776.0,244580688.0,214098612.0,190218360.0,179193780.0,180499536.0,204828892.0,186809940.0,173432160.0,277528128.0,335561940.0,299514800.0,325930320.0,300231402.0,298292766.0,298790998.0,250873645.0,276944127.0,429536819.0,480946410.0,518177520.0,615205248.0,543980035.0,424955809.0,330301186.0,390436244.0,376295948.0,429618735.0,366556725.0,349999741.0,506981297.0,540313848.0,589555370.0,579319299.0,455142770.0,418994330.0,370463286.0,327266457.0,269117718.0,274699876.0,224912880.0,225276656.0,326940280.0,310459644.0,410830290.0,443410194.0,357921168.0,340230350.0,292401117.0,287725796.0,243616545.0,239735444.0,225691148.0,241345720.0,313946948.0,411892374.0,453036255.0,415281100.0,407029428.0,362089531.0,305830278.0,303384708.0,292786856.0,378286184.0,239805791.0,307154574.0,324841194.0,388197687.0,471713788.0,516866010.0,406378372.0,394289841.0,379172795.0,361200070.0,294128580.0
395053,48,"Salt Lake City, UT",msa,UT,212213916.0,246537630.0,275285920.0,318913860.0,306816732.0,292748040.0,275125425.0,268511420.0,213030290.0,148567114.0,163922500.0,124190100.0,150807243.0,189729382.0,210130880.0,262687806.0,310958196.0,280361978.0,262804836.0,228780182.0,250485158.0,244799776.0,205211842.0,141871275.0,156198927.0,239953539.0,276226951.0,295371648.0,258729885.0,191168355.0,192727055.0,185668270.0,179793369.0,174314577.0,183918900.0,129728149.0,129904260.0,197733964.0,197022657.0,222759016.0,236014155.0,226331430.0,239276398.0,202145541.0,208061742.0,178333146.0,184519170.0,145505458.0,166030860.0,222580908.0,249148416.0,293921715.0,279031473.0,265829032.0,319534821.0,245980709.0,269918028.0,255877950.0,239240394.0,180107550.0,194850150.0,261908038.0,331873558.0,411957000.0,408798414.0,400812724.0,393384334.0,306992367.0,313218270.0,264695600.0,262369523.0,204225920.0,215939100.0,274778752.0,303176412.0,389896567.0,409281795.0,380874960.0,382922298.0,334745201.0,359546331.0,276041216.0,295842400.0,211460837.0,262924284.0,397710660.0,404210590.0,485845344.0,538181420.0,526609520.0,469952196.0,442961168.0,377002962.0,319147840.0,392456205.0,256939956.0,280754782.0,421297710.0,466460363.0,576432198.0,618625831.0,524651085.0,569632352.0,524370083.0,472838163.0,442813891.0,422222757.0,313160960.0,313862541.0,515069896.0,524582720.0,630919764.0,672654504.0,559084372.0,612098964.0,506165940.0,566772760.0,497966040.0,485271172.0,383670988.0,415624235.0,565336044.0,546705498.0,640698540.0,735409136.0,620505164.0,649994994.0,528982914.0,567877341.0,491771392.0,423257216.0,333120168.0,383035050.0,487335002.0,631710936.0,744170682.0,699806940.0,755249755.0,703742034.0,606231458.0,621397640.0,555157486.0,536761667.0,402298758.0,468729866.0,547810826.0,506991258.0,647002100.0,866961768.0,928031796.0,853135920.0,905329656.0,865025196.0,732713535.0,762742224.0,595308240.0,697171440.0,961757736.0,1129543272.0,1120035280.0,1374802000.0,1256652067.0,1255956996.0,1177793541.0,1169876588.0,1139200765.0,1116041800.0,743821635.0,774073977.0,1050905765.0,1117102231.0,1237827248.0,1179306672.0,839255104.0,921883774.0,808518074.0,640749450.0,558932638.0,485208990.0,388683144.0,514346730.0,733000932.0,653663802.0,827304622.0,779376396.0,731424447.0,825976515.0,622062328.0,653030196.0,520234117.0,504971740.0,458318107.0,611170516.0,746759400.0,791429710.0,892624736.0,817704048.0,872571136.0,797780457.0,745070882.0,796402204.0,629011680.0,628345200.0,489230616.0,625969474.0,713777370.0,803270072.0,988327332.0,913977510.0,871906957.0,842618634.0,816313336.0,847685388.0,544588940.0
394669,49,"Hartford, CT",msa,CT,186938122.0,247707900.0,271707450.0,316892800.0,388527438.0,370179920.0,356599774.0,268670268.0,289088416.0,200058600.0,210085837.0,131504800.0,144941550.0,158727485.0,202046132.0,243602154.0,341622496.0,367960546.0,317555421.0,262869586.0,308187520.0,310180200.0,248448060.0,165445728.0,144039675.0,233554496.0,271338795.0,311129676.0,426958880.0,243125360.0,269977376.0,224693805.0,215626216.0,227669400.0,219566109.0,150803379.0,145464222.0,189713175.0,206626800.0,247769685.0,371124160.0,277600220.0,285863074.0,230399962.0,203472324.0,211536000.0,202567430.0,136786114.0,152555080.0,223873904.0,227417928.0,299563292.0,389996794.0,352512615.0,357172930.0,259907992.0,277657016.0,269439588.0,267588305.0,201583320.0,145347680.0,228339209.0,277114396.0,344689378.0,383926340.0,423265435.0,436258163.0,304103694.0,319842504.0,273738622.0,279065670.0,223354380.0,170471385.0,221613984.0,250802307.0,320803304.0,442108568.0,423545770.0,374831732.0,349188480.0,335529840.0,247143552.0,292305706.0,192692214.0,176798950.0,235312650.0,256829292.0,341019600.0,469633476.0,474708668.0,436684144.0,378007112.0,342244359.0,264214860.0,324488385.0,226899540.0,212810208.0,272959191.0,330809050.0,381209360.0,540220350.0,441108577.0,496970292.0,387368354.0,357027870.0,310382592.0,340466600.0,279756176.0,205489669.0,298791750.0,311127267.0,412334720.0,535538129.0,494191962.0,451883250.0,361249728.0,342213413.0,288101886.0,292195068.0,221988360.0,189511185.0,263420409.0,298382040.0,379666500.0,501963760.0,451166850.0,474212176.0,289407260.0,341249381.0,313247564.0,279307160.0,206049459.0,156042475.0,243676824.0,305522528.0,374173568.0,480866508.0,456110773.0,432184720.0,342217836.0,322925494.0,299801638.0,308567834.0,242442030.0,201740500.0,282093189.0,302915856.0,348023361.0,414692817.0,565504038.0,585293247.0,541345920.0,585856809.0,476152530.0,550130859.0,367905378.0,290105146.0,401563404.0,481371813.0,523290944.0,720472401.0,697109560.0,688602954.0,551804402.0,512394024.0,510790670.0,510783900.0,331858069.0,281861424.0,354561278.0,395347796.0,469446240.0,631402680.0,568015035.0,578799186.0,504595842.0,383154772.0,355420660.0,331215040.0,234683237.0,210114342.0,298146800.0,283424569.0,390095394.0,502032384.0,456105364.0,524287595.0,439254460.0,409080731.0,351904662.0,368737281.0,290133864.0,230585616.0,291048912.0,351997852.0,427178100.0,534151680.0,556679772.0,570434382.0,460572160.0,441165777.0,413077302.0,421030856.0,333660862.0,254777228.0,304194104.0,397821380.0,476745870.0,564487275.0,615787226.0,557421292.0,492975003.0,549459200.0,401646462.0
394425,50,"Buffalo, NY",msa,NY,75072504.0,87916730.0,105179347.0,121743646.0,154527750.0,155890980.0,146941296.0,122370318.0,123575190.0,90231750.0,90866125.0,59357503.0,51712617.0,69851718.0,87559122.0,106459686.0,147163840.0,166604445.0,154344726.0,124389282.0,133110000.0,124527558.0,94718428.0,68149770.0,54442774.0,90127730.0,107750960.0,120093568.0,227393714.0,90975105.0,108129086.0,103432154.0,105312069.0,84257096.0,104059917.0,82900560.0,64664243.0,74715035.0,79939010.0,91283962.0,138069338.0,141542120.0,146576256.0,132608498.0,105460662.0,94129670.0,115967419.0,76693575.0,68878362.0,111724009.0,89001491.0,116787552.0,155836944.0,158673240.0,147937301.0,123476015.0,119494305.0,114020914.0,99929912.0,87557125.0,90744222.0,92131200.0,102857696.0,138858889.0,182098810.0,168172527.0,192065965.0,158152674.0,149619816.0,124528809.0,125163350.0,89801401.0,80998050.0,90738996.0,106442388.0,138986260.0,161878604.0,180425420.0,194395020.0,169632560.0,171960726.0,115213308.0,139634550.0,91594264.0,72602352.0,109663400.0,120665768.0,136955907.0,198647852.0,241181754.0,319326530.0,195613056.0,239762328.0,156141820.0,156091750.0,116080994.0,113579631.0,125099832.0,133399170.0,166543253.0,220190582.0,228412100.0,245292916.0,216152400.0,219742362.0,182501115.0,172071050.0,137228325.0,119259281.0,136528320.0,139148919.0,184851810.0,232229002.0,213373854.0,260858880.0,221909544.0,235163094.0,178263666.0,186884874.0,147455388.0,125746177.0,123481710.0,163380322.0,179409048.0,218941002.0,243844414.0,260234746.0,215611520.0,229840276.0,187941408.0,177401595.0,124547744.0,103555303.0,134368032.0,143007800.0,190614336.0,202772735.0,247990156.0,267265013.0,228150834.0,222553728.0,201073755.0,186763264.0,159502401.0,111042555.0,124158255.0,145803228.0,139300224.0,135925524.0,210905160.0,266906277.0,286068050.0,309778420.0,266836752.0,269970360.0,190589166.0,160387494.0,159840387.0,178251759.0,215386101.0,267597212.0,309669450.0,352396555.0,309277080.0,327048420.0,273537266.0,294169200.0,219032944.0,165516666.0,163572020.0,174135432.0,252940160.0,296581626.0,324096000.0,363712640.0,336357074.0,300960000.0,258132336.0,221900920.0,164164104.0,113930920.0,133412862.0,143879414.0,212788467.0,278170233.0,269170116.0,324585276.0,301586000.0,283927512.0,240351104.0,239202016.0,175108656.0,134369521.0,134571978.0,184030910.0,219927280.0,254780101.0,309304008.0,379252400.0,288740298.0,317876944.0,259221400.0,280240614.0,216474522.0,143511940.0,190565454.0,187013760.0,229905442.0,275883399.0,338848290.0,389562780.0,333084914.0,330107467.0,285684937.0
394388,51,"Birmingham, AL",msa,AL,126134010.0,181528064.0,183786564.0,221696448.0,203826010.0,253132524.0,191713391.0,200102210.0,179512401.0,131344074.0,158745642.0,103896221.0,139666982.0,183770663.0,180534836.0,204592176.0,238057478.0,230456360.0,193438182.0,201122856.0,225692640.0,203181395.0,202930632.0,158982696.0,149979928.0,217294680.0,272996966.0,282431952.0,312833983.0,200694286.0,187419288.0,182107332.0,163325510.0,166877310.0,185047686.0,144990252.0,157452827.0,229642455.0,226223680.0,222461560.0,306013120.0,244678484.0,261306226.0,229718246.0,234283630.0,226621857.0,235403136.0,186228680.0,245236992.0,281636416.0,333884310.0,378658490.0,408338700.0,416679552.0,414927996.0,364929939.0,413693865.0,352900730.0,387091250.0,320322444.0,404870943.0,582978800.0,647444516.0,731677473.0,697970624.0,723277488.0,698183604.0,643180670.0,622184675.0,530059390.0,572949631.0,438266296.0,454924080.0,589399936.0,674127216.0,727125956.0,752415720.0,745367464.0,715688622.0,665003633.0,648869304.0,469469568.0,537921014.0,375279892.0,418984176.0,596239215.0,642479380.0,668234295.0,704117064.0,582472337.0,383492560.0,307609484.0,276781084.0,214328192.0,286835472.0,196124892.0,226451424.0,314347762.0,360904307.0,410005320.0,447508850.0,369127780.0,369844384.0,349918477.0,285168324.0,278106570.0,282886848.0,222546798.0,243697040.0,372987046.0,362131320.0,436791873.0,438452448.0,378620148.0,416039702.0,329188478.0,303504993.0,287640030.0,275232105.0,224592876.0,264379747.0,358755326.0,409758426.0,508314257.0,459716544.0,422312175.0,418829992.0,352728144.0,336308272.0,320957020.0,260797392.0,213535674.0,288424581.0,379374372.0,469212360.0,517453215.0,440677640.0,409922700.0,444126570.0,356488238.0,319342336.0,307053660.0,314431551.0,246994537.0,293206370.0,365627346.0,336529288.0,349971810.0,499942500.0,556761870.0,509879307.0,511729796.0,512928573.0,456247623.0,448872592.0,372727440.0,378993732.0,545438854.0,572086121.0,624236584.0,692701820.0,594785920.0,607427874.0,568397520.0,471965373.0,517023956.0,496992175.0,367665004.0,401054128.0,572182468.0,634529400.0,676579512.0,688633594.0,538864413.0,597738714.0,489283756.0,373122034.0,348624575.0,307943640.0,223200312.0,301460341.0,429124032.0,396353634.0,519792462.0,497674770.0,429410437.0,432195840.0,371954737.0,347649112.0,349566633.0,347799870.0,325894240.0,412054548.0,532717500.0,475078658.0,475848832.0,482906724.0,513635018.0,467064030.0,427563136.0,461175372.0,413168616.0,408699620.0,357485258.0,391548960.0,498180543.0,517966800.0,601196646.0,554004750.0,550829118.0,484033192.0,471892642.0,459138932.0,358798650.0
395031,52,"Rochester, NY",msa,NY,85438180.0,94356808.0,126084315.0,162565410.0,178658799.0,203000875.0,201734608.0,141446800.0,138444669.0,103804552.0,120183996.0,62212456.0,77169120.0,95838288.0,104045330.0,122127912.0,175403880.0,198979788.0,184455708.0,148149944.0,158395050.0,136136349.0,114661024.0,71230265.0,70699005.0,112389324.0,146454768.0,169051999.0,275224026.0,110825783.0,123936724.0,118634547.0,113128520.0,100375272.0,104357330.0,80303539.0,69180384.0,84684730.0,105178605.0,124947413.0,158243865.0,156886598.0,159582312.0,126082737.0,115157625.0,110341000.0,114609573.0,80967408.0,77468508.0,101834010.0,108379200.0,162204540.0,193190508.0,169290880.0,208753550.0,127395240.0,155208850.0,131066892.0,119367200.0,92218909.0,88074610.0,109500584.0,130435730.0,167147722.0,192165113.0,225759875.0,221556816.0,155832352.0,153627727.0,128110810.0,125722839.0,89507740.0,72294699.0,100013613.0,129575038.0,165601455.0,207490171.0,224041800.0,199042149.0,159129945.0,173704969.0,142376175.0,143563420.0,88009684.0,85318125.0,109808200.0,121510890.0,171511400.0,236523560.0,274423842.0,237731076.0,206191788.0,197663574.0,144041575.0,162447473.0,105717292.0,121125480.0,141420705.0,156494951.0,205714161.0,261315220.0,251458500.0,255341178.0,202680514.0,194174500.0,166846713.0,181596510.0,127970101.0,108619732.0,144264879.0,162455230.0,217531230.0,260933242.0,237555876.0,285765900.0,210093410.0,222352400.0,172321300.0,184117881.0,137977320.0,109870200.0,150837025.0,164614575.0,210014424.0,292897422.0,256951604.0,298639783.0,197663652.0,231644609.0,193366359.0,157849406.0,117516328.0,111955338.0,151768656.0,178471755.0,217810270.0,254291896.0,292774449.0,306204536.0,236195812.0,237252334.0,196327920.0,192769648.0,143419904.0,110543240.0,143741088.0,155269576.0,161426046.0,184341040.0,270523955.0,295161718.0,324744600.0,318440345.0,252913603.0,276980499.0,180513528.0,136536880.0,176720142.0,188029485.0,246106938.0,342312128.0,328179413.0,340545751.0,320267404.0,306643889.0,273407252.0,261075080.0,163877450.0,122954676.0,178521315.0,200214560.0,265185386.0,325714360.0,317627585.0,358941635.0,310945196.0,264612096.0,217454328.0,212906880.0,122382689.0,111522000.0,155874411.0,150361110.0,234532162.0,304590882.0,285449472.0,327037689.0,300875754.0,263576534.0,234240693.0,217457370.0,147435915.0,125528168.0,171844488.0,206019992.0,246646845.0,281173200.0,338815968.0,326916228.0,285314208.0,295822170.0,257560648.0,261474183.0,179151219.0,125058784.0,172988256.0,222111657.0,285059196.0,325758125.0,361731732.0,368441247.0,346824011.0,324841374.0,254979186.0
394640,53,"Grand Rapids, MI",msa,MI,101687649.0,128986208.0,155821223.0,167237500.0,173055729.0,166422300.0,167581260.0,153472044.0,141541099.0,94463117.0,96327295.0,73094350.0,81810200.0,110814924.0,114838400.0,115042645.0,157166167.0,163438364.0,155827032.0,156563900.0,158428512.0,136144281.0,111906960.0,93830404.0,95342400.0,131457257.0,170223495.0,171687240.0,173375566.0,120681760.0,123139200.0,119202990.0,127146844.0,106299560.0,122359336.0,92913436.0,85564980.0,112800009.0,138331200.0,142934150.0,171482289.0,156581654.0,158188212.0,145187988.0,135203400.0,124228776.0,129845936.0,108899910.0,108894786.0,142386757.0,168201208.0,189217974.0,199909846.0,195372254.0,218019210.0,183223050.0,199717596.0,175031460.0,170537400.0,156170614.0,145017054.0,189144531.0,203496468.0,259006167.0,265430358.0,292134112.0,299692796.0,244609840.0,245502720.0,187397826.0,175668225.0,143253435.0,146704415.0,179148783.0,203883659.0,281543975.0,310871304.0,315273288.0,307170360.0,276024514.0,283973418.0,205119642.0,205755074.0,160647828.0,153865215.0,219854309.0,263585760.0,315033750.0,394443552.0,376710180.0,362844750.0,345726018.0,334693375.0,236882144.0,260497100.0,212249875.0,196128864.0,269647296.0,309080244.0,359465436.0,429200518.0,390175550.0,436809468.0,403367635.0,347116644.0,316143386.0,271767144.0,241992009.0,194615028.0,314587496.0,304976752.0,406884560.0,485897328.0,396371664.0,435606600.0,394738056.0,368546458.0,298897740.0,286999636.0,229168467.0,201760981.0,313651728.0,331249539.0,413357828.0,466924108.0,446640752.0,483377385.0,374067057.0,387733950.0,322386597.0,264411275.0,225253386.0,213491520.0,284062653.0,335980215.0,446392840.0,455533056.0,477441594.0,464884211.0,397904101.0,382250811.0,343799190.0,299892267.0,268417314.0,251924215.0,310593101.0,263860980.0,218267250.0,461145580.0,591835748.0,497751646.0,532932280.0,489640256.0,434573272.0,396096887.0,307766940.0,310959488.0,384170034.0,468352415.0,506235270.0,616899654.0,595211892.0,586962432.0,572875298.0,538409840.0,498994158.0,450369304.0,316998320.0,288952740.0,409165064.0,465292234.0,556971187.0,628912569.0,616151433.0,605455600.0,521719986.0,453038651.0,393630400.0,323812468.0,228428916.0,246133746.0,369412437.0,320569488.0,462737574.0,551188092.0,482902510.0,516114096.0,446675014.0,419112582.0,343845621.0,311854239.0,250214900.0,262457393.0,309502435.0,420000340.0,516771885.0,512811348.0,534791900.0,509064896.0,446217080.0,478406670.0,407718240.0,353482470.0,266613066.0,293723961.0,341852805.0,438789666.0,560107002.0,586016640.0,634227804.0,527409818.0,520506714.0,518197484.0,392930694.0
395167,54,"Tucson, AZ",msa,AZ,191941750.0,224001235.0,242430324.0,249562368.0,247028259.0,219589084.0,202270070.0,187329834.0,192447192.0,133113794.0,157279200.0,126778140.0,152187855.0,185947238.0,181703880.0,199189953.0,241689604.0,243579248.0,196492748.0,188523544.0,196119080.0,180816707.0,178822780.0,141938145.0,151548978.0,238284627.0,250716168.0,232078750.0,232405568.0,154613268.0,166183224.0,158015457.0,136847880.0,147657542.0,183015128.0,138382270.0,165049533.0,203906120.0,213217416.0,213543864.0,222641562.0,193050352.0,175282988.0,160152696.0,157680479.0,166420464.0,176228754.0,154092156.0,181832926.0,229798768.0,242278200.0,236461320.0,240133600.0,202118185.0,227919088.0,177008805.0,189660770.0,192343200.0,195542776.0,186251286.0,187982154.0,273319398.0,271344276.0,298120480.0,293044424.0,261302410.0,252787862.0,212226660.0,221138505.0,181153752.0,214363922.0,178047675.0,199992320.0,237096064.0,275002200.0,263228000.0,265317066.0,250169640.0,243283885.0,217265105.0,229281668.0,188376784.0,218152150.0,165089078.0,205855833.0,267251640.0,302551194.0,299858082.0,330792885.0,313480509.0,274335279.0,256125602.0,257569909.0,193934094.0,265477742.0,218792236.0,232926102.0,331642112.0,347667280.0,342348330.0,392430088.0,328290413.0,320872431.0,291865599.0,299810546.0,296386620.0,308322476.0,268469780.0,297344117.0,393155568.0,369337776.0,415075180.0,412136100.0,337383043.0,356877038.0,336356426.0,319188562.0,325164252.0,308964474.0,264853425.0,316655832.0,422486343.0,444383500.0,473425074.0,450790218.0,396097374.0,397484781.0,324795742.0,359473994.0,315618240.0,311879456.0,272662285.0,305693660.0,414314850.0,460436340.0,534140376.0,471008335.0,478080254.0,423198972.0,398290935.0,404571024.0,341860682.0,403427310.0,354917367.0,372021982.0,495207488.0,392936698.0,391123075.0,490863297.0,582386700.0,504332420.0,543635840.0,584365671.0,505869012.0,576557397.0,476314272.0,502112640.0,736663075.0,725811695.0,726055032.0,836087886.0,723946080.0,663572608.0,648349502.0,617958700.0,704803578.0,713651400.0,568936158.0,647701440.0,839151416.0,779123952.0,844370154.0,733763632.0,589900656.0,566227500.0,482563785.0,442218280.0,352722768.0,366078804.0,346135296.0,403322972.0,531786495.0,531690198.0,627308052.0,589965376.0,463652680.0,479452896.0,406596903.0,412180288.0,352414755.0,332322291.0,363999145.0,441942464.0,532042880.0,618099321.0,591097112.0,497905520.0,477060204.0,438057122.0,386556612.0,449423100.0,351555490.0,420420102.0,382290165.0,448346736.0,583371873.0,597122925.0,577014415.0,509158728.0,489759564.0,432240820.0,430727724.0,428722704.0,401206894.0
753924,55,"Urban Honolulu, HI",msa,HI,310909704.0,381822632.0,401977920.0,385234347.0,328630884.0,393057734.0,352913850.0,307892312.0,323847264.0,206400896.0,289284534.0,137654922.0,185540894.0,244923129.0,241886308.0,254605961.0,324455045.0,326442600.0,320815625.0,347981140.0,384579000.0,369579564.0,357183464.0,230598336.0,224155431.0,339012201.0,371631821.0,383555504.0,395721060.0,358064032.0,333412083.0,354950496.0,290154910.0,309010782.0,410322663.0,285180894.0,294328608.0,344881800.0,341150328.0,331986660.0,352461186.0,341275000.0,366313734.0,366111749.0,339478920.0,390421940.0,321916698.0,268144128.0,266855364.0,300860329.0,312154474.0,361642530.0,341040360.0,363866712.0,412156959.0,373432745.0,443259649.0,411963920.0,532421700.0,289097858.0,304838640.0,398831730.0,409635991.0,409111664.0,445236232.0,438702825.0,577822245.0,461134061.0,417452880.0,429923478.0,478465350.0,368955400.0,335465881.0,435458333.0,412602784.0,526898100.0,492532752.0,476581791.0,483330953.0,491836670.0,531493140.0,428863424.0,509578423.0,376762704.0,324862384.0,453492072.0,526154052.0,517089144.0,579086515.0,549684312.0,509458464.0,560810188.0,511806529.0,424379424.0,520254306.0,399500203.0,662541342.0,519383864.0,563638907.0,535757628.0,643538358.0,558795320.0,606195632.0,579801420.0,533340726.0,506505776.0,582486939.0,596409606.0,470990055.0,583471782.0,553183029.0,652905805.0,639018984.0,595521234.0,641447534.0,669204944.0,590257344.0,599391546.0,589925825.0,451925184.0,433885032.0,636507671.0,642388040.0,637765728.0,709266580.0,626327640.0,752695400.0,630824163.0,607101115.0,551455118.0,539232120.0,454909302.0,414949159.0,535560498.0,546106164.0,603353596.0,596803900.0,704215260.0,686004026.0,688657125.0,626077361.0,569793007.0,648450164.0,478537818.0,448940094.0,543163906.0,442953777.0,373281876.0,448984426.0,631220642.0,646573512.0,734967034.0,661071234.0,592352589.0,791301480.0,582832075.0,608381046.0,851618484.0,891998632.0,906523002.0,1085625732.0,964322924.0,1050348332.0,974021082.0,1104253480.0,980084885.0,980295426.0,834935392.0,709216728.0,981994520.0,991140928.0,1035967908.0,948041919.0,790247112.0,777691068.0,751313952.0,611907456.0,530142500.0,531060958.0,377003856.0,496002576.0,669208148.0,573756306.0,666332884.0,664410600.0,601781557.0,674979351.0,587517688.0,583099801.0,524275471.0,423511296.0,469398109.0,464314048.0,527292248.0,676976963.0,666959238.0,629083623.0,649130280.0,638392348.0,551472900.0,639475676.0,563464587.0,512845200.0,490086024.0,408529654.0,550489940.0,587810290.0,603127180.0,626612460.0,576863712.0,631746423.0,622876986.0,669186720.0,571098902.0
395169,56,"Tulsa, OK",msa,OK,122154075.0,141536985.0,136686050.0,162570900.0,178382204.0,188036046.0,167178040.0,162768200.0,153809700.0,96909875.0,103496872.0,86067940.0,97555420.0,127860427.0,132340096.0,149333688.0,183391770.0,180663582.0,143019472.0,152410178.0,142588276.0,145372185.0,112273950.0,75089850.0,86342781.0,123676890.0,176097250.0,166023740.0,176128970.0,124985922.0,108333540.0,115712300.0,99978723.0,91089148.0,102310621.0,82332651.0,84371544.0,108301414.0,99171380.0,96949414.0,148866990.0,154529868.0,152264000.0,133360088.0,125094964.0,111416555.0,123431996.0,98001040.0,107909100.0,145472200.0,158547728.0,205227960.0,185701656.0,189015552.0,195224554.0,146922776.0,154610440.0,147815338.0,155146836.0,130095135.0,131770977.0,185962550.0,209594352.0,221580232.0,235733472.0,225264960.0,216790733.0,198143067.0,167579256.0,154898471.0,160279140.0,128257010.0,116757090.0,173950193.0,192373350.0,216534240.0,268727823.0,233363964.0,227337916.0,189097125.0,203257404.0,172167060.0,189998655.0,131528232.0,137449800.0,201805785.0,218904206.0,252476910.0,285035130.0,284535405.0,240826723.0,197728702.0,200457400.0,152307224.0,167585656.0,136013300.0,154821720.0,200428753.0,255584088.0,265142592.0,282275130.0,258030220.0,263312961.0,224354746.0,197716299.0,193355818.0,192769554.0,151545191.0,167151782.0,229799964.0,232040056.0,319600080.0,294580429.0,239508896.0,240969300.0,235438282.0,245030032.0,208237115.0,200508804.0,160804530.0,179386572.0,236018820.0,255021686.0,306621960.0,311921676.0,272441232.0,296800350.0,223021650.0,246298280.0,208333293.0,185282900.0,164444049.0,179998380.0,251056146.0,277405368.0,327876202.0,313141193.0,327984706.0,308453902.0,270217164.0,265033967.0,217842744.0,237591315.0,193694776.0,205115976.0,245256960.0,239518166.0,262215792.0,353380951.0,409991250.0,382893399.0,387893610.0,412805610.0,328472198.0,378292068.0,263248087.0,262016475.0,378435946.0,410187723.0,444780105.0,545347799.0,493289464.0,494108227.0,494779950.0,441352548.0,440153520.0,449188820.0,343289790.0,299974564.0,429468020.0,452775336.0,517909185.0,507780322.0,424713780.0,468686192.0,403321259.0,327762558.0,275016284.0,278739130.0,196601809.0,243167055.0,318518820.0,309804592.0,414778750.0,392630640.0,388421551.0,360962424.0,326070169.0,337319308.0,259305150.0,258950740.0,215390336.0,227392786.0,355120248.0,362499826.0,418077504.0,386048986.0,393400799.0,385960030.0,319960422.0,325929040.0,289714986.0,263860182.0,238545345.0,250570935.0,325091040.0,370005472.0,421821771.0,409285800.0,415636620.0,407719872.0,364915450.0,347625552.0,296107194.0
394619,57,"Fresno, CA",msa,CA,80652454.0,100192657.0,131483366.0,130255440.0,139017911.0,142185120.0,136639283.0,135157776.0,150313603.0,100624598.0,139011080.0,104429307.0,101139061.0,130840688.0,142967300.0,136251125.0,149014588.0,151564710.0,133045409.0,130750250.0,145431000.0,124671690.0,129008640.0,95945822.0,95821071.0,126991440.0,148474692.0,143706156.0,160255837.0,125771436.0,126523863.0,126069174.0,112142302.0,113145054.0,135174690.0,100102344.0,94699891.0,127892245.0,141377248.0,115564419.0,145979270.0,128211725.0,144637768.0,133188370.0,121208510.0,122158764.0,131383824.0,106266202.0,112711040.0,131596087.0,132956280.0,155558211.0,160492618.0,145594449.0,152047116.0,132201069.0,157819890.0,133605120.0,145489560.0,113115925.0,127729965.0,140829948.0,158075872.0,161052633.0,182171860.0,183784788.0,178090740.0,159786000.0,159196208.0,134737470.0,156246301.0,122263895.0,119322000.0,136101414.0,176848380.0,185634832.0,178241580.0,169446273.0,169440432.0,165135955.0,176587476.0,126043668.0,171131733.0,125910480.0,134581216.0,183412539.0,194400899.0,202782528.0,240797832.0,219254864.0,202346525.0,200887824.0,194739496.0,155400180.0,196306632.0,150009585.0,158661201.0,205101525.0,223821962.0,225992155.0,265958648.0,226346190.0,250137888.0,227096208.0,216781056.0,194237418.0,223847928.0,167571264.0,154836000.0,227897250.0,239326200.0,262291744.0,305817930.0,263680920.0,308490349.0,257099544.0,256931058.0,230109600.0,222055130.0,195703056.0,192423244.0,261040344.0,255137130.0,325181775.0,320413425.0,277333483.0,294210720.0,224267270.0,243516024.0,207077806.0,211500192.0,173021025.0,159813193.0,235523915.0,249363930.0,290168010.0,278958912.0,299679930.0,279780520.0,243128620.0,278446275.0,230334438.0,259735254.0,196823484.0,220434678.0,222813666.0,209216280.0,205269192.0,287366508.0,325045749.0,325497334.0,321129312.0,339931091.0,310766904.0,331722300.0,262498242.0,252695233.0,335417841.0,373021794.0,388743968.0,450632120.0,396510852.0,418257000.0,408118845.0,412895600.0,380283416.0,408755160.0,279376409.0,293740770.0,406669920.0,420287818.0,416679328.0,422587802.0,314333073.0,337338038.0,332027740.0,270217892.0,252059200.0,215864334.0,157769694.0,189485362.0,250842143.0,231216848.0,305465488.0,319386240.0,275468102.0,280843485.0,227049777.0,251370702.0,212538930.0,227258207.0,193714740.0,214289509.0,260903100.0,266031504.0,297267762.0,312284255.0,304304426.0,280753176.0,263278768.0,266769558.0,245207490.0,228136192.0,236489635.0,217949277.0,258353200.0,320239040.0,295159455.0,310799692.0,320602920.0,311868200.0,308953383.0,307946838.0,238999146.0
395238,58,"Worcester, MA",msa,MA,94314375.0,139172042.0,142197808.0,189309344.0,209401497.0,195486865.0,203364504.0,132976662.0,150800108.0,114224124.0,113717677.0,83474084.0,79463472.0,109999530.0,108966594.0,146613215.0,151068477.0,218316820.0,183240358.0,169718556.0,200341670.0,184980120.0,148490190.0,79413117.0,90920375.0,145934820.0,182431865.0,190951922.0,242158000.0,136861464.0,154147800.0,137053440.0,142180296.0,129215655.0,148570565.0,87775380.0,76483290.0,119591214.0,125992746.0,136437952.0,194676075.0,164784357.0,182312656.0,145371863.0,134704640.0,130144491.0,129040010.0,95247620.0,87755080.0,121717572.0,138462516.0,172065558.0,225973350.0,213582951.0,211146936.0,147997032.0,163749676.0,172659432.0,167372024.0,131065396.0,105544704.0,145802952.0,163871520.0,227326126.0,257871132.0,277851255.0,282193440.0,214055535.0,213860925.0,178346868.0,182266812.0,135848088.0,107804088.0,153287772.0,169784057.0,222236982.0,280869400.0,275639841.0,271809174.0,207503240.0,220607352.0,183863688.0,200532960.0,133373160.0,112975335.0,150853180.0,169567486.0,235151004.0,346319278.0,371936925.0,335147616.0,276807816.0,269913288.0,189211780.0,248232696.0,164868907.0,154007700.0,196371588.0,219943508.0,248214720.0,429016172.0,350590415.0,396710520.0,316427100.0,282261570.0,265480397.0,269000048.0,209581020.0,162493004.0,205380882.0,227172205.0,336507520.0,447756721.0,384335690.0,401472664.0,322914195.0,318300786.0,313718790.0,282402680.0,216076892.0,146401420.0,212160000.0,266348292.0,323922596.0,467446049.0,407800513.0,426997162.0,339434589.0,322558972.0,307484016.0,275908249.0,199938750.0,172329000.0,216032192.0,270842810.0,334166398.0,416285850.0,401908440.0,429538200.0,337809858.0,369665296.0,303241125.0,301168140.0,224822430.0,187173531.0,255561257.0,267032766.0,296297814.0,360477792.0,473133687.0,491180958.0,444199144.0,491903388.0,408492702.0,437472421.0,282275178.0,221057124.0,311472810.0,353627082.0,439141715.0,616515940.0,565099038.0,570125647.0,519263283.0,457963312.0,480121824.0,490478094.0,308515293.0,246271944.0,313671784.0,384092448.0,438696230.0,677320775.0,569353340.0,631376090.0,474231996.0,438809932.0,328896705.0,337054560.0,222045196.0,183533700.0,255286920.0,255173648.0,354426900.0,513172750.0,450669944.0,459501228.0,390679597.0,373459728.0,353795180.0,310471494.0,251857100.0,204377816.0,254560592.0,313452953.0,434117211.0,506118772.0,469494628.0,465192975.0,369455328.0,424240180.0,379768032.0,405165576.0,299582536.0,249324600.0,274145508.0,351163300.0,459004833.0,580400184.0,526019994.0,516380130.0,471653784.0,470106153.0,325423728.0
394938,59,"Omaha, NE",msa,NE,80433300.0,102126216.0,113956695.0,153059751.0,143973984.0,128014608.0,124496304.0,109879956.0,112575448.0,65161980.0,74495624.0,51069871.0,61398610.0,89636324.0,123307790.0,140846904.0,168683725.0,167127350.0,156914148.0,154736628.0,157027477.0,128195523.0,82852803.0,53577084.0,70504560.0,116181804.0,152381360.0,148906000.0,138873728.0,84580184.0,88991318.0,92434320.0,83875000.0,76453265.0,78455104.0,59558520.0,58216229.0,85648404.0,105663978.0,118580652.0,133639713.0,122183028.0,127025941.0,111908808.0,100308060.0,92606280.0,106533988.0,70416273.0,74233228.0,110978088.0,127186513.0,191491822.0,206129312.0,185661165.0,192141218.0,154534198.0,156849759.0,137176686.0,134895533.0,91274872.0,88785250.0,146320952.0,154212960.0,226102009.0,232492194.0,242890254.0,247796100.0,178305762.0,197196020.0,148064644.0,164606150.0,118485308.0,115086510.0,160975188.0,176150074.0,240952140.0,272963883.0,260437200.0,252320904.0,216273918.0,182683746.0,155827168.0,168304460.0,121966806.0,121880999.0,189530140.0,217130752.0,288428568.0,330621786.0,309280863.0,256402797.0,241593905.0,241332546.0,175636400.0,213408940.0,141302009.0,146996516.0,211077300.0,239956776.0,281397318.0,324825480.0,283474939.0,255530769.0,252511931.0,219274622.0,207472792.0,191488094.0,147391152.0,118096916.0,223479212.0,214977312.0,292949514.0,332166016.0,281866456.0,292494576.0,236323505.0,212750648.0,214125990.0,205645464.0,159970374.0,140584865.0,181874004.0,207535608.0,296178840.0,344582140.0,314445592.0,340280322.0,273045681.0,287164206.0,247491335.0,205028701.0,157149138.0,165984936.0,172325652.0,205152480.0,293721988.0,288677984.0,301101705.0,329187060.0,245648130.0,250722656.0,231850125.0,189126900.0,141668960.0,160341806.0,201412486.0,226886267.0,281307411.0,356760280.0,391005608.0,339080668.0,321992826.0,334137096.0,295381056.0,285462992.0,190044426.0,180569416.0,239387942.0,303057594.0,395451870.0,481004524.0,495858584.0,402757440.0,397870176.0,342154344.0,370564355.0,315134352.0,194705760.0,209281150.0,267364328.0,337561746.0,353957175.0,469838408.0,391825634.0,368419662.0,343886400.0,273525363.0,231304113.0,218106270.0,156066458.0,170417616.0,235456392.0,228820672.0,325559362.0,381378778.0,316111796.0,342398424.0,316913898.0,265304340.0,269787504.0,242760297.0,169073480.0,184165623.0,242150592.0,291642430.0,404660839.0,373149810.0,370070322.0,384628860.0,284479538.0,284209408.0,264426372.0,264254518.0,187367128.0,203260735.0,231529684.0,303490068.0,378353664.0,404849249.0,388451624.0,362686044.0,368958820.0,392278499.0,292612080.0
394415,60,"Bridgeport, CT",msa,CT,327087995.0,421484468.0,490587372.0,523193330.0,719406240.0,723398144.0,628698616.0,410901505.0,353435999.0,223337940.0,237000790.0,155876900.0,165739725.0,249344628.0,237036620.0,292738320.0,460290608.0,581727616.0,512290688.0,432466910.0,450889878.0,416667010.0,434773988.0,323105444.0,252900387.0,410302548.0,450844905.0,499215816.0,864627200.0,688930242.0,617600940.0,428615355.0,397947218.0,357628032.0,494103177.0,340743890.0,271586911.0,364848874.0,495366784.0,596969752.0,879240920.0,517721544.0,628706529.0,471176208.0,316782459.0,301141400.0,349998738.0,280402116.0,249931440.0,370865970.0,385963550.0,567755780.0,774721490.0,702661792.0,695180520.0,480122335.0,407285397.0,437485300.0,660980330.0,316097328.0,289823744.0,409501708.0,529288812.0,804268465.0,917401383.0,1000325824.0,865758805.0,554080065.0,541089600.0,515641476.0,656938900.0,445661604.0,307794894.0,378516290.0,526150323.0,677252184.0,971091030.0,879282181.0,815382000.0,511254126.0,592951050.0,463435669.0,567737940.0,365082264.0,376236992.0,399009283.0,556570568.0,747421892.0,1024821525.0,1006381896.0,752491500.0,667963312.0,609194720.0,432165720.0,535726917.0,409162001.0,390666599.0,454560603.0,566926536.0,659294214.0,995502849.0,765913029.0,770178030.0,612409160.0,503274100.0,513948552.0,563667147.0,486468675.0,403521651.0,578778816.0,562126864.0,749743680.0,1048784681.0,780164199.0,885035376.0,603600948.0,553355892.0,552176760.0,619508246.0,457925080.0,371786150.0,512949553.0,634223830.0,646860096.0,950867639.0,860950550.0,859640192.0,548312940.0,516172274.0,511344325.0,538812576.0,371343438.0,291164115.0,380754108.0,513436896.0,680818985.0,823575720.0,855331422.0,791069612.0,571700064.0,528482464.0,491475990.0,563635068.0,511050267.0,350722032.0,486192512.0,485342286.0,624867210.0,909276756.0,1298920555.0,1516799556.0,1445512404.0,1378821650.0,1104461304.0,1180926418.0,839338236.0,808520424.0,982800258.0,1180592721.0,1255326336.0,1868591276.0,1774456554.0,1448381040.0,1075346160.0,903442320.0,938677188.0,977919336.0,708600438.0,549136368.0,860356628.0,901911920.0,972442088.0,1322192484.0,1217860875.0,1291084830.0,895210470.0,699466932.0,653394466.0,606979256.0,471268990.0,311655486.0,561599448.0,585072136.0,730147224.0,1165195720.0,932253386.0,1092272472.0,725978412.0,682651335.0,620348976.0,605765112.0,478586595.0,376954550.0,512061767.0,677889018.0,775448200.0,979462980.0,1119140610.0,1070429330.0,709316700.0,709755410.0,698664207.0,762322005.0,521476758.0,446902035.0,571764616.0,720226541.0,857780550.0,1154273526.0,1182322986.0,1105108875.0,785581048.0,826777135.0,701163320.0
394653,61,"Greenville, SC",msa,SC,124711998.0,151853520.0,151901312.0,175128030.0,179753300.0,167206173.0,163908188.0,122229838.0,111930435.0,80271807.0,100447440.0,69552564.0,84234570.0,94169831.0,99445207.0,128714105.0,131015495.0,127206200.0,123403440.0,127650600.0,115578690.0,113422045.0,100326056.0,85039395.0,79607028.0,118325322.0,133060800.0,143049159.0,155883000.0,119339350.0,103242314.0,102851294.0,99955464.0,87847776.0,94966888.0,77894501.0,78402303.0,116348520.0,106744869.0,120169270.0,144934496.0,120459885.0,135257904.0,109727128.0,95112024.0,92809860.0,101656876.0,85034256.0,90390552.0,122522208.0,130161080.0,145972198.0,172516770.0,158982061.0,157380649.0,124433736.0,144252184.0,135280660.0,144305280.0,100174966.0,94802322.0,143106292.0,181857312.0,214588909.0,205804512.0,215905662.0,207094825.0,175988096.0,152414381.0,148753500.0,143064282.0,113557015.0,117042360.0,164561181.0,173483585.0,214374853.0,231917686.0,216308440.0,196568295.0,199842264.0,207488709.0,145252605.0,183050340.0,123156714.0,150154848.0,207176116.0,196268394.0,261184872.0,297222912.0,269440664.0,251813639.0,225154600.0,220839345.0,199482354.0,261936234.0,143260308.0,246685054.0,211918454.0,246953212.0,287148786.0,343662900.0,255273928.0,253337896.0,253439613.0,248443608.0,207566840.0,205846564.0,159119856.0,189338289.0,268303465.0,251627640.0,292219065.0,365177512.0,296808144.0,330084120.0,259063540.0,247951592.0,238817268.0,244677176.0,197213960.0,204805824.0,264906257.0,297408630.0,349627755.0,343900929.0,329313504.0,323205398.0,259980609.0,249647040.0,243143550.0,207493576.0,172270210.0,225437742.0,273863198.0,314719104.0,365791712.0,351467216.0,330295420.0,366139700.0,306804620.0,313815780.0,246069514.0,308675020.0,219086856.0,238010784.0,334175163.0,265342672.0,303738176.0,437135016.0,429583240.0,435920177.0,432000236.0,458295669.0,373984800.0,414611232.0,316885667.0,281598338.0,454543446.0,468539084.0,489168416.0,599242292.0,533195958.0,544542860.0,522372906.0,464188036.0,458292744.0,546352512.0,354764862.0,402349156.0,521638346.0,532243701.0,560479893.0,645714735.0,502700565.0,531039264.0,479215476.0,400275981.0,376959916.0,323297894.0,239824896.0,294800280.0,410935950.0,352392252.0,490094001.0,498905220.0,444084064.0,472369578.0,384746911.0,418824152.0,353962344.0,352532434.0,263450529.0,316000522.0,411912270.0,454720218.0,515936128.0,520398808.0,510297660.0,470411154.0,380020312.0,419825720.0,370218992.0,419210370.0,323455864.0,361373289.0,430425588.0,481142184.0,531483468.0,540542289.0,511707424.0,454143912.0,495037671.0,507316244.0,383267721.0
394312,62,"Albuquerque, NM",msa,NM,143341602.0,169049640.0,176533500.0,192769260.0,208670020.0,189623610.0,164123082.0,146684250.0,126690625.0,95321864.0,102890320.0,82673096.0,81847444.0,121096087.0,122806875.0,142331450.0,168108440.0,184222269.0,153461382.0,160860901.0,172651779.0,150326781.0,126453712.0,83701383.0,86958592.0,151355690.0,160553172.0,180202008.0,173396535.0,143726282.0,131200740.0,114247770.0,116827558.0,113660570.0,123417810.0,81797353.0,98429340.0,125105006.0,113513505.0,135331368.0,145867914.0,137733660.0,138359097.0,104010956.0,121878576.0,99162732.0,111746648.0,82548840.0,103110169.0,123580952.0,135039300.0,171917886.0,147859950.0,155442645.0,167903050.0,138031680.0,150545115.0,132054436.0,145986219.0,98464240.0,122915840.0,153322856.0,159041136.0,204804792.0,202241450.0,227171252.0,211461600.0,166964021.0,165959040.0,127043456.0,151813594.0,128558379.0,123831615.0,152207520.0,170065280.0,204547100.0,193331226.0,206667125.0,193297732.0,167766047.0,182519632.0,150209345.0,164475960.0,118636302.0,122904320.0,191017266.0,194194383.0,208985089.0,247459424.0,243990224.0,231977554.0,223261770.0,191661492.0,149322096.0,190121256.0,136860438.0,151663428.0,217997430.0,236564735.0,251082997.0,277685919.0,255896736.0,249642882.0,246504174.0,196401720.0,191335410.0,209049875.0,158833594.0,163026855.0,244597971.0,255151896.0,308958080.0,324682358.0,274032665.0,282349815.0,250404225.0,246185305.0,219782664.0,208773378.0,172759020.0,166837074.0,273233752.0,281171324.0,299994520.0,308893312.0,307519824.0,302508750.0,247102856.0,241038171.0,228412680.0,215751658.0,178207128.0,179994752.0,248820190.0,305473149.0,356362659.0,317389160.0,338492487.0,323792343.0,284127316.0,290284500.0,242476720.0,263570736.0,219974064.0,236433530.0,287735312.0,270934020.0,256534080.0,334482720.0,432722444.0,382500063.0,385498079.0,401575179.0,332776734.0,350650800.0,274079010.0,281504058.0,368255440.0,364827408.0,390832560.0,451987521.0,471216768.0,438819304.0,421817380.0,392905968.0,404280000.0,388964696.0,287547568.0,266616207.0,379759765.0,374028494.0,421870416.0,434847568.0,365637249.0,383520833.0,345960624.0,295808325.0,248874616.0,239582319.0,183933211.0,211060596.0,273289025.0,255219804.0,317893066.0,347119231.0,322012800.0,335543021.0,287128759.0,262156928.0,242057279.0,230900621.0,185987582.0,233008468.0,262559682.0,305435906.0,360058556.0,307206844.0,360415680.0,333717617.0,270716472.0,312124416.0,264514896.0,281859482.0,236711122.0,254867026.0,324905576.0,324157646.0,330577380.0,357689196.0,353023026.0,344724471.0,317827207.0,317517636.0,233121934.0
394357,63,"Bakersfield, CA",msa,CA,101178000.0,114183900.0,137209329.0,153746468.0,157500428.0,153405360.0,155190096.0,159582976.0,155073408.0,106248312.0,148042102.0,113131984.0,115256804.0,139842360.0,138735540.0,136531332.0,147370311.0,149200322.0,132322622.0,132636879.0,138601444.0,120074780.0,130968672.0,96006240.0,93373302.0,131394690.0,127865024.0,135667236.0,151503660.0,119295257.0,123782457.0,122938299.0,114922530.0,107590219.0,122756218.0,101834652.0,87008418.0,127649790.0,126906356.0,128341928.0,135905420.0,117165470.0,143123134.0,124235120.0,117864153.0,122930278.0,126437289.0,98102522.0,91955712.0,124725825.0,121989630.0,127960322.0,150151158.0,124058172.0,143683714.0,106759314.0,143855568.0,127569650.0,122894616.0,110197360.0,102868872.0,138967004.0,140258616.0,172767219.0,167828976.0,173383028.0,166692088.0,145220093.0,156461712.0,142114680.0,129486960.0,113950466.0,114522219.0,144569688.0,148640806.0,176129689.0,168017642.0,178348080.0,181682010.0,152643326.0,171396495.0,140781900.0,141518820.0,112497630.0,109173782.0,154637608.0,179571327.0,192020349.0,202287957.0,217819680.0,190509584.0,184164843.0,178322634.0,135811536.0,164061770.0,135085748.0,128667928.0,179437509.0,188576089.0,197958312.0,234509730.0,199135295.0,209605242.0,199553021.0,180282625.0,171509436.0,174151230.0,155508780.0,141973824.0,210614684.0,193978995.0,218475972.0,243908224.0,217187922.0,219832593.0,207052300.0,205817488.0,175194946.0,193002183.0,159186368.0,155493954.0,222383040.0,223026615.0,270312273.0,261548676.0,246143016.0,256841744.0,202082595.0,235558113.0,187492570.0,173329457.0,161329836.0,148133232.0,207089022.0,238070010.0,233156963.0,229483112.0,258388587.0,281811090.0,248010729.0,238042655.0,197666667.0,197036460.0,171070951.0,174783900.0,202716547.0,191365776.0,171675332.0,256037436.0,326500524.0,284773533.0,334301604.0,324086525.0,298367310.0,352320310.0,274894725.0,253855215.0,357403228.0,354430380.0,363143641.0,390587230.0,373501164.0,378265212.0,361452895.0,362588182.0,352877382.0,360911734.0,301332906.0,292450400.0,401816978.0,412354958.0,373526300.0,384341992.0,323467080.0,357318000.0,283171045.0,261394194.0,211524480.0,207897730.0,175150144.0,190121016.0,256618869.0,219409035.0,272138520.0,266339346.0,251456067.0,282223263.0,226983501.0,222836180.0,210313940.0,174574575.0,180008444.0,207063428.0,226394200.0,264558850.0,273798742.0,277047498.0,292709518.0,286256587.0,229223521.0,251965592.0,215111083.0,203983450.0,189625244.0,215320602.0,245421000.0,267105069.0,289565367.0,273590055.0,275928340.0,287936805.0,237203031.0,271696425.0,197328650.0
394308,64,"Albany, NY",msa,NY,62509240.0,69627824.0,77230313.0,95445285.0,116689391.0,115377376.0,129821886.0,106097238.0,98501286.0,83669850.0,74338204.0,48471786.0,36434205.0,63113831.0,62787307.0,73007648.0,102111200.0,118765264.0,119423590.0,98536852.0,113037360.0,102587642.0,77288280.0,50145660.0,46014144.0,68327220.0,78204588.0,83235278.0,153408660.0,74304666.0,75189652.0,64620160.0,67514454.0,70008543.0,65688596.0,53503296.0,45791489.0,58738281.0,54572175.0,72120447.0,87703312.0,82789266.0,101020101.0,81413190.0,65179476.0,70877512.0,71244110.0,54040389.0,47654632.0,57695232.0,70779549.0,86165552.0,96144750.0,104694942.0,113748761.0,84077280.0,87895220.0,91005662.0,73341730.0,63542382.0,56349832.0,74228572.0,77530097.0,92422144.0,119079648.0,125318750.0,127439520.0,102436836.0,108001800.0,78769844.0,97847420.0,71560440.0,50241600.0,69803928.0,73497776.0,86460550.0,110126142.0,119859740.0,124036983.0,103236660.0,110345844.0,85210825.0,101842818.0,66483087.0,59495004.0,80202465.0,86841916.0,106427832.0,135133982.0,159083568.0,152765691.0,132960417.0,123696750.0,98636412.0,109864560.0,88410465.0,72273864.0,95169438.0,107641498.0,119942217.0,167530464.0,155690640.0,156526615.0,140813160.0,128282430.0,123156096.0,118487190.0,92263990.0,71492208.0,100232370.0,95102480.0,135227235.0,177908895.0,154243629.0,176476180.0,139411415.0,125628288.0,136991898.0,132072935.0,89645352.0,75426120.0,110296890.0,122749695.0,140673183.0,171924026.0,163074096.0,183792320.0,137265480.0,138155940.0,130315591.0,109533876.0,92562120.0,76861368.0,89512910.0,108228420.0,130985712.0,139914760.0,162050318.0,169784223.0,132601880.0,134539704.0,119562768.0,121311365.0,103183948.0,81465410.0,91537040.0,94407952.0,100006920.0,98133945.0,159845135.0,173944855.0,180947877.0,194166352.0,177582359.0,191463923.0,130529600.0,132246130.0,167659230.0,179760568.0,212247357.0,308373956.0,333489486.0,353545920.0,339643440.0,309419940.0,318102512.0,289979102.0,226546488.0,164363364.0,221434656.0,239678087.0,251786936.0,302062968.0,322406688.0,349579325.0,326015448.0,272951864.0,250400856.0,224297679.0,173790144.0,134500392.0,201844773.0,183441620.0,225467375.0,281990815.0,239640830.0,310595236.0,275754908.0,255991196.0,253913790.0,210529844.0,172253710.0,143805330.0,192016838.0,205567264.0,243022857.0,247533108.0,290998323.0,325075094.0,261667648.0,255404628.0,258113856.0,266602446.0,209766211.0,162617224.0,177054713.0,184299960.0,222066306.0,264085200.0,328771251.0,355388939.0,317042880.0,324867480.0,272322068.0
394753,65,"Knoxville, TN",msa,TN,141559950.0,173865221.0,180519480.0,202914045.0,197663652.0,184857588.0,192705576.0,154233128.0,143091950.0,92899180.0,102629277.0,81681040.0,91651688.0,105210612.0,113268824.0,140170761.0,173268854.0,175325534.0,150121080.0,150460261.0,157718080.0,150461346.0,126782304.0,88776351.0,98483418.0,155552457.0,171223983.0,183226120.0,183592644.0,143602400.0,148119402.0,122493728.0,117997984.0,122754492.0,114249168.0,88801210.0,95004306.0,126720286.0,128759309.0,143584904.0,178298487.0,148803237.0,156196166.0,148587208.0,128310348.0,110606889.0,142311243.0,97601792.0,108167295.0,143297360.0,165902198.0,191962308.0,190614840.0,158268600.0,179897584.0,139541590.0,145186528.0,164433199.0,148424548.0,112570706.0,123259168.0,154959520.0,185135652.0,228243114.0,232200855.0,216767257.0,233845855.0,197451128.0,181224160.0,163441260.0,167813382.0,116704280.0,113784453.0,182478088.0,192147717.0,232029072.0,265365246.0,253142094.0,239599645.0,196607008.0,202439651.0,174942414.0,199840663.0,136626189.0,150177903.0,211842224.0,233409099.0,277077275.0,297518487.0,303652159.0,264569020.0,261380096.0,233352925.0,187555320.0,228135554.0,161741642.0,190771008.0,237697428.0,278376681.0,306785265.0,348729431.0,304449772.0,322191480.0,283211442.0,238346388.0,238362930.0,226058130.0,180871320.0,194968158.0,285261096.0,280820711.0,335359762.0,347814407.0,330098860.0,348493266.0,281228442.0,282979620.0,231194610.0,239159179.0,202733568.0,215393500.0,284085302.0,289337640.0,368344080.0,386183135.0,356932880.0,365906398.0,297563615.0,307926350.0,274146516.0,231257880.0,200403408.0,198168345.0,291831644.0,324340263.0,410645946.0,362566680.0,402911124.0,381698224.0,326764338.0,334699288.0,285704832.0,313923761.0,236327793.0,237442711.0,320655500.0,307982080.0,315435810.0,419367570.0,514646912.0,441526952.0,479986512.0,454324795.0,382831075.0,451572223.0,314164380.0,326313640.0,456951376.0,477006327.0,501667904.0,614414808.0,585651520.0,591559680.0,566320843.0,507749572.0,542926477.0,561432664.0,389693668.0,388330308.0,545312568.0,566924466.0,623349972.0,626618918.0,612338742.0,616660827.0,521474418.0,450553992.0,375896140.0,391271885.0,294675238.0,307262450.0,431289720.0,406181685.0,552237700.0,582081792.0,480368928.0,500126560.0,430040826.0,457640400.0,373125636.0,337258662.0,338857870.0,343565940.0,441646848.0,496913443.0,575017127.0,561793192.0,593329212.0,593506170.0,485080438.0,529542076.0,428374885.0,436889137.0,356583228.0,352383261.0,500078976.0,491120784.0,643553486.0,647970840.0,663446918.0,742233089.0,596342323.0,579254870.0,522193932.0
394367,66,"Baton Rouge, LA",msa,LA,113040265.0,139424670.0,143247146.0,160230024.0,171000720.0,158018736.0,137071760.0,71692495.0,109257696.0,72705435.0,87854550.0,75719616.0,84129587.0,119704410.0,112174602.0,125811426.0,140583264.0,149081240.0,120235599.0,122615129.0,105209552.0,104890060.0,95278638.0,74306302.0,81053973.0,122498568.0,137105328.0,141247288.0,140668440.0,109328013.0,102841440.0,92931072.0,88202070.0,81644803.0,96812925.0,74010116.0,73879648.0,108075021.0,100024568.0,117383520.0,133068727.0,119010656.0,138504725.0,109993245.0,111472805.0,80138490.0,88537177.0,74194470.0,92471170.0,120620973.0,118743138.0,159506364.0,149568800.0,146908189.0,120509131.0,148511817.0,129458159.0,120100694.0,110152656.0,80942911.0,107589450.0,146807325.0,161881055.0,174990270.0,178187440.0,181498350.0,186473144.0,145837005.0,133917060.0,113949075.0,125808080.0,92101399.0,115326903.0,139052146.0,165181653.0,191257344.0,198875622.0,178301648.0,181053028.0,163916730.0,153504335.0,123862050.0,133844480.0,114918430.0,145746670.0,174855606.0,176039292.0,198747870.0,209424180.0,213258364.0,205831624.0,196116848.0,156080432.0,128814219.0,167877091.0,127873928.0,147787850.0,211753500.0,204532350.0,244381840.0,247806405.0,239179392.0,196386314.0,223192229.0,241911564.0,207166082.0,197997579.0,166261440.0,168255630.0,223346934.0,222415600.0,247237880.0,295312025.0,249106256.0,237196800.0,211011518.0,202296402.0,180421176.0,171262548.0,135567774.0,152892936.0,219501905.0,216975420.0,234917100.0,243727204.0,258272498.0,232574688.0,188998797.0,172232192.0,165878066.0,144775117.0,133091742.0,151338534.0,191953420.0,221019594.0,255037416.0,231338250.0,242123726.0,225495840.0,196836183.0,214194266.0,154996072.0,159837000.0,146720200.0,146973932.0,202088678.0,193308736.0,175296078.0,275727551.0,325955032.0,270679134.0,284877606.0,281324318.0,261892085.0,246184344.0,190969506.0,222862464.0,329174034.0,331711524.0,352637100.0,388631004.0,377673852.0,310416954.0,284734272.0,280085232.0,274875941.0,281770284.0,202063536.0,244297386.0,301093050.0,313740712.0,346693758.0,309075600.0,281411297.0,255197444.0,221017056.0,185570978.0,165434360.0,156034346.0,143513968.0,150052332.0,214710400.0,200060366.0,260526376.0,253507196.0,249328802.0,235884355.0,190981028.0,177740910.0,149100348.0,136533555.0,133897265.0,168638910.0,203927360.0,227115648.0,265312880.0,242519904.0,257714373.0,223436070.0,179377440.0,174200218.0,191356893.0,177560504.0,160167986.0,172862559.0,219264744.0,224796951.0,273947148.0,282051000.0,254540090.0,246237420.0,213945364.0,217877000.0,172149208.0
394843,67,"McAllen, TX",msa,TX,11733470.0,11069652.0,7164672.0,9563565.0,13217625.0,11630360.0,9970440.0,8518950.0,13148348.0,7422336.0,8392976.0,8496450.0,4529871.0,9211294.0,12490566.0,11942040.0,17387840.0,11115840.0,10106250.0,8662523.0,8060737.0,9754577.0,9717192.0,6001492.0,18992576.0,30491720.0,33458180.0,,28394190.0,22839138.0,28616490.0,22673469.0,21054540.0,24433032.0,23834556.0,20647396.0,21556609.0,24518736.0,19763928.0,23636415.0,23215720.0,20514614.0,23892935.0,24919908.0,22134062.0,22278134.0,16470774.0,13144020.0,20757440.0,22796928.0,22558368.0,24653556.0,27079895.0,27597654.0,29836731.0,24285006.0,31339600.0,23453334.0,24039642.0,26653464.0,23829498.0,21645575.0,33103212.0,37606758.0,36177925.0,35527997.0,29565900.0,31431400.0,34855589.0,27223001.0,26561601.0,23297271.0,22124970.0,33534972.0,33517254.0,37834736.0,32045320.0,37862550.0,32147643.0,34038117.0,26720802.0,28494053.0,36067032.0,30981641.0,25664628.0,35446680.0,35455674.0,42431514.0,44117346.0,45795586.0,29340744.0,38905428.0,38808528.0,27387800.0,50816468.0,29799552.0,29185106.0,34879323.0,42858642.0,41751150.0,53946888.0,38386803.0,46463712.0,46323810.0,37403964.0,41937575.0,34925072.0,30858720.0,36975028.0,49200770.0,43666920.0,60587361.0,65311480.0,45568716.0,49296728.0,41240070.0,36711840.0,36143120.0,40867626.0,36105075.0,35559568.0,50818428.0,47114396.0,57236146.0,52095778.0,54817199.0,55773145.0,43333299.0,45531475.0,39842220.0,36507520.0,40953080.0,39944775.0,54578104.0,53089191.0,56470586.0,52661943.0,54564809.0,48765489.0,44836079.0,50625176.0,43513709.0,43529058.0,49656555.0,41826755.0,45467604.0,39513008.0,37794294.0,59886540.0,68422182.0,70885920.0,69308638.0,64301445.0,59255254.0,63704550.0,58407489.0,45798917.0,69838110.0,71300676.0,77990319.0,91530325.0,82855839.0,84994217.0,79645315.0,71080218.0,67662315.0,82089680.0,73807247.0,72501940.0,89229200.0,82758011.0,93805272.0,94037224.0,81516020.0,83804086.0,68044080.0,67724462.0,52730809.0,59579292.0,39782556.0,55774389.0,69915162.0,68763954.0,80751804.0,68188683.0,63014352.0,75276187.0,68292312.0,72430755.0,50596380.0,56931609.0,55553568.0,60272604.0,67157764.0,71016428.0,76416800.0,74512251.0,75684864.0,64093695.0,63824288.0,68136798.0,66227028.0,57334640.0,50071650.0,58172576.0,66409984.0,65087696.0,75460320.0,67137124.0,87512040.0,69288755.0,64562228.0,72637125.0,66028122.0
394908,68,"New Haven, CT",msa,CT,134619180.0,162094966.0,178502193.0,226218544.0,272703341.0,241932600.0,236587288.0,184427100.0,182034139.0,135164844.0,145328421.0,101415834.0,86603848.0,121201024.0,136234800.0,149729908.0,220427570.0,248865720.0,222721944.0,189170163.0,203989584.0,205097851.0,169562313.0,128899155.0,112922502.0,162902888.0,180881584.0,187216863.0,305669684.0,158152184.0,164577574.0,153912129.0,145302300.0,133243385.0,151677360.0,105291676.0,103350960.0,129546310.0,150331097.0,176773936.0,234280375.0,179714180.0,182669344.0,164882238.0,136355787.0,136732110.0,141007802.0,98409399.0,94671300.0,133315517.0,147696140.0,189367752.0,237651456.0,221117610.0,242334185.0,184661945.0,155264520.0,175490469.0,181238400.0,120880584.0,106699388.0,136554200.0,185083240.0,204853600.0,272460520.0,272314180.0,282975862.0,212374152.0,199166220.0,190894724.0,170045529.0,126225012.0,107136196.0,140285205.0,163998080.0,213582486.0,256114592.0,268560370.0,242977050.0,208482250.0,218928500.0,171680973.0,192945662.0,128455323.0,122056836.0,151965616.0,190505700.0,217454479.0,318374764.0,301067012.0,303466179.0,257021885.0,234484376.0,168326529.0,205819575.0,160439765.0,147985512.0,195503703.0,202473600.0,232719690.0,340327456.0,292313024.0,327258208.0,266389994.0,243437376.0,219593469.0,232791658.0,185533010.0,146761671.0,207917820.0,196182720.0,283105620.0,383801253.0,290797282.0,296328894.0,210645064.0,217703280.0,186232384.0,182086232.0,151927893.0,128597600.0,168146580.0,201615216.0,237197940.0,360114699.0,292126338.0,283187023.0,195253842.0,233172320.0,188432322.0,175578952.0,131188998.0,115119710.0,155735784.0,211030875.0,280521458.0,311740179.0,305408946.0,293993283.0,214250212.0,215839130.0,190952888.0,192820035.0,152519745.0,136159719.0,186150474.0,174456180.0,199360728.0,260766570.0,371915568.0,368411700.0,367500339.0,405823354.0,351021440.0,357251567.0,261408027.0,211706548.0,295848783.0,323030760.0,353565825.0,471549958.0,440178700.0,418660250.0,387406994.0,342085380.0,325068640.0,332310390.0,242022400.0,222678720.0,268558452.0,298354298.0,347980633.0,426281469.0,395397396.0,410569635.0,340427241.0,271491766.0,256004658.0,241140000.0,171347904.0,144010526.0,220062600.0,211504380.0,285147258.0,350172039.0,285969948.0,347875648.0,271666953.0,279791298.0,241120412.0,235356888.0,171098770.0,155871408.0,212744250.0,225078707.0,300367500.0,324149250.0,357511440.0,351942162.0,296048095.0,300503322.0,275269338.0,277890324.0,196377049.0,212857184.0,229167738.0,261614584.0,298321009.0,375900910.0,380659840.0,355958136.0,310203379.0,308327334.0,248713542.0
394561,69,"El Paso, TX",msa,TX,50350419.0,54105078.0,60289046.0,56679392.0,71873035.0,62117238.0,53342064.0,56185546.0,46710900.0,41451312.0,46322943.0,40871109.0,42050004.0,58091226.0,52194052.0,51396202.0,65590400.0,64152990.0,58586267.0,59288766.0,64239376.0,62460904.0,61692831.0,37935992.0,41418448.0,62890660.0,62498713.0,67801536.0,81707080.0,52020166.0,54750346.0,57377180.0,44734568.0,44099088.0,51071472.0,32558856.0,36301824.0,46930504.0,47870452.0,48916548.0,51798078.0,47324964.0,56373100.0,45269920.0,45084420.0,40575903.0,45897616.0,37017344.0,44827095.0,43159595.0,49153260.0,52223064.0,57077895.0,49907034.0,49456686.0,48483520.0,55348568.0,45141148.0,49871108.0,36537020.0,34349520.0,51980280.0,61412767.0,55201185.0,64585989.0,84510655.0,68975075.0,58788596.0,62565035.0,54310330.0,54719818.0,42931329.0,37691535.0,57034880.0,61796412.0,74982816.0,82343625.0,72919664.0,68613980.0,70486344.0,69401871.0,57655982.0,80106554.0,48243657.0,47192642.0,72010470.0,73296860.0,74393160.0,97374751.0,90238664.0,73967699.0,68918212.0,67686904.0,57047265.0,68443231.0,49175001.0,63705744.0,74211294.0,74614632.0,86110650.0,94234672.0,83407820.0,86455024.0,80409356.0,86020528.0,67449921.0,69794478.0,64295120.0,63675040.0,96793448.0,77300812.0,97216080.0,103318656.0,90230200.0,103998000.0,84383106.0,91906367.0,77219100.0,69014550.0,67022874.0,72800994.0,91708554.0,106863955.0,114916116.0,114488400.0,121997815.0,116772117.0,93708768.0,96058110.0,89119199.0,85418760.0,71336925.0,76593624.0,103684332.0,111604804.0,136869421.0,112113720.0,119787748.0,123026484.0,97343785.0,106231833.0,77786090.0,92802470.0,92849043.0,83665410.0,102947920.0,93857976.0,104773196.0,140613200.0,156602600.0,147114927.0,150476196.0,154207800.0,124423715.0,137337525.0,119159590.0,113029225.0,147704552.0,161781760.0,150869628.0,183751612.0,183321210.0,187717948.0,170701404.0,171914564.0,160349475.0,171442200.0,134572716.0,148860505.0,186361560.0,177454156.0,186431133.0,209880110.0,171708924.0,197344972.0,160677828.0,133392132.0,126361605.0,123655680.0,100005195.0,104232040.0,138557094.0,123835650.0,155554488.0,169407839.0,159038845.0,152463722.0,134925468.0,134394000.0,114333296.0,115372618.0,99696168.0,127788300.0,123047370.0,133784378.0,160218186.0,157393366.0,163670040.0,152412480.0,126944368.0,144114331.0,126737765.0,122974124.0,111507018.0,128612912.0,140094960.0,137050200.0,167661585.0,162112236.0,164067876.0,160501245.0,157760388.0,157341646.0,127809000.0
394318,70,"Allentown, PA",msa,PA,122441814.0,153831552.0,170020058.0,182562072.0,202192998.0,192223449.0,186869124.0,161982840.0,155124983.0,114642869.0,132800849.0,84141182.0,75537154.0,114625238.0,118197156.0,132589381.0,188355588.0,195213771.0,182819444.0,162517256.0,161550412.0,167115450.0,129091677.0,87979260.0,81735436.0,132589500.0,154891104.0,162975270.0,226856448.0,128553103.0,145654262.0,129627082.0,126859607.0,125849844.0,124790436.0,93529325.0,83114614.0,102162335.0,106613129.0,125839236.0,161296960.0,141569478.0,150889948.0,140856475.0,134492848.0,129084860.0,126890037.0,108704673.0,91222810.0,122472294.0,134808576.0,147039599.0,183671160.0,173258646.0,204115708.0,145980955.0,149979136.0,148534243.0,127973577.0,118300536.0,101279072.0,141685688.0,147418790.0,196095114.0,204135582.0,239266980.0,225037680.0,193512946.0,177133770.0,167851050.0,166390170.0,113726966.0,98641667.0,130718133.0,138392065.0,179456292.0,224433972.0,233401266.0,214373880.0,197187038.0,201950618.0,157879766.0,179812025.0,116935975.0,111791744.0,156096960.0,162698816.0,193794882.0,283621144.0,273170436.0,263582160.0,207873578.0,220486110.0,173105100.0,182016160.0,148694379.0,137497751.0,167758462.0,203310280.0,234755000.0,277418988.0,261483372.0,283304200.0,242233750.0,233671422.0,208647792.0,202666871.0,160008720.0,151500408.0,216161160.0,203015808.0,268259580.0,344583693.0,282181788.0,316405352.0,252313028.0,243959840.0,225577410.0,219885750.0,188435698.0,148110152.0,224234335.0,222357459.0,279808375.0,328749960.0,314690600.0,346114230.0,233930217.0,265352140.0,235450072.0,197464715.0,171280104.0,158472980.0,200026224.0,242636240.0,311750501.0,321582520.0,337454040.0,346511864.0,265853469.0,263754150.0,257063222.0,259877772.0,186160720.0,174834660.0,236378124.0,180852700.0,163288137.0,223559028.0,384038805.0,393403180.0,406765200.0,420714699.0,383864743.0,364669137.0,274851720.0,217790535.0,297259712.0,298125222.0,325289089.0,457104844.0,481033140.0,458353350.0,422130250.0,383683581.0,383246540.0,388923822.0,295601400.0,229809960.0,317662884.0,339373971.0,387189528.0,450771273.0,421655893.0,438257325.0,407898000.0,321487620.0,281823200.0,280967444.0,214934398.0,199331160.0,280718370.0,274595272.0,322784814.0,399473840.0,351582208.0,380830328.0,331678368.0,346557150.0,306337347.0,283570336.0,225864744.0,235179036.0,284279235.0,322132167.0,409046176.0,401004687.0,428181600.0,432252352.0,362678238.0,407137834.0,354171040.0,349357830.0,271594232.0,255654880.0,305095360.0,349762600.0,356896035.0,430631643.0,406238200.0,373269258.0,376559128.0,370555920.0,327878104.0
394952,71,"Oxnard, CA",msa,CA,228195352.0,239096880.0,335606112.0,324245168.0,345957804.0,377719133.0,382226130.0,315093123.0,347840145.0,264322208.0,307603050.0,210302615.0,193729472.0,272676375.0,268570218.0,320144804.0,354447165.0,346596882.0,322276955.0,337643694.0,340720992.0,285318160.0,360038676.0,222832018.0,251496003.0,345799176.0,358227350.0,340349403.0,369859560.0,312900028.0,313623355.0,306894060.0,272045866.0,264232464.0,311103544.0,228771840.0,229551504.0,297725642.0,286150480.0,308085136.0,334881560.0,309447034.0,306013344.0,320303808.0,262069314.0,249385725.0,292893425.0,214751030.0,224984876.0,328937830.0,350675395.0,412509048.0,413167106.0,356679860.0,419438172.0,343285328.0,385401900.0,379028045.0,392917600.0,232850750.0,274721152.0,391068982.0,449044940.0,486140292.0,463304394.0,492299562.0,489142304.0,411851736.0,408407880.0,352232205.0,402105726.0,286410122.0,249076664.0,364007184.0,430788847.0,445882533.0,472001040.0,496846356.0,501487636.0,386291880.0,431577055.0,359419664.0,420703920.0,313556256.0,288798156.0,455640390.0,557900018.0,535958505.0,614860995.0,619138509.0,567397686.0,545529648.0,500862544.0,359821744.0,475496086.0,346801176.0,312372590.0,478011537.0,492446460.0,550255020.0,689082745.0,559845405.0,578195961.0,484877730.0,523247648.0,449564525.0,458740750.0,389927601.0,347286420.0,561519764.0,543718056.0,598266012.0,721996110.0,583382342.0,648090450.0,550112164.0,550250820.0,503410765.0,452772348.0,407218590.0,347346641.0,559260849.0,537149576.0,628804004.0,617756610.0,608579379.0,638079266.0,488756664.0,572888016.0,408771240.0,423061528.0,325875450.0,345941754.0,442755670.0,570754068.0,623140424.0,603824400.0,642166560.0,640111578.0,543445182.0,615954404.0,469742543.0,457304913.0,410745296.0,422705160.0,526008024.0,417040861.0,285286928.0,561087516.0,718291348.0,810688770.0,841809306.0,859037880.0,730793694.0,814020165.0,582979425.0,555180486.0,791642565.0,997744672.0,867449276.0,971147093.0,911628690.0,843664128.0,843780975.0,774429246.0,856656554.0,777908868.0,538918750.0,554506981.0,917122800.0,901800405.0,898565430.0,880200173.0,687434174.0,743058840.0,624353928.0,540072250.0,431869165.0,415762161.0,314348112.0,323476620.0,542185366.0,521024607.0,593015215.0,564189360.0,499905544.0,611438400.0,480652674.0,484398612.0,392779096.0,385781235.0,348839750.0,413059200.0,476932249.0,624754604.0,612842291.0,566000160.0,642663820.0,570564400.0,509183010.0,653676331.0,472616268.0,478669932.0,418225962.0,453417006.0,622784592.0,625406411.0,663930025.0,666496319.0,697153184.0,617262987.0,527810146.0,646162135.0,487744026.0
394486,72,"Columbia, SC",msa,SC,91339379.0,115766087.0,132235584.0,138460535.0,147722200.0,155573866.0,119954802.0,96380823.0,95437888.0,62845183.0,67992066.0,56032610.0,57474765.0,88274160.0,83350247.0,82083996.0,114669074.0,128963628.0,115788530.0,106444061.0,102886445.0,96849246.0,105515444.0,53574248.0,59888289.0,85715105.0,97689236.0,110936587.0,133228998.0,102056253.0,92959296.0,76240794.0,72750304.0,71609658.0,76930344.0,48514104.0,47378450.0,82897038.0,75335520.0,86528169.0,100387470.0,78813658.0,92276188.0,81526976.0,67054430.0,67744040.0,78700470.0,64654446.0,61954235.0,79435328.0,76451840.0,88817715.0,94420006.0,105369850.0,109520583.0,78101983.0,102502945.0,77965861.0,92349270.0,74168625.0,62639205.0,94476018.0,109027440.0,142821152.0,145794357.0,143977796.0,159570220.0,114639462.0,118703445.0,91232175.0,109276028.0,69029055.0,67700678.0,116173665.0,114398817.0,142423335.0,161253000.0,139105815.0,137777022.0,125214364.0,124470801.0,97353685.0,118268235.0,85082781.0,85335959.0,126404022.0,135275504.0,155908768.0,196313280.0,185200639.0,166421632.0,131745276.0,121360504.0,130138880.0,109337040.0,100831216.0,116332968.0,191784034.0,213964800.0,227201728.0,237097192.0,210721760.0,212349490.0,184318420.0,166889520.0,144064830.0,180675450.0,147252790.0,125661600.0,200427352.0,195603296.0,231093557.0,260557464.0,230016675.0,228827014.0,210356994.0,187270232.0,179745805.0,168937104.0,135802134.0,155843112.0,221495061.0,205639120.0,271132854.0,278009796.0,270078476.0,273892616.0,206284715.0,201419038.0,189656480.0,207600846.0,142840276.0,152601982.0,216539912.0,232615290.0,278626402.0,290030313.0,300750224.0,266258760.0,217089072.0,231643656.0,199647882.0,208785702.0,171861722.0,179120668.0,255926018.0,201102968.0,215095615.0,315840621.0,341430050.0,305096704.0,314196990.0,334606626.0,275461383.0,302112860.0,221872956.0,225741604.0,345745476.0,341332570.0,370580427.0,452331306.0,409799694.0,410941784.0,403451430.0,367816792.0,357051409.0,362098280.0,262789920.0,291342056.0,383701339.0,391914915.0,448333692.0,470842765.0,376712392.0,392771960.0,381630606.0,288536625.0,268518528.0,247213568.0,172224108.0,184797435.0,275146112.0,245602750.0,338821232.0,389012547.0,310107730.0,328413400.0,264044025.0,267272856.0,235557557.0,227811420.0,176078256.0,233538048.0,257337872.0,316515684.0,373352929.0,357435279.0,353521125.0,328205512.0,275365266.0,292606992.0,242521587.0,281908907.0,215285712.0,238803276.0,308838696.0,314231273.0,397872000.0,411454732.0,367366439.0,315224000.0,293095096.0,291721402.0,259992260.0
753906,73,"North Port, FL",msa,FL,257911476.0,289740332.0,366561258.0,373182325.0,328877072.0,291013756.0,247589625.0,228742976.0,212753680.0,161912790.0,230262940.0,163572452.0,185583552.0,246140125.0,263866384.0,281661280.0,284173326.0,307451992.0,228820592.0,261973404.0,259766997.0,251627292.0,328225730.0,217859301.0,238250766.0,370778839.0,368299425.0,373307406.0,338645370.0,237605617.0,250063562.0,235551090.0,204201840.0,219458814.0,314190982.0,227356023.0,264048120.0,365411572.0,360086661.0,384939675.0,334134420.0,301934809.0,255776314.0,261291275.0,240634224.0,238849572.0,312106324.0,258536223.0,320337018.0,422348598.0,451610588.0,452473089.0,419192575.0,350318956.0,353627690.0,315736806.0,358143975.0,368364780.0,437371062.0,283221764.0,345986433.0,503900001.0,559389672.0,562188000.0,474588992.0,485960058.0,456449110.0,402470226.0,411849998.0,360623608.0,464894166.0,365432720.0,381755290.0,517205025.0,584854600.0,547287720.0,555057118.0,510087292.0,465931870.0,470465412.0,506587788.0,385067970.0,486405152.0,395476879.0,414739428.0,619100496.0,643905746.0,690753076.0,653102736.0,584162646.0,547368720.0,528755425.0,490575310.0,440334090.0,536458240.0,442308244.0,429914411.0,635591880.0,658423530.0,685656500.0,645306800.0,542811456.0,551167032.0,507473400.0,471363021.0,449927852.0,519310440.0,432745387.0,484915002.0,686445548.0,688842380.0,788069306.0,753651055.0,613968432.0,661032063.0,462763392.0,537715854.0,539246344.0,560265810.0,508352566.0,583691949.0,788963248.0,865933656.0,795775188.0,722030610.0,648846814.0,662764719.0,466740978.0,502216816.0,535237029.0,512188611.0,440612230.0,521945944.0,720028845.0,816928172.0,870672156.0,721201675.0,655352004.0,666670145.0,570339831.0,609037791.0,550677540.0,691486272.0,519157377.0,620525772.0,784377060.0,588108890.0,463798121.0,704144772.0,953337360.0,922007104.0,916560256.0,1013117172.0,940834502.0,1209080358.0,837617217.0,1015442488.0,1606922370.0,1597271632.0,1390032798.0,1572349984.0,1256335432.0,1138344606.0,1134694144.0,1089506340.0,1155581952.0,1320286674.0,1116902628.0,1098870290.0,1455261250.0,1581447000.0,1579112073.0,1379707624.0,1082457796.0,985868547.0,697980405.0,866497550.0,615549099.0,663359312.0,632579880.0,778734444.0,1228813520.0,1116899490.0,1323246220.0,1229058860.0,871514472.0,964781529.0,915578636.0,850023360.0,755381130.0,846521052.0,776896505.0,870992640.0,1165890240.0,1395094176.0,1348539456.0,1049580708.0,900549832.0,807405632.0,654825596.0,649707411.0,640951260.0,850146974.0,850681530.0,817702550.0,1135059345.0,1169025456.0,1053743880.0,955553604.0,878731574.0,861255050.0,780866240.0,814310370.0,783093696.0
394457,75,"Charleston, SC",msa,SC,168587208.0,209706756.0,230493858.0,231856230.0,271980891.0,259276556.0,216065440.0,154235254.0,157504209.0,85777692.0,111617568.0,107716700.0,92210001.0,135149337.0,130451132.0,173191332.0,187536360.0,201132755.0,169104960.0,157187304.0,172634688.0,158774439.0,185548914.0,117310880.0,146123925.0,198083417.0,225463276.0,229945306.0,243401440.0,206762160.0,206586924.0,191591023.0,182286906.0,163484572.0,181848502.0,133559118.0,124920257.0,215391132.0,189976972.0,206299886.0,237287232.0,204983040.0,232830136.0,168500724.0,171589392.0,157702246.0,210110315.0,126679452.0,140445475.0,241291255.0,214776594.0,280411428.0,267108072.0,269511802.0,270541002.0,214483420.0,248531787.0,218584200.0,241803224.0,171349750.0,186121992.0,279504696.0,292053055.0,359916678.0,374458000.0,347646250.0,388204130.0,341811119.0,290684634.0,234575712.0,275247342.0,219873069.0,207527346.0,311006304.0,320964930.0,385001680.0,431565696.0,404850060.0,353626872.0,310773748.0,348188775.0,246027190.0,292699884.0,245992316.0,259430520.0,392634293.0,403721890.0,446871966.0,528090654.0,498383736.0,379175149.0,436240375.0,340670678.0,269147980.0,386678740.0,260620444.0,318153740.0,398178508.0,442343108.0,539000730.0,602778435.0,483542745.0,507036222.0,462711218.0,408519660.0,374824800.0,402491691.0,316991746.0,379657044.0,531676683.0,472065456.0,603098790.0,701085801.0,545331220.0,520204223.0,410231900.0,388458260.0,416066328.0,435662205.0,378985410.0,346229072.0,542886275.0,517722216.0,624056400.0,695363682.0,541590964.0,592023216.0,383540880.0,398996360.0,412521704.0,422282813.0,303976292.0,376540412.0,513706037.0,549801132.0,633632284.0,639275514.0,576567089.0,598524504.0,433813784.0,456524425.0,425968730.0,505968000.0,396862792.0,436224786.0,567306564.0,454611348.0,444273327.0,693939898.0,928832256.0,881336020.0,895182069.0,925795760.0,737584500.0,861670140.0,657888894.0,699303850.0,953632581.0,1003585772.0,1151700316.0,1193478860.0,972093960.0,935284128.0,886404960.0,961960688.0,820532160.0,921310215.0,642873360.0,701151000.0,1048725391.0,1086311919.0,1114329200.0,1097909300.0,857774868.0,810384941.0,681529788.0,621990998.0,530784518.0,540554076.0,420493843.0,470151264.0,744149934.0,707919552.0,910262500.0,931903668.0,729164780.0,746421135.0,701477413.0,650487762.0,558150384.0,532458896.0,518931196.0,568521834.0,796707340.0,961442021.0,949165550.0,892006272.0,888436150.0,804487656.0,646741200.0,726693990.0,630733998.0,693276696.0,535489692.0,653100032.0,904493478.0,910694796.0,1049081143.0,909770155.0,898152852.0,856083192.0,799939720.0,772670540.0,719633300.0
394648,76,"Greensboro, NC",msa,NC,95837175.0,107224482.0,107997078.0,116547372.0,141662664.0,113715120.0,109629335.0,92112930.0,85873179.0,53880000.0,70858562.0,49835664.0,55269828.0,63842900.0,73937340.0,86892898.0,92041170.0,104730257.0,90839948.0,88404168.0,89228231.0,83149677.0,69997000.0,45450837.0,50881108.0,80882247.0,95724755.0,106686148.0,126041955.0,75963368.0,75310080.0,64851042.0,58143402.0,58510850.0,79411728.0,47128800.0,54727810.0,70603950.0,78494013.0,83785550.0,89643312.0,90115146.0,99486120.0,75293715.0,66551838.0,63141210.0,68657040.0,54143217.0,60457364.0,85114887.0,80314605.0,104663108.0,111079584.0,92452468.0,87786267.0,77867120.0,89000208.0,99021489.0,85810130.0,66864296.0,80266986.0,101570740.0,127157280.0,126007392.0,138874344.0,135390798.0,129666520.0,107005024.0,102377030.0,85967720.0,90617256.0,75573934.0,70677992.0,87897484.0,99038940.0,125332064.0,137473580.0,134584485.0,121776904.0,116044057.0,121232925.0,90907040.0,104689062.0,82769567.0,89688916.0,111900513.0,125895375.0,139221145.0,163277210.0,168594114.0,155653596.0,122669671.0,129339764.0,100004460.0,143645322.0,78519809.0,80643017.0,141178835.0,162230176.0,170416510.0,211028895.0,173465250.0,175313901.0,138127680.0,146725761.0,141281766.0,133400590.0,109724424.0,107410024.0,168264283.0,154341879.0,184866400.0,218075484.0,188633120.0,206465688.0,174566634.0,151371024.0,143111292.0,149106490.0,109515330.0,116787974.0,166196292.0,182131000.0,212123200.0,245889462.0,209798957.0,209574750.0,166597776.0,176797188.0,161816081.0,143629861.0,125268247.0,133657500.0,179043602.0,198796280.0,236239114.0,215239688.0,231818389.0,227872769.0,182250600.0,209585536.0,170387209.0,182740222.0,137313680.0,155155788.0,185820074.0,171811830.0,165025368.0,228297888.0,268661574.0,257115072.0,247394520.0,268436700.0,225078418.0,243110681.0,182928306.0,198982080.0,262632699.0,271103409.0,290562496.0,369712425.0,344559318.0,363935325.0,328932774.0,305228880.0,310254003.0,317320872.0,238416844.0,240130380.0,298829305.0,308291186.0,341956490.0,400524152.0,320140785.0,320603530.0,307564155.0,248020916.0,224326366.0,194928882.0,177711099.0,158978016.0,225073854.0,217785239.0,259833714.0,295670261.0,260921052.0,282146112.0,252497589.0,235240866.0,224701172.0,209286322.0,167830720.0,203563932.0,219747825.0,269127684.0,277621809.0,278175115.0,294956578.0,262772356.0,225614523.0,241263540.0,214578624.0,227924252.0,205989840.0,174443696.0,247459728.0,267833954.0,294871270.0,332037523.0,282205683.0,280102557.0,273912065.0,286502100.0,217914125.0
395134,77,"Stockton, CA",msa,CA,108919563.0,143835232.0,180477023.0,211014408.0,229918318.0,260970094.0,247660384.0,258131617.0,258737304.0,196669270.0,221523584.0,180612204.0,156650060.0,184702329.0,189113406.0,186649192.0,197929734.0,203462987.0,165545010.0,175196853.0,183558690.0,149923395.0,177199178.0,137151534.0,133025339.0,189667896.0,168318360.0,170932600.0,186357960.0,155411265.0,146314350.0,147344708.0,133050246.0,137267928.0,163778570.0,124824736.0,125387720.0,159442224.0,147216080.0,145284426.0,160810480.0,142902864.0,149246760.0,153023708.0,134167180.0,138862260.0,142776685.0,119701716.0,125879325.0,149671626.0,143028754.0,152577513.0,154910151.0,149683869.0,173159624.0,146154200.0,166815743.0,150183750.0,167237320.0,120041600.0,126889425.0,155051288.0,184552128.0,183992700.0,160958203.0,185991663.0,187445478.0,178757278.0,186133450.0,155695749.0,161233272.0,144513384.0,119496960.0,146337050.0,165222252.0,188564090.0,193357376.0,188854449.0,177849279.0,168905160.0,189376090.0,134626320.0,167392144.0,137145080.0,142056320.0,191706240.0,192423686.0,232638291.0,261002118.0,241533620.0,240521400.0,236525100.0,220026954.0,148937877.0,220802628.0,167643660.0,164541824.0,215782738.0,226423526.0,246290190.0,257284720.0,250378635.0,255600521.0,241379168.0,230823484.0,238834500.0,235361854.0,171311544.0,161707754.0,242586900.0,250245468.0,276016104.0,320760625.0,259059600.0,315655424.0,278946943.0,267914934.0,245601890.0,244707366.0,194307883.0,189869400.0,287228720.0,261447150.0,304520762.0,317724764.0,271255425.0,303597987.0,227154360.0,261383744.0,211637745.0,217187784.0,175572386.0,193070790.0,226008042.0,259559340.0,306575055.0,285878208.0,308529372.0,326641400.0,260195683.0,321827772.0,237062330.0,253359799.0,206784736.0,193329444.0,252250100.0,203398638.0,186232280.0,268169207.0,341098340.0,348032634.0,346237056.0,393101887.0,349263990.0,372766022.0,271889919.0,264979944.0,352743552.0,430121025.0,425430604.0,505621880.0,490328832.0,453866000.0,510652519.0,477426796.0,451132449.0,427267647.0,309028272.0,329908176.0,472647812.0,456723744.0,441202230.0,418475421.0,296391558.0,352016793.0,338423906.0,254998160.0,205261704.0,212176019.0,148278536.0,197224189.0,276298015.0,214493148.0,330159084.0,288164654.0,299910689.0,267446858.0,260208880.0,242917050.0,194749450.0,215768706.0,207275479.0,202390650.0,256092245.0,293904211.0,318722498.0,311434704.0,291762330.0,316323160.0,231652680.0,299314040.0,234317902.0,253941284.0,233450324.0,228688104.0,272319686.0,278718030.0,323217162.0,297225892.0,254336448.0,263524448.0,283668749.0,289791310.0,228640930.0
394440,78,"Cape Coral, FL",msa,FL,237580560.0,298205740.0,357137088.0,395898052.0,347753972.0,289433958.0,250652228.0,223539208.0,236083005.0,166134936.0,245296876.0,192577093.0,230645685.0,320791240.0,334826730.0,329526747.0,372745684.0,319597980.0,251999784.0,269996972.0,286252120.0,288963612.0,345912855.0,259174977.0,303296017.0,385864225.0,447953722.0,367680980.0,350058229.0,260455428.0,230945589.0,229181220.0,229120335.0,215760152.0,290814300.0,279095479.0,330066000.0,420828342.0,436400524.0,374581396.0,373650354.0,290298205.0,273857778.0,267463380.0,231716710.0,238643519.0,271554105.0,272303640.0,310803795.0,438634566.0,453072895.0,435650748.0,387480132.0,298464375.0,296968313.0,258742785.0,279771618.0,294951776.0,354123236.0,282981888.0,340134000.0,447688107.0,545362660.0,552921942.0,446499245.0,389521264.0,386941536.0,329950916.0,346466250.0,313619607.0,376042611.0,380118503.0,368266815.0,481260024.0,589081818.0,605691828.0,510419356.0,398825910.0,396927015.0,371692230.0,398939256.0,358706730.0,503815076.0,377987220.0,443291630.0,650158080.0,692338779.0,639227004.0,628984147.0,553719936.0,427143600.0,435121736.0,467472104.0,387525853.0,493021332.0,441180975.0,382080512.0,546039481.0,671960450.0,609613452.0,563436780.0,429218520.0,457122976.0,403537725.0,413255010.0,433877028.0,489203802.0,433143507.0,438427680.0,728590250.0,631161703.0,701140375.0,629882042.0,497505360.0,522296864.0,330910590.0,375098822.0,361708152.0,478774049.0,475281660.0,479793040.0,705385728.0,815558418.0,705927717.0,606728070.0,542909530.0,522217566.0,372679102.0,439905060.0,416050068.0,430049553.0,349055550.0,423280690.0,586054001.0,738460806.0,769678464.0,578662800.0,567293160.0,502969748.0,448005692.0,486112860.0,424233233.0,560861101.0,522143844.0,556690804.0,719349048.0,613569735.0,388023750.0,577585392.0,723471580.0,747585888.0,778842025.0,955024070.0,836143551.0,1079818036.0,851777952.0,963254569.0,1474659615.0,1552486185.0,1360561665.0,1414061307.0,1107638874.0,977151114.0,1006160162.0,991611987.0,1047828480.0,1245124584.0,978991832.0,1084782565.0,1475609462.0,1559040420.0,1579181148.0,1327853000.0,912971494.0,960297564.0,656394496.0,523320301.0,591143175.0,702682750.0,649668174.0,789010615.0,1135368975.0,1046263595.0,1196908324.0,953415350.0,742836711.0,787477264.0,676959742.0,649418952.0,602925140.0,653462488.0,630524898.0,745116246.0,943542040.0,1086092112.0,991134648.0,739459340.0,665920385.0,670101224.0,490765450.0,494065931.0,443286508.0,627418906.0,600807404.0,646065385.0,881585712.0,935844855.0,889831260.0,730911950.0,606660600.0,580273596.0,606477975.0,620048880.0,508646250.0
394399,79,"Boise City, ID",msa,ID,109372711.0,123479874.0,125055249.0,128330331.0,146857266.0,133572505.0,116387385.0,136386768.0,102316500.0,66693011.0,69876988.0,70175949.0,67408353.0,91769040.0,103823644.0,114909684.0,145362840.0,136735692.0,121670736.0,126553935.0,128999360.0,124930260.0,94022104.0,68069924.0,82754280.0,129801294.0,142046495.0,140122611.0,135563142.0,99007524.0,103638445.0,112421221.0,99694476.0,103402795.0,109831281.0,73317470.0,87103585.0,111567688.0,115197082.0,128213010.0,146811872.0,128695565.0,129533824.0,114891600.0,107862480.0,104741112.0,106939584.0,81483571.0,94855790.0,107486674.0,137243700.0,140779200.0,154882784.0,139051648.0,164767130.0,124017868.0,139933029.0,127773072.0,119776760.0,90694725.0,100672026.0,132424281.0,165038601.0,220033088.0,209898690.0,231014092.0,214229988.0,187901980.0,162555980.0,154442142.0,148878609.0,105445373.0,103759380.0,150462886.0,194455128.0,227544266.0,216314122.0,233208398.0,219224622.0,186624616.0,192470532.0,153231650.0,169741528.0,120651952.0,142339467.0,209315916.0,247129348.0,269389575.0,331993440.0,317963920.0,264496608.0,252492180.0,237653176.0,180903585.0,216213886.0,141969552.0,168474600.0,236491663.0,282903520.0,322617360.0,373722690.0,333446347.0,339752000.0,318326070.0,272228330.0,274321992.0,242857205.0,160489400.0,162224094.0,238398498.0,284055070.0,369193818.0,425584912.0,364959638.0,408540674.0,373298665.0,328710272.0,292760000.0,270218408.0,216663888.0,230475900.0,335502650.0,356344956.0,472027500.0,483106294.0,469909160.0,475280589.0,342959060.0,370432440.0,323935170.0,247342720.0,214506324.0,242071755.0,311802480.0,383727240.0,485894486.0,485400552.0,496839954.0,472876303.0,413150540.0,406500068.0,340469280.0,327759355.0,287302385.0,278044739.0,387685424.0,349918528.0,360835776.0,535787096.0,646440528.0,606302932.0,639162582.0,633962674.0,517781920.0,451552905.0,327551952.0,299711574.0,533700272.0,604751620.0,647879450.0,715593750.0,780885497.0,705475166.0,723574192.0,706199206.0,675007944.0,602814329.0,465462564.0,455732800.0,633410280.0,641077068.0,695362658.0,617962293.0,484946880.0,510979665.0,431240102.0,428807519.0,346449150.0,287748948.0,250603845.0,306430130.0,415483120.0,395763120.0,476816000.0,541717512.0,431238469.0,484110405.0,431247348.0,352300986.0,315397593.0,271254240.0,251819679.0,290510858.0,382344460.0,485822400.0,546217776.0,487745958.0,548941134.0,454305276.0,468965873.0,499990143.0,401560798.0,361465416.0,274510992.0,351246896.0,421632176.0,477946266.0,567279915.0,603806720.0,593502778.0,553135440.0,522886833.0,538063071.0,432676736.0
394484,80,"Colorado Springs, CO",msa,CO,126362903.0,172733500.0,180807562.0,207364872.0,210245647.0,234321642.0,177122302.0,163740084.0,154097874.0,97662600.0,117593163.0,86431482.0,107266034.0,124847856.0,153782939.0,180807750.0,218874130.0,215995197.0,185201165.0,168003662.0,175191894.0,167668800.0,140991750.0,102916422.0,130331325.0,152260512.0,183424703.0,210653688.0,223098252.0,167399386.0,165206217.0,143567820.0,136613652.0,129998500.0,134948322.0,95725962.0,111218124.0,153738766.0,155757944.0,170344167.0,185683052.0,171094896.0,169046488.0,152032275.0,144714944.0,127846278.0,127334379.0,93506400.0,113749580.0,158459189.0,172096148.0,207357612.0,217019004.0,218773854.0,201566376.0,157012113.0,188295002.0,166744528.0,157855064.0,131781717.0,148704074.0,190429974.0,212929584.0,271180624.0,276999856.0,305829136.0,263008296.0,211522720.0,208141380.0,168022700.0,150374630.0,128238944.0,132746676.0,178577910.0,218305550.0,269349156.0,319130693.0,312160920.0,275036829.0,250279272.0,238009492.0,177652072.0,215416638.0,158916692.0,173753112.0,254564916.0,311466474.0,391626100.0,403248888.0,391624972.0,370549380.0,314672842.0,292257429.0,229345200.0,275496684.0,202186952.0,260444745.0,317491146.0,370166877.0,453179138.0,540718904.0,440358128.0,456009554.0,415501668.0,361410876.0,359221060.0,353629152.0,280282756.0,262367105.0,398818784.0,408925962.0,514471360.0,596202672.0,524056345.0,537197640.0,467273664.0,452618272.0,368940320.0,362066016.0,310605360.0,321934464.0,423831870.0,468334828.0,554093160.0,586284444.0,535505580.0,538863948.0,420338568.0,439447788.0,346599669.0,330164910.0,277586832.0,323714048.0,396617720.0,477109341.0,545735336.0,579211812.0,602017650.0,562348050.0,498257970.0,483496878.0,399411360.0,400607652.0,311992296.0,357242853.0,447822978.0,449655402.0,412260861.0,677886096.0,785184697.0,702503100.0,721269392.0,671906928.0,579131714.0,526980666.0,370500210.0,407043392.0,640292016.0,709134114.0,758408313.0,959856693.0,937608640.0,914868948.0,865940344.0,824299316.0,757967000.0,655339797.0,518221895.0,520401970.0,718441154.0,815682084.0,873023400.0,880182480.0,740015570.0,666474365.0,613608863.0,533103982.0,388397859.0,351877330.0,321685756.0,367878862.0,511812616.0,500091762.0,655389455.0,676239360.0,516872682.0,563611160.0,475124265.0,400855483.0,344869525.0,317548320.0,288126602.0,389347056.0,407398593.0,493103446.0,619150020.0,555005088.0,585106995.0,507979960.0,440211032.0,468055841.0,417788340.0,367215697.0,307380598.0,385636998.0,474113718.0,558223950.0,584460289.0,604753416.0,586965841.0,510700363.0,512397855.0,411118125.0,362273168.0
394798,81,"Little Rock, AR",msa,AR,103205508.0,142954755.0,133533540.0,155257749.0,167789475.0,152063505.0,147641760.0,133904944.0,123060174.0,81789174.0,86761206.0,78071578.0,77667934.0,91725660.0,118896464.0,141953562.0,172638683.0,179951409.0,163668641.0,141268320.0,167372288.0,141469891.0,139874820.0,102622192.0,114125229.0,174433204.0,223689470.0,239719370.0,231812784.0,166449448.0,175010485.0,130562610.0,163660575.0,129584070.0,156835014.0,132693126.0,122507944.0,188169545.0,173255406.0,204831744.0,213456060.0,213930505.0,257746312.0,188107767.0,175525350.0,166617680.0,192254679.0,154942930.0,195305880.0,249711594.0,251604782.0,317838542.0,363446755.0,311868454.0,355559622.0,288316638.0,346286772.0,373332322.0,363351296.0,321289800.0,350835684.0,536168290.0,727130562.0,965742310.0,977820532.0,910261210.0,978176940.0,849268420.0,841183392.0,674649690.0,728940035.0,601322400.0,615255720.0,730977741.0,849692326.0,1041459426.0,1028502804.0,989353944.0,957809622.0,883736700.0,927049032.0,717395490.0,880047245.0,631848704.0,712740720.0,916134350.0,985575250.0,1106517720.0,1178851198.0,1245682980.0,1508748750.0,1401575104.0,1093062240.0,702573894.0,688465635.0,473601804.0,410348211.0,399017260.0,308429394.0,297348096.0,263366220.0,183564951.0,187687950.0,182782756.0,262945090.0,256126190.0,312731172.0,251570346.0,253464804.0,357718368.0,317091330.0,320604960.0,336165260.0,219242560.0,209822130.0,190895388.0,190249056.0,159205328.0,152954217.0,119581968.0,140877045.0,167160147.0,205632290.0,236646780.0,216116559.0,205770432.0,200263728.0,155714550.0,172010412.0,154157798.0,141427275.0,115614956.0,148861050.0,172002204.0,189450038.0,239523288.0,211167536.0,212265522.0,208977742.0,182688506.0,171713583.0,148996715.0,160543812.0,125893943.0,148681984.0,186894906.0,186066666.0,198231264.0,245064768.0,285501210.0,268514691.0,271477325.0,260088493.0,230756064.0,232217910.0,170393608.0,178910736.0,265015375.0,262744296.0,297141273.0,354141212.0,322651932.0,307768595.0,308673222.0,291382712.0,285007008.0,283854528.0,212704388.0,210938292.0,298222481.0,312430811.0,363309705.0,334575618.0,306089998.0,332905500.0,257753676.0,211304312.0,195910596.0,185035452.0,126542988.0,162988749.0,234799070.0,192807020.0,242291760.0,281316630.0,233996930.0,252785690.0,203369274.0,201906548.0,173352564.0,165494674.0,138211020.0,161525826.0,193951876.0,227681622.0,282179932.0,250478060.0,260600450.0,244894830.0,197394296.0,251001324.0,181457886.0,192922210.0,139591860.0,156974295.0,218982535.0,222219480.0,241671285.0,270950832.0,269514168.0,246631392.0,226127480.0,230259280.0,188829292.0
394766,82,"Lakeland, FL",msa,FL,76285549.0,84934830.0,77685002.0,91691424.0,99542830.0,85527456.0,72436639.0,77991683.0,71565604.0,57746094.0,68576040.0,51387417.0,56081604.0,67809490.0,68561852.0,68879034.0,75044400.0,75824736.0,72277897.0,73838346.0,76605676.0,68457396.0,76704315.0,61469728.0,65728032.0,85316868.0,94109946.0,84457175.0,94274800.0,76007467.0,69404758.0,69389530.0,57112332.0,55915516.0,67151436.0,58804340.0,66051860.0,81689985.0,81849264.0,70325018.0,67006792.0,64688775.0,75163494.0,65859768.0,62033638.0,62324936.0,63373892.0,49908782.0,57417024.0,84277380.0,86841000.0,84096644.0,81628646.0,82570836.0,79546808.0,63879305.0,87609228.0,83029904.0,89612400.0,79741584.0,76054072.0,104587910.0,113295402.0,114248596.0,103946472.0,114120237.0,112365810.0,102859160.0,98309652.0,85055267.0,100067058.0,78091574.0,80843160.0,101718954.0,118103075.0,122204796.0,107589006.0,113228151.0,109890968.0,104757170.0,113694245.0,87853234.0,118780224.0,89998084.0,92503884.0,132962014.0,142025834.0,137732325.0,158867056.0,134213310.0,137094074.0,134209760.0,130807600.0,111288537.0,141313056.0,97279875.0,118434668.0,149945491.0,157687488.0,155423895.0,175156780.0,167919248.0,176310340.0,148248450.0,147587100.0,144008625.0,163047376.0,128733752.0,129712854.0,180737823.0,172888561.0,191263278.0,209706910.0,184368595.0,203682834.0,140348754.0,166748336.0,162204900.0,168111654.0,137241738.0,145465113.0,193124438.0,210287714.0,244030864.0,222109086.0,218435184.0,240559218.0,186590790.0,222528117.0,178061652.0,176797373.0,130692864.0,158274240.0,214215520.0,244653537.0,251816856.0,225525330.0,239422571.0,239024960.0,205088806.0,215923044.0,205790976.0,206010694.0,177367988.0,177030000.0,226017768.0,186537978.0,149336748.0,233059434.0,264896658.0,267592164.0,279856297.0,292652272.0,242681681.0,300836076.0,219840000.0,252669375.0,336643860.0,346325569.0,311616637.0,391331714.0,356169584.0,385865452.0,381347259.0,389992308.0,387851800.0,411550394.0,341356736.0,371526323.0,509579763.0,466605708.0,515871190.0,498490416.0,419707260.0,385393694.0,280167506.0,314740540.0,229340928.0,250038684.0,190882500.0,238709454.0,345459200.0,324069376.0,381595140.0,379662150.0,325257000.0,335955204.0,289608787.0,273308477.0,238482882.0,253806342.0,228692583.0,251309936.0,294362502.0,337096318.0,344424416.0,326249800.0,315748935.0,278907840.0,248643207.0,222127848.0,211163232.0,265581774.0,178405360.0,209408708.0,290487156.0,326347201.0,306308111.0,302112036.0,310382415.0,261208777.0,267805440.0,278720368.0,202932288.0
394304,83,"Akron, OH",msa,OH,49034264.0,47247720.0,59651040.0,67371957.0,82416600.0,70491850.0,78405864.0,68358897.0,63605288.0,40055661.0,45019128.0,33565820.0,34302978.0,47533754.0,48927417.0,57367495.0,65179996.0,70431340.0,59519000.0,64602210.0,56042448.0,60602446.0,52061360.0,30763964.0,35637216.0,50276005.0,70679902.0,68727932.0,85194785.0,47902860.0,52046757.0,44740608.0,44326450.0,42093109.0,43406694.0,28476707.0,28441140.0,46225620.0,48228096.0,49988502.0,72071412.0,60659520.0,75345984.0,56779500.0,45208800.0,47904912.0,51650650.0,43149024.0,38874774.0,56413440.0,66472788.0,76314744.0,89456570.0,79337427.0,100460596.0,65358013.0,75574890.0,76512928.0,82846456.0,47854846.0,46764336.0,73409535.0,81179352.0,104874100.0,117626784.0,125584560.0,117198060.0,89585235.0,99086904.0,71243352.0,68033664.0,51518925.0,49911088.0,72424152.0,80295330.0,104009094.0,127156820.0,123954980.0,110948851.0,114255336.0,102552684.0,81077155.0,85743920.0,50560640.0,61586507.0,88171440.0,95405734.0,121088101.0,144438831.0,159827244.0,135085290.0,122989680.0,110979418.0,81899051.0,103548795.0,67660915.0,71561024.0,107510900.0,126359110.0,126645900.0,169250844.0,152999332.0,142426572.0,135893168.0,114610704.0,111506538.0,96614336.0,70945920.0,77446656.0,113288406.0,116653926.0,159396568.0,199786818.0,149096139.0,173009450.0,138121203.0,139787208.0,120794364.0,112276310.0,75286222.0,67374260.0,110232642.0,131263860.0,174649041.0,170654526.0,178037695.0,175102326.0,130807897.0,146526040.0,130025511.0,115031852.0,87762200.0,80840211.0,105179250.0,147992472.0,172738272.0,177687180.0,183104292.0,175696096.0,133605056.0,141283872.0,100300710.0,101794062.0,76523944.0,89793110.0,113151648.0,123226652.0,123506388.0,163293570.0,208740103.0,193433082.0,200850356.0,198162060.0,175189284.0,160580670.0,103178816.0,100124475.0,148285200.0,165603118.0,182668265.0,226881810.0,226738199.0,219535778.0,228330060.0,199380983.0,189373240.0,194812168.0,123174739.0,119501850.0,153424213.0,174657518.0,206238315.0,263883818.0,213703341.0,240946200.0,206385900.0,166355640.0,148977309.0,124198100.0,94018914.0,114040440.0,133532456.0,136088320.0,168884620.0,201052760.0,170618805.0,189616140.0,149112925.0,166102090.0,133419444.0,116934602.0,95300844.0,99728370.0,127760022.0,146820695.0,158357648.0,194987380.0,196637721.0,207034470.0,156786600.0,185232000.0,143264991.0,134525334.0,107623890.0,112801988.0,121059982.0,163315117.0,198621934.0,210051560.0,208918868.0,214027632.0,208858986.0,206755692.0,154593780.0
394531,84,"Des Moines, IA",msa,IA,84911200.0,85147874.0,123393425.0,125004861.0,146587749.0,147282603.0,140725354.0,125315584.0,100848405.0,72486232.0,78685440.0,46097748.0,64822260.0,70573800.0,88411096.0,105535072.0,138985261.0,143908407.0,125194595.0,127788984.0,123563600.0,112525095.0,70041609.0,48648376.0,54675270.0,81492513.0,114755200.0,133027856.0,155019892.0,77132276.0,84632900.0,86566455.0,74924748.0,71958996.0,75124904.0,50642205.0,52909722.0,73707906.0,85580547.0,95704200.0,127879056.0,115698294.0,111644392.0,111006257.0,97449142.0,78230580.0,90053964.0,57918168.0,65965884.0,105718900.0,112801480.0,139256100.0,153105600.0,134115358.0,155012121.0,111551445.0,123529032.0,116155392.0,131468106.0,89654712.0,94057749.0,122418153.0,142189224.0,197771250.0,207648090.0,219928004.0,210005520.0,168946960.0,160741255.0,126200888.0,126685197.0,81108112.0,89725980.0,123900026.0,147704127.0,203346688.0,229663188.0,229785248.0,195257185.0,168033260.0,178744579.0,133242516.0,160292510.0,97031988.0,109988300.0,152168885.0,198556156.0,249254661.0,278984580.0,275393218.0,239091905.0,194481862.0,205762839.0,160373325.0,177945066.0,146513107.0,128353005.0,179902395.0,222608175.0,257201784.0,315449718.0,300666538.0,233012396.0,214088994.0,198014112.0,194283765.0,183790196.0,151669504.0,140124029.0,210105000.0,214019784.0,276616092.0,343209789.0,278899416.0,270391296.0,220744992.0,219237123.0,195123114.0,185968194.0,143660925.0,139406016.0,205901472.0,227525564.0,292588524.0,304492860.0,293309536.0,299968812.0,200571336.0,233049036.0,211940415.0,170141004.0,127135592.0,128665584.0,175284634.0,219941780.0,280509060.0,285592422.0,280114227.0,292484325.0,235851480.0,210534084.0,189934900.0,200558972.0,162576512.0,137922010.0,200177882.0,213610185.0,245418676.0,326820011.0,377328432.0,335385248.0,300976555.0,299895344.0,256631780.0,254502192.0,180548160.0,171001029.0,251900858.0,285333664.0,309382282.0,429341556.0,379191002.0,360959480.0,315447335.0,324257308.0,288175616.0,270851958.0,204228660.0,172933244.0,253285326.0,285626862.0,335179390.0,398336672.0,320302800.0,351227255.0,287301168.0,237719494.0,199927725.0,186887954.0,131162834.0,137104596.0,225267724.0,213428991.0,286403296.0,349465788.0,274551942.0,298282374.0,249486640.0,213376911.0,188556480.0,184724316.0,139500000.0,137106396.0,212382023.0,249053886.0,298607200.0,298266864.0,303872079.0,289305612.0,241959910.0,271321396.0,247989560.0,228169772.0,156359336.0,170778464.0,219324123.0,270659208.0,322043652.0,370384948.0,330238000.0,313030045.0,267874474.0,291254625.0,238682250.0
395115,85,"Springfield, MA",msa,MA,61800336.0,74061265.0,83566140.0,106096056.0,128072655.0,121311390.0,129578436.0,100937592.0,103504180.0,55175088.0,76637156.0,45730295.0,41624448.0,61564810.0,75971455.0,77879880.0,122599552.0,117093168.0,132665600.0,104754960.0,115299976.0,118587402.0,79831632.0,56763234.0,47185575.0,86296080.0,100601304.0,99520176.0,168675496.0,87587799.0,88926368.0,78918918.0,74463057.0,67557338.0,86935981.0,68234749.0,37814502.0,61805632.0,69375768.0,85254844.0,112516250.0,107437822.0,129426902.0,89951940.0,76633690.0,94859856.0,72381141.0,51370980.0,45512225.0,80804980.0,74790004.0,99559786.0,137241900.0,109255401.0,135706578.0,95450664.0,106394683.0,102091392.0,89707240.0,63963750.0,53620770.0,78363680.0,83186136.0,121317267.0,134240024.0,153678000.0,149734245.0,119064720.0,115666098.0,96459275.0,97729748.0,64817186.0,51662856.0,65337395.0,91630344.0,115603479.0,146855709.0,141857748.0,156616614.0,121183182.0,123914912.0,94980088.0,102341050.0,76067031.0,54445209.0,75918348.0,89611882.0,127371480.0,173867194.0,187261383.0,171738732.0,152074374.0,130779404.0,93601710.0,118476720.0,92240551.0,78785343.0,100977356.0,109209650.0,151183725.0,199538304.0,171717678.0,189427000.0,165418929.0,132752626.0,135754659.0,146193576.0,103618318.0,68264568.0,116459376.0,113035408.0,151198510.0,215007296.0,194412868.0,213983670.0,171789417.0,161099000.0,152356044.0,133542156.0,108018000.0,79532137.0,104733486.0,121751325.0,161451353.0,230962406.0,224862432.0,218611459.0,160449958.0,166262400.0,157059136.0,133581866.0,100292877.0,82550400.0,110395824.0,144979316.0,181271874.0,213509916.0,226661270.0,217962510.0,177225958.0,184613120.0,146871914.0,163860047.0,109258281.0,85802255.0,123267560.0,122201100.0,143811525.0,178596840.0,238474250.0,235492244.0,228904880.0,236409075.0,202264661.0,236195312.0,140469329.0,126206215.0,166474980.0,177738703.0,197625904.0,270922132.0,264353180.0,263822925.0,259113735.0,248063373.0,225138420.0,244185809.0,163652475.0,133064280.0,173488710.0,192030894.0,213816200.0,353260282.0,251078168.0,269988675.0,225346340.0,203725122.0,197934834.0,165742902.0,108866065.0,92911546.0,133518099.0,136110975.0,182927439.0,245654818.0,221319648.0,242091504.0,204681036.0,176504904.0,191559870.0,169154634.0,128858150.0,112220000.0,126815945.0,163970976.0,223721603.0,228955890.0,240019920.0,258435450.0,185165706.0,214786272.0,202633344.0,211675640.0,155610087.0,122571000.0,151374990.0,161074684.0,219264171.0,273510027.0,265751476.0,266647086.0,243106656.0,251004000.0,184342242.0
394931,87,"Ogden, UT",msa,UT,100090904.0,115480776.0,119781204.0,124504416.0,130282728.0,125556989.0,116151005.0,97523478.0,93622689.0,71580642.0,71296130.0,56844278.0,66430728.0,83665260.0,83987073.0,91943632.0,129434888.0,121220498.0,104023131.0,108005150.0,113496312.0,96159321.0,80606538.0,55625165.0,60769960.0,106987392.0,120533032.0,105886050.0,98881440.0,80610015.0,85811594.0,72914413.0,70155375.0,75927465.0,71212966.0,51723252.0,55199527.0,75549930.0,83326318.0,84270167.0,95244629.0,88590571.0,90173623.0,76537446.0,84875241.0,82997141.0,81167588.0,51404213.0,70274160.0,88641175.0,100447960.0,112570920.0,119741445.0,117898512.0,130007160.0,102868348.0,117920760.0,107397577.0,95929204.0,79080510.0,78891956.0,111323376.0,140687172.0,162220045.0,146668091.0,172265192.0,160750728.0,118649321.0,126937600.0,95875500.0,112882000.0,86573177.0,86452317.0,124089760.0,135548448.0,165273480.0,159365521.0,175733560.0,174734146.0,149228497.0,144743520.0,120594474.0,126225861.0,88420050.0,115508458.0,170559048.0,183762330.0,188801184.0,217268047.0,219091726.0,187613085.0,195409324.0,168786504.0,129539048.0,165783565.0,119056280.0,125051474.0,183282664.0,218427300.0,243332424.0,254553170.0,204752240.0,258363378.0,239004487.0,211683370.0,180580016.0,193702910.0,133249896.0,154866481.0,219245147.0,221152440.0,299418756.0,310407188.0,268999540.0,330278326.0,265346565.0,257787108.0,222318054.0,221030856.0,184609630.0,205481970.0,259861428.0,264590139.0,320283886.0,327468618.0,324713224.0,338319188.0,241857979.0,255898200.0,249744636.0,193190244.0,170727170.0,189611875.0,254062158.0,269018910.0,356323302.0,363109462.0,364449260.0,344431807.0,286046226.0,320295031.0,262302272.0,267387747.0,212728935.0,225886896.0,278038552.0,308130416.0,352828200.0,436539600.0,506804709.0,481618128.0,466342794.0,420501540.0,379754000.0,368174386.0,274755210.0,322996142.0,391478482.0,506183265.0,512477880.0,565906250.0,545191830.0,575350713.0,568696900.0,543952920.0,463904623.0,532694941.0,337061140.0,374458509.0,521801385.0,584949618.0,597591847.0,557466420.0,392878818.0,453633975.0,424958279.0,322502175.0,248566482.0,262977784.0,215003201.0,288445542.0,352357530.0,361042276.0,397600770.0,438033759.0,349483016.0,391449152.0,316933580.0,301379518.0,256242126.0,253985706.0,241040518.0,315992691.0,378105262.0,369321681.0,420024528.0,381106343.0,415219103.0,377273607.0,351857184.0,393064172.0,364558146.0,300971813.0,247033800.0,309730800.0,327434310.0,448411572.0,497653916.0,431729321.0,444086097.0,463209276.0,408065525.0,383746125.0,339382736.0
394816,88,"Madison, WI",msa,WI,82909128.0,108491020.0,134695990.0,179033916.0,199507476.0,193398883.0,160618008.0,115004914.0,106104684.0,65394440.0,77181332.0,46276291.0,57682196.0,80344152.0,111032592.0,147095822.0,183117600.0,220525433.0,163403140.0,125863132.0,125721437.0,115083710.0,84164265.0,54365472.0,74944980.0,104621896.0,167482358.0,171383280.0,217443744.0,114817934.0,112697104.0,84762612.0,76350879.0,76317066.0,79321296.0,73216094.0,55010480.0,91124319.0,109629952.0,139052008.0,171446948.0,149827491.0,139471656.0,102322924.0,79543882.0,95020065.0,83166860.0,62497324.0,64530963.0,108664948.0,128160144.0,164356293.0,229726714.0,181463851.0,180498176.0,125022590.0,129937080.0,114730938.0,106235961.0,91748080.0,83992410.0,125659248.0,187091671.0,241799976.0,273050976.0,275411865.0,260217565.0,181820340.0,154759410.0,152516960.0,121445653.0,90977656.0,83555449.0,131451076.0,167010148.0,226350159.0,293428750.0,258260940.0,208710632.0,177975336.0,169333164.0,124450438.0,141884406.0,95547472.0,100152217.0,169487001.0,213827440.0,280582200.0,345168782.0,319425990.0,241196620.0,203028192.0,195106094.0,147007500.0,144615735.0,112150668.0,97016128.0,182201640.0,231181550.0,265651124.0,389262582.0,302279325.0,278562648.0,211714426.0,177296831.0,153878915.0,180952500.0,118311333.0,120747000.0,202263242.0,222829425.0,290703400.0,405436254.0,322747110.0,306584754.0,231942042.0,211671325.0,175128813.0,151604242.0,137368280.0,132054776.0,217284326.0,242585889.0,295633155.0,397916370.0,337113452.0,324437625.0,215350636.0,222587878.0,203794498.0,145503240.0,105656135.0,125848094.0,170502480.0,209845246.0,306311700.0,349896576.0,322696035.0,303426585.0,198343910.0,193985835.0,191882787.0,182460900.0,134980625.0,124815330.0,193102752.0,216028920.0,249348570.0,317773268.0,335085238.0,322321650.0,325994431.0,319560833.0,262913290.0,246326811.0,152226914.0,144403872.0,231513084.0,291209462.0,332117268.0,447675264.0,396952780.0,361686917.0,312980386.0,287491183.0,253318968.0,265743120.0,164681024.0,147817758.0,236207115.0,263083890.0,341109258.0,426080624.0,350107424.0,356215180.0,293546701.0,217477686.0,198661692.0,162809472.0,108562950.0,106876200.0,186753360.0,186454887.0,305212008.0,348398277.0,302691091.0,280562932.0,243179955.0,202033470.0,211166292.0,166576625.0,124080914.0,116468394.0,181787864.0,252969320.0,297014970.0,320664494.0,333904480.0,331424503.0,243455940.0,238198642.0,227394645.0,192946018.0,151862365.0,159845350.0,208647000.0,277160856.0,348765840.0,370088801.0,348784653.0,327475194.0,241456320.0,282445184.0,222913392.0
395235,89,"Winston, NC",msa,NC,86098914.0,78991723.0,88768224.0,112482196.0,128742669.0,97068188.0,94154778.0,81087972.0,66021340.0,57997680.0,53412279.0,44210164.0,45274788.0,50798088.0,58534300.0,86645124.0,88036650.0,78990809.0,80124714.0,74886988.0,73417729.0,68242395.0,64163620.0,44263137.0,49968000.0,67871502.0,85430850.0,97688418.0,98966286.0,67541632.0,59444352.0,64097423.0,53251135.0,54023723.0,57246713.0,49251990.0,42033359.0,66565639.0,68976537.0,87600864.0,107763264.0,81203950.0,76923264.0,71508630.0,61229856.0,60438848.0,64441276.0,47529982.0,55242450.0,65155251.0,71051975.0,92908762.0,96002064.0,75338280.0,85726563.0,68267952.0,67277584.0,62962757.0,69761472.0,58068997.0,51158517.0,85302406.0,95775771.0,114754914.0,123005395.0,114383686.0,116223393.0,93575088.0,97507920.0,79437144.0,79062784.0,61145204.0,68093727.0,75470616.0,85394812.0,113490339.0,123519240.0,124998944.0,117334719.0,94610649.0,101780751.0,76499800.0,107264936.0,64318024.0,73726080.0,109724028.0,114865685.0,135296595.0,140514214.0,149728130.0,116981634.0,116335475.0,110301384.0,85906422.0,93305504.0,75031956.0,74297856.0,95064174.0,128229344.0,151856320.0,179935231.0,152569623.0,158181840.0,123221040.0,115439260.0,108337145.0,133579719.0,90396512.0,88126780.0,136504170.0,138073915.0,188798904.0,187419765.0,147382656.0,171132627.0,148064868.0,162736434.0,130888310.0,127794432.0,108208629.0,103593852.0,152097709.0,167903840.0,204012023.0,203763212.0,163691704.0,188309924.0,139501933.0,164176380.0,143956296.0,123233494.0,102861250.0,99809864.0,166407256.0,174661674.0,208983204.0,211730780.0,206986545.0,190503495.0,165468420.0,191324965.0,148105260.0,155374339.0,126162211.0,130667287.0,167526852.0,182171040.0,184148732.0,215560726.0,247384250.0,223291950.0,227645880.0,250596045.0,207769800.0,241196110.0,162674815.0,178411140.0,249568200.0,247893645.0,282406375.0,350564784.0,335655950.0,320251616.0,322972832.0,281895090.0,288087435.0,309888180.0,227399815.0,179408775.0,282575181.0,305379039.0,331208960.0,374174965.0,297653565.0,299677728.0,264272920.0,241339000.0,202558120.0,172783888.0,122033682.0,141081272.0,224821389.0,190456275.0,250428224.0,261435972.0,251851872.0,266554060.0,216843220.0,209304516.0,216171943.0,171915588.0,165097080.0,169670475.0,187873200.0,237474870.0,258960240.0,264825576.0,253524037.0,239256300.0,206800884.0,226492025.0,221147520.0,218169797.0,170686329.0,188160056.0,217727725.0,258256995.0,292261800.0,305083345.0,269599848.0,233181110.0,232512540.0,246441044.0,205882170.0
394528,90,"Deltona, FL",msa,FL,106927611.0,127652850.0,142986588.0,151210350.0,133867952.0,152406550.0,123897686.0,111658864.0,99670480.0,81395033.0,100800288.0,75482680.0,94909200.0,109699049.0,110583442.0,129832179.0,129432394.0,130181757.0,126501825.0,131396928.0,120867150.0,119863525.0,125404240.0,95708970.0,94551105.0,126453228.0,141449590.0,141297975.0,158125194.0,111658176.0,118269549.0,107722485.0,115432485.0,96073196.0,128284530.0,91530120.0,102378784.0,133911127.0,146077440.0,141593515.0,143819270.0,126328844.0,138415504.0,121438956.0,111228578.0,104832196.0,125286816.0,92992045.0,106761595.0,143036382.0,165443811.0,169060580.0,152111925.0,145548975.0,164006128.0,143070021.0,161579232.0,148274316.0,159604938.0,146461464.0,141605836.0,179245068.0,227825925.0,227657957.0,201092600.0,240312521.0,231313125.0,196945650.0,199823288.0,179001636.0,198912763.0,158805276.0,166808420.0,196798698.0,219816195.0,228937464.0,231812640.0,234403000.0,235501320.0,215862021.0,213777644.0,183993100.0,242807220.0,164284846.0,189104328.0,244411020.0,276896330.0,267294857.0,288337872.0,288734460.0,264727528.0,252982382.0,241192113.0,192010540.0,263874006.0,186089160.0,208581724.0,291088736.0,293245944.0,307097028.0,350278686.0,286670214.0,312089162.0,276063060.0,243901800.0,245858550.0,272354040.0,210144330.0,240676800.0,352874325.0,314982466.0,378907417.0,384407006.0,334892160.0,357557734.0,265928334.0,279564159.0,254243587.0,302008329.0,221954040.0,262325656.0,343539144.0,368268250.0,408886240.0,392885454.0,351797750.0,400285977.0,338008140.0,316897750.0,281714370.0,311789379.0,226907296.0,260298072.0,339189064.0,372362868.0,429898520.0,373606263.0,386448500.0,352468698.0,299799008.0,314256696.0,289213188.0,366663396.0,278138496.0,301646592.0,371897175.0,278791835.0,253828739.0,434394712.0,518363970.0,502962187.0,516669033.0,501464628.0,441477157.0,536008508.0,393416720.0,433102345.0,637903784.0,679333386.0,607934358.0,670786955.0,632914790.0,602419559.0,570641175.0,573562345.0,595973658.0,638671830.0,487658532.0,535774440.0,741264447.0,688872731.0,692733010.0,647952900.0,575006490.0,611403943.0,462294600.0,468867100.0,323578797.0,378827715.0,257609466.0,371893302.0,568663140.0,496669272.0,632105334.0,587614690.0,497020904.0,554797056.0,516108708.0,453129795.0,365307434.0,402142260.0,334081170.0,387711621.0,520593260.0,589419600.0,550836950.0,493008813.0,466382454.0,500627680.0,383044410.0,351105759.0,300510111.0,399196923.0,335758374.0,355263084.0,468886660.0,508013528.0,467733834.0,506927712.0,471821164.0,454816065.0,471548792.0,448479608.0,374705310.0
395143,91,"Syracuse, NY",msa,NY,53215156.0,48720725.0,61099192.0,78701200.0,103136516.0,106999536.0,96602220.0,90577611.0,86036993.0,62122333.0,52674435.0,31634075.0,32525064.0,48691896.0,58024719.0,62724626.0,84613110.0,101111234.0,101048940.0,82285170.0,92767400.0,84188403.0,60954300.0,36984519.0,37136811.0,49608900.0,68878668.0,80818877.0,129114181.0,62225976.0,78844528.0,61147299.0,66810432.0,62565296.0,61354869.0,36722212.0,31356438.0,45668379.0,50449009.0,62377460.0,94309768.0,86064680.0,94523274.0,76857408.0,74158233.0,56365768.0,72588072.0,46310776.0,38953280.0,48884472.0,58724328.0,82302600.0,95719317.0,97672204.0,110218966.0,75250395.0,85736944.0,78571990.0,67470786.0,53817516.0,36546048.0,56547168.0,65320000.0,79247488.0,95013161.0,116327682.0,119664892.0,88320777.0,97978590.0,71345988.0,65927680.0,52809926.0,43861811.0,52396587.0,64191030.0,75573568.0,107409475.0,107149472.0,109785040.0,95310910.0,111079972.0,76462356.0,88052131.0,56181108.0,46225802.0,67891030.0,69678864.0,76347396.0,113812056.0,138252218.0,127169154.0,110189200.0,106347060.0,80142817.0,96006447.0,68612831.0,63505728.0,73389372.0,81638361.0,103658700.0,125802738.0,129760883.0,149465170.0,125235724.0,134416944.0,94302624.0,88812160.0,68378760.0,59508480.0,89524098.0,86514258.0,121231758.0,156904850.0,138504820.0,161675344.0,120902366.0,111054650.0,89915211.0,97150910.0,71154706.0,57317792.0,67148972.0,84657116.0,112020960.0,135756558.0,131794221.0,153734360.0,123972454.0,141370008.0,100351350.0,84512434.0,71040826.0,59431140.0,63936621.0,81602967.0,107845178.0,127209390.0,144153628.0,137695727.0,129371515.0,134376168.0,115542203.0,103665000.0,78455213.0,58458402.0,65257347.0,88544368.0,86678394.0,101203680.0,128869272.0,177250500.0,162816040.0,181086669.0,153536087.0,185703640.0,103374222.0,91235946.0,99761472.0,118683810.0,129443076.0,167451264.0,191340116.0,209481976.0,155019264.0,173758520.0,145790249.0,146875500.0,99785320.0,81625304.0,91276094.0,95464800.0,111129060.0,169972033.0,156322400.0,188901882.0,166129990.0,145888796.0,137998710.0,110489080.0,71115730.0,58660140.0,76598350.0,76668952.0,104345248.0,122720256.0,139786944.0,175897820.0,145708170.0,167329318.0,123155310.0,110046456.0,83423844.0,71727936.0,70508258.0,94676628.0,117113637.0,127440768.0,180084580.0,186531840.0,154600534.0,142722764.0,142384704.0,126565120.0,106392030.0,75698490.0,101611881.0,99690813.0,114347814.0,163037124.0,184903114.0,208055070.0,190009170.0,189657468.0,143404362.0
395006,92,"Provo, UT",msa,UT,69266592.0,76141562.0,90341262.0,93979420.0,93488835.0,103237640.0,93555930.0,90506114.0,70418047.0,58964839.0,55215984.0,53944396.0,59769000.0,81500385.0,80568542.0,86825920.0,118289408.0,118279392.0,106338108.0,98709150.0,91481728.0,91247550.0,82949582.0,56769739.0,64702832.0,98216793.0,104212435.0,92159778.0,90372445.0,71122584.0,82018875.0,67868874.0,63086688.0,67656880.0,67942614.0,58606310.0,60709002.0,74489625.0,77682640.0,82243496.0,95119392.0,73675875.0,86575125.0,74655260.0,73182300.0,67066065.0,77182259.0,57006012.0,61432448.0,79602470.0,89958652.0,98934665.0,99069198.0,88996361.0,98339510.0,105109995.0,95239688.0,86489403.0,84430951.0,72085174.0,68453336.0,83780073.0,106757781.0,151413280.0,138197813.0,151233702.0,141683135.0,116726683.0,109273200.0,90145304.0,96348120.0,66516912.0,83753122.0,112426758.0,125119250.0,143771980.0,145592255.0,159936816.0,163214072.0,139330400.0,140517597.0,115963518.0,132929040.0,85042557.0,99651609.0,144068584.0,168747106.0,169989792.0,226370988.0,199513944.0,209106018.0,184052570.0,160407501.0,117453870.0,137313828.0,109796310.0,124680010.0,163513710.0,176618952.0,222303276.0,238367712.0,223691930.0,242372324.0,220871040.0,196033056.0,180230586.0,193788224.0,134009426.0,125097264.0,185698170.0,205102052.0,242324000.0,261044087.0,225973781.0,291283434.0,235824384.0,237753124.0,190908540.0,177244142.0,141578340.0,177399075.0,196349736.0,215291005.0,269402910.0,296748375.0,265444140.0,294968364.0,211896110.0,218175628.0,189836045.0,179706915.0,145113510.0,149566690.0,214902044.0,258293050.0,320562510.0,299759151.0,332698208.0,336250800.0,253804672.0,280244580.0,237002570.0,224631204.0,163902432.0,198658544.0,282878244.0,258701935.0,303763524.0,431955612.0,442103038.0,432286894.0,425657505.0,424051972.0,354576924.0,355363980.0,255058008.0,311856438.0,410343812.0,576298341.0,528685930.0,667789254.0,605223596.0,654558448.0,576063852.0,551888490.0,580485632.0,621397573.0,441923691.0,441062700.0,688853056.0,666839692.0,699524320.0,695346200.0,561831501.0,566089754.0,472122628.0,327765504.0,289431108.0,275341380.0,220616145.0,271107946.0,344007846.0,352680960.0,397792536.0,400723400.0,375121928.0,399241806.0,326844720.0,272496228.0,263300536.0,245623279.0,253583424.0,299020518.0,313157490.0,414942252.0,431091584.0,421325535.0,419475502.0,446451409.0,389341302.0,362463373.0,333398208.0,329864068.0,244209600.0,315996354.0,350830144.0,382913632.0,466374350.0,454218514.0,441322722.0,449262720.0,370210928.0,414182742.0,259215452.0
395160,93,"Toledo, OH",msa,OH,37105017.0,42760131.0,50800074.0,58380924.0,57934512.0,54418560.0,55685010.0,53026200.0,46334420.0,34285910.0,43854000.0,35012484.0,26060184.0,34060500.0,38977512.0,44638440.0,55212600.0,51770256.0,53834713.0,49330458.0,57223520.0,45939576.0,37782217.0,30091880.0,28748096.0,48549886.0,59564312.0,60527784.0,61984648.0,39482282.0,43807995.0,38097735.0,42549300.0,33421150.0,38409413.0,31636506.0,27454848.0,38879936.0,46115655.0,51247452.0,50952410.0,52580538.0,58499210.0,52804398.0,44699784.0,42255240.0,47965866.0,30282343.0,39069960.0,50351604.0,46375148.0,86483220.0,137295312.0,69005440.0,70575220.0,63288810.0,74378824.0,60061204.0,48858832.0,47288968.0,45389798.0,53434376.0,56360783.0,78911616.0,87526206.0,81085563.0,80091828.0,65519580.0,64477184.0,55126528.0,57550872.0,38109960.0,29954835.0,41204744.0,60853303.0,82124659.0,91784061.0,87619268.0,90510201.0,88267790.0,79425444.0,55822848.0,59706930.0,43204140.0,50620240.0,55341435.0,71960920.0,81140800.0,100989414.0,100333284.0,89288296.0,80605140.0,78998788.0,55807633.0,74652546.0,48774726.0,50246260.0,78608400.0,84540997.0,100119336.0,108443268.0,97485990.0,100879324.0,104202963.0,84753207.0,72842904.0,80576480.0,58217724.0,54334602.0,83048265.0,83023992.0,119369965.0,123682709.0,107228400.0,123655959.0,95509164.0,97477784.0,86756689.0,72097390.0,56126700.0,58599494.0,78308218.0,88082592.0,116848242.0,134352513.0,116333075.0,128044629.0,93658680.0,100500880.0,73622560.0,61582534.0,44936140.0,47514348.0,57244979.0,89901144.0,122471816.0,106690682.0,97310802.0,109638960.0,94519201.0,94220525.0,75246275.0,80194216.0,49729614.0,52955544.0,77088260.0,70278392.0,72298332.0,109460032.0,133456191.0,123081120.0,130666528.0,130553979.0,108206748.0,101498288.0,73360500.0,72492692.0,103044410.0,110608118.0,118883748.0,146369652.0,152241760.0,141525948.0,130993602.0,143668590.0,131369074.0,114651027.0,83799205.0,82143288.0,102496620.0,121742368.0,143534952.0,157854792.0,160714855.0,153960072.0,143264730.0,124246670.0,92393010.0,85305986.0,63718326.0,63494496.0,85155720.0,96356125.0,120283980.0,156202743.0,113081542.0,134904578.0,113720055.0,110502405.0,94248985.0,86511698.0,70089600.0,71196061.0,81719976.0,111176640.0,133097605.0,128409660.0,137319984.0,150016768.0,129184168.0,122179574.0,109102752.0,110984755.0,79782410.0,81517543.0,93833564.0,125825705.0,132314525.0,144242307.0,170890788.0,150479184.0,137335324.0,148193130.0,104631696.0
395224,94,"Wichita, KS",msa,KS,72031015.0,89279280.0,88919775.0,107621712.0,114232191.0,117676000.0,108488512.0,83342974.0,88237842.0,62598627.0,62118042.0,46096080.0,51471000.0,64116116.0,68450480.0,87750650.0,111854039.0,95009096.0,96617508.0,78518780.0,85568977.0,86852927.0,59348520.0,43173116.0,56429028.0,82597736.0,102927750.0,114306770.0,104517428.0,69286896.0,71458005.0,62779002.0,61503715.0,63425700.0,66888455.0,38955238.0,43919568.0,64402650.0,75377810.0,85609680.0,96747612.0,91023400.0,89605152.0,82532400.0,64027446.0,69520857.0,67765280.0,46936110.0,50791199.0,75415737.0,74894010.0,96715710.0,99031323.0,95694604.0,100544808.0,85034565.0,85293650.0,84505806.0,67972840.0,62542122.0,64302854.0,87131793.0,91802656.0,115304967.0,118297712.0,123215439.0,123153882.0,104244000.0,83123072.0,86481360.0,75429144.0,59186250.0,63129480.0,75577061.0,95615625.0,129026590.0,131721638.0,130503372.0,119000663.0,99483512.0,108117034.0,78286590.0,89115026.0,62912712.0,77952525.0,97585093.0,106297880.0,139128360.0,145607895.0,147216000.0,121461680.0,121113909.0,111598783.0,83383448.0,102806682.0,77077648.0,75008497.0,116503069.0,123688872.0,154451940.0,159612090.0,153272820.0,157602773.0,131309848.0,120587481.0,103241466.0,114713492.0,85549788.0,81359332.0,112842314.0,124731320.0,160522612.0,177289060.0,140898468.0,162638616.0,132795165.0,122642352.0,110800960.0,106533370.0,81110322.0,83752064.0,125102582.0,134149609.0,168173905.0,175349252.0,159961032.0,151703657.0,121701558.0,132116544.0,112307580.0,94875690.0,71848524.0,81247345.0,119805664.0,126791564.0,165816092.0,165601279.0,167079672.0,158034339.0,127640610.0,126406038.0,126267201.0,122648735.0,93064100.0,95652360.0,125439550.0,119059088.0,137269252.0,199564586.0,214658150.0,197650914.0,182610828.0,206849986.0,159039216.0,167579334.0,140494952.0,106797888.0,156928310.0,186144344.0,223681205.0,246270915.0,241099861.0,228973860.0,202068537.0,180219902.0,199581382.0,182099376.0,136798050.0,117646334.0,179500350.0,195752610.0,228788727.0,243859148.0,204034359.0,238717952.0,191934682.0,169686528.0,144541604.0,134730634.0,96411126.0,116461280.0,149727580.0,148968774.0,185115779.0,218616125.0,188909856.0,203211008.0,175724736.0,143183366.0,137688085.0,119669322.0,92414730.0,118082867.0,144009783.0,179618060.0,199991538.0,187578864.0,203705712.0,197552264.0,149848800.0,158013128.0,155026700.0,143824051.0,118932536.0,128398228.0,161564756.0,200028689.0,245779560.0,224306040.0,222290376.0,204207480.0,186703146.0,192396510.0,170774730.0
394549,95,"Durham, NC",msa,NC,86026908.0,117004548.0,116026036.0,172025128.0,181449840.0,152409720.0,127918667.0,90155055.0,76309943.0,54293779.0,74974277.0,52635501.0,53683724.0,79009560.0,83091042.0,113484488.0,154980700.0,147350110.0,120474816.0,91514032.0,101585765.0,94096476.0,88984480.0,54914080.0,57839916.0,88549747.0,119831877.0,149242330.0,185112592.0,102496005.0,89110362.0,73680244.0,77383692.0,72401812.0,76692360.0,68035245.0,58040554.0,79945033.0,105993036.0,109231416.0,138222250.0,118434036.0,106849923.0,92147316.0,59640100.0,71188098.0,64924741.0,58164183.0,68724186.0,91168726.0,105107886.0,159551475.0,175902342.0,148009696.0,120960852.0,93632416.0,99580299.0,95957490.0,92389383.0,73724612.0,71401680.0,116355750.0,146906020.0,204631232.0,215511812.0,197964779.0,164661417.0,112882560.0,131089869.0,93947895.0,127634533.0,100082725.0,79182824.0,121891839.0,145318392.0,201066120.0,216940840.0,183372696.0,163406053.0,130728780.0,133792932.0,112920858.0,127718262.0,99795852.0,86233077.0,153401996.0,153650250.0,211567236.0,264847428.0,235376400.0,190184600.0,164674326.0,153855711.0,124373632.0,158428080.0,116340640.0,119225600.0,182406000.0,188922640.0,240711443.0,315940699.0,258791800.0,244035050.0,179843391.0,174004201.0,163465390.0,172104242.0,132765936.0,126462060.0,191080051.0,232243535.0,296614008.0,311739676.0,269341086.0,242376264.0,204298535.0,188954535.0,181746531.0,180875591.0,141110200.0,145656792.0,236335747.0,261758400.0,313516332.0,317451552.0,298053602.0,265760748.0,186441224.0,209055556.0,183800798.0,171561792.0,129723930.0,160349120.0,206816680.0,242376484.0,321478500.0,362632245.0,297536616.0,294768918.0,229237431.0,229188000.0,199133550.0,221149071.0,167359140.0,169375424.0,216674900.0,245210988.0,223534845.0,302848364.0,341220021.0,316809070.0,324663220.0,318103168.0,282902316.0,275656333.0,215412750.0,221680341.0,322776542.0,374774968.0,398607282.0,562702840.0,483433251.0,452067961.0,400996260.0,407294976.0,414321752.0,414685834.0,274282965.0,293774770.0,394176552.0,459040842.0,553203366.0,570197943.0,480945956.0,423584910.0,343254068.0,280188999.0,275823125.0,253956438.0,179826779.0,198656832.0,317747376.0,314564175.0,389350062.0,471830648.0,333711918.0,350326731.0,295909494.0,275210040.0,273272820.0,221614217.0,194040532.0,238539886.0,309492582.0,359841306.0,450612998.0,381473756.0,372424652.0,307353508.0,286081040.0,325892255.0,267015006.0,274995472.0,217608544.0,240259810.0,331600950.0,406028340.0,461372800.0,451675476.0,395876756.0,338281880.0,296277307.0,333183953.0,288996012.0
394602,152,"Fort Collins, CO",msa,CO,70166278.0,98096496.0,113114872.0,126826448.0,130046121.0,126384732.0,133737912.0,101309628.0,109595542.0,66377902.0,63951888.0,49059724.0,58833450.0,69452134.0,82650216.0,82769040.0,118310202.0,133239796.0,119395635.0,98792658.0,99455760.0,88763314.0,83547904.0,49262144.0,51275127.0,96968128.0,113788723.0,126907544.0,158441038.0,122688055.0,93087610.0,93815982.0,80329095.0,73960818.0,76776430.0,61123855.0,56283040.0,85122090.0,87753768.0,116625600.0,124003523.0,124134966.0,126902488.0,98851126.0,82525143.0,84813790.0,77065020.0,72826070.0,60225132.0,106767690.0,118837800.0,140324775.0,164950847.0,154965048.0,144287379.0,133344252.0,119630628.0,116467860.0,107677696.0,84539376.0,91487575.0,130726239.0,149274329.0,190467220.0,198216084.0,217649166.0,208571783.0,140879550.0,129943960.0,113843050.0,127788528.0,77333799.0,87325550.0,122903318.0,157785831.0,209391325.0,212567751.0,226468836.0,193782570.0,185339050.0,181175352.0,114387752.0,146564880.0,104482642.0,105219780.0,158975432.0,181050986.0,203802999.0,276185343.0,243614333.0,232706232.0,206408204.0,183592332.0,133951389.0,173345748.0,105353815.0,123331679.0,181830496.0,185994393.0,233226540.0,253531968.0,266412864.0,248875998.0,221163748.0,208142121.0,183335040.0,182659950.0,120511566.0,128131584.0,208618340.0,202827710.0,265887160.0,287075097.0,263618250.0,269239740.0,230252324.0,240831672.0,224621036.0,195859747.0,164431256.0,141771198.0,200299680.0,235591644.0,310133760.0,317534481.0,288606940.0,301956864.0,208234458.0,206036074.0,200034597.0,163208604.0,123008720.0,146487754.0,206100936.0,247627968.0,299764092.0,285948236.0,279306396.0,296780064.0,221895136.0,227842848.0,179542659.0,194142872.0,152451810.0,156271554.0,228736992.0,190974096.0,161221900.0,334811250.0,377647200.0,395587568.0,366741750.0,378790720.0,253163805.0,260794549.0,180742040.0,215554176.0,300070504.0,324559593.0,414846084.0,458213328.0,460444157.0,442373260.0,399869568.0,364912290.0,329684230.0,303754660.0,186246256.0,232918356.0,310205633.0,371484428.0,439350800.0,451549480.0,377719090.0,333636480.0,297936590.0,248399664.0,204742386.0,164576000.0,154332516.0,165914693.0,248929605.0,229227750.0,327335712.0,336390840.0,308071522.0,324470120.0,260430948.0,198437940.0,189382936.0,162355760.0,168384320.0,173278908.0,259991808.0,280280580.0,344722168.0,295694226.0,295060260.0,300277104.0,241755728.0,259879596.0,232256752.0,223774930.0,175296984.0,218611488.0,248784858.0,348089449.0,363784614.0,362085045.0,309369578.0,323006761.0,316246936.0,277117185.0,226590408.0
