RegionID,SizeRank,RegionName,RegionType,StateName,2018-01-31,2018-02-28,2018-03-31,2018-04-30,2018-05-31,2018-06-30,2018-07-31,2018-08-31,2018-09-30,2018-10-31,2018-11-30,2018-12-31,2019-01-31,2019-02-28,2019-03-31,2019-04-30,2019-05-31,2019-06-30,2019-07-31,2019-08-31,2019-09-30,2019-10-31,2019-11-30,2019-12-31,2020-01-31,2020-02-29,2020-03-31,2020-04-30,2020-05-31,2020-06-30,2020-07-31,2020-08-31,2020-09-30,2020-10-31,2020-11-30,2020-12-31,2021-01-31,2021-02-28,2021-03-31,2021-04-30,2021-05-31,2021-06-30,2021-07-31,2021-08-31,2021-09-30,2021-10-31,2021-11-30,2021-12-31,2022-01-31,2022-02-28,2022-03-31,2022-04-30,2022-05-31,2022-06-30,2022-07-31,2022-08-31,2022-09-30,2022-10-31,2022-11-30,2022-12-31,2023-01-31,2023-02-28,2023-03-31,2023-04-30,2023-05-31,2023-06-30,2023-07-31,2023-08-31,2023-09-30,2023-10-31,2023-11-30,2023-12-31,2024-01-31,2024-02-29,2024-03-31,2024-04-30,2024-05-31,2024-06-30,2024-07-31,2024-08-31,2024-09-30,2024-10-31,2024-11-30,2024-12-31,2025-01-31,2025-02-28,2025-03-31,2025-04-30,2025-05-31,2025-06-30,2025-07-31,2025-08-31,2025-09-30,2025-10-31
102001,0,United States,country,,299995.0,301500.0,308300.0,306000.0,312330.0,317829.0,315000.0,321669.0,323630.5,327500.0,332500.0,336698.5,310095.0,310500.0,314368.5,315000.0,320000.0,320289.5,321000.0,325000.0,328000.0,331460.0,337490.0,340000.0,316245.0,318720.0,320875.0,317694.0,316990.0,319900.0,326411.5,334602.5,335000.0,342470.0,343792.0,347466.5,330000.0,336793.0,343990.0,348627.0,357055.0,366188.0,375000.0,382407.0,388900.0,399990.0,404990.0,408999.0,400500.0,406590.0,413874.0,420127.0,430000.0,435000.0,440900.0,444933.5,447500.0,454490.0,455000.0,453000.0,434500.0,429990.0,429900.0,432600.0,434990.0,433145.0,429990.0,434500.0,433500.0,438000.0,436990.0,441400.0,430000.0,427235.0,429400.0,433995.0,432000.0,429900.0,429990.0,430472.0,427000.0,439900.0,432000.0,434148.5,425000.0,420490.0,420000.0,419990.0,414900.0,418221.0,415000.0,415000.0,414900.0,425000.0
394913,1,"New York, NY",msa,NY,572237.0,617928.5,580319.5,612173.5,620000.0,687319.0,658337.0,674845.0,629888.5,660449.0,640000.0,664000.0,625585.0,605100.0,630370.0,619498.0,675000.0,650000.0,640000.0,649000.0,665000.0,670000.0,699000.0,691595.0,627235.5,620000.0,649475.0,675500.0,655000.0,669950.0,717000.0,660000.0,665090.0,700000.0,716250.0,753000.0,658650.0,700000.0,725000.0,775000.0,750000.0,780000.0,775000.0,782500.0,830000.0,750000.0,781650.0,765345.5,729000.0,734950.0,778500.0,772500.0,775000.0,805000.0,759846.5,860502.5,799990.0,814995.0,890392.0,785000.0,793615.0,760000.0,812980.0,849000.0,873889.0,875327.5,885000.0,875000.0,874050.0,871505.0,920000.0,936000.0,811880.0,860000.0,879995.0,880013.0,950445.0,952745.0,1000976.5,1015462.5,996564.0,879500.0,950815.5,950000.0,941881.0,870000.0,905997.5,883360.0,879500.0,928536.5,863165.0,1055000.0,999000.0,995000.0
753899,2,"Los Angeles, CA",msa,CA,849000.0,821500.0,839000.0,881750.0,939000.0,843000.0,895000.0,909000.0,986000.0,940250.0,856000.0,866000.0,970000.0,927250.0,884000.0,949500.0,920000.0,859500.0,899000.0,865000.0,844500.0,967488.5,900000.0,805000.0,880000.0,858000.0,950000.0,953844.5,896975.0,933500.0,999000.0,926750.0,992500.0,973750.0,1060000.0,1010500.0,1063750.0,950000.0,1078000.0,1155000.0,1136250.0,1270500.0,1215500.0,1203750.0,1100444.0,1277500.0,1272500.0,1213000.0,1349000.0,1249500.0,1402500.0,1548500.0,1629999.0,1762500.0,1685000.0,1329000.0,1422500.0,1405000.0,1280000.0,1097918.0,1257500.0,1130000.0,1350000.0,1370000.0,1331495.0,1299500.0,1255202.0,1405000.0,1318500.0,1350399.5,1163000.0,974990.0,1180000.0,1063465.0,1062092.0,1027495.0,1030000.0,1100000.0,1080500.0,979990.0,1229500.0,1253845.0,1150000.0,1085990.0,1229990.0,1302495.0,1207951.0,1442495.0,1314554.5,1120000.0,1397500.0,1159990.0,940000.0,1250000.0
394463,3,"Chicago, IL",msa,IL,339000.0,360815.0,346125.0,340245.0,366500.0,369000.0,350000.0,339900.0,347261.0,340188.0,343000.0,350145.0,347700.0,349745.0,359995.0,369900.0,380195.0,386190.0,393000.0,369689.5,370418.0,374042.5,360764.0,372450.0,354230.0,368065.0,359000.0,368776.0,344995.0,375995.0,359990.0,383157.5,387863.0,378500.0,364551.5,380000.0,381028.0,354532.5,379990.0,369885.0,376950.0,385000.0,399882.5,389900.0,399070.0,413964.5,401913.5,417543.5,400005.0,411950.0,429000.0,434990.0,431000.0,461670.0,455990.0,424990.0,438380.0,458858.0,443949.0,457690.5,455000.0,438500.0,459990.0,450000.0,479448.0,459995.0,459900.0,454700.0,447350.0,448445.0,449945.0,465678.0,440000.0,451180.0,480945.0,499855.0,494900.0,515500.0,498480.0,481918.0,471250.0,484762.5,459995.0,475000.0,491000.0,462400.0,484185.0,468990.0,460495.0,479914.0,483569.5,444990.0,432990.0,458270.5
394514,4,"Dallas, TX",msa,TX,324256.5,319165.5,320000.0,315000.0,329744.0,331540.0,327294.5,327211.5,320000.0,329000.0,320000.0,325000.0,314995.0,319255.5,316069.0,319065.5,333000.0,325150.0,324358.0,320793.0,313310.0,320000.0,328700.0,330000.0,318101.0,320785.0,315000.0,315000.0,320410.0,320032.5,320397.0,328468.0,314998.0,321686.5,316999.0,319000.0,325972.0,327176.0,336096.0,348211.0,354361.5,351200.0,367689.0,377672.0,375703.5,384980.0,386246.0,392229.0,397613.5,400500.0,409103.0,419950.0,434957.0,458472.0,446115.0,443000.0,445000.0,442400.0,439326.0,434992.0,431000.0,414995.5,429822.0,439990.0,434995.0,432740.0,428300.0,426444.5,424900.0,407370.0,412920.0,421294.5,408169.0,399930.0,400000.0,412446.5,407300.0,399195.5,402224.0,399990.0,398990.0,415000.0,408999.0,424900.0,403650.0,400000.0,398990.0,404657.0,386124.0,390000.0,388110.0,382520.0,390000.0,394294.5
394692,5,"Houston, TX",msa,TX,279776.0,278990.0,288807.5,283162.0,287947.0,290436.5,286421.0,289970.0,288693.0,291060.0,287990.0,293499.0,274748.0,280000.0,285000.0,287692.0,291118.0,292000.0,289990.0,292970.0,290000.0,282999.0,291405.0,289995.0,277690.0,289004.0,284622.5,286676.0,277144.0,297441.0,295511.0,289990.0,286346.0,285000.0,289900.0,294945.0,285000.0,289991.0,300000.0,300644.0,302330.0,319534.0,320374.5,324945.0,328334.0,341715.0,331155.0,338659.0,349425.0,355037.0,360900.0,364059.0,365105.0,369000.0,371965.0,379990.0,370000.0,370990.0,372270.0,370000.0,343715.0,344160.0,355000.0,362000.0,365000.0,360997.5,362462.5,363346.0,359000.0,350000.0,339990.0,357990.0,347161.0,336415.0,348000.0,350000.0,350000.0,350000.0,360000.0,350000.0,340000.0,349900.0,338990.0,346990.0,337440.0,330990.0,342945.0,344617.0,331140.0,338995.0,336715.0,330990.0,330000.0,335000.0
395209,6,"Washington, DC",msa,VA,479917.5,459835.0,479990.0,484950.0,469892.5,482919.0,499850.0,499990.0,479990.0,511515.0,493285.0,538890.0,466745.0,460634.0,469000.0,494641.0,489000.0,499900.0,514320.0,495995.0,497796.0,498734.0,521940.0,519350.0,487081.0,505195.5,505000.0,490188.5,477000.0,502903.0,546242.5,547814.5,529000.0,536267.5,528896.5,537650.0,518657.0,531281.0,544832.0,563229.5,553684.0,550125.0,560495.0,569340.0,584510.0,601162.5,611145.0,632920.0,600514.5,600000.0,615065.5,622770.0,641800.0,636540.0,618990.0,624679.06,631097.0,655645.0,632396.0,630000.0,596410.0,612709.0,609990.0,600701.0,624990.0,645930.0,634170.0,646355.5,617295.0,598362.5,625000.0,625000.0,648948.5,629500.0,650980.0,659485.0,662052.5,692670.0,664066.5,662149.5,651267.5,680570.0,634790.0,684259.0,644620.0,600622.5,671691.5,629620.0,642067.5,650000.0,622500.0,590000.0,607490.0,640310.0
394974,7,"Philadelphia, PA",msa,PA,399000.0,409362.5,405000.0,419950.0,404345.0,401330.5,416250.0,431825.0,400000.0,460405.0,442500.0,414054.5,385000.0,387772.0,390000.0,389990.0,408000.0,409499.5,394604.0,398100.5,400017.0,404270.0,389990.0,393980.0,381725.0,388069.0,389945.0,386990.0,400310.0,393772.5,403000.0,421346.0,417526.0,426128.0,426500.0,430105.0,414767.5,420000.0,429622.5,428340.0,444900.0,454591.5,474990.0,469000.0,483039.5,484732.5,495000.0,508803.0,488005.0,477500.0,492860.0,481245.0,514598.0,515775.0,515000.0,498000.0,519817.0,535720.0,508852.5,541850.0,539990.0,507905.0,517140.0,539997.5,544574.0,549950.0,523530.0,522495.0,555613.0,544010.0,545917.5,553700.0,535750.0,549567.5,569435.0,545046.0,567247.5,563690.0,587280.0,574670.0,576490.0,600997.5,575000.0,602495.0,568290.0,576495.0,572990.0,644900.0,610015.0,624999.0,600000.0,605173.5,587500.0,607500.0
394856,8,"Miami, FL",msa,FL,445000.0,460000.0,399900.0,439900.0,458650.0,471700.0,476631.5,435000.0,467900.0,395500.0,396000.0,388150.0,382870.0,400550.0,425250.0,433250.0,445200.0,449670.0,477470.0,466752.0,480700.0,449660.0,526774.5,484500.0,482179.5,432246.0,461500.0,445240.0,440800.0,425000.0,474875.0,448200.0,462500.0,440000.0,479450.0,463900.0,415745.0,425305.0,468000.0,439040.0,502190.0,459851.5,449790.0,439250.0,430900.0,479000.0,510000.0,565000.0,570000.0,577000.0,576371.5,577487.5,580000.0,605000.0,584407.5,572294.0,548062.5,599900.0,641200.0,590000.0,670965.0,618750.0,673000.0,672000.0,636500.0,700000.0,675724.0,678000.0,690000.0,726200.0,685750.0,600700.0,738000.0,670000.0,640425.0,730000.0,682850.0,647595.0,679500.0,640000.0,665000.0,646108.0,691230.0,697990.0,716067.5,749695.0,738920.0,882990.0,674000.0,849620.0,809000.0,795000.0,824000.0,932710.0
394347,9,"Atlanta, GA",msa,GA,258794.5,261035.0,281560.0,275347.0,284900.0,287300.0,280000.0,290700.0,302707.0,307960.0,304118.0,300000.0,282779.0,290000.0,294990.0,292720.0,305000.0,299900.0,306940.0,305000.0,317680.0,315000.0,310100.0,315250.0,291500.0,309800.0,304780.0,308000.0,299267.5,306025.0,305000.0,305000.0,312870.0,310900.0,318505.0,323300.0,302072.0,311512.0,326090.0,321430.0,333615.5,350000.0,352800.0,365906.0,360717.0,369920.0,375725.0,396937.5,395000.0,395261.0,412835.0,415925.0,432725.0,453300.0,455000.0,448395.0,457890.0,454650.0,443555.0,440000.0,414900.0,430000.0,419980.0,435000.0,436322.5,430215.0,427935.0,433500.0,449900.0,444548.0,450000.0,439900.0,441400.0,443565.0,435450.0,449900.0,440880.0,449125.0,431990.0,428945.0,439346.0,437155.0,439118.0,427955.0,428740.0,426520.0,426000.0,430470.0,425000.0,417995.0,424945.0,428990.0,435000.0,439900.0
394404,10,"Boston, MA",msa,MA,590000.0,569950.0,610000.0,632500.0,566550.0,555000.0,649950.0,614500.0,579641.0,577499.5,575000.0,559567.5,585000.0,562812.5,571280.0,601996.0,632432.5,569900.0,615000.0,599933.0,580000.0,607395.0,585165.0,585000.0,594275.0,626762.0,613200.0,615000.0,580000.0,580000.0,619466.5,635000.0,602000.0,606500.0,606333.0,625013.5,642257.5,637400.0,647540.0,645723.5,680000.0,660000.0,653559.0,660000.0,743000.0,735245.0,689000.0,789500.0,695000.0,725000.0,679000.0,737538.0,761000.0,765000.0,800000.0,799933.0,770000.0,830225.0,800000.0,775000.0,800000.0,810000.0,808934.0,860000.0,837155.0,820000.0,834547.5,829238.0,859975.5,837195.0,800000.0,829331.0,829900.0,850000.0,865450.0,880587.0,872732.5,850000.0,950000.0,937500.0,850000.0,957588.0,942500.0,989500.0,900340.0,899950.0,832000.0,883343.0,850900.0,954950.0,905000.0,854079.0,910000.0,929900.0
394976,11,"Phoenix, AZ",msa,AZ,302685.0,316058.0,315000.0,317496.0,328274.0,310408.0,317153.0,323928.0,311315.5,331604.5,328895.0,327795.0,318681.0,318965.5,317153.0,324605.5,335000.0,332602.0,330079.0,330546.0,327695.0,341240.0,330364.0,342110.5,337269.5,335702.5,331722.0,338757.0,337678.0,344967.5,342210.0,351878.0,348240.0,353722.0,351230.0,351257.0,360023.0,360815.0,358000.0,370990.0,374790.0,382995.0,392915.5,399990.0,397995.0,421203.0,424990.5,426919.5,440990.0,445892.0,452500.0,461483.0,471798.0,472988.0,483315.0,483051.0,478415.0,499990.0,476176.0,483990.0,464538.0,462990.0,463242.5,465000.0,468250.0,476925.0,465354.0,454990.0,456999.0,474900.0,455760.0,449990.0,454990.0,460990.0,459767.5,467990.0,460000.0,466495.0,442973.0,457745.0,450000.0,464990.0,454900.0,474990.0,477575.0,455187.5,442005.0,474990.0,438990.0,464995.0,470190.0,460000.0,463490.0,459999.5
395057,12,"San Francisco, CA",msa,CA,895000.0,946000.0,967000.0,970000.0,1081500.0,1008000.0,953000.0,1022250.0,987750.0,1100000.0,984500.0,1098000.0,1114500.0,1094000.0,1139750.0,1250000.0,1155500.0,1225000.0,1176000.0,1130440.0,1028995.0,1050000.0,985500.0,967250.0,1074880.0,949750.0,855000.0,969500.0,999000.0,988500.0,998186.0,957500.0,970500.0,903000.0,904750.0,863500.0,1000000.0,925000.0,837500.0,1149000.0,1041750.0,1105250.0,1160000.0,1092000.0,1049500.0,1161500.0,919720.0,995000.0,950500.0,1015750.0,984378.5,1085000.0,1043000.0,1172750.0,1140000.0,1175750.0,998000.0,1038000.0,955450.0,1100000.0,1106500.0,1045000.0,1104000.0,1150000.0,1100000.0,1250000.0,1164500.0,1100000.0,1084930.0,1035000.0,912500.0,996500.0,901840.0,1065000.0,1245000.0,1049750.0,1197500.0,1217000.0,1163000.0,903000.0,1169000.0,1265250.0,1075000.0,1243000.0,1195000.0,1250828.0,1223000.0,1284000.0,1295000.0,1237500.0,1379904.0,1245394.5,1318500.0,1389900.0
395025,13,"Riverside, CA",msa,CA,430500.0,441000.0,442750.0,447500.0,447750.0,455000.0,440500.0,469250.0,448000.0,462500.0,468000.0,439000.0,450000.0,444500.0,449000.0,453829.5,439000.0,436500.0,440000.0,450000.0,455000.0,438500.0,460000.0,472750.0,450000.0,452000.0,450500.0,468000.0,463000.0,469990.0,460000.0,477000.0,456000.0,492500.0,477750.0,492500.0,468750.0,490000.0,489153.5,500000.0,513500.0,506000.0,548000.0,550000.0,521500.0,559500.0,572972.5,570500.0,565000.0,570750.0,572500.0,601500.0,598500.0,603689.0,602000.0,616000.0,589497.5,600000.0,583500.0,595000.0,600000.0,595250.0,580750.0,584212.0,582000.0,575000.0,571500.0,593000.0,578250.0,591000.0,587500.0,570000.0,591500.0,594250.0,600000.0,619850.5,610250.0,605464.0,622250.0,606250.0,610900.0,637500.0,630000.0,627500.0,611000.0,627995.0,630602.0,609990.0,612500.0,605000.0,600000.0,598750.0,613500.0,605000.0
394532,14,"Detroit, MI",msa,MI,324497.5,329045.0,330000.0,360430.0,335000.0,334000.0,333495.0,359900.0,349900.0,341445.0,339000.0,350092.0,335060.0,346753.0,355477.5,349500.0,365000.0,377727.5,377785.0,358570.0,355000.0,376580.0,348124.0,357475.0,369900.0,341340.0,353026.0,360000.0,327771.0,368650.0,367500.0,389000.0,374877.0,389935.0,334357.5,375000.0,338525.0,328000.0,366265.0,404240.0,381100.0,364324.0,412415.0,407825.0,442947.5,423375.0,430695.0,412395.0,389900.0,399390.0,454600.0,409465.0,448000.0,430900.0,470128.0,458469.0,459507.5,465000.0,470000.0,456988.0,475244.0,467005.0,420710.5,421225.0,435412.0,459426.0,438544.5,495700.0,435785.0,452144.0,487900.0,451045.0,439900.0,473565.0,484995.0,500000.0,494760.0,462235.0,469340.5,490000.0,458198.0,509736.5,534906.0,495567.5,472000.0,515145.0,490465.0,522845.0,524665.0,535000.0,509495.0,549000.0,507500.0,536985.0
395078,15,"Seattle, WA",msa,WA,600000.0,579765.0,575229.0,635140.0,619000.0,628250.0,636488.0,611243.5,617769.0,640544.0,616749.5,645000.0,612950.0,609000.0,599969.5,624950.0,644825.0,649950.0,619950.0,605000.0,599950.0,615000.0,600450.5,605000.0,593600.0,609975.0,609975.0,630000.0,614975.0,624320.0,641750.0,641436.0,646950.0,669169.0,649950.0,647781.0,674950.0,679913.0,681368.5,693852.5,701393.0,724588.0,744950.0,725000.0,723033.0,749950.0,737300.0,755000.0,765200.0,750040.0,794975.0,823886.0,830000.0,849950.0,884950.0,799950.0,837000.0,799475.0,750000.0,797000.0,789870.0,759950.0,756230.5,795870.0,819950.0,785900.0,780000.0,759990.0,799995.0,779995.0,779990.0,813344.0,812222.5,815000.0,841995.0,830829.5,849999.0,825673.5,869990.0,799900.0,820000.0,839990.0,823785.0,810000.0,874372.0,848000.0,834012.5,829000.0,839950.0,859927.5,865070.0,824977.5,857249.5,894587.5
394865,16,"Minneapolis, MN",msa,MN,361557.0,375691.0,369776.0,353594.5,376785.0,363474.0,374950.0,380000.0,389313.5,383490.0,404108.5,416100.0,365196.5,397991.0,374990.0,359912.0,364673.0,378500.0,381995.0,386943.5,388390.5,394954.0,394354.5,415000.0,378776.0,385075.0,389945.0,388577.5,408254.0,394969.0,399397.5,399995.0,401851.0,404965.5,411700.0,412501.5,385000.0,401654.0,409506.0,408310.0,403709.0,416654.0,419181.5,433966.5,449736.0,468034.0,473437.0,478054.0,469990.0,469414.5,479900.0,476288.0,481809.5,494657.5,492470.0,508381.5,512000.0,505878.0,530040.0,541754.0,515675.0,486390.0,463400.0,449990.0,450000.0,465000.0,480445.0,480018.0,479990.0,479990.0,487397.5,499945.0,480500.0,480000.0,471092.0,492322.5,490477.0,504945.0,485780.0,484845.0,491752.5,510000.0,503175.0,501660.0,509990.0,496661.5,484770.0,520245.0,480000.0,520000.0,515295.0,499990.0,512440.0,525000.0
395056,17,"San Diego, CA",msa,CA,729500.0,641000.0,729000.0,779000.0,730000.0,736000.0,745000.0,720750.0,714500.0,763500.0,771500.0,707500.0,670000.0,686750.0,694000.0,674000.0,671500.0,713000.0,735136.0,740000.0,701500.0,790500.0,713750.0,685250.0,775000.0,724500.0,712500.0,731000.0,847672.0,637589.0,739000.0,742000.0,740500.0,790000.0,859000.0,752989.0,803750.0,880000.0,841500.0,889000.0,837990.0,844214.5,953898.0,947000.0,1100000.0,970000.0,797500.0,790000.0,900500.0,929500.0,806750.0,,1389000.0,954000.0,893750.0,914750.0,1294500.0,873750.0,860500.0,963000.0,892250.0,799510.0,934000.0,849500.0,824190.0,995000.0,933750.0,827840.0,764000.0,867750.0,916750.0,840000.0,825450.0,848000.0,877175.0,919380.0,979785.0,1339950.0,936500.0,899000.0,897000.0,803500.0,810000.0,1050000.0,1163250.0,1097356.5,1150000.0,1200000.0,1131872.0,1430000.0,1102000.0,1000000.0,1322500.0,902500.0
395148,18,"Tampa, FL",msa,FL,275100.0,275600.0,276700.0,289000.0,270000.0,279480.0,272185.0,280050.0,272150.0,280400.0,286480.0,286000.0,283650.0,267600.0,274352.0,271945.0,280000.0,274990.0,282000.0,275990.0,275280.0,285000.0,285481.5,293817.5,274000.0,271691.5,274990.0,284045.0,284990.0,287850.0,289900.0,307990.0,294100.0,296590.0,289210.0,291260.5,290000.0,302947.0,302550.0,312490.0,310600.0,325990.0,339900.0,335000.0,342990.0,355665.0,353100.0,367050.0,369900.0,374725.0,380000.0,407250.0,399000.0,413582.5,419600.0,425990.0,414845.0,419990.0,406000.0,406800.0,400000.0,393300.0,395000.0,410000.0,393999.0,417555.0,406600.0,410990.0,432990.0,415490.0,396950.0,429900.0,395000.0,389995.0,396000.0,398400.0,398000.0,409900.0,396900.0,385000.0,399990.0,384945.0,397945.0,399990.0,379900.0,384990.0,402000.0,397650.0,400000.0,414990.0,389945.0,404990.0,399839.0,400000.0
394530,19,"Denver, CO",msa,CO,484900.0,495000.0,490063.0,500589.0,499400.0,495750.0,498550.0,495750.0,499716.5,495172.5,480000.0,477412.5,485934.0,489726.0,489449.5,503565.5,524400.0,520545.0,514775.0,523345.0,510000.0,517451.0,500000.0,485940.0,482190.5,485319.5,487495.0,484215.0,493146.0,480530.0,495165.0,503500.0,499990.0,513030.0,521700.0,495400.0,507822.5,502088.0,511447.0,538398.0,521752.5,532325.0,529993.0,558671.0,547992.5,575411.0,603000.0,602900.0,612150.0,613527.5,622700.0,646367.5,643792.5,652511.0,659019.0,673805.0,674995.0,675000.0,656532.0,671869.5,645000.0,664780.5,650000.0,659990.0,659990.0,650118.0,674945.0,655000.0,662000.0,640000.0,635000.0,630500.0,649975.0,609995.0,600000.0,637950.0,614970.0,599900.0,605000.0,590000.0,584450.0,619900.0,599990.0,625000.0,604900.0,618990.0,600990.0,601400.0,605000.0,605495.0,618400.0,610000.0,597795.0,629000.0
394358,20,"Baltimore, MD",msa,MD,396820.0,418000.0,409990.0,417901.0,427940.0,408379.0,449931.0,414985.0,430000.0,437690.0,433920.0,439950.0,416115.0,402450.0,407605.0,412640.0,402582.5,419455.0,428669.5,412700.0,442998.5,453143.0,448602.5,410115.0,408945.0,445000.0,444077.5,438390.0,425000.0,432990.0,450000.0,440902.5,458520.0,463865.0,452235.0,465000.0,455490.0,480887.0,458125.0,466348.0,469249.5,495500.0,500000.0,516383.0,549816.0,547637.5,549386.0,552489.5,543849.0,510000.0,563919.5,589474.0,544163.0,519900.0,505510.0,525490.0,534940.0,558531.5,563137.0,553612.5,530830.0,564990.0,565660.0,591019.0,579990.0,599995.0,554990.0,538852.5,543205.0,576212.5,540380.0,575000.0,520899.5,549900.0,560000.0,638950.0,561717.5,559990.0,548445.0,560762.5,581175.0,550015.0,547317.5,531540.0,538475.0,568825.0,550130.0,551048.0,559935.0,564190.0,564772.5,567915.0,566350.0,547755.0
395121,21,"St. Louis, MO",msa,MO,273187.5,295407.0,274300.0,278453.5,275000.0,290169.0,299631.0,295717.0,279823.0,293594.0,306480.0,317915.5,262500.0,275000.0,285481.0,271310.5,295900.0,308000.0,303260.5,305000.0,299654.5,318261.0,306219.5,318719.0,279309.5,287429.5,304900.0,288500.0,301581.5,306102.5,307513.5,339000.0,305304.0,305000.0,328500.0,339906.0,300953.0,318000.0,310000.0,334650.5,341393.0,350000.0,349445.5,361800.0,350000.0,366926.5,396660.0,397800.0,370852.0,416451.0,379955.0,389425.5,394842.0,404935.0,416620.5,427643.0,415198.5,461643.0,429900.0,470080.5,443378.0,393000.0,395064.5,419988.0,393787.5,410000.0,395910.5,418000.0,395203.5,400695.0,417759.5,415945.0,370000.0,392531.5,395000.0,430090.5,406550.0,395770.5,380397.5,379900.0,387900.0,426259.5,396557.5,402439.5,384900.0,424393.0,397600.0,382013.0,408000.0,412450.0,360000.0,430675.0,395000.0,390750.0
394943,22,"Orlando, FL",msa,FL,299450.0,296683.5,312000.0,306730.0,299990.0,311950.0,313615.0,317647.0,317133.5,316357.0,321092.5,326960.5,313750.0,314709.5,316990.0,318500.0,317200.0,321628.0,320000.0,315990.0,314650.0,316981.5,326050.0,321000.0,320000.0,320284.0,326500.0,327750.0,318155.5,325000.0,323787.5,333095.0,322897.0,332627.0,331136.5,331300.0,331295.0,339300.0,346350.0,342406.5,355000.0,357990.0,362800.0,361694.0,379300.0,390000.0,385500.0,395000.0,399815.0,401600.0,407987.0,421146.0,414990.0,425000.0,427223.0,423128.0,449177.0,444995.0,438990.0,437650.0,424990.0,434990.0,430469.0,436735.0,445400.0,435990.0,427738.0,429900.0,447130.5,452840.0,443900.0,442400.0,435112.5,425990.0,435990.0,447000.0,431800.0,436990.0,440890.0,435990.0,431900.0,434990.0,435990.0,432990.0,439900.0,420000.0,444990.0,444990.0,435251.5,439990.0,440707.0,429040.0,425990.0,436000.0
394458,23,"Charlotte, NC",msa,NC,302787.0,294990.0,290000.0,299380.5,303500.0,319000.0,309467.0,310000.0,313000.0,307500.0,322000.0,320000.0,300000.0,303000.0,310000.0,300000.0,315000.0,316000.0,317000.0,321495.0,320000.0,324750.0,320000.0,326967.5,308984.0,307000.0,317100.0,330000.0,314995.0,320000.0,321250.0,330500.0,330975.0,340000.0,335500.0,336455.0,315700.0,328197.0,342000.0,348900.0,347419.0,348750.0,347900.0,366250.0,365000.0,371000.0,402000.0,404500.0,392500.0,401500.0,415210.0,430000.0,418000.0,420340.0,430000.0,441750.0,443540.0,463795.5,446500.0,450000.0,426000.0,412000.0,422873.0,418560.5,416654.0,403272.5,409965.0,405000.0,411500.0,421000.0,407890.0,407919.0,420750.0,412732.5,407295.0,411750.0,421892.0,409000.0,415000.0,405267.5,404000.0,416505.0,428999.5,416500.0,415000.0,408000.0,430220.0,439000.0,415579.0,423000.0,415000.0,415250.0,419995.0,441850.0
395055,24,"San Antonio, TX",msa,TX,260900.0,263500.0,260000.0,267750.0,270658.0,269000.0,264000.0,275000.0,272949.5,274896.0,268999.0,285926.0,274990.0,265994.0,264616.0,260994.5,265999.0,266866.0,266334.0,260915.0,265000.0,266000.0,262900.0,279999.5,248500.0,254900.0,253900.0,253249.5,253999.0,258900.0,262999.0,261750.0,262920.0,266576.5,263500.0,275900.0,269900.0,264900.0,266900.0,273900.0,274499.0,282000.0,290199.5,287849.5,302500.0,324582.5,319990.0,323500.0,323443.5,309624.5,325000.0,323132.5,333500.0,347022.0,336115.0,336900.0,339990.0,335000.0,339995.0,349500.0,315428.0,308281.5,325500.0,330000.0,314999.5,327474.5,326000.0,324900.0,325500.0,317000.0,296990.0,328990.0,290000.0,296950.0,322239.5,314990.0,314990.0,309990.0,315357.0,296999.0,311000.0,302780.0,297245.0,321115.0,289995.0,279900.0,318999.0,304869.5,305000.0,314990.0,306995.0,299990.0,322000.0,294895.0
394998,25,"Portland, OR",msa,OR,445621.5,417995.0,419000.0,436936.0,451674.0,459575.0,452910.0,472925.0,445000.0,468450.0,480000.0,440000.0,447960.0,461445.0,431500.0,445192.5,456956.5,439250.0,443705.5,442751.0,448125.0,456764.5,458777.0,469000.0,459570.0,450000.0,444900.0,452475.0,448226.0,442000.0,461595.0,460000.0,470650.0,478751.5,474960.0,472134.5,456950.0,459857.5,479900.0,479900.0,479762.5,491372.0,494900.0,506225.0,529780.0,546870.0,551370.0,548246.0,569900.0,540000.0,574950.0,575546.0,581696.0,592055.0,597580.0,594900.0,599945.0,635160.0,592198.0,586430.0,535000.0,575800.0,590345.0,589900.0,592550.0,585950.0,592400.0,550195.0,536900.0,568200.0,589900.0,582610.0,563257.5,582395.0,580590.0,579990.0,586819.5,575535.0,582990.0,604900.0,565700.0,594214.0,586626.0,579960.0,570300.0,565900.0,554990.0,573672.5,568814.5,579900.0,596530.0,574999.0,569995.0,545202.5
395045,26,"Sacramento, CA",msa,CA,455500.0,466750.0,476250.0,495250.0,483750.0,476000.0,489000.0,489500.0,491750.0,508500.0,500500.0,507000.0,489000.0,499500.0,494500.0,510500.0,500000.0,534000.0,519000.0,500000.0,496950.0,502000.0,491500.0,516500.0,519000.0,532000.0,508000.0,520000.0,505000.0,523000.0,530750.0,533500.0,537500.0,525000.0,530000.0,543500.0,532500.0,550250.0,546000.0,569500.0,569000.0,590000.0,582500.0,600000.0,596500.0,633000.0,638000.0,634750.0,658000.0,659500.0,665500.0,681000.0,671250.0,678000.0,690000.0,693500.0,692250.0,690500.0,650000.0,670000.0,615000.0,605500.0,620000.0,618000.0,625750.0,671000.0,647500.0,651250.0,630000.0,653000.0,644000.0,640500.0,640000.0,654500.0,655500.0,660000.0,657000.0,665000.0,671500.0,680500.0,668000.0,705000.0,700000.0,684000.0,711000.0,650000.0,695000.0,682750.0,672250.0,680000.0,660500.0,655000.0,638495.0,620000.0
394982,27,"Pittsburgh, PA",msa,PA,289000.0,277462.5,316629.5,315000.0,319000.0,336190.0,332225.0,336302.0,355145.0,353880.0,329822.0,375000.0,327740.0,313130.0,328927.0,327620.0,325000.0,319000.0,339000.0,353320.0,339725.0,335609.0,335593.0,365302.5,303620.0,324902.5,309000.0,349990.0,325000.0,324100.0,338437.0,325990.0,355045.0,365000.0,379900.0,382448.0,348420.0,360200.0,359585.0,365000.0,363990.0,351990.0,395000.0,394500.0,409960.0,399900.0,424275.0,414363.5,439229.0,387810.0,459990.0,473212.5,453450.0,463900.0,473550.0,451663.0,455931.0,485000.0,426537.5,445302.5,505000.0,436000.0,436665.0,408835.0,445000.0,464211.0,425848.5,438755.0,419580.0,413185.0,447345.0,441350.0,449700.0,467370.0,413117.5,414990.0,441855.0,460255.0,470410.0,463596.0,463990.0,503006.0,433335.0,484662.5,449995.0,456500.0,466990.0,396885.0,414990.0,433990.0,440740.0,420490.0,434900.0,423337.5
394466,28,"Cincinnati, OH",msa,OH,199116.5,175000.0,247983.5,237152.5,215379.5,252005.0,240133.0,252450.0,266881.0,267297.0,315218.5,296083.0,259200.0,250675.0,234761.5,238900.0,253800.0,264530.0,271705.0,254315.0,268000.0,264025.0,297465.0,302520.0,245542.0,261500.0,268132.5,270434.0,263750.0,274930.0,282742.0,267489.0,281154.0,288801.5,280219.5,312503.0,241570.0,276373.0,295450.0,310000.0,328755.0,329990.0,318179.5,336202.0,347027.5,344770.0,390650.0,393393.0,382670.0,382855.0,389930.0,358675.0,389145.0,394900.0,389950.0,360000.0,380770.0,381979.0,394900.0,412000.0,389732.0,375611.5,369720.0,359900.0,373900.0,390975.0,432000.0,394450.0,375000.0,409867.5,379165.0,435450.0,413000.0,394900.0,407676.0,398855.0,398039.0,433000.0,423900.0,414900.0,415285.0,402868.0,444900.0,412400.0,419900.0,424818.0,425000.0,415000.0,416683.0,451900.0,451250.0,421900.0,436616.0,441970.0
394355,29,"Austin, TX",msa,TX,294742.0,301681.0,305000.0,293750.0,299480.0,299763.0,300224.0,306819.0,296500.0,302974.0,293861.0,300434.5,299900.0,300960.5,296481.0,299755.0,301900.0,299990.0,306441.0,313995.0,320000.0,314057.0,298170.0,309020.0,299291.0,299663.0,303916.0,301335.0,304832.5,299992.5,310381.0,321225.5,324935.0,332096.0,326953.0,337346.0,324995.0,319750.5,325267.5,339350.0,335984.0,354920.0,372000.0,406000.0,402610.0,438210.0,453846.0,469300.0,471835.0,455888.0,483530.0,478057.0,462750.0,477601.0,475735.0,474990.0,459666.0,467915.0,467030.0,470612.0,440960.0,427245.0,446922.5,463990.0,453229.0,464782.0,452900.0,445497.0,459070.0,424990.0,412653.0,441990.0,428370.0,435058.0,444626.5,438835.0,407123.0,413250.0,411190.0,400960.0,385000.0,411660.0,414168.5,430000.0,390000.0,399990.0,409990.0,401392.5,384990.0,390278.5,376100.0,405267.5,375000.0,413240.0
394775,30,"Las Vegas, NV",msa,NV,352405.0,354311.0,355551.0,371500.0,367248.0,382703.5,381689.0,396234.0,375370.0,388574.5,380184.0,400799.0,373662.0,387000.0,383422.5,390407.0,391150.5,394295.0,374592.0,382775.0,365419.0,393000.0,380198.5,365661.0,366000.0,372000.0,378256.0,379693.0,376575.0,377973.0,374170.0,387675.0,370600.0,391123.0,373072.0,365124.0,369095.0,384074.5,388946.5,397075.0,400791.5,416284.0,422994.0,418525.0,424357.0,441355.5,445000.0,440000.0,463639.0,457864.5,458998.0,477522.0,476160.5,493475.0,490990.0,491486.5,492655.0,498995.0,486940.5,499235.5,459990.0,477192.0,469255.0,475000.0,457990.0,472205.0,476790.5,463000.0,484438.0,476058.0,488148.0,479516.0,478487.0,484532.5,489950.0,499950.0,508079.0,512097.0,514990.0,503634.0,519950.0,525000.0,510000.0,528020.0,517340.0,506550.5,525000.0,509950.0,504518.5,498190.0,493450.0,502950.0,499995.0,497735.0
394735,31,"Kansas City, MO",msa,MO,359426.5,324373.0,337308.0,341910.0,348475.0,362276.0,359950.0,375217.0,375000.0,380460.0,367845.0,401094.0,345968.5,372000.0,367390.5,359950.0,369645.0,369937.0,383214.0,368425.0,392500.0,375512.5,379569.5,394900.0,388700.0,352950.0,360000.0,361843.0,360000.0,389999.0,384900.0,391001.0,397250.0,397750.0,409460.0,403708.5,393375.0,414148.18,409995.0,434950.0,439068.0,437500.0,440525.0,445935.5,459950.0,463923.0,464347.0,456027.0,449925.0,484551.0,475701.0,459950.0,501745.0,525000.0,518852.5,530000.0,569690.0,565632.5,565000.0,540950.0,529900.0,509950.0,531259.5,524855.0,505000.0,530266.5,537500.0,510000.0,532750.0,526690.0,545000.0,526123.0,535650.0,515000.0,535000.0,524900.0,530000.0,536943.0,537942.5,518901.755,541200.0,524999.0,548566.5,499975.0,490095.0,473929.5,495084.0,475000.0,509383.0,477845.0,459975.0,472900.0,519950.0,537269.5
394492,32,"Columbus, OH",msa,OH,287400.0,275500.0,286300.0,292500.0,290500.0,310250.0,310700.0,321340.0,337850.0,325432.0,330600.0,348200.0,322000.0,314700.0,333350.0,323400.0,310750.0,324320.0,334050.0,332700.0,327200.0,344800.0,337750.0,357100.0,322600.0,330000.0,328100.0,341200.0,335875.0,343800.0,352250.0,348500.0,355200.0,354150.0,358900.0,352500.0,354700.0,342500.0,367554.0,370300.0,383300.0,378900.0,386320.0,374000.0,383614.0,391100.0,410390.0,423645.5,393300.0,398900.0,416100.0,428150.0,422040.0,416100.0,454500.0,445971.0,445500.0,471000.0,469200.0,484200.0,483125.0,478180.0,473450.0,469450.0,489900.0,461500.0,479080.0,463900.0,477500.0,481531.0,477950.0,470310.0,465500.0,455950.0,449490.0,454250.0,472770.0,468050.0,471700.0,458900.0,471400.0,476000.0,494725.0,470440.0,481805.0,494820.0,485000.0,487884.5,474900.0,484900.0,514900.0,500195.5,480852.0,487862.5
394705,34,"Indianapolis, IN",msa,IN,267201.0,281000.0,290050.0,289995.0,305226.5,295000.0,293898.0,302306.0,295125.0,293105.0,309127.5,314575.0,296405.5,299716.0,283496.5,293995.0,313367.0,310008.0,300000.0,314997.5,298790.0,306985.5,317500.0,315461.0,320558.5,301626.0,321235.0,324000.0,319997.5,309900.0,319900.0,311813.0,315900.0,318249.0,320000.0,328748.0,321949.0,337624.0,325423.5,330980.0,337450.5,348252.0,350689.0,347160.0,350685.0,385000.0,382485.5,376270.0,361575.0,375000.0,385000.0,396220.0,393641.0,387558.5,388987.0,395000.0,397350.5,418820.5,409900.0,414815.0,416860.0,410000.0,410000.0,402248.0,397000.0,390755.0,376698.0,399995.0,405000.0,394600.0,394995.0,389000.0,381423.0,379305.0,375000.0,392373.0,399000.0,401000.0,387928.0,392499.0,395000.0,385000.0,389000.0,385191.0,392635.0,380500.0,380995.0,399500.0,394945.0,395000.0,396500.0,380000.0,394595.0,393000.0
394475,35,"Cleveland, OH",msa,OH,237500.0,145000.0,240300.0,124000.0,234000.0,225100.0,218300.0,240000.0,209531.0,270500.0,278300.0,300045.0,224250.0,109650.0,245500.0,145000.0,214700.0,204600.0,236450.0,267315.0,249900.0,255150.0,281462.5,314200.0,274900.0,186500.0,219900.0,252470.0,216600.0,209900.0,210492.5,213570.0,155400.0,324085.0,260710.0,301293.0,190000.0,265000.0,299279.5,249500.0,240000.0,294500.0,297147.0,307682.5,350610.0,390466.0,384777.5,363155.0,330000.0,285750.0,305000.0,288700.0,315027.5,295597.5,310000.0,339105.0,363700.0,421100.0,388774.5,416892.5,425700.0,520450.0,425000.0,439900.0,350950.0,371400.0,439900.0,427055.0,380987.5,429900.0,460850.0,454600.0,454162.0,488400.0,469900.0,452000.0,483750.0,470972.5,416485.0,486500.0,475000.0,475700.0,457500.0,456507.82,367395.0,411785.0,452450.0,420000.0,439700.0,459155.0,461250.5,467965.0,499950.0,524180.0
395059,36,"San Jose, CA",msa,CA,879750.0,822500.0,908000.0,876753.5,999000.0,1021000.0,1081135.5,1044000.0,944500.0,953000.0,1082000.0,965000.0,1134500.0,1044250.0,1036000.0,1110000.0,957250.0,1055000.0,1062500.0,1030500.0,1010000.0,950000.0,949551.5,929750.0,1030000.0,1209250.0,1206500.0,867250.0,878975.0,1061000.0,991500.0,1036000.0,906750.0,896250.0,943250.0,939000.0,1218500.0,988500.0,1283000.0,1312000.0,1051500.0,967000.0,1206250.0,1220000.0,1260250.0,1221000.0,1292500.0,1567750.0,1660000.0,1598000.0,1813491.0,2037821.0,1424250.0,1491635.0,1340000.0,1421000.0,1414500.0,1605000.0,1598250.0,1229164.0,1276750.0,1200000.0,1139000.0,1085000.0,1042292.5,1406250.0,1049255.0,1045000.0,1250000.0,1340000.0,1296972.5,1401500.0,1537500.0,1315500.0,1556750.0,1715000.0,1723250.0,1400500.0,1464000.0,1397497.0,1232729.0,1508000.0,1300000.0,1435250.0,1405000.0,1520000.0,1412000.0,1973965.0,1875750.0,1730000.0,1724177.0,1624500.0,1650000.0,1557500.0
394902,37,"Nashville, TN",msa,TN,306420.5,323986.0,327580.0,315000.0,337999.0,340900.0,335000.0,344945.0,339800.0,349900.0,349922.0,358900.0,329000.0,328900.0,335000.0,353375.0,353000.0,341865.0,343000.0,343344.5,362544.5,350000.0,372886.5,364900.0,326955.0,345920.0,356170.0,340029.5,337400.0,330230.0,335949.0,339900.0,342900.0,365246.0,366630.0,361250.0,346630.0,356645.0,369191.0,371319.0,388612.0,402237.0,408862.0,406915.0,415000.0,423500.0,420490.0,430900.0,397352.5,450700.0,438934.0,471995.0,470000.0,463820.0,480989.0,448280.0,450105.0,497780.5,487995.0,469705.0,475941.0,479639.5,461517.5,466614.0,464990.0,469990.0,469244.5,473900.0,467117.0,467191.0,459900.0,479924.5,453445.0,474900.0,480990.0,479990.0,465000.0,460000.0,474900.0,476975.0,450000.0,490000.0,468660.0,489070.0,479989.0,489900.0,469990.0,496990.0,485000.0,496412.5,499431.5,481657.5,479990.0,508255.0
395194,38,"Virginia Beach, VA",msa,VA,281600.0,278000.0,288080.0,276906.5,296195.0,306028.0,303500.0,309740.0,319950.0,314508.5,324053.0,326940.0,294225.0,305743.0,301920.0,302298.5,309972.0,319900.0,325200.0,312660.5,317135.0,324900.0,318665.5,338885.0,300898.0,302955.0,307990.0,310000.0,319900.0,320500.0,320500.0,333000.0,339000.0,324550.0,351994.0,354622.0,309900.0,332662.5,339250.0,344825.0,371142.5,354500.0,366457.0,364905.0,391727.0,384520.0,374900.0,399900.0,381237.5,396868.0,383000.0,401190.0,411742.5,420095.0,445000.0,412017.5,432500.0,423665.0,437525.0,437455.0,369965.0,399898.0,399945.0,400000.0,438662.0,442637.5,408388.5,432000.0,424772.5,445000.0,423405.0,420745.0,419900.0,412153.0,429700.0,431357.0,444295.0,439945.0,449900.0,445000.0,431715.0,437000.0,462895.0,469820.0,489623.0,477495.0,466922.5,478000.0,492500.0,508056.5,505375.0,499000.0,494990.0,500700.0
395005,39,"Providence, RI",msa,RI,341400.0,374900.0,372658.0,360750.0,380000.0,425000.0,399900.0,395000.0,391950.0,419900.0,424400.0,390000.0,388700.0,359900.0,412500.0,369950.0,399900.0,375000.0,399000.0,406150.0,395000.0,403750.0,394545.0,399900.0,416625.83999999997,367700.0,445450.0,431881.0,414900.0,417450.0,440000.0,414900.0,416900.0,438625.0,472100.0,451300.0,428168.0,373150.0,412250.0,425000.0,435000.0,467500.0,500063.0,530000.0,501896.0,535000.0,518476.5,508807.5,515773.0,498050.0,507500.0,536162.5,518950.0,554950.0,590000.0,574800.0,540000.0,587000.0,594750.0,588750.0,583000.0,610000.0,549900.0,564000.0,550000.0,584890.0,669450.0,599900.0,634450.0,606945.0,625000.0,589426.0,615275.0,585000.0,604500.0,510000.0,599450.0,649900.0,646194.5,690000.0,545000.0,552326.0,630000.0,618091.0,625000.0,570000.0,559000.0,735000.0,654900.0,767500.0,701000.0,674700.0,649000.0,661660.0
394714,40,"Jacksonville, FL",msa,FL,284310.5,286391.5,292616.0,285867.0,297350.0,290100.0,315295.0,308359.0,294809.0,292847.0,305000.0,304328.0,280000.0,296417.0,290893.0,299300.0,300700.0,300101.0,302998.0,304365.0,292300.0,293528.0,295080.0,304515.5,281384.5,297000.0,290413.0,285983.0,294339.5,294513.0,300519.0,305900.0,300455.0,303284.0,306000.0,309392.0,302990.0,299533.5,305000.0,317307.5,314728.5,322882.5,324815.0,322850.0,336660.0,339000.0,356014.0,369900.0,380132.5,376710.0,390000.0,385000.0,393750.0,377990.0,394542.0,399500.0,400517.0,410832.0,407850.0,428195.0,395900.0,394990.0,388500.0,398790.0,433100.0,396995.0,405000.0,391000.0,383990.0,392000.0,399990.0,419932.0,388000.0,386000.0,400000.0,416400.0,399100.0,386050.0,385000.0,380008.0,373350.0,392995.0,383995.0,399990.0,361990.0,374397.0,366490.0,375990.0,373000.0,364990.0,375000.0,379447.5,364492.5,374995.0
394862,41,"Milwaukee, WI",msa,WI,,,,,,,,,,,,,,400450.0,384000.0,425000.0,364900.0,398600.0,352000.0,400150.0,391950.0,387400.0,456000.0,437400.0,408100.0,415900.0,423300.0,399900.0,425600.0,437900.0,435100.0,455168.0,432000.0,456477.5,481750.0,447200.0,407900.0,427450.0,449135.0,444727.0,444400.0,480000.0,436745.0,478153.0,476900.0,469900.0,480355.0,503900.0,454300.0,504450.0,451000.0,489900.0,508845.0,544900.0,544300.0,497550.0,571200.0,512490.0,569514.5,540100.0,471500.0,548700.0,514900.0,499800.0,580000.0,539500.0,556509.5,581450.0,484000.0,599000.0,595527.0,573051.0,557450.0,589900.0,549900.0,570700.0,600450.0,554161.0,587900.0,579400.0,583500.0,597150.0,583998.5,609900.0,605928.5,570700.0,585820.0,565104.0,628900.0,599810.0,655950.0,595000.0,676242.5,669900.0
394935,42,"Oklahoma City, OK",msa,OK,142000.0,169500.0,180000.0,185500.0,189000.0,190000.0,207000.0,199000.0,213750.0,220250.0,235500.0,228000.0,163750.0,178750.0,197500.0,192250.0,199500.0,235000.0,218000.0,228920.0,230750.0,235000.0,247750.0,239900.0,188250.0,226000.0,210500.0,218790.0,230000.0,232990.0,238785.0,253840.0,236170.0,257000.0,260750.0,250000.0,218643.0,240420.0,242750.0,252500.0,251000.0,265000.0,276000.0,281883.0,290000.0,280141.0,295201.0,285690.0,263200.0,295000.0,282121.0,303797.0,323000.0,324500.0,335900.0,347000.0,322000.0,338900.0,322990.0,335000.0,315000.0,299966.0,348875.0,313500.0,353950.0,334845.0,349900.0,319900.0,317600.0,335250.0,320990.0,327920.0,319840.0,314965.0,331500.0,330000.0,332750.0,337000.0,325400.0,338906.5,327839.0,317840.0,314237.5,328840.0,294995.0,332000.0,310995.0,317888.0,323869.5,334888.0,328545.5,326840.0,329282.0,337950.0
395012,43,"Raleigh, NC",msa,NC,307000.0,300000.0,306000.0,315000.0,313500.0,305750.0,316500.0,327000.0,330000.0,324250.0,339000.0,329000.0,335500.0,325000.0,329000.0,328500.0,329000.0,324000.0,321500.0,322500.0,340750.0,330000.0,350000.0,336250.0,333000.0,328000.0,339250.0,330000.0,330000.0,330000.0,325000.0,340000.0,330000.0,326000.0,337000.0,328000.0,320500.0,319500.0,344900.0,340000.0,351250.0,357000.0,373000.0,375000.0,387885.0,395500.0,401000.0,395404.5,424500.0,410000.0,413500.0,439000.0,450000.0,460000.0,462060.0,476790.0,472500.0,482000.0,474250.0,488000.0,475000.0,449990.0,437900.0,462000.0,436000.0,437081.0,436000.0,435000.0,445500.0,430500.0,424000.0,445000.0,413500.0,407500.0,430000.0,431405.0,417140.0,417250.0,415405.0,409000.0,437400.0,439415.5,430140.0,425410.0,436000.0,405000.0,419000.0,415000.0,400000.0,430000.0,436745.0,430000.0,419994.5,420000.0
394849,44,"Memphis, TN",msa,TN,267825.0,259588.0,265450.0,269900.0,253700.0,275000.0,264200.0,260525.0,271000.0,266959.0,279900.0,274168.5,248329.5,279900.0,284900.0,297733.5,279900.0,297489.0,268491.5,288900.0,279900.0,290045.0,275000.0,287349.5,264906.5,283000.0,302499.5,291500.0,274900.0,286622.5,309700.0,307900.0,318250.0,309950.0,318400.0,307000.0,296450.0,298329.5,323748.0,309900.0,330000.0,335900.0,325000.0,339950.0,351150.0,385656.5,380900.0,410000.0,334900.0,348005.0,350257.5,380000.0,379797.0,368280.0,370000.0,398752.0,359900.0,366952.0,383195.0,379995.0,394900.0,421475.0,400000.0,421187.5,366400.0,363600.0,351000.0,388750.0,355000.0,368470.0,380000.0,369900.0,400990.0,367990.0,359945.0,369900.0,378900.0,353990.0,369000.0,371970.0,384450.0,391900.0,361450.0,389010.0,383507.5,357450.0,365900.0,375690.0,396447.5,389900.0,380000.0,355945.0,359925.0,416195.0
395022,45,"Richmond, VA",msa,VA,307442.5,296214.0,308000.0,279966.0,296000.0,325216.5,343624.5,334395.0,315580.0,353133.0,357621.0,356891.5,282932.5,318362.5,310020.0,300865.0,320000.0,335000.0,350000.0,360488.0,343851.0,351735.0,367340.5,350070.0,309585.0,323975.0,338522.5,302860.0,326456.0,335990.0,339000.0,342360.0,340892.0,357000.0,354375.0,357840.0,324233.0,346788.5,359528.0,369990.0,364335.0,376828.0,367795.0,374342.5,383660.0,400070.0,382425.0,384774.0,399115.0,434990.0,407690.0,419990.0,418829.5,415807.0,429397.0,448275.0,460591.0,441615.0,469900.0,401955.0,451470.0,464990.0,430850.0,466357.5,435595.0,447900.0,432690.0,456002.0,419650.0,448042.5,478678.5,468135.0,449367.5,510065.5,463327.5,495660.0,506023.0,470285.0,507500.0,487685.0,497807.5,493141.0,478070.0,490000.0,478562.5,500000.0,486187.5,481400.0,471520.0,435000.0,459797.0,407000.0,444950.0,459995.0
394807,46,"Louisville, KY",msa,KY,257730.0,258200.0,261083.5,263560.0,259000.0,284900.0,278020.0,260000.0,278925.0,265200.0,298615.0,271500.0,307940.0,278900.0,279220.0,277031.0,271027.5,274549.5,289706.0,267450.0,262805.0,275808.5,295000.0,291718.0,257190.5,294943.5,270779.5,277570.0,279191.0,295680.0,295000.0,291000.0,302445.0,285642.0,305000.0,294900.0,302717.0,271080.0,307950.0,299900.0,298915.0,316628.0,320000.0,335900.0,340176.0,334180.0,362145.5,338737.5,332715.0,339450.0,332900.0,342900.0,344845.0,344272.0,355760.0,361705.0,351340.0,374345.0,377450.0,339945.0,349990.0,349550.0,328691.0,349925.0,359450.0,357400.0,354225.0,343495.0,322350.0,352495.0,377198.5,363536.0,349900.0,313778.33499999996,345559.5,344900.0,359572.5,340810.0,342990.0,334287.0,339900.0,372180.0,352745.0,352450.0,342990.0,329950.0,350000.0,329190.0,387450.0,360542.5,349990.0,384900.0,343000.0,359735.0
394910,47,"New Orleans, LA",msa,LA,201753.5,190000.0,203450.0,219750.0,220250.0,228597.5,224475.0,233000.0,231565.0,232500.0,258500.0,230000.0,211525.0,206500.0,221450.0,214000.0,239900.0,229900.0,238900.0,235900.0,247500.0,239950.0,246900.0,250500.0,234950.0,227000.0,243750.0,253597.5,246765.0,255000.0,259900.0,260000.0,268000.0,279000.0,299900.0,295000.0,259225.0,284275.5,281950.0,286900.0,269999.5,281950.0,298089.5,294900.0,334000.0,330000.0,307300.0,319000.0,304950.0,297950.0,312450.0,315000.0,315000.0,330900.0,292902.5,315000.0,310000.0,314950.0,300450.0,290000.0,269150.0,275907.5,282270.0,300000.0,280000.0,315000.0,279855.0,283000.0,277760.0,292000.0,276977.5,279450.0,287500.0,305350.0,325500.0,293720.0,353320.0,299125.0,309770.0,311102.5,316577.5,309472.5,328630.0,312080.0,331150.0,344500.0,318250.0,298024.0,298945.0,304460.0,304900.0,279990.0,310900.0,316112.5
395053,48,"Salt Lake City, UT",msa,UT,387671.0,384440.0,396054.0,399144.0,382000.0,372220.0,392550.5,399025.0,403201.0,391873.0,386413.0,417137.0,413732.0,388072.0,390920.0,394287.5,397068.0,385457.0,380830.0,407153.5,387896.0,387751.5,396598.0,412710.5,409005.0,404227.0,408560.0,409049.0,422461.5,425208.0,423370.5,431648.0,434915.0,432144.0,427813.0,429325.0,416249.0,439599.0,443654.5,440649.0,420000.0,442531.0,469755.5,495553.0,507000.0,550500.0,566646.0,554539.0,560000.0,550000.0,530907.0,600000.0,624344.0,604232.0,600000.0,592945.5,601418.5,615000.0,608000.0,570813.0,530000.0,605000.0,532600.0,503995.0,580000.0,525000.0,546450.0,505526.0,527158.0,556605.0,529285.0,512879.5,514725.0,486023.5,527268.0,515995.0,518509.0,499990.0,490699.0,528643.0,517490.0,536495.0,529285.0,567351.0,550911.0,537900.0,531053.5,586672.0,522000.0,548700.0,559500.0,552672.0,557130.0,534703.0
394388,51,"Birmingham, AL",msa,AL,240775.0,255575.0,239900.0,249850.0,249850.0,260875.0,250197.5,264298.0,276500.0,266498.5,266174.0,277000.0,280409.5,250650.0,245000.0,263727.5,255940.0,259000.0,258495.0,279220.0,272865.0,275950.0,285747.5,242650.0,243100.0,263300.0,269900.0,263300.0,278921.0,275128.0,294720.0,264400.0,296900.0,300622.5,309079.0,309710.5,314500.0,296901.5,309372.5,298300.0,314842.5,288000.0,300190.0,302800.0,310165.0,286630.0,301495.0,317095.0,356330.0,330000.0,327680.0,359080.0,379850.0,369500.0,371323.0,387900.0,403488.0,410450.0,388490.0,381194.0,377900.0,312500.0,339900.0,369900.0,366376.0,319600.0,329900.0,316744.5,334900.0,334900.0,365900.0,364287.5,341642.5,329294.5,334992.5,331906.0,339102.5,343850.0,349090.0,354900.0,349292.5,361978.0,360500.0,340795.0,318671.0,320000.0,321365.0,364045.0,333905.0,347935.0,349900.0,352701.5,354624.5,369642.0
394640,53,"Grand Rapids, MI",msa,MI,249900.0,250000.0,266500.0,257250.0,259900.0,292197.0,275000.0,299640.0,312500.0,299900.0,309900.0,321521.5,290000.0,316500.0,304996.5,275950.0,295000.0,275000.0,296950.0,266400.0,322336.5,316262.5,315000.0,326750.0,267900.0,254950.0,295000.0,312400.0,285000.0,294900.0,323604.5,309950.0,324938.0,305407.5,329000.0,325225.0,306265.0,309900.0,333446.0,322350.0,342710.0,344695.0,354100.02,360550.0,385000.0,394900.0,399900.0,382450.0,379900.0,375000.0,381500.0,367386.0,396685.0,422995.0,390006.5,430959.0,423950.0,399900.0,422317.0,440400.0,436387.5,408180.0,418225.0,420375.0,458700.0,414900.0,400000.0,409900.0,431500.0,415000.0,435000.0,437950.0,406284.5,420000.0,415000.0,439900.0,425000.0,450000.0,489392.0,435000.0,480000.0,445065.0,425000.0,447500.0,432450.0,439900.0,468092.5,464900.0,479900.0,445807.5,429900.0,514467.0,535000.0,444900.0
395167,54,"Tucson, AZ",msa,AZ,284148.0,273650.5,279714.0,294807.0,297707.0,298149.0,298679.0,281415.5,288770.0,295694.0,289980.5,288490.5,290349.0,297033.0,289995.0,288463.0,305250.5,286914.0,291500.0,302489.0,292845.0,300748.0,299270.0,299892.0,296945.0,300932.5,301304.5,313457.0,317958.0,295000.0,296260.0,315302.0,313986.0,313501.5,307345.0,325063.0,317457.5,328845.0,332042.0,325000.0,347671.5,350065.0,347996.0,355128.0,364423.5,361439.0,369091.0,380490.0,375990.0,397358.5,400385.0,396368.0,404557.0,408608.0,395430.0,385321.0,395140.0,403200.0,413490.0,405732.5,409441.5,424822.0,415000.0,416097.0,451087.0,424990.0,422873.5,414275.5,409990.0,424000.0,398990.0,411990.0,412889.5,399990.0,401450.0,420000.0,424200.0,403400.0,399990.0,404950.0,384260.0,386330.0,387715.0,395490.0,417570.0,406470.0,398830.0,387442.0,396807.0,384990.0,374990.0,377000.0,390965.0,388005.0
753924,55,"Urban Honolulu, HI",msa,HI,,,,,,,,,,,,,,,,,,,,,,,,,,,,,,,,,,,,,,,,,,,,,,,,,,,,,,,,,,,,,,,,,,,,,,,,,,,,,,,,,,,,,950030.0,899999.0,1108665.0,1055717.5,930000.0,686080.0,682475.0,730445.0,736500.0,1023000.0
395169,56,"Tulsa, OK",msa,OK,213000.0,236500.0,234500.0,210000.0,212500.0,212000.0,228766.0,224000.0,243895.0,243000.0,225000.0,249250.0,219000.0,221363.0,219999.5,225892.5,251949.5,257250.0,217092.0,231000.0,238000.0,250000.0,279900.0,230711.0,214000.0,239500.0,236537.5,258750.0,248338.0,280500.0,269900.0,282000.0,283500.0,284000.0,295000.0,295000.0,285000.0,296500.0,299000.0,275813.0,347900.0,308067.0,307422.0,325000.0,328500.0,309950.0,310675.0,319950.0,331295.0,302900.0,337500.0,354279.0,335000.0,359000.0,393500.0,389993.5,443840.0,358900.0,434850.0,471683.70499999996,380027.0,365800.0,353000.0,375450.0,357930.0,346000.0,344745.0,367891.0,373874.0,370000.0,363497.5,337418.5,338990.0,364977.0,369000.0,364000.0,367886.5,389564.5,354900.0,368720.0,374990.0,383936.5,382645.0,344731.0,390000.0,449903.0,328750.0,325950.0,370000.0,439950.0,345500.0,328605.0,330005.0,332000.0
394619,57,"Fresno, CA",msa,CA,324000.0,329750.0,314000.0,312750.0,306000.0,315000.0,323750.0,312000.0,340500.0,350000.0,328000.0,344000.0,315982.5,359000.0,348750.0,319500.0,321250.0,337500.0,334000.0,340000.0,331500.0,329750.0,348670.0,350000.0,352500.0,357842.5,339500.0,354750.0,354000.0,362695.0,345750.0,360000.0,370500.0,352750.0,378790.0,375000.0,350500.0,363000.0,369600.0,368000.0,370250.0,374000.0,388000.0,403500.0,424500.0,454000.0,475000.0,470250.0,462500.0,437000.0,498245.0,498000.0,479000.0,493000.0,480500.0,464245.0,450000.0,451500.0,479760.0,452000.0,434995.0,441000.0,485000.0,447000.0,470000.0,470000.0,444500.0,469500.0,465000.0,430500.0,447500.0,440500.0,458600.0,454500.0,488000.0,455250.0,465000.0,482500.0,471750.0,488340.0,502750.0,493750.0,496755.5,486000.0,482500.0,475310.0,518250.0,546245.0,518000.0,477990.0,487500.0,475365.0,465990.0,469990.0
395238,58,"Worcester, MA",msa,MA,366775.0,358400.0,368919.0,385500.0,397810.0,391090.0,402280.0,385000.0,385000.0,427400.0,364000.0,372319.0,362340.0,370465.0,370000.0,345000.0,378152.0,399000.0,435000.0,389341.275,399900.0,398350.0,387906.0,400950.0,355000.0,384950.0,400000.0,440966.0,483967.5,399900.0,398099.0,407000.0,439977.5,420000.0,436872.5,429900.0,434241.5,406300.0,425500.0,480725.0,450000.0,475900.0,475945.0,449450.0,431435.0,475000.0,475000.0,507562.5,514900.0,478050.0,490000.0,518300.0,524900.0,516022.0,558640.0,520000.0,549900.0,509000.0,545000.0,575000.0,549900.0,568950.0,572371.88,530030.0,538350.0,576775.0,559900.0,543147.5,559029.5,562875.0,585669.0,624917.5,541000.0,600892.0,611888.0,599947.5,624500.0,569900.0,579790.0,582227.5449999999,583138.5,580000.0,659000.0,599000.0,559995.0,617497.5,596499.5,620000.0,561200.0,639900.0,631097.0,570000.0,561000.0,605000.0
394938,59,"Omaha, NE",msa,NE,268500.0,281000.0,270769.0,276000.0,282000.0,275500.0,290500.0,301000.0,299232.5,305000.0,311719.0,310000.0,298000.0,288000.0,297000.0,300000.0,307000.0,312445.5,320812.5,318500.0,325621.0,311768.0,324000.0,340000.0,302000.0,300500.0,303000.0,308000.0,318760.0,309000.0,322500.0,329500.0,345000.0,339000.0,353500.0,341000.0,328000.0,331892.0,336024.0,350000.0,362322.5,375000.0,374295.5,387401.0,387894.0,386835.0,382500.0,426354.0,385000.0,385090.0,399000.0,408490.0,422990.0,412790.0,437995.0,439000.0,439087.5,430738.0,464455.0,445820.0,460446.0,421108.0,420226.0,433822.0,447875.0,435540.0,445448.0,431900.0,409185.0,426500.0,435137.0,434900.0,413995.0,414895.0,414990.0,431652.0,415102.5,424398.5,421523.0,425940.0,413990.0,414990.0,447604.0,403980.5,419990.0,396990.0,389990.0,415625.5,425990.0,412065.5,414990.0,429990.0,430575.0,425408.0
394415,60,"Bridgeport, CT",msa,CT,,,,,,,,,,,,,,,,,,,,,,,,,,,,,,,,,,,,,,,,,,,,,,,,,,,,,,,,,,,,,,,,,,,,,,,,,,,,,,,,,,,,,,,1614500.0,1600000.0,1925000.0,1692500.0,1261396.0,1744500.0,1425000.0,1462757.5
394653,61,"Greenville, SC",msa,SC,241650.0,229990.0,234129.0,238217.0,239549.0,241515.0,236900.0,238775.0,248419.5,254000.0,259900.0,259780.0,247500.0,243741.5,234331.0,237990.0,253830.0,251575.0,239356.0,235311.5,246987.5,247158.0,246088.0,255352.0,219700.0,243742.5,242515.0,249000.0,239520.0,248500.0,250000.0,243869.0,241750.0,258959.0,251275.0,244150.0,232990.0,242482.0,242895.0,258503.5,264450.0,258181.5,266731.0,265390.0,265282.5,289469.0,301890.0,292398.0,296000.0,309570.0,310466.0,317240.0,329990.0,313995.0,330000.0,343970.0,343223.0,338011.0,350990.0,335500.0,332699.0,321908.0,317550.0,335139.5,327415.0,335749.5,334105.0,335167.5,332247.5,324995.0,327957.5,346900.0,341618.0,342897.5,347895.0,348740.0,335525.0,334900.0,338000.0,318900.0,324537.5,300000.0,295000.0,324900.0,299990.0,320500.0,344900.0,334999.5,353000.0,345000.0,339900.0,337820.0,329900.0,343800.0
394312,62,"Albuquerque, NM",msa,NM,274868.0,332942.0,287287.5,299903.0,294767.5,311015.0,314579.0,301082.0,309148.0,313940.0,320000.0,334990.0,317920.0,259167.0,307107.0,274026.5,295931.5,296050.0,294990.0,276450.0,314990.0,315000.0,290000.0,299500.0,306887.0,301644.515,268175.0,317840.0,313744.0,288535.0,309308.75,310800.0,319755.0,311420.0,329495.0,350000.0,320288.0,354850.0,326555.0,330665.0,347698.0,341315.0,388255.0,384205.0,374021.0,382805.0,367490.0,385355.0,401495.0,392995.0,424345.0,460090.0,417790.0,458508.5,440000.0,390000.0,440000.0,450000.0,419690.0,445655.0,404930.0,403000.0,398995.0,341945.0,375900.0,392945.0,352790.0,377390.0,354990.0,379795.0,360000.0,382740.0,375990.0,382500.0,359990.0,365550.0,398465.0,380395.0,387305.0,395992.5,381792.5,394000.0,379492.5,423130.0,434990.0,419755.0,394990.0,380995.0,391000.0,414990.0,401490.0,429990.0,399990.0,399995.0
394357,63,"Bakersfield, CA",msa,CA,275500.0,292000.0,295500.0,300000.0,293000.0,307750.0,305000.0,300000.0,302500.0,299000.0,303000.0,321250.0,328000.0,284000.0,304837.5,315000.0,311500.0,318500.0,313000.0,306000.0,313750.0,326000.0,320750.0,324000.0,298710.0,304500.0,319500.0,329500.0,315250.0,329500.0,312500.0,324750.0,335750.0,333000.0,325000.0,350500.0,339000.0,311750.0,370000.0,365000.0,370000.0,384750.0,380000.0,360000.0,410000.0,435000.0,440000.0,444500.0,408500.0,447500.0,428000.0,460000.0,457500.0,444000.0,423750.0,415000.0,412000.0,445000.0,421000.0,423600.0,450000.0,453000.0,446100.0,440000.0,438000.0,429000.0,432250.0,436500.0,437750.0,446350.0,429000.0,437500.0,440000.0,469500.0,438000.0,459000.0,448140.0,457900.0,477855.0,474750.0,469745.0,472500.0,465500.0,457995.0,440000.0,450000.0,433490.0,439820.0,437990.0,438000.0,430575.0,440750.0,449200.0,445000.0
394308,64,"Albany, NY",msa,NY,419105.0,372500.0,349076.5,360000.0,424500.0,385947.5,379900.0,401000.0,347511.0,342374.5,426900.0,359740.5,376006.0,378929.0,362123.0,379000.0,354654.0,400561.0,400300.0,378680.0,380188.0,370000.0,400500.0,395500.0,371345.0,370000.0,389577.0,360000.0,373965.0,384444.5,359050.0,425500.0,392700.0,392500.0,398250.0,393500.0,373996.5,400000.0,373000.0,394500.0,369000.0,420500.0,439465.5,415000.0,435894.5,420535.0,445510.0,455000.0,479980.0,495283.8,475165.0,473706.5,504980.0,507500.0,502493.5,482275.0,502849.0,484888.0,489900.0,561395.0,482443.515,530574.41,489075.0,567638.5,598598.0,550000.0,432000.0,595632.0,556960.0,551421.0,597450.0,522000.0,650784.0,613537.5,553391.0,569964.5,594387.37,716959.0,579900.0,603420.0,640567.0,636250.0,587480.0,645880.0,672986.0,579900.0,625000.0,610767.0,655000.0,693405.0,601224.0,596297.0,668380.5,673035.0
394753,65,"Knoxville, TN",msa,TN,249190.0,267267.0,270545.0,250000.0,277070.0,276574.0,294055.0,264900.0,275000.0,289712.0,295000.0,267685.0,266715.0,248237.5,229900.0,260890.5,263400.0,288218.0,285589.0,270135.0,260919.5,290432.0,302025.0,303000.0,273530.0,258790.0,274837.5,284235.0,268572.5,275841.5,289206.5,300000.0,274975.0,303737.0,309999.0,299900.0,298332.0,312450.0,289423.0,315000.0,325000.0,307900.0,340262.0,352020.0,327356.0,367981.0,384141.5,375000.0,397317.0,349900.0,355500.0,355587.5,375000.0,376700.0,392609.5,431976.0,409900.0,404560.105,402256.0,389900.0,383677.5,428000.0,387162.5,430000.0,434061.0,449900.0,459900.0,450000.0,420529.0,469600.0,417835.0,437459.0,413129.0,435000.0,426859.0,420000.0,408666.0,423640.0,449500.0,431512.5,441000.0,436000.0,435675.0,415169.0,413180.0,429894.5,425790.0,455139.0,460000.0,425000.0,421532.5,419325.0,420000.0,425000.0
394367,66,"Baton Rouge, LA",msa,LA,222872.5,223900.0,223900.0,230000.0,234560.0,221005.0,226960.0,232150.0,247075.0,241825.0,234900.0,238860.0,246300.0,246075.0,237675.0,245280.0,247617.5,252050.0,228741.0,233530.0,244765.0,242993.0,231340.0,252681.0,203900.0,235990.0,240045.0,233900.0,239900.0,239950.0,248792.0,244213.5,248406.0,251968.5,257817.5,247461.5,239667.5,259900.0,259090.0,260000.0,273900.0,295358.5,279932.5,285475.0,295000.0,297990.0,269600.0,277967.5,259442.5,275000.0,282640.0,290900.0,305000.0,291847.5,287540.0,297520.0,296712.5,283955.0,303452.5,285787.5,288065.0,279830.0,276845.0,289990.0,298990.0,309850.0,296640.0,293750.0,285645.0,275950.0,293357.5,280425.0,290800.0,294990.0,303052.5,282825.0,290000.0,287515.0,292615.0,290007.5,294127.5,295822.5,292525.0,288310.0,300000.0,289205.0,286400.0,294190.0,297520.0,295795.0,304255.0,298780.0,299050.0,310000.0
394843,67,"McAllen, TX",msa,TX,182861.0,199511.0,179622.0,174523.0,188580.0,192167.0,204929.0,197796.0,180524.0,215526.0,203387.0,198400.0,176026.5,173000.0,170500.0,165346.0,180784.0,180000.0,184700.0,194000.0,198870.0,186917.0,185000.0,189006.0,177011.0,177000.0,184700.0,198000.0,193319.5,165700.0,182000.0,190715.0,208463.0,205361.5,194315.0,226000.0,204896.0,201184.0,170388.5,202096.5,196419.5,210553.0,238500.0,222096.5,232187.0,245648.5,239000.0,245000.0,225000.0,224700.0,240250.0,245912.5,245000.0,252843.5,271119.5,247125.0,261500.0,275000.0,243000.0,268732.5,283438.0,254000.0,273900.0,247446.0,254248.5,255000.0,255000.0,260000.0,279250.0,270000.0,271000.0,268000.0,239250.0,257500.0,262900.0,265000.0,264950.0,280686.0,277000.0,275000.0,261939.0,285000.0,272000.0,274000.0,263500.0,267000.0,265000.0,265000.0,270000.0,266500.0,275000.0,282744.0,275500.0,265000.0
394561,69,"El Paso, TX",msa,TX,173158.0,175950.0,175131.5,179950.0,177483.0,175225.0,178384.0,178700.0,181950.0,183975.0,186500.0,186325.5,178950.0,187465.0,182670.0,189950.0,200012.5,189457.5,190685.0,197200.0,190450.0,189725.0,198950.0,195725.0,187200.0,200145.0,194950.0,189450.0,189950.0,199325.0,197950.0,200293.0,205725.0,203450.0,207875.0,202700.0,205620.0,225950.0,213500.0,222377.0,233090.0,229050.0,247950.0,244950.0,241130.0,248200.0,246950.0,244950.0,250468.0,263050.0,278120.0,261225.0,265275.0,264950.0,282225.0,269450.0,281950.0,271950.0,277475.0,279950.0,272950.0,274135.0,284775.0,283475.0,287830.0,279950.0,289183.0,287040.0,289950.0,289920.0,296950.0,298450.0,301250.0,289975.0,287950.0,292170.0,299528.0,285450.0,293450.0,287735.5,297950.0,297950.0,294643.0,295450.0,292600.0,289950.0,299550.0,293210.0,287900.0,290950.0,285950.0,293450.0,289950.0,299500.0
394318,70,"Allentown, PA",msa,PA,374215.0,345437.5,311045.0,328451.5,331243.0,349990.0,315747.0,347879.5,334513.5,352705.0,356547.5,379550.0,333263.5,329108.0,355640.0,358160.0,364941.0,362452.5,387195.0,326999.0,349897.5,342325.0,335000.0,330445.0,296255.0,302000.0,333152.5,319090.0,299000.0,311582.5,331825.0,341010.0,345892.5,369709.0,380669.5,346920.0,418072.5,343452.5,418821.0,419155.0,417040.0,443473.0,432957.5,435935.0,485511.0,451340.0,466295.0,500523.0,490000.0,473859.0,452129.5,470500.0,443000.0,455383.5,521335.0,489948.5,542496.0,453807.0,476253.5,495000.0,508490.0,487990.0,488995.0,499990.0,480630.0,484990.0,467695.0,433150.0,508912.5,549442.5,522368.0,541400.0,489965.0,444912.5,480000.0,465738.5,473695.0,468889.5,493872.0,481960.0,495990.0,590217.5,544965.0,564990.0,521455.0,523029.0,499000.0,476036.5,499990.0,480120.0,452640.0,496350.0,469990.0,456595.0
394486,72,"Columbia, SC",msa,SC,234102.0,208225.0,207556.0,222910.5,222990.0,215933.0,233950.0,233582.0,231250.0,226751.0,218732.0,246000.0,209630.0,224495.0,226221.0,223362.5,239042.5,226000.0,225854.5,223358.0,236289.5,240409.5,225750.0,254052.0,228150.0,224995.0,230000.0,232000.0,239562.0,227306.0,227695.0,242287.5,248262.0,238095.0,239900.0,245115.0,247158.5,249702.5,257012.0,254721.0,263351.0,273600.0,268987.0,282100.0,285000.0,290250.0,291180.0,290345.0,314865.0,304145.0,310000.0,319572.5,335935.0,331592.0,321590.0,338990.0,336447.5,319000.0,323238.0,307440.0,311297.5,306574.5,299900.0,306500.0,318900.0,293907.5,298732.5,310240.0,300000.0,325000.0,291620.0,309949.5,283900.0,290512.5,299999.0,287382.5,308089.5,298252.5,283999.5,300701.0,296109.0,295180.5,294200.0,285000.0,289200.0,266100.0,298315.0,307440.0,284422.5,297000.0,285050.0,280198.0,282235.0,289900.0
753906,73,"North Port, FL",msa,FL,357031.5,331635.0,318000.0,329480.0,329500.0,329100.0,326700.0,330000.0,324200.0,358749.5,348500.0,365150.0,315700.0,351800.0,350200.0,345000.0,344643.0,332990.0,350000.0,332400.0,335000.0,339953.0,351662.0,353000.0,371200.0,347500.0,340750.0,336000.0,327100.0,357706.0,355800.0,358400.0,333495.0,335761.5,348154.5,375945.0,350000.0,349540.0,369900.0,370000.0,370000.0,375746.0,396341.0,391311.0,403990.0,422990.0,418650.0,434174.0,442400.0,443995.0,464990.0,459463.5,476200.0,484756.5,506995.0,507504.0,486468.0,519150.0,505990.0,526400.0,509990.0,494400.0,491607.5,506420.0,491300.0,496470.5,482200.0,493000.0,476851.0,486990.0,509550.0,522200.0,505000.0,489999.0,471700.0,501502.5,500000.0,478545.0,488900.0,483000.0,470300.0,478600.0,419900.0,465345.0,435000.0,427039.5,425000.0,420000.0,419886.5,419945.0,440000.0,425990.0,439000.0,441900.0
845158,74,"Dayton, OH",msa,OH,163750.0,198900.0,187700.0,211950.0,244850.0,240025.0,251300.0,255950.0,230000.0,255700.0,287200.0,292050.0,228400.0,255100.0,200500.0,195000.0,195100.0,230450.0,182950.0,196800.0,271700.0,266200.0,236450.0,283300.0,222200.0,147745.0,253600.0,245500.0,204000.0,234000.0,287150.0,222800.0,221200.0,267000.0,286000.0,300950.0,258100.0,215350.0,234000.0,220000.0,172578.0,242500.0,281600.0,259600.0,315700.0,316050.0,333800.0,352900.0,349200.0,360899.5,345400.0,349500.0,389900.0,394900.0,365330.0,360650.0,370000.0,374000.0,393600.0,410000.0,370000.0,419345.0,382000.0,370000.0,349900.0,373650.0,350100.0,365716.5,364252.5,340000.0,384900.0,389900.0,379900.0,410000.0,370650.0,386950.0,369900.0,352500.0,369725.0,368382.5,341850.0,380650.0,370747.0,382200.0,349900.0,419255.0,362502.0,405000.0,410719.5,405862.0,385720.0,372536.0,392895.0,425827.5
394457,75,"Charleston, SC",msa,SC,291674.0,304145.0,305000.0,315110.0,328769.5,322504.5,318150.0,319348.0,341000.0,331140.0,339315.0,351122.0,313512.5,319161.0,329945.0,343265.0,330156.0,332200.5,343550.0,344061.5,329737.5,323590.0,314412.0,315085.5,321950.0,305865.0,300000.0,317473.5,311980.0,329330.0,332632.5,333885.0,342032.5,338024.5,344900.0,342000.0,330000.0,361360.5,350000.0,358175.0,376800.0,381220.0,375200.0,404674.5,406651.5,429610.0,420737.5,431215.0,400000.0,406400.0,393900.0,420320.0,458766.5,447706.0,446610.0,438337.0,432808.5,457475.0,438802.5,464982.0,431703.0,419900.0,441754.5,475900.0,442310.0,428250.0,430000.0,394900.0,419000.0,409575.0,402650.0,416117.0,424162.5,400611.0,410915.0,410131.0,419395.0,425000.0,426230.0,407982.0,408945.0,421055.0,409980.0,405940.0,404900.0,408202.0,418729.0,434363.0,435112.5,429979.0,429550.0,412400.0,410000.0,427525.0
394648,76,"Greensboro, NC",msa,NC,190000.0,190000.0,191000.0,186500.0,188000.0,196000.0,206750.0,199500.0,232500.0,230104.0,245000.0,199600.0,182000.0,206000.0,231950.0,252500.0,247500.0,255750.0,235000.0,255000.0,242000.0,259000.0,248500.0,252700.0,227000.0,223500.0,227000.0,231745.0,250000.0,231000.0,238490.0,245000.0,238990.0,258250.0,245995.0,246000.0,226787.5,239945.0,245500.0,246500.0,260295.0,268312.5,289500.0,293500.0,288000.0,311770.0,308500.0,295000.0,296395.0,350353.5,326000.0,342982.5,316000.0,337000.0,330000.0,350000.0,350500.0,351500.0,360000.0,370000.0,352500.0,393730.0,354250.0,385950.0,375000.0,350000.0,354245.0,349990.0,336449.0,349918.0,355000.0,348660.0,331000.0,315000.0,326500.0,331500.0,319999.0,338500.0,322874.5,343119.5,366500.0,375000.0,358000.0,370250.0,346500.0,335000.0,349990.0,369950.0,350000.0,344950.0,349500.0,346965.0,343490.0,349950.0
395134,77,"Stockton, CA",msa,CA,466500.0,491250.0,493000.0,479750.0,498250.0,511750.0,503000.0,523453.0,512250.0,528500.0,560250.0,545250.0,510750.0,552500.0,554000.0,545250.0,550000.0,545500.0,517500.0,533500.0,539500.0,529250.0,525000.0,555000.0,550500.0,542000.0,525750.0,550500.0,519500.0,526750.0,560750.0,575950.0,584000.0,543000.0,526000.0,537500.0,541000.0,553500.0,600500.0,562000.0,612500.0,626500.0,608000.0,651500.0,650000.0,680500.0,677250.0,715000.0,714500.0,740000.0,755750.0,767500.0,756500.0,716000.0,717902.5,748000.0,710500.0,701000.0,703910.0,676750.0,650000.0,680000.0,684585.0,740000.0,715000.0,680000.0,683750.0,649500.0,710500.0,707000.0,719750.0,725000.0,729500.0,690000.0,747000.0,684000.0,684250.0,669500.0,703000.0,689000.0,680750.0,715250.0,706750.0,696455.0,671500.0,700000.0,704000.0,700000.0,674500.0,690000.0,685552.5,650000.0,652500.0,669500.0
394440,78,"Cape Coral, FL",msa,FL,242900.0,229150.0,250000.0,250000.0,261400.0,252750.0,270300.0,261500.0,262000.0,264150.0,276170.0,280000.0,240550.0,259950.0,250000.0,258477.5,265825.0,271650.0,285000.0,260150.0,264990.0,265000.0,271672.5,255000.0,237860.0,272890.0,262000.0,277957.5,265000.0,256000.0,287000.0,289200.0,274000.0,277000.0,300000.0,300000.0,277000.0,310000.0,281460.0,288000.0,303900.0,308900.0,325000.0,353105.0,348500.0,353150.0,355500.0,395000.0,350000.0,353550.0,357750.0,370000.0,381625.0,390000.0,410077.5,399999.0,389900.0,395000.0,405000.0,392499.0,395000.0,396550.0,379949.5,390000.0,390000.0,399900.0,392200.0,402900.0,375000.0,390000.0,393200.0,384500.0,375000.0,381000.0,375000.0,385000.0,380000.0,388950.0,380000.0,372750.0,375000.0,390000.0,370500.0,370000.0,354999.0,367500.0,360000.0,361000.0,350000.0,350000.0,345000.0,349949.5,358800.0,359300.0
394399,79,"Boise City, ID",msa,ID,309000.0,310260.0,294245.0,303082.5,316545.0,346752.5,329900.0,346990.0,329445.0,349900.0,359990.0,354327.5,332674.5,349990.0,349945.0,344225.0,342990.0,347990.0,359810.5,361206.0,365789.5,364700.0,379950.0,365000.0,361870.0,339945.0,354000.0,360000.0,367992.0,376060.0,374990.0,394900.0,390000.0,395500.0,395000.0,410000.0,431347.5,420000.0,439990.0,449716.0,481502.0,490883.5,499900.0,512450.0,506288.5,515000.0,534990.0,531172.0,525990.0,527965.5,549000.0,569900.0,573990.0,593805.0,555771.0,559990.0,567095.0,566000.0,529990.0,499990.0,450000.0,475000.0,455000.0,454990.0,481519.5,484329.0,475495.0,476334.0,465806.5,489995.0,469114.0,484990.0,455303.0,474995.0,495196.0,520000.0,490000.0,474990.0,479992.5,475000.0,482159.0,485250.0,482080.0,489900.0,501071.0,487585.0,519812.5,494000.0,497329.5,539990.0,499900.0,502405.0,495990.0,521838.5
394484,80,"Colorado Springs, CO",msa,CO,357760.0,349897.5,357397.5,357000.0,368151.0,361825.0,367031.5,369100.0,352316.0,359950.0,365505.0,364212.5,362310.0,370700.0,365740.0,360122.5,369920.0,381700.0,379350.0,360390.5,384583.5,375500.0,376053.0,381861.0,381125.0,376595.0,377032.0,382320.0,379589.5,386650.0,393650.0,383009.5,404150.0,397000.0,403067.0,416195.0,414000.0,418500.0,420950.0,426850.0,443250.0,433602.5,464250.0,450142.5,454845.0,470750.0,476512.5,489265.5,472951.0,499900.0,501334.5,499176.0,484685.5,505385.0,500095.0,553600.0,546000.0,558997.5,543390.0,519777.0,540925.0,575000.0,525000.0,520657.0,515820.0,500752.5,506847.5,507900.0,533225.0,502760.0,507987.5,515600.0,497550.0,516957.0,528162.5,554800.0,566537.5,538664.0,548935.0,546608.0,513234.0,517500.0,540500.0,521450.0,540000.0,534000.0,524500.0,519000.0,522490.0,523242.5,522735.0,495661.0,501160.0,518595.0
394798,81,"Little Rock, AR",msa,AR,157005.0,155265.0,163660.0,179614.5,215000.0,186900.0,207300.0,210900.0,245000.0,235000.0,240900.0,213000.0,163000.0,182250.0,189000.0,178000.0,239900.0,213400.0,224500.0,228800.0,231000.0,252477.0,225000.0,247496.0,175500.0,185665.0,191500.0,220650.0,213900.0,239000.0,233500.0,237500.0,254900.0,252450.0,260000.0,260700.0,190275.0,188719.5,194000.0,197000.0,226750.0,198590.0,239000.0,232500.0,260000.0,258900.0,259360.0,310050.0,303700.0,267250.0,285000.0,286500.0,311500.0,305000.0,292000.0,321050.0,360860.5,296238.5,331000.0,377450.0,306443.0,327450.0,337000.0,350477.5,365375.0,347201.0,346492.0,359000.0,329769.5,372500.0,239000.0,303000.0,311500.0,307000.0,319500.0,325000.0,330825.0,317000.0,302000.0,305900.0,320000.0,319375.0,328700.0,290000.0,261250.0,291940.0,324000.0,315702.0,297141.0,305950.0,289000.0,296000.0,263650.0,320500.0
394766,82,"Lakeland, FL",msa,FL,218000.0,206970.0,210550.0,213530.0,211923.0,216000.0,214990.0,216650.0,218074.0,229839.5,233958.5,230000.0,226497.0,220205.0,223016.0,225465.0,221097.5,226662.5,232916.0,236896.0,233200.0,239000.0,240000.0,237950.0,227900.0,231841.0,234824.0,233413.0,232990.0,236200.0,235990.0,237700.0,235995.0,244650.0,247200.0,246264.5,244290.0,248710.0,252537.5,260495.0,265700.0,271012.5,275640.0,281500.0,291745.0,296100.0,304990.0,321300.0,316669.0,317205.0,319975.0,339990.0,341900.0,352882.5,352350.0,349800.0,356000.0,355150.0,352000.0,349000.0,345000.0,344700.0,345444.0,337647.5,349404.0,353250.0,347800.0,359990.0,352500.0,353099.5,347452.5,347700.0,344995.0,349950.0,340185.0,343197.5,335000.0,333990.0,331945.0,325000.0,324900.0,325000.0,327995.0,321490.0,319490.0,321820.0,320000.0,323550.0,321642.0,318245.0,314995.0,313900.0,321240.0,315655.0
394531,84,"Des Moines, IA",msa,IA,262750.0,304750.0,245750.0,249500.0,276750.0,263500.0,265250.0,280750.0,291000.0,284250.0,299000.0,329500.0,298975.0,287111.5,290000.0,287681.5,282000.0,281750.0,281887.5,276000.0,273750.0,284980.0,294000.0,292561.0,280000.0,258500.0,243500.0,263250.0,263655.0,259000.0,259000.0,275666.0,261709.0,267107.0,287500.0,300588.0,289852.5,274646.0,279000.0,281200.0,292900.0,293500.0,293960.5,311500.0,325000.0,333517.0,337492.5,342940.0,357600.0,354250.0,358520.0,354730.5,364497.5,354990.0,357995.0,379577.5,355000.0,374085.0,388127.5,354990.0,355900.0,342745.0,350000.0,349995.0,345000.0,360845.0,368000.0,365654.5,369000.0,368000.0,365000.0,381495.0,355495.0,361000.0,349990.0,353995.0,350000.0,363337.5,360000.0,359995.0,374990.0,379000.0,378490.0,379990.0,359990.0,359990.0,369772.5,373990.0,385000.0,373990.0,375972.0,385990.0,379990.0,367495.0
394931,87,"Ogden, UT",msa,UT,381624.0,385289.0,375000.0,407803.0,417564.0,404481.0,405998.5,399900.0,387840.0,403687.0,395370.0,409350.0,414828.0,398779.5,405984.0,397900.0,434862.0,411183.5,417637.0,403243.0,399328.5,390493.0,378000.0,407825.0,387203.0,379508.0,408604.0,405547.5,415509.0,411785.5,384915.0,376620.0,396574.0,390091.0,421443.0,445000.0,424594.0,424303.0,471119.0,436696.0,445355.0,447527.0,462126.0,487075.5,520076.0,524605.0,516792.0,544053.5,567000.0,541278.0,582685.0,592182.0,590232.5,595910.0,570000.0,644733.0,603785.0,606130.0,578738.0,574990.0,596554.0,515575.5,558315.0,565610.0,572450.0,569321.5,574600.0,600857.0,552500.0,544900.0,622221.0,552740.5,609567.0,574950.0,599900.0,614800.0,537694.0,559900.0,516732.0,524900.0,551635.5,546100.0,594990.0,577222.0,519990.0,539990.0,532245.0,599990.0,557330.0,525000.0,529643.0,603214.5,569275.0,592495.0
394816,88,"Madison, WI",msa,WI,324900.0,326950.0,310137.5,319900.0,323900.0,340000.0,346200.0,345000.0,349400.0,330000.0,389250.0,369900.0,356700.0,329450.0,357050.0,350943.0,348450.0,360000.0,357200.0,358150.0,335000.0,349191.0,386500.0,370633.0,360000.0,290675.0,359842.5,344950.0,351205.0,340455.0,346615.0,364759.0,359900.0,369900.0,350250.0,375500.0,352198.5,377900.0,352650.0,376811.0,369900.0,381400.0,394900.0,399900.0,383567.0,389900.0,414700.0,445400.0,371090.0,401450.0,409900.0,414900.0,424900.0,460250.0,413000.0,459900.0,445400.0,492800.0,501800.0,509900.0,482200.0,424900.0,460000.0,466350.0,478000.0,464671.0,474150.0,479858.0,499900.0,510500.0,460000.0,508950.0,524600.0,474900.0,516700.0,539900.0,529900.0,510600.0,514550.0,523000.0,512000.0,519900.0,499900.0,508256.0,479900.0,511950.0,478045.0,499900.0,504698.0,511100.0,519900.0,529595.0,490367.0,539000.0
395235,89,"Winston, NC",msa,NC,199000.0,174500.0,163250.0,167000.0,188337.0,191500.0,196500.0,200500.0,206089.0,206697.5,229500.0,216000.0,184000.0,210000.0,199000.0,195500.0,219000.0,212000.0,230000.0,224950.0,247900.0,246750.0,246198.5,271250.0,239000.0,204995.0,250000.0,230500.0,267000.0,255000.0,255000.0,270866.0,273490.0,260000.0,280720.0,253750.0,234000.0,251960.0,263347.5,259572.5,273530.0,282095.0,285000.0,290250.0,298250.0,322995.0,321000.0,315000.0,289500.0,300500.0,299270.0,300995.0,300000.0,309000.0,310000.0,339500.0,342500.0,335145.0,336500.0,320250.0,299490.0,315940.0,317495.0,314000.0,317220.0,312940.0,315000.0,315000.0,321750.0,309000.0,324000.0,292500.0,318500.0,340500.0,331250.0,341000.0,314500.0,320000.0,319750.0,344000.0,332549.0,347225.0,360000.0,370000.0,382900.0,380000.0,375000.0,365000.0,349250.0,352722.0,357745.0,339750.0,338861.0,364000.0
394528,90,"Deltona, FL",msa,FL,230057.5,244950.0,242685.0,247500.0,249900.0,257850.0,255458.0,269105.0,263200.0,256945.0,258490.0,274950.0,246950.0,258800.0,253525.0,253991.5,265352.5,276250.0,266000.0,260240.0,270300.0,276960.0,281635.5,270210.0,246995.0,254245.0,251991.0,249990.0,254990.0,264575.0,265477.5,267490.0,266605.0,276930.5,275470.0,273490.0,270072.0,262545.0,272990.0,280240.0,286534.5,298894.0,298990.0,303195.0,304500.0,299900.0,315990.0,336498.0,335000.0,325000.0,341785.0,345000.0,357150.0,359490.0,369000.0,372900.0,375145.0,374480.0,379075.0,373863.0,359400.0,357150.0,367410.0,364900.0,362484.5,375000.0,354950.0,363990.0,370490.0,372990.0,389672.5,386140.0,374990.0,357907.5,370990.0,374990.0,366877.5,369990.0,369092.5,359990.0,365900.0,363945.0,360000.0,360990.0,358990.0,353994.5,360000.0,359990.0,360000.0,364995.0,365000.0,364495.0,366990.0,364990.0
395006,92,"Provo, UT",msa,UT,349950.0,371171.0,384900.0,360545.0,349900.0,380383.0,382320.5,382461.0,391828.0,387309.5,397090.0,401475.0,389990.0,397500.0,393916.0,398160.0,393900.0,401603.0,384995.0,391736.5,384200.0,399366.0,391386.0,381682.0,383000.0,386062.0,387254.5,393000.0,390869.5,384850.0,385414.0,387972.0,394232.5,411570.0,413676.0,422764.0,422472.0,446663.5,433799.0,449697.5,449271.5,448111.0,469922.0,487686.0,495000.0,521776.0,515157.0,531438.5,538219.0,560838.0,571115.0,565363.0,614900.0,610000.0,574500.0,578500.0,545077.5,634990.0,559900.0,519462.0,489497.5,473147.5,492011.5,469140.0,471305.0,519900.0,470551.0,519900.0,477000.0,479990.0,469900.0,487082.5,487403.0,493220.0,499978.0,500000.0,521740.5,520925.0,499500.0,494900.0,524900.0,492030.0,487000.0,475900.0,469950.0,499900.0,489900.0,489292.0,477323.5,480945.0,474000.0,464990.0,484990.0,492000.0
395160,93,"Toledo, OH",msa,OH,,,,,,,,,,,,,,,,,,,,,,,,,,,,,,,,,,,,,,,,,,,,,,,,,,,,,,,,,,,,,,,,,,,,,,,,,,,,,,,,,,,,,,,,,452900.0,417900.0,443342.5,460850.0,432805.0,420000.0
395224,94,"Wichita, KS",msa,KS,226252.5,246828.0,221796.0,237125.5,258693.0,275736.0,280779.0,247958.5,283521.0,260412.0,281457.0,295099.0,256849.5,266307.5,272569.0,247400.0,266706.5,288500.0,291210.0,279000.0,282740.0,254871.5,294945.0,299465.0,273500.0,250057.0,274848.5,269000.0,249900.0,287300.0,285412.5,282498.0,265194.0,298475.0,327920.0,314406.0,271387.0,313704.0,290299.5,305000.0,329854.0,310276.5,295500.0,323000.0,301824.5,326521.0,327500.0,359794.0,339147.5,344698.0,378036.0,369106.5,360348.5,371458.0,314797.0,395833.0,356999.0,385000.0,370466.0,384365.5,326450.0,340687.0,326087.5,380766.0,374856.5,339500.0,363800.0,330000.0,338900.0,354948.5,339750.0,377500.0,311674.0,300412.0,323322.5,344780.0,349000.0,328896.0,368365.0,366400.0,350271.0,371680.5,360000.0,383861.0,317573.5,335250.0,327221.0,342000.0,333704.0,399000.0,339900.0,398300.0,332478.0,367500.0
394549,95,"Durham, NC",msa,NC,288000.0,347000.0,325000.0,334500.0,322250.0,344250.0,310000.0,336000.0,326750.0,340000.0,357250.0,358000.0,337000.0,317500.0,313000.0,308500.0,313250.0,314000.0,337950.0,308500.0,333000.0,328000.0,351750.0,319870.0,317750.0,318000.0,335000.0,321500.0,334000.0,322000.0,322750.0,358500.0,338000.0,338750.0,365500.0,349500.0,320500.0,299500.0,339560.0,353417.5,375500.0,368000.0,376500.0,350000.0,379718.0,428000.0,411500.0,438807.5,455050.0,437000.0,448750.0,468500.0,461742.5,452500.0,490000.0,463750.0,470000.0,440000.0,477400.0,461000.0,416000.0,410000.0,445000.0,453944.0,454040.0,445000.0,502000.0,536000.0,460000.0,466075.0,499250.0,500000.0,464900.0,405000.0,431000.0,444000.0,446995.0,451195.0,448965.5,461484.0,471500.0,456755.0,469900.0,449900.0,460000.0,467000.0,475000.0,444950.0,487500.0,481099.5,495000.0,472500.0,548000.0,452450.0
394352,96,"Augusta, GA",msa,GA,179500.0,187300.0,174800.0,199900.0,200000.0,221123.0,216700.0,220500.0,227160.0,217700.0,219500.0,224134.5,184700.0,192693.5,206000.0,191034.5,214900.0,208900.0,212635.0,211325.0,215000.0,239055.0,225634.5,225990.0,176900.0,213610.0,216900.0,211900.0,217500.0,215485.0,230550.0,232690.0,224900.0,226900.0,243520.0,241700.0,215900.0,232118.0,244300.0,256612.5,254730.0,264150.0,258908.0,272793.5,271915.0,279730.5,302811.5,299900.0,270450.0,278900.0,284425.0,296450.0,304135.0,319900.0,310390.0,307000.0,313950.0,312375.0,332500.0,314900.0,288660.0,297300.0,305000.0,316900.0,299506.0,301885.0,313865.0,300000.0,296280.0,313900.0,299900.0,306470.0,304900.0,302030.0,310000.0,291820.0,319900.0,319900.0,339900.0,322375.0,299950.0,299900.0,307900.0,329900.0,332235.5,319200.0,330975.5,343447.5,328750.0,314900.0,326400.0,321170.0,319900.0,310150.0
394957,97,"Palm Bay, FL",msa,FL,255400.0,259000.0,249300.0,279952.5,268958.5,286100.0,290400.0,300000.0,294850.0,295000.0,307208.0,314887.5,267900.0,269500.0,305995.0,311401.0,285000.0,272498.5,303700.0,293000.0,286500.0,284600.0,294500.0,292830.0,256990.0,264642.5,289447.5,281500.0,287990.0,269535.0,290650.0,288300.0,263900.0,284557.5,281567.5,289700.0,267022.0,308750.0,297520.0,285790.0,279950.0,296777.5,278103.5,308642.5,295400.0,319900.0,317050.0,318080.5,311970.0,311540.0,320250.0,328800.0,338947.5,350000.0,357050.0,357540.0,364835.0,363900.0,358937.0,362000.0,355640.0,351827.5,353000.0,354900.0,353230.0,354995.0,359900.0,364000.0,369900.0,372775.0,380000.0,384900.0,366495.0,379990.0,375900.0,379900.0,374995.0,359000.0,380310.0,379990.0,376500.0,382483.0,390000.0,381680.0,384590.0,381000.0,381455.0,373000.0,374900.0,372000.0,374000.0,360535.5,372631.0,369900.0
394711,98,"Jackson, MS",msa,MS,287834.5,265438.5,264000.0,270200.0,264500.0,275257.0,258500.0,275900.0,281261.0,310500.0,279900.0,252500.0,289900.0,242325.0,259900.0,276250.0,299900.0,271000.0,279900.0,322500.0,259400.0,269950.0,298500.0,284900.0,302900.0,270750.0,270000.0,306500.0,281450.0,302755.5,303500.0,309900.0,301000.0,295000.0,305900.0,284950.0,288500.0,289900.0,328000.0,306000.0,352400.0,341900.0,309112.0,265000.0,309900.0,290000.0,351900.0,314950.0,351800.0,340950.0,329999.0,343000.0,370500.0,366025.0,344000.0,379373.5,401680.0,369900.0,415950.0,395950.0,384900.0,380000.0,371500.0,391200.0,382950.0,369400.0,357000.0,346000.0,367500.0,367500.0,338000.0,345300.0,364900.0,340950.0,347300.0,345500.0,379000.0,340500.0,330000.0,341900.0,387750.0,353999.5,349000.0,339900.0,364487.5,379900.0,385250.0,383900.0,362000.0,377000.0,349900.0,377200.0,339900.0,375000.0
394666,99,"Harrisburg, PA",msa,PA,289526.0,269990.0,274382.0,229900.0,266500.0,280990.0,253291.0,271495.0,307340.5,325000.0,280558.0,302803.0,327795.0,290745.0,285432.5,274500.0,244868.5,331990.5,292244.5,319711.0,288650.0,289445.0,309495.0,320003.0,283852.0,302452.5,309790.0,325745.0,298010.5,284990.0,269508.0,330975.0,312269.0,312344.0,312175.0,306900.0,329750.0,292943.0,323740.0,333495.0,372153.5,341571.0,393555.0,363580.0,372202.5,391170.0,452569.5,439439.0,350000.0,368222.0,375980.0,383900.0,401050.0,404558.0,405735.0,406817.0,423691.0,471385.0,488810.5,463495.0,426086.5,397471.0,459405.0,493099.0,420400.0,442875.0,426490.0,441530.0,395850.0,463555.0,425185.0,464815.0,417400.0,406304.0,390000.0,382076.0,420100.0,410990.0,392490.0,409580.0,445000.0,412221.5,549990.0,477445.0,480474.0,440000.0,428850.0,456495.0,639990.0,467700.0,489900.0,426994.0,395416.5,424495.0
395113,100,"Spokane, WA",msa,WA,315471.0,282762.0,278292.0,269860.5,304967.0,266166.0,305000.0,328302.5,344300.0,356940.0,325000.0,326956.0,312449.5,285217.0,333900.0,328620.0,322175.0,340000.0,312500.0,342916.0,330000.0,333798.0,343400.0,385460.5,310839.5,324497.5,329995.0,346060.0,310995.0,347995.0,379900.0,348456.0,350000.0,373780.0,354609.0,366595.0,360032.0,355119.0,372011.5,405100.0,425305.0,399900.0,467725.0,425276.0,439258.0,488965.5,464995.0,474000.0,479177.0,464200.0,493515.0,474869.5,477500.0,518500.0,515445.0,482489.0,479959.0,474995.0,508697.0,480000.0,531309.5,460247.5,475999.0,457295.0,468685.0,467392.5,462392.0,463002.0,470000.0,455995.0,454990.0,449995.0,449995.0,456961.0,449995.0,476000.0,445500.0,459995.0,459990.0,474516.0,492500.0,464395.0,459995.0,465392.5,490445.0,460445.0,455970.0,475890.0,495500.0,486719.0,471950.0,454870.0,439945.0,460961.0
394460,102,"Chattanooga, TN",msa,TN,265450.0,254500.0,259900.0,275000.0,284169.0,299506.0,278580.0,299700.0,299950.0,295500.0,292400.0,294000.0,242500.0,265910.5,274000.0,281995.5,287000.0,297000.0,279731.5,299381.0,293479.5,300191.0,304645.5,335000.0,308000.0,308000.0,295000.0,299400.0,319700.0,319000.0,340184.5,333000.0,328900.0,334329.5,327900.0,322674.0,301635.0,329000.0,332620.0,357500.0,320500.0,348850.0,370000.0,360000.0,374950.0,394500.0,383725.0,388640.0,369416.0,391010.0,386912.5,389897.0,425000.0,416000.0,432900.0,436370.0,460000.0,454095.0,449900.0,430000.0,428000.0,400000.0,415000.0,422875.0,445000.0,459900.0,420669.5,435900.0,395294.0,420000.0,499995.0,404900.0,441900.0,413513.0,427562.5,444500.0,459950.0,430000.0,420000.0,428000.0,399900.0,430000.0,410000.0,440262.5,414800.0,424690.0,420937.5,442000.0,419000.0,412750.0,424111.155,399900.0,405000.0,402000.0
394997,105,"Portland, ME",msa,ME,366750.0,362650.0,350000.0,355000.0,335900.0,332821.5,411590.0,362500.0,362220.0,347700.0,390912.5,403968.0,343745.0,360000.0,375000.0,402450.0,369750.0,345500.0,363725.0,347500.0,375000.0,343625.0,365000.0,430000.0,392450.0,389751.0,390000.0,347887.9,401785.0,391290.0,389000.0,369900.0,425655.0,426000.0,418000.0,430000.0,417500.0,416000.0,505716.0,507950.0,461350.0,525002.5,522236.41000000003,488000.0,510000.0,523570.0,478675.0,450000.0,518405.6,529000.0,518850.0,463480.0,545000.0,520850.0,587599.5,562487.5,648554.0,567500.0,475495.0,520866.0,579500.0,557000.0,609950.0,589500.0,538200.0,560000.0,556693.0,580000.0,558000.0,552650.0,649000.0,576900.0,582000.0,595000.0,627450.0,612000.0,589000.0,748600.0,630000.0,579017.5,589000.0,620000.0,537178.1799999999,659000.0,614136.0,577800.0,582450.0,600598.0,599000.0,589950.0,625000.0,664000.0,585035.27,625000.0
394590,108,"Fayetteville, AR",msa,AR,194200.0,194900.0,199000.0,206000.0,218766.0,219900.0,216927.0,226500.0,222500.0,225000.0,228500.0,228571.0,199000.0,199900.0,214058.0,230846.0,242500.0,226614.0,239900.0,250000.0,231400.0,249000.0,260000.0,234900.0,243450.0,246152.5,252000.0,251000.0,250890.0,260250.0,250500.0,257200.0,260425.0,256000.0,269500.0,264000.0,257407.5,254524.5,255385.0,264995.0,273500.0,275900.0,269100.0,290070.0,278095.0,295400.0,299950.0,305912.0,308656.5,304300.0,315000.0,348521.0,329938.0,345950.0,348000.0,338942.0,350950.0,364193.0,365600.5,355426.0,363084.0,358000.0,377500.0,350658.0,364900.0,357084.0,343065.5,338225.0,345941.0,359348.375,365000.0,364700.0,364722.0,359000.0,359950.0,356000.0,380000.0,350000.0,375000.0,383897.0,339000.0,375000.0,365289.0,364214.0,365500.0,362000.0,374925.0,375583.0,381225.0,400000.0,397180.0,379009.0,381500.0,394200.0
394589,109,"Fayetteville, NC",msa,NC,196400.0,206450.0,212750.0,214500.0,240000.0,226000.0,230950.0,231000.0,225000.0,238000.0,247750.0,245000.0,213000.0,236000.0,229750.0,232250.0,243000.0,240000.0,235000.0,240000.0,240500.0,239360.0,253000.0,248000.0,222000.0,235500.0,235500.0,244980.0,253450.0,252000.0,255500.0,249900.0,258500.0,269450.0,259950.0,265000.0,265000.0,264900.0,272950.0,275500.0,270042.0,275500.0,277000.0,295000.0,299000.0,314500.0,302000.0,325500.0,308706.0,332490.0,340000.0,360750.0,350000.0,325000.0,362450.0,373578.0,379721.0,376500.0,361000.0,355000.0,354000.0,363200.0,355700.0,360000.0,360000.0,350245.0,356000.0,345000.0,334012.0,340000.0,340500.0,351359.0,344000.0,355000.0,341890.0,340000.0,354000.0,360500.0,361495.0,352000.0,344975.0,354900.0,362000.0,352990.0,350000.0,349950.0,343000.0,359750.0,349950.0,350999.0,349950.0,353000.0,343900.0,343792.5
394792,110,"Lexington, KY",msa,KY,204900.0,284389.5,223238.5,254621.0,259522.5,288400.0,263812.0,272804.0,277490.5,284407.0,234575.0,223564.0,240900.0,238000.0,255530.0,264900.0,276867.0,278367.5,265115.0,299400.0,268729.0,295429.0,285097.0,267994.0,230505.0,252924.0,273209.0,330012.5,308540.0,310091.0,292692.0,325660.0,273120.5,340000.0,283450.0,327900.0,272089.0,331741.0,312425.0,315281.0,316600.0,344939.0,328392.0,310000.0,350000.0,358444.0,356500.0,344500.0,330000.0,325500.0,396266.5,369461.0,405900.0,394500.0,435351.07,405614.03500000003,434077.0,440738.0,374414.5,421453.0,432500.0,377258.0,404104.5,414900.0,446845.0,439901.0,434549.0,430000.0,453239.0,439452.5,438000.0,403320.0,377798.0,399900.0,406366.0,413400.0,411211.5,422789.0,405511.5,405265.0,414900.0,402625.5,424073.5,402906.0,393813.0,379000.0,400961.0,398579.5,445000.0,434900.0,430000.0,424999.0,426413.5,422556.0
394971,111,"Pensacola, FL",msa,FL,214450.0,219900.0,239900.0,226150.0,247125.0,249300.0,243050.0,253400.0,240287.0,245550.0,270421.0,261400.0,258450.0,234200.0,233050.0,238100.0,251500.0,249900.0,250000.0,246181.0,249900.0,247900.0,247400.0,252900.0,236400.0,240500.0,230600.0,232000.0,251500.0,250900.0,266300.0,260900.0,256650.0,259962.5,258900.0,260900.0,257500.0,265587.5,273750.0,278900.0,274900.0,307900.0,310900.0,329500.0,330050.0,330900.0,321275.0,339700.0,340350.0,337100.0,335650.0,329400.0,336450.0,370000.0,355900.0,359000.0,346150.0,359900.0,356770.0,362900.0,323825.0,360000.0,335450.0,339995.0,344900.0,349900.0,326500.0,334050.0,324450.0,334990.0,324900.0,347495.0,339500.0,329990.0,339000.0,339990.0,334995.0,332495.0,329900.0,329450.0,322395.0,317900.0,323490.0,324445.0,302900.0,330640.0,339900.0,322900.0,332900.0,343600.0,330900.0,332400.0,324900.0,334082.5
395019,113,"Reno, NV",msa,NV,405000.0,400000.0,411000.0,421250.0,419250.0,431335.0,443993.0,422087.5,426990.0,439393.0,448481.0,447085.5,459923.0,466666.0,473866.5,471739.0,442585.0,469683.0,459535.0,440248.0,433984.0,462528.0,436505.0,439950.0,444194.0,430645.5,452111.0,496264.0,439995.0,437933.5,449972.5,425167.0,454775.5,469995.0,440363.0,472938.5,478677.5,465103.0,450063.0,481878.5,484535.0,523970.0,528453.5,537666.5,497627.0,608844.0,557161.0,549611.0,557131.0,596889.0,568107.0,602353.0,618993.0,642371.0,649992.0,579510.0,627456.0,619950.0,568770.0,558193.5,555813.5,534361.5,509950.0,509950.0,545000.0,560978.0,574950.0,529950.0,549307.0,542747.0,548839.0,562975.0,502990.0,522448.0,509000.0,569950.0,585000.0,549950.0,591292.5,600870.0,574290.0,591935.0,544474.0,563962.0,529995.0,563960.0,536470.0,577643.0,562995.0,535090.0,569542.0,583590.0,577000.0,589950.0
394698,114,"Huntsville, AL",msa,AL,242600.0,239390.0,238725.5,253500.0,237945.0,235227.0,241555.0,242274.0,235700.0,255012.5,263465.0,257907.5,246060.0,217955.0,218410.0,220000.0,238830.0,252550.0,238000.0,236881.0,256293.0,265950.0,275000.0,252732.0,244920.0,249015.0,238515.0,254021.0,265851.0,265224.0,256270.0,261543.0,260126.0,266575.0,282768.0,306873.0,264560.0,262854.0,267370.0,280750.0,270015.0,282832.5,302623.0,304690.0,304755.0,331205.0,345575.0,337170.0,307900.0,330000.0,341630.0,344900.0,335500.0,347429.0,362405.0,360584.0,365232.0,377187.0,355116.5,350411.0,343575.0,352357.5,341177.0,334900.0,339900.0,341655.0,347490.0,334062.5,332900.0,349815.0,340478.0,325690.5,325125.0,328583.0,323740.0,329855.0,338144.0,328975.5,349900.0,320000.0,318787.5,329450.0,300193.0,319950.0,331745.0,322509.0,314997.5,306080.0,326500.0,324950.0,335307.5,319900.0,314900.0,329900.0
394995,115,"Port St. Lucie, FL",msa,FL,254000.0,265000.0,255000.0,248650.0,261450.0,263500.0,249000.0,260000.0,265650.0,257900.0,265000.0,274900.0,235000.0,245600.0,245000.0,258990.0,270500.0,264850.0,263700.0,270050.0,273257.5,267100.0,280000.0,265000.0,261300.0,256900.0,259900.0,272400.0,270100.0,274800.0,276500.0,284500.0,294900.0,297000.0,291900.0,291300.0,274500.0,273950.0,286597.5,289800.0,319900.0,337300.0,330000.0,321540.0,335350.0,336647.5,350000.0,357625.0,334900.0,348650.0,359540.0,376000.0,385150.0,386000.0,415000.0,429600.0,429750.0,435750.0,436700.0,444300.0,429900.0,417600.0,435000.0,427650.0,441100.0,437200.0,425000.0,429900.0,447050.0,430172.5,442900.0,459000.0,450000.0,454900.0,434400.0,442950.0,429000.0,436800.0,429795.0,441220.0,429275.0,434995.0,435000.0,429900.0,413400.0,428000.0,414430.0,428000.0,428390.0,424000.0,460000.0,442000.0,440000.0,450000.0
394761,116,"Lafayette, LA",msa,LA,186900.0,207975.0,214900.0,218000.0,208900.0,216400.0,225656.0,214350.0,232000.0,223868.5,227540.0,216000.0,223505.0,214425.0,225970.0,224935.0,209900.0,240250.0,228500.0,220300.0,219120.0,235690.0,226705.0,220395.0,200475.0,224999.0,214500.0,204522.5,213327.5,225980.0,213720.0,221752.5,228155.0,217045.0,214717.5,218500.0,231730.0,237525.0,222072.5,225955.0,233047.5,246180.0,237500.0,232508.0,234124.0,258000.0,278500.0,254612.5,249980.0,259999.0,256000.0,268000.0,284000.0,289500.0,255500.0,273842.5,265055.0,279000.0,259005.0,263400.0,252985.0,261000.0,257745.0,262742.5,265037.5,274900.0,270997.5,259500.0,247835.0,247687.5,254000.0,249999.0,260499.5,258607.5,248537.5,250000.0,253500.0,266500.0,261500.0,253687.5,251000.0,261610.0,263915.0,252490.0,257997.5,259300.0,260562.0,259670.0,258962.5,264500.0,245560.0,266900.0,261697.5,265615.0
394898,117,"Myrtle Beach, SC",msa,SC,227250.0,229728.5,236557.0,231555.5,252000.0,249450.0,248500.0,250595.0,258029.0,271119.0,263145.0,260409.0,254640.0,240670.0,251662.0,256660.0,253000.0,257250.0,254045.0,250131.5,260688.0,251632.5,254950.0,264447.0,245000.0,242000.0,250000.0,249170.0,253500.0,256740.5,256000.0,263110.0,253461.0,265000.0,265510.5,268586.0,255115.0,264900.0,267568.0,270787.0,276377.0,287280.0,295610.0,312500.0,329365.0,331284.0,334750.0,333050.0,335800.0,355395.0,344172.5,358218.0,359900.0,362700.0,369990.0,370855.0,362290.0,379475.0,361165.0,363612.0,365000.0,345123.0,342000.0,356320.0,358657.5,361000.0,345770.0,357000.0,356016.0,349870.0,338147.5,350000.0,358000.0,353990.0,347925.0,356000.0,353077.5,355250.0,347505.0,348177.0,344000.0,345277.5,343648.0,342745.0,350000.0,334990.0,330500.0,345000.0,349900.0,359000.0,352000.0,358000.0,348900.0,354995.0
395116,118,"Springfield, MO",msa,MO,184485.5,199650.0,193928.0,201592.0,204300.0,212499.0,214514.5,215000.0,244000.0,242900.0,219950.0,235000.0,229491.0,267202.5,220000.0,213175.0,219900.0,253078.0,219900.0,230000.0,213930.0,245977.0,239691.0,268070.0,234900.0,219900.0,229900.0,232350.0,239900.0,240083.0,227508.0,241120.0,239900.0,255645.0,239900.0,229900.0,245950.0,239800.0,258925.0,262000.0,245450.0,263800.0,264900.0,282600.0,280942.5,283700.0,308500.0,304950.0,288200.0,300000.0,302214.0,314500.0,301500.0,349100.0,319900.0,333894.0,312288.0,314900.0,324900.0,306200.0,365250.0,289367.5,275747.5,285395.0,309900.0,320000.0,329000.0,307450.0,305000.0,305000.0,323697.5,299000.0,285000.0,305000.0,285308.0,325000.0,325000.0,318575.0,310500.0,319997.5,312000.0,327500.0,299150.0,317397.5,310439.0,305950.0,323000.0,346300.0,339000.0,349995.0,349900.0,336525.0,339900.0,348256.0
395195,119,"Visalia, CA",msa,CA,286250.0,281000.0,280000.0,284500.0,310500.0,275000.0,271745.0,302000.0,281000.0,282500.0,286000.0,272000.0,324425.0,301500.0,285750.0,300302.0,292500.0,280250.0,299500.0,297500.0,298250.0,296500.0,316000.0,304640.0,286000.0,312500.0,300000.0,289000.0,302250.0,294000.0,320000.0,309250.0,316750.0,326000.0,312000.0,311750.0,333000.0,342250.0,326000.0,356000.0,357500.0,364750.0,345570.0,375000.0,366250.0,353305.0,333760.0,359500.0,363535.0,359000.0,393000.0,408250.0,391500.0,400000.0,419250.0,436675.0,399990.0,421722.5,414050.0,386000.0,353990.0,382500.0,374000.0,383000.0,397975.0,399995.0,388000.0,405000.0,422025.0,394120.0,415000.0,409585.0,415250.0,422200.0,406500.0,401415.0,406500.0,409000.0,389990.0,381770.0,399745.0,396500.0,412980.0,405899.5,421745.0,411830.0,414590.0,418400.0,389500.0,415990.0,401410.0,412760.0,393565.0,407990.0
394746,120,"Killeen, TX",msa,TX,204155.0,220497.5,199760.0,225074.0,213012.5,222500.0,215405.0,234696.0,224675.0,243353.0,225392.5,215550.0,209000.0,227027.5,222845.0,220312.5,228084.5,225800.0,249180.5,226200.0,244500.0,244900.0,244537.5,229900.0,250705.0,218200.0,232055.0,250209.0,242175.0,254775.0,252287.5,269000.0,254219.5,244763.0,288800.0,252927.5,253994.0,265000.0,264700.0,238700.0,268900.0,268950.0,265117.5,273000.0,317500.0,385000.0,325000.0,344825.0,315900.0,395488.5,386700.0,369475.0,386900.0,360950.0,375712.5,367500.0,325000.0,352360.0,326852.0,329915.0,335975.0,349900.0,348475.0,332345.0,336400.0,326000.0,305355.0,327015.0,332950.0,298222.5,303030.0,295000.0,309200.0,289300.0,294400.0,301700.0,303335.0,299500.0,296025.0,308000.0,295070.0,309450.0,294912.5,302802.5,292280.0,295752.5,290027.5,296327.5,304667.5,297000.0,296074.0,285000.0,295217.5,299990.0
394338,121,"Asheville, NC",msa,NC,225000.0,300000.0,240500.0,290000.0,260000.0,255250.0,319500.0,332500.0,331250.0,338500.0,301894.0,307000.0,237500.0,309500.0,274000.0,276000.0,325000.0,312500.0,321900.0,290000.0,330000.0,331500.0,352300.0,335750.0,295000.0,275000.0,325000.0,295000.0,304950.0,312000.0,297000.0,331000.0,354500.0,352000.0,341000.0,369750.0,300750.0,330500.0,311834.0,335000.0,343720.0,340000.0,349500.0,360250.0,368000.0,380250.0,377000.0,353500.0,340750.0,392250.0,365100.0,368352.0,452500.0,419000.0,402500.0,450000.0,421555.0,451882.0,430945.0,380500.0,429000.0,471828.5,414945.0,434500.0,495485.0,484990.0,461000.0,448250.0,484500.0,467095.0,478390.0,470000.0,475000.0,439425.0,465175.0,470000.0,498495.0,480000.0,449490.0,472000.0,494340.0,459690.0,470000.0,479840.0,467000.0,496000.0,450500.0,445500.0,469195.0,498545.0,497790.0,464845.0,471445.0,516395.0
395244,122,"York, PA",msa,PA,215000.0,240182.5,246424.0,234470.5,237951.0,224795.0,254450.0,265000.0,268729.0,249990.0,284709.0,274423.0,204900.0,205000.0,247996.5,203995.0,241900.0,226477.5,235920.0,285803.0,266940.0,256537.5,250172.5,257508.0,244090.0,231855.0,257640.0,254900.0,242500.0,207167.5,244425.0,249700.0,263312.0,273550.5,300000.0,262795.5,256240.0,254207.0,267780.0,270226.0,273292.5,308992.5,322550.0,300040.5,299500.0,296000.0,322292.0,336505.0,332362.0,297945.0,326990.0,304900.0,303160.0,324052.0,335613.5,339750.5,417390.0,369420.0,423380.0,413580.0,379990.0,322778.0,364900.0,377495.0,378495.0,378190.0,399990.0,370445.0,408905.0,414519.5,394049.0,414900.0,357740.0,399990.0,337439.0,376279.0,353840.0,363093.0,378110.0,381779.0,400222.5,412742.0,342000.0,397727.0,395546.0,376400.0,396970.0,429697.8,435490.0,444954.0,421500.0,423480.5,445915.0,446362.5
395048,126,"Salem, OR",msa,OR,275800.0,290000.0,296734.5,294004.0,327367.5,348950.0,345900.0,334900.0,305175.0,360995.0,350000.0,358197.5,349297.5,357055.0,339900.0,347227.5,349900.0,368000.0,352000.0,359950.0,355067.5,344995.0,394950.0,367824.5,339995.0,332972.5,354450.0,362530.0,378962.0,353725.0,398340.0,374995.0,365972.5,359506.5,345660.0,361046.0,356210.0,355080.0,383995.0,374385.0,399000.0,413525.0,415085.0,423779.0,433802.5,448665.0,431125.0,450000.0,470465.0,439900.0,455560.0,448680.0,460000.0,479900.0,498490.0,503900.0,494995.0,487952.0,459900.0,459995.0,469900.0,457000.0,462567.5,461550.0,456995.0,459900.0,450000.0,447995.0,447995.0,458400.0,450295.0,440995.0,449995.0,451995.0,460000.0,455000.0,469500.0,459995.0,452495.0,454925.0,446757.5,441720.0,434995.0,439995.0,449995.0,446900.0,459380.0,467497.5,476995.0,469995.0,464600.0,488172.5,475000.0,493000.0
394870,127,"Mobile, AL",msa,AL,,,,,,,,,,,,,,193900.0,219900.0,204900.0,235805.0,209900.0,231762.0,233400.0,207900.0,241900.0,215655.0,234214.5,208900.0,227500.0,217900.0,255950.0,225900.0,238874.0,245900.0,253425.0,261900.0,241265.5,288900.0,290900.0,287150.0,209400.0,263000.0,278900.0,281488.0,287450.0,296900.0,263783.0,283600.0,297900.0,295900.0,264100.0,327588.0,281900.0,286900.0,337900.0,307400.0,309650.0,293900.0,293900.0,303675.0,298160.0,300000.0,302900.0,272200.0,305900.0,317430.0,284900.0,304250.0,310400.0,329650.0,289990.0,304900.0,349900.0,322500.0,345900.0,322400.0,340900.0,334400.0,309900.0,320900.0,315400.0,305900.0,310900.0,308900.0,300900.0,332775.0,345213.0,297900.0,314400.0,308900.0,302900.0,311983.0,297400.0,314950.0,322900.0,310400.0,294900.0
394502,129,"Corpus Christi, TX",msa,TX,249900.0,238500.0,240000.0,254700.0,239900.0,262500.0,272000.0,259900.0,247997.0,252385.5,262620.0,263000.0,284567.0,265577.5,239810.0,250274.0,260515.0,266579.0,253685.5,282450.0,265000.0,284450.0,271580.0,310000.0,287700.0,267199.5,280950.0,282000.0,278303.0,273857.5,271178.0,287900.0,299900.0,295300.0,289900.0,266922.5,298291.0,348000.0,340106.0,300000.0,306770.0,322700.0,307850.0,368553.0,326585.0,373000.0,282654.5,334990.0,356950.0,287105.0,307450.0,322450.0,314200.0,321774.5,346923.0,360130.0,326220.0,326172.5,338590.0,377553.0,294438.0,309340.0,299245.0,313500.0,317850.0,410000.0,357257.0,350239.0,346196.5,400000.0,366046.0,363400.0,339950.0,344415.0,344900.0,389430.0,322170.0,337500.0,302777.5,296915.0,329292.5,331082.5,324708.0,315456.0,316702.0,266250.0,289752.0,302847.0,274886.0,277022.0,295999.5,272194.0,273780.0,328617.5
394612,132,"Fort Wayne, IN",msa,IN,263311.0,221350.0,250900.0,248617.0,247769.0,251027.0,240039.0,248836.0,270432.0,252091.0,256190.0,260706.0,229370.0,250505.0,261168.5,267400.0,244375.5,275925.0,260929.0,248995.0,240821.0,274500.0,261986.0,249900.0,281123.0,250450.0,266464.0,276830.0,265877.0,270272.5,280075.0,261150.0,269243.0,263695.0,277476.0,298267.0,309665.0,290975.0,278994.5,295300.0,289900.0,299450.0,288450.0,291900.0,349900.0,323582.0,317900.0,300000.0,324184.0,311646.5,325000.0,346950.0,349950.0,336637.5,341060.5,337950.0,366418.5,351626.0,344500.0,352300.0,327462.5,340700.0,328881.0,346900.0,415404.0,382625.0,382696.0,364350.0,380246.5,363832.5,403734.0,361751.5,339900.0,327015.0,334377.0,363538.0,394500.0,371458.5,334930.0,369050.0,335255.0,365500.0,347483.0,362000.0,361900.0,347400.0,349900.0,354900.0,327900.0,339360.0,359900.0,346900.0,337150.0,339900.0
394658,133,"Gulfport, MS",msa,MS,192900.0,209900.0,206000.0,208130.0,213900.0,215939.0,209878.0,228900.0,204022.5,200150.0,204360.0,235000.0,209900.0,203780.0,240000.0,205900.0,224070.0,224155.0,218300.0,209280.0,223785.0,244900.0,213285.0,235335.0,229400.0,228900.0,219454.5,213744.0,219900.0,229270.0,235025.0,243470.0,237637.5,249250.0,250137.5,257387.5,230320.0,253750.0,247000.0,269000.0,272487.5,272950.0,274850.0,279320.0,278900.0,284900.0,272900.0,289900.0,289375.0,293900.0,288975.0,288900.0,317940.0,354900.0,320830.0,327900.0,302500.0,312712.0,307500.0,315430.0,294720.0,305070.0,307900.0,291175.0,312620.0,300000.0,330652.5,295000.0,291900.0,329250.0,307900.0,300705.0,309127.5,307010.0,290857.5,301450.0,302990.0,304950.0,306945.0,293597.5,304950.0,298900.0,310287.5,298900.0,292370.0,315000.0,285900.0,306900.0,299930.0,317307.5,297950.0,304255.0,304900.0,300957.5
395051,134,"Salisbury, MD",msa,DE,299381.0,303500.0,344609.0,365287.0,358788.0,360645.5,339945.0,311245.0,299900.0,336485.0,289900.0,330969.0,308615.0,309950.0,330755.0,316568.0,332859.0,317500.0,307255.0,283150.0,323000.0,336879.0,359900.0,344990.0,267702.5,302585.0,299945.0,330394.0,299232.5,325562.5,324749.0,307900.0,310000.0,315000.0,373895.0,377077.5,329900.0,307867.5,339900.0,362187.0,355757.0,365956.0,367990.0,377651.0,416925.5,405877.5,480898.5,451814.5,428065.0,425761.0,423835.0,420295.0,475442.5,436719.5,499552.0,461848.0,470000.0,504135.0,537230.0,544016.5,552845.0,540294.0,508781.0,529990.0,494730.0,524870.0,516137.5,522500.0,493990.0,568700.0,488520.0,505000.0,514870.0,459178.0,490905.0,524990.0,510000.0,495000.0,468540.0,499990.0,534990.0,540165.0,510000.0,505927.5,526515.0,450990.0,507135.0,499990.0,459950.0,504770.0,495000.0,439900.0,464900.0,475000.0
395070,138,"Savannah, GA",msa,GA,218150.0,216804.0,213900.0,212488.0,204022.0,245752.5,226365.0,224000.0,213075.0,244700.0,234663.5,257364.0,233665.0,215565.0,215990.0,244450.0,238776.5,249900.0,241900.0,256729.0,243392.0,239257.5,246340.0,247625.5,206460.0,230391.0,248990.0,254395.5,249760.0,258472.5,250597.0,264990.0,258326.5,265752.0,268997.0,272969.0,263363.5,251171.0,263219.0,262500.0,265400.0,269493.5,263851.5,285000.0,286430.0,296875.0,302600.0,314129.0,309990.0,327262.0,308990.0,331490.0,329000.0,327990.0,344990.0,353990.0,351990.0,353100.0,376950.0,372990.0,374957.5,369990.0,384990.0,377745.0,375500.0,381300.0,383519.0,361291.5,351990.0,355792.5,385768.5,375130.0,383490.0,383240.0,380990.0,396551.0,374760.0,376990.0,365200.0,370872.5,375990.0,389990.0,384000.0,380370.0,380341.5,383964.5,380495.0,389990.0,381990.0,374990.0,382990.0,374990.0,369990.0,374258.0
394327,139,"Anchorage, AK",msa,AK,331000.0,379000.0,334677.0,378000.0,295000.0,329900.0,350848.0,370000.0,339000.0,325449.5,360297.5,398240.0,350000.0,347750.0,349000.0,354905.0,339900.0,338782.5,340683.0,331183.0,375250.0,363400.0,354428.5,394508.0,325000.0,359000.0,382450.0,399950.0,320000.0,365500.0,341000.0,368500.0,352000.0,428311.0,442000.0,400950.0,404512.5,369980.0,357284.0,335900.0,400000.0,400445.0,410052.0,417200.0,398000.0,408952.5,459900.0,442875.0,467370.0,399900.0,424720.0,469900.0,446812.5,445567.5,481660.0,487716.0,509500.0,457737.5,519099.5,465000.0,375000.0,410000.0,458945.0,553950.0,475451.0,464900.0,505623.0,463900.0,542450.0,424880.0,498500.0,442000.0,413418.5,404417.5,485450.0,556250.0,440000.0,436450.0,422500.0,432500.0,484567.5,444000.0,476140.0,524096.5,489000.0,475000.0,496764.0,457000.0,488500.0,474856.5,475000.0,457575.0,490457.5,540200.0
394372,140,"Beaumont, TX",msa,TX,,,,,,,,,,,,,,,,,,,,,,,,,,,,,,,,,,,,,,,,,,,,,,,,,,,,,,,,,,,,,,,,,,,,,,,,,,,,,,,,,,,,,,,286455.0,310577.0,286879.5,274475.0,264040.0,306000.0,275000.0,297000.0
395096,141,"Shreveport, LA",msa,LA,234700.0,214358.5,245642.0,234950.0,229100.0,237450.0,254900.0,225575.0,239900.0,239110.0,280900.0,241950.0,232000.0,239625.0,233000.0,240955.0,233700.0,245784.0,259490.0,238628.0,239600.0,235250.0,251405.0,255035.0,230100.0,250758.0,252500.0,237055.0,234930.0,239075.0,246887.5,255310.0,243375.0,255612.5,259742.5,262545.0,257715.0,260049.5,274075.0,252350.0,277992.0,292000.0,264900.0,267175.0,268032.0,262125.0,315950.0,323500.0,314135.0,313805.0,324749.0,295739.0,300630.0,308000.0,299363.0,329000.0,286360.0,293320.0,297200.0,317192.5,301382.5,332022.5,286500.0,294675.0,282090.0,323557.0,335101.0,291560.0,293055.0,299970.0,292985.0,303177.5,291610.0,283135.0,291145.0,303778.0,305567.5,282115.0,298005.0,289235.0,278120.5,288425.0,285540.0,280290.0,299890.0,283745.0,299455.0,274870.0,291120.0,299390.0,292070.0,280545.0,288870.0,280272.5
394875,143,"Montgomery, AL",msa,AL,202020.0,224900.0,233659.0,230200.0,240449.5,209599.5,237787.0,229900.0,248237.0,222000.0,302364.0,250000.0,206950.0,220000.0,212945.0,222617.0,229900.0,254900.0,258592.0,260030.0,252500.0,257637.5,253222.0,240579.0,183542.0,246582.0,224900.0,268068.0,272450.0,239900.0,256137.0,251794.0,259934.0,279200.0,267400.0,279740.0,276652.0,265274.0,280144.5,279507.0,310050.0,294925.0,300850.0,278443.5,305737.5,328717.5,319169.5,321922.0,306010.0,337765.0,340119.5,328244.0,337169.0,349900.0,337515.0,355523.5,348190.0,367135.0,362550.5,382400.0,389900.0,356000.0,369192.5,364900.0,377285.5,369900.0,363632.0,344325.0,387082.5,372225.0,355305.0,349585.0,381667.5,336900.0,317900.0,373069.5,349900.0,343970.0,309199.5,341900.0,344950.0,349900.0,347467.0,355000.0,346250.0,361968.5,340000.0,338450.0,350512.5,349900.0,348500.0,339400.0,348900.0,361142.5
395146,145,"Tallahassee, FL",msa,FL,206950.0,210008.5,291232.0,229487.5,281650.0,255000.0,250000.0,259100.0,272900.0,289500.0,264900.0,263950.0,248000.0,247950.0,255400.0,267600.0,228450.0,258950.0,283138.0,261261.5,289660.0,252000.0,249900.0,272500.0,247400.0,261500.0,249900.0,272500.0,260000.0,277000.0,205750.0,271400.0,279900.0,277054.0,288000.0,289900.0,279900.0,281401.5,279500.0,297900.0,297900.0,311400.0,307900.0,295450.0,322791.0,339806.0,319950.0,329900.0,328000.0,347400.0,330275.0,321387.5,310237.5,361250.0,361000.0,357400.0,377700.0,389000.0,363950.0,382400.0,391600.0,357000.0,352450.0,357600.0,335000.0,320165.0,318330.0,319320.0,332000.0,323325.0,348950.0,347450.0,359950.0,351360.0,313400.0,375290.0,344500.0,360450.0,333450.0,365000.0,323950.0,384996.0,389900.0,392900.0,376450.0,339900.0,377105.5,384450.0,393918.0,344954.0,336999.0,377893.0,369900.0,374950.0
394901,147,"Naples, FL",msa,FL,612032.0,473037.0,459507.5,422860.0,417000.0,445000.0,390470.5,434798.0,417587.5,428498.0,468500.0,456602.0,410665.0,416420.0,400000.0,410000.0,415000.0,385000.0,385698.5,428500.0,414496.0,373580.5,432181.5,426263.5,380646.0,339000.0,384500.0,398809.5,415000.0,385000.0,359853.0,,551877.5,536424.5,531380.0,515785.0,375805.0,458000.0,439000.0,442131.0,454694.5,434675.0,527315.0,479174.0,500000.0,529900.0,507965.0,552092.0,614995.0,547500.0,564170.5,654745.0,644146.0,630975.0,589677.0,640000.0,666800.0,717001.0,609650.0,650024.5,649900.0,570000.0,619942.5,615297.0,645000.0,628402.0,629767.5,584420.0,690000.0,683137.5,592000.0,610000.0,575000.0,620000.0,612398.0,705000.0,575000.0,599949.5,602854.5,674950.0,644052.5,644600.5,551000.0,590000.0,575000.0,648967.5,590000.0,539857.0,547450.0,562500.0,643500.0,680000.0,549450.0,650000.0
394927,149,"Ocala, FL",msa,FL,181100.0,190300.0,202000.0,191700.0,191300.0,196750.0,193900.0,200550.0,214400.0,222400.0,221000.0,205400.0,180000.0,180800.0,183795.0,195245.0,184990.0,195000.0,193750.0,194900.0,191700.0,186300.0,204450.0,208985.0,169900.0,170950.0,169900.0,185000.0,183900.0,179995.0,177400.0,189000.0,205800.0,189900.0,208000.0,210000.0,179900.0,184900.0,209900.0,204695.0,220400.0,216000.0,211000.0,224650.0,236925.0,236900.0,248500.0,258000.0,230600.0,245000.0,270000.0,274900.0,279550.0,291990.0,296900.0,288400.0,297438.0,302990.0,308740.0,317990.0,290000.0,288900.0,285000.0,289935.0,287975.0,290494.5,289000.0,295000.0,299990.0,299990.0,290000.0,301990.0,282500.0,283296.0,289900.0,289945.0,289000.0,290000.0,289990.0,296990.0,297945.0,292700.0,300000.0,292000.0,288000.0,294899.0,291900.0,287995.0,295000.0,294900.0,292000.0,289990.0,292989.5,289980.0
394679,150,"Hickory, NC",msa,NC,,,,,,,,,,,,,,,,,,,,,,,,,,,,,,,,,,,,,,,,,,,,,,330000.0,287250.0,259950.0,221000.0,220500.0,229500.0,217500.0,279000.0,287450.0,325000.0,335000.0,248000.0,295000.0,318750.0,312500.0,349000.0,289500.0,335750.0,347169.5,364127.5,320000.0,361000.0,354139.5,357999.5,330999.0,351000.0,310000.0,364000.0,372345.0,345000.0,339000.0,341500.0,340500.0,329000.0,331000.0,357500.0,350000.0,329522.5,320990.0,358788.0,344868.0,327999.5,349000.0,349990.0,357382.5,343250.0,339999.0,335500.0,329690.0
394602,152,"Fort Collins, CO",msa,CO,399299.0,410000.0,415937.5,402571.0,409345.0,409750.0,405670.0,412751.0,444805.0,421322.0,440729.0,418000.0,439392.0,423650.0,433500.0,399180.0,416544.0,417622.0,424146.0,449950.0,438160.5,420686.0,433230.0,423523.0,445207.0,416079.0,404782.0,403250.0,415481.0,419795.0,405934.0,441709.0,462779.5,447078.0,432382.0,449801.0,465483.0,435090.0,449302.5,443539.5,480200.0,447291.0,489742.0,505500.0,511350.0,527414.5,528059.0,520638.0,545007.5,567038.5,607971.0,596132.5,567450.0,613600.0,574493.5,560977.5,572746.0,585856.0,591704.0,550000.0,584276.0,585000.0,544282.0,517980.0,535412.5,531157.0,540000.0,499500.0,552634.0,525000.0,540000.0,522729.0,520000.0,514995.0,539430.0,524945.0,568500.0,534250.0,511700.0,527000.0,485896.5,585000.0,539900.0,530707.5,534050.0,546112.5,544975.0,513950.0,523280.0,499990.0,509000.0,539990.0,525000.0,542328.5
394796,154,"Lincoln, NE",msa,NE,184000.0,234000.0,189500.0,222499.5,203000.0,259805.0,238614.5,265000.0,240000.0,250000.0,270000.0,279380.0,259900.0,271000.0,279995.0,284466.0,298439.0,275000.0,275295.0,268825.0,286065.0,306977.0,322767.5,303000.0,231700.0,267000.0,308000.0,314400.0,218956.0,308000.0,314906.0,283150.0,271000.0,284000.0,335380.0,337460.0,95500.0,,298076.0,330000.0,349200.0,324091.0,321366.0,350000.0,364550.0,373926.5,369257.0,374900.0,339223.0,357907.5,378642.0,371000.0,413000.0,410390.0,394500.0,386520.0,420700.5,399145.0,432771.0,400901.0,426336.0,380950.0,368579.0,387194.0,425000.0,395718.5,380250.0,368500.0,401900.0,406000.0,395000.0,387607.5,361500.0,398000.0,422000.0,405975.0,400000.0,403900.0,390474.5,405801.5,413429.0,415000.0,453528.0,403894.0,489270.5,453885.0,420895.0,470487.0,457796.5,417070.0,438765.0,414011.0,417412.5,535800.0
394622,155,"Gainesville, FL",msa,FL,197500.0,238900.0,238900.0,258684.0,265735.0,254503.5,257050.0,265954.5,284461.0,260550.5,276450.0,280500.0,223050.0,244000.0,262500.0,241300.0,258710.0,260545.0,268400.0,312037.0,293283.5,272450.0,289232.0,260000.0,215150.0,231845.0,269990.0,254995.0,268990.0,302500.0,259100.0,289900.0,259800.0,280990.0,279990.0,267800.0,298575.0,274950.0,251490.0,304693.0,322600.0,316745.0,295900.0,339575.0,299990.0,313995.0,292990.0,343345.0,354588.0,325000.0,344045.0,349952.0,397800.0,391490.0,413315.0,410160.0,398800.0,406530.0,358289.5,425000.0,350000.0,355000.0,394300.0,396400.0,396000.0,394990.0,375245.0,384600.0,385400.0,389670.0,401250.0,327495.0,407295.0,354950.0,358950.0,348912.5,378175.0,372500.0,355000.0,352245.0,351995.0,343950.0,326400.0,345595.0,327495.0,354990.0,323490.0,376495.0,372490.0,349945.0,326990.0,365990.0,361070.0,310000.0
394646,157,"Green Bay, WI",msa,WI,,,,,,,,,,,,,,,,,,,,,,,,,,,,,,,,,,,,,,,,,,,,,,,,,,,,,,,,,,,,,,,,,,,,,,,,,,,,,,,,,,,,,,,434500.0,501537.0,470772.0,454900.0,475150.0,499500.0,479900.0,508152.5
394488,158,"Columbus, GA",msa,GA,,,,,,,,,,,,,,,,,,,,,,,,,,,,,,,,,,,,,,,,,,,,,,,,,,,,,,,,,,,,,,,,,,,,,,,,,,,,,,,,,,,,453725.0,312495.0,419824.0,364900.0,409900.0,463000.0,437750.0,387050.0,423872.5,394600.0,385650.0
395109,160,"Spartanburg, SC",msa,SC,165188.0,175000.0,188310.0,189182.5,197347.0,210556.0,186247.5,190010.0,198950.0,190500.0,195420.0,199900.0,209948.0,182597.5,191695.0,192879.5,205445.0,199445.0,199990.0,206420.0,209939.5,210750.0,198476.0,209900.0,194985.0,195221.0,199010.5,195900.0,194900.0,209950.0,199937.5,220261.0,212829.0,216974.0,222077.5,219990.0,211645.0,214231.0,233571.0,229900.0,227475.0,233490.0,246094.0,240932.5,248560.0,254995.0,265070.0,269745.0,259615.0,276297.5,275000.0,277887.0,288773.0,300519.5,300600.0,305945.0,307990.0,289990.0,304500.0,290000.0,286564.5,287900.0,288900.0,286900.0,299990.0,308990.0,308109.0,289700.0,294950.0,294000.0,299400.0,290000.0,282760.0,279949.5,290000.0,292000.0,290450.0,297529.0,295925.0,295900.0,287190.0,296450.0,289500.0,280000.0,289900.0,293500.0,289900.0,292900.0,290850.0,299900.0,295105.0,291500.0,288900.0,300950.0
394645,161,"Greeley, CO",msa,CO,356275.0,366059.0,377242.5,361047.5,368275.0,375355.0,364350.5,368650.0,364901.5,379312.0,375000.0,385570.0,383300.0,355289.5,362420.0,377363.0,378715.5,377677.5,376120.5,385215.0,394942.5,387252.0,397562.5,390190.0,400000.0,389881.5,407400.0,410000.0,399990.0,410000.0,402860.0,406111.5,409631.5,374387.5,405140.0,405551.5,427200.0,417370.5,429796.5,435147.5,453140.0,467705.0,460625.0,458160.0,471900.0,500917.5,506700.0,509825.0,514900.0,473200.0,521900.0,505290.0,526719.0,530909.0,537900.0,535000.0,512579.5,516087.5,519500.0,513400.0,525000.0,510000.0,531693.5,521945.0,538162.5,545000.0,515940.0,507900.0,520000.0,543881.5,565000.0,538970.0,511095.0,523100.0,528950.0,519425.0,511719.0,549900.0,524990.0,539950.0,544917.5,535900.0,582900.0,554610.0,557000.0,549900.0,534211.5,524990.0,524945.0,546062.0,528000.0,511699.0,513490.0,529950.0
394808,162,"Lubbock, TX",msa,TX,210000.0,185702.0,198316.0,211651.0,191745.0,223525.0,232100.0,227000.0,231746.5,238500.0,254351.0,214000.0,203601.5,258011.0,208206.0,240310.0,225000.0,244900.0,251185.5,255000.0,269646.5,259166.5,232400.0,290000.0,213500.0,218125.0,250000.0,268959.5,266594.0,247251.0,233236.5,242188.0,253500.0,240070.5,225178.0,221950.0,244750.0,245000.0,259900.0,259000.0,299900.0,287940.5,252643.0,310000.0,309202.0,303541.0,318907.0,283999.5,292490.0,299000.0,310000.0,339900.0,301474.0,316226.0,322245.0,341625.0,310000.0,298623.0,299693.5,345000.0,300000.0,251925.0,294990.0,312000.0,317800.0,329495.0,308425.0,325490.0,279900.0,273265.0,273405.0,252550.0,249752.5,267420.0,264710.0,245000.0,267817.5,239500.0,238270.0,256625.0,260951.5,249995.0,235560.0,237995.0,244495.0,249367.5,247550.0,263622.5,263000.0,259375.0,275000.0,282437.5,261500.0,281692.5
394471,163,"Clarksville, TN",msa,TN,209900.0,215900.0,219900.0,231000.0,222250.0,245900.0,239500.0,246058.0,229900.0,239950.0,229900.0,249900.0,233250.0,231900.0,238445.0,239900.0,245700.0,249995.0,254175.0,254450.0,259900.0,243445.0,259900.0,254900.0,239900.0,254352.0,252950.0,253800.0,253900.0,257900.0,260900.0,256900.0,250635.0,259900.0,264900.0,270050.0,273900.0,262900.0,269900.0,274900.0,286490.0,290000.0,299950.0,299500.0,322500.0,309900.0,343400.0,338950.0,331700.0,339900.0,335400.0,360000.0,357900.0,349900.0,355000.0,357900.0,373450.0,374950.0,385000.0,365000.0,364900.0,379750.0,349900.0,364900.0,360000.0,345900.0,325000.0,350000.0,309900.0,345000.0,365900.0,349900.0,342500.0,368900.0,373200.0,349900.0,334950.0,344900.0,340950.0,358000.0,349900.0,364950.0,372450.0,354370.0,364900.0,358950.0,342250.0,355900.0,374900.0,377000.0,348800.0,355900.0,339057.5,361445.0
394741,168,"Kennewick, WA",msa,WA,312805.0,308033.0,318974.0,335057.5,317000.0,339129.0,351860.5,354900.0,339219.0,314364.0,329162.5,360268.5,367986.5,369625.5,358167.5,368786.0,354670.0,359900.0,327500.0,354546.0,327850.0,363465.5,370401.0,337551.5,327934.0,328452.0,347375.0,349644.0,333450.0,351200.0,372208.0,344900.0,406047.5,388875.0,356500.0,365322.0,369655.0,365850.0,392000.0,404855.0,412850.0,437679.0,474850.0,499572.0,486547.0,455779.5,544078.5,555000.0,498500.0,538302.0,520537.0,499999.0,536795.0,512840.0,549950.0,539900.0,580261.0,532397.0,557710.0,555000.0,561643.5,526900.0,549900.0,545580.0,498544.0,505000.0,487690.0,471925.0,467320.0,438029.5,500000.0,489284.0,475850.0,410000.0,477923.5,450018.0,484148.0,434989.0,449000.0,479995.0,473200.0,439990.0,456860.5,444990.0,449840.0,446985.0,467384.0,479850.0,453942.5,450715.0,465945.0,468845.0,451406.0,492495.0
394660,170,"Hagerstown, MD",msa,MD,208162.5,212000.0,230000.0,185050.0,233355.0,219900.0,199600.0,220500.0,245000.0,212437.5,220490.0,224702.5,224560.0,216325.0,233972.5,240682.5,237000.0,243700.0,233560.0,224942.5,229990.0,234000.0,249942.5,239990.0,222965.5,245000.0,235000.0,257900.0,244968.5,249900.0,245000.0,265325.0,249000.0,269900.0,265848.5,290497.0,281000.0,275900.0,290372.5,297775.0,315000.0,304900.0,318150.5,312000.0,318650.0,334054.5,351963.5,333856.0,377500.0,347970.0,369342.5,354637.0,353737.5,345000.0,385430.0,351885.0,399997.5,380000.0,348700.0,376245.0,326490.0,319712.5,324985.0,326250.0,354247.5,345137.5,351921.5,349995.0,340400.0,343400.0,329990.0,298750.0,284950.0,320000.0,324990.0,331363.0,348112.5,303115.0,286500.0,285000.0,380900.0,318900.0,317400.0,328935.5,356945.0,329900.0,354877.0,353500.0,299150.0,359900.0,379000.0,327106.0,357317.5,397641.5
394937,172,"Olympia, WA",msa,WA,,,,,,,,,,,,,,,,,,,,,,,,,,,,,,,,,,,,,,,,,,,,,,,,,,,,,,,,,,,,,,,,,,,,,,,,,,,,,,,,,,,,,,632447.5,649995.0,685950.0,649000.0,632162.5,651375.0,612035.0,635696.0,631000.0
395229,174,"Wilmington, NC",msa,NC,275000.0,274000.0,284500.0,299000.0,314500.0,270000.0,300000.0,323000.0,300000.0,295500.0,340415.0,296250.0,292000.0,270000.0,290000.0,303500.0,307500.0,313000.0,301000.0,320000.0,333250.0,307315.0,317283.5,331000.0,255500.0,295000.0,284250.0,330000.0,318750.0,319965.0,318500.0,325000.0,326500.0,312500.0,331035.0,318120.0,306750.0,289990.0,322340.0,333640.0,337000.0,340000.0,361250.0,352750.0,361000.0,372000.0,393250.0,390000.0,383188.66500000004,379000.0,380807.5,389870.0,426500.0,460000.0,410000.0,449500.0,465000.0,475000.0,479000.0,508000.0,476500.0,484500.0,500000.0,497500.0,463000.0,488900.0,498500.0,484750.0,535297.5,512944.0,480000.0,494500.0,410000.0,510000.0,439000.0,470000.0,507055.5,423485.5,480000.0,499990.0,533312.5,535800.0,537495.0,524847.5,554272.5,460394.0,495290.0,540000.0,480500.0,474625.0,480290.0,479999.0,446584.0,500000.0
753875,176,"Crestview, FL",msa,FL,325000.0,305300.0,375500.0,310500.0,381230.0,334900.0,327728.0,361000.0,389900.0,367143.0,363450.0,327000.0,323000.0,289900.0,320950.0,337000.0,360870.0,360000.0,360100.0,368000.0,310387.5,360000.0,334900.0,346700.0,319900.0,297588.0,348650.0,331000.0,351147.5,366276.5,405075.0,442000.0,411102.0,407300.0,410800.0,424992.0,364695.0,372900.0,388688.0,426352.0,445000.0,457025.0,378750.0,435000.0,395000.0,459900.0,460700.0,455740.0,484202.5,399500.0,449450.0,399950.0,448900.0,470000.0,485000.0,518000.0,467917.0,517200.0,563800.0,479900.0,460447.5,480000.0,459800.0,453495.0,460000.0,458650.0,404900.0,408000.0,540000.0,392900.0,377500.0,387130.0,397990.0,399700.0,369500.0,384447.0,409950.0,377943.0,421200.0,379300.0,389347.0,370848.0,395070.0,384300.0,413638.5,370900.0,361812.5,366900.0,402212.5,380936.0,392450.0,366375.0,376275.0,429975.0
394412,181,"Bremerton, WA",msa,WA,,,,,,,,,,,,,,,,,,,,,,,,,,,,,543000.0,418194.0,491282.0,484194.0,452950.0,492950.0,462900.0,455400.0,499950.0,464950.0,447000.0,509950.0,495500.0,484900.0,524900.0,509950.0,506700.0,532931.0,599950.0,530000.0,574925.0,628615.0,599950.0,643888.0,625027.5,640788.5,654950.0,589950.0,599995.0,653763.0,569970.0,574990.0,587691.0,534995.0,542480.0,599990.0,570040.0,555745.0,590542.5,599990.0,584990.0,599950.0,587450.0,606790.0,570425.0,599900.0,587497.0,549995.0,584972.5,599990.0,574990.0,584995.0,569995.0,681681.0,574990.0,566337.5,586995.0,629950.0,650000.0,649990.0,599950.0,658641.0,674990.0,707788.0,674995.0,677579.0
395103,182,"Sioux Falls, SD",msa,SD,217570.0,217000.0,234900.0,230100.0,258900.0,232900.0,220373.0,232000.0,193000.0,246500.0,250719.0,260000.0,243750.0,247000.0,233250.0,222800.0,232450.0,229600.0,238731.0,245000.0,250450.0,239500.0,262950.0,259927.0,215000.0,234900.0,235987.5,244275.0,249900.0,240000.0,239870.5,255900.0,252185.0,287790.5,258912.0,263450.0,248300.0,267440.0,241435.5,264900.0,269200.0,270857.0,269900.0,304400.0,337450.0,285000.0,345450.0,339800.0,341060.0,343408.0,326000.0,359900.0,354400.0,326000.0,382900.0,389900.0,366700.0,374900.0,362800.0,402375.0,371000.0,374950.0,361000.0,343500.0,384500.0,385900.0,389500.0,335850.0,391500.0,379000.0,345000.0,337845.5,377200.0,397250.0,384900.0,402850.0,409000.0,348701.0,365000.0,349800.0,340000.0,376500.0,364900.0,363000.0,365000.0,374850.0,385000.0,368750.0,390000.0,361400.0,391416.0,409990.0,417500.0,370900.0
394323,186,"Amarillo, TX",msa,TX,,,,,,,,,,,,,,,,,,,,,,,,,,,,,,,,,,,,,,,,,,,,,,,,,,,,,,,,,,,,,,,,,,,,,,,,,,,,,,,,,,,,,,,,,,,,,312200.0,372000.0
395171,188,"Tuscaloosa, AL",msa,AL,170000.0,196950.0,199900.0,204900.0,224950.0,224900.0,229900.0,207000.0,233725.0,209500.0,226285.0,263879.5,172110.0,184000.0,187400.0,226895.0,229177.0,213008.0,201465.0,222900.0,258000.0,218395.0,213395.0,230000.0,216900.0,239900.0,208395.0,218697.5,225900.0,241300.0,226995.0,255895.0,242347.5,249949.0,222560.0,255755.0,213450.0,259900.0,274900.0,272800.0,252400.0,274900.0,288700.0,299700.0,287510.0,284147.5,289400.0,271400.0,240000.0,279395.0,286748.0,234900.0,249908.0,273179.0,322324.0,321000.0,304535.0,296950.0,319900.0,307400.0,275000.0,309900.0,288400.0,275950.0,275000.0,314415.0,269900.0,264000.0,255650.0,303550.0,259900.0,258900.0,284900.0,274900.0,299900.0,296875.0,289900.0,259900.0,293450.0,299900.0,287100.0,279900.0,304900.0,309900.0,319650.0,294900.0,319375.0,313910.0,328650.0,284900.0,289900.0,318000.0,314900.0,300000.0
394483,189,"College Station, TX",msa,TX,306655.5,274900.0,296780.0,296900.0,279900.0,282686.0,299900.0,272194.0,310637.0,293877.5,342080.0,317926.0,305000.0,297500.0,290000.0,262450.0,268900.0,287000.0,309475.0,316388.0,309450.0,274327.0,295990.0,275000.0,337025.0,279900.0,259800.0,255500.0,296500.0,265534.0,333451.0,315000.0,349900.0,250118.0,315159.0,254072.5,225110.0,310654.0,238995.0,228280.0,262454.0,266456.0,279725.0,261991.5,278820.0,310000.0,313514.0,262091.0,272495.0,268920.0,274268.5,295770.5,285500.0,306871.0,292770.0,313900.0,319084.5,322450.0,334900.0,315925.0,346490.0,342177.0,309172.5,328297.0,312430.0,326032.5,342890.0,301300.0,359550.0,308027.5,344300.0,311257.5,294035.0,308280.0,339900.0,341400.0,324995.0,319900.0,357700.0,324993.0,316345.0,319900.0,293760.0,335000.0,312445.0,317452.5,337746.0,340000.0,337610.0,352000.0,358097.0,314999.0,315900.0,320000.0
394811,191,"Lynchburg, VA",msa,VA,,,,,,,,,,,,,,,,,,,,,,,,243500.0,212000.0,190000.0,266400.0,199900.0,237211.0,283750.0,275000.0,292200.0,245650.0,262450.0,309003.0,309500.0,304900.0,329181.0,289000.0,299900.0,259900.0,272950.0,236000.0,254100.0,249900.0,286700.0,345100.0,217000.0,229000.0,299900.0,319900.0,349000.0,313950.0,359500.0,300186.5,319900.0,307450.0,330000.0,335700.0,294990.0,279480.0,312970.0,319900.0,329900.0,300650.0,332950.0,308085.0,326000.0,320060.0,299950.0,329900.0,339900.0,289000.0,319000.0,313480.0,349000.0,324900.0,329500.0,349900.0,333365.0,359070.0,369900.0,384450.0,342465.0,375000.0,400275.0,388500.0,326000.0,341240.0,376200.0,317450.0,355000.0,304990.0,381475.0
395240,193,"Yakima, WA",msa,WA,,,,,,,,,,,,,,,,,,,,,,,,,,,,,,,,,,,,,,,,,,,,,,,,,,,,,,,,,,,,,,,,,,,,,,,,,,,,,,,,,,,,,,,,,,,,,362000.0,353990.0
394585,194,"Fargo, ND",msa,ND,,,,,,,,,,,,,,,,,,,,,,,,,,,,,,,,,,,,,,,,,,,,,,,,,,,,,,,,,,,,,,,,,,,,,,,,,,,,,,,,,,,,,,431803.0,331307.0,327900.0,398923.0,407000.0,380516.0,378755.0,503956.0,484752.0
845160,198,"Prescott Valley, AZ",msa,AZ,322026.0,309326.0,337789.5,322678.0,333216.0,361187.0,364922.0,385777.5,351250.0,368068.5,388698.5,348014.0,326601.0,325257.0,355818.0,329259.0,354685.0,330000.0,341939.0,349371.5,347763.0,373473.0,365143.0,381652.5,369982.0,347223.0,347362.5,362987.0,364236.0,393318.5,381047.5,436713.5,412904.5,384554.5,416040.5,440832.0,371771.0,415580.5,385623.0,415050.0,426584.0,434675.0,455752.5,453000.0,453110.0,504493.0,466500.0,470581.0,439950.0,491184.0,516100.5,472158.0,519734.0,492617.5,525696.0,518549.5,535001.0,554229.0,566909.0,611747.5,629518.0,544936.5,586010.0,595003.0,608368.0,563809.5,538299.5,578974.5,510000.0,570540.0,613990.0,626900.0,634900.0,553210.0,595000.0,613668.5,548009.0,665000.0,700000.0,624000.0,685000.0,669480.0,608129.0,599000.0,644000.0,595511.5,660340.0,691750.0,667490.0,639027.0,680000.0,599500.0,604990.0,698976.5
394813,200,"Macon, GA",msa,GA,,,,,,,,,,,,,,,,,,,,,,,,154990.0,184900.0,169245.0,215675.0,146240.0,152990.0,150990.0,237900.0,160990.0,161000.0,199900.0,254900.0,181400.0,194900.0,179400.0,249900.0,199500.0,213990.0,190990.0,263950.0,278500.0,224900.0,270000.0,274900.0,252445.0,294900.0,284490.0,311500.0,314875.0,320400.0,296300.0,311990.0,315990.0,324000.0,300000.0,300000.0,343500.0,318700.0,349000.0,309900.0,309900.0,351250.0,342700.0,304950.0,292450.0,261990.0,362500.0,269700.0,279012.5,304995.0,293365.0,294650.0,323950.0,347900.0,289900.0,317100.0,302350.0,271990.0,296450.0,334900.0,314408.0,347500.0,305875.0,257545.0,367900.0,378000.0,339700.0,375000.0,389900.0,286490.0,334458.0
395174,201,"Tyler, TX",msa,TX,,,,,,,,,,,,,,,,,,,,,,,,,,,,,,,,,,,,,,,,,,,,,,,,,,,,,,,,,,,,,,,,,,,,,,,,370000.0,301651.0,369375.0,442000.0,398349.0,355000.0,407500.0,419475.0,385000.0,400000.0,343100.0,379900.0,436500.0,397735.0,435975.0,382449.5,379900.0,393950.0,405000.0,383000.0,312000.0,394200.0,370000.0
394519,203,"Daphne, AL",msa,AL,219900.0,234500.0,235925.0,255000.0,227082.5,239400.0,256900.0,254612.5,264997.5,234950.0,239900.0,219900.0,222900.0,217900.0,250418.0,238892.0,242900.0,237187.5,240087.5,259942.5,231900.0,261395.0,274320.0,245525.0,239730.0,254440.0,243152.5,244431.0,241900.0,250000.0,252134.0,278900.0,271751.5,253900.0,256010.0,285000.0,250945.0,258525.0,262846.0,295525.0,272004.0,266477.5,290494.0,276146.0,280387.5,304443.0,306177.0,320510.0,310252.0,309025.0,317235.0,314685.0,325210.0,333053.0,357282.0,365742.5,332710.0,343601.0,365306.0,382116.0,357353.0,353475.0,357900.0,376870.0,366840.0,359417.0,349900.0,346865.0,349900.0,367000.0,353017.0,386675.0,358500.0,386941.0,348000.0,357326.0,369950.0,357400.0,339610.0,340705.0,336808.0,336398.0,341808.0,350325.0,349450.0,338104.0,339915.0,332840.0,349308.0,362565.0,380170.0,359909.5,342990.0,343000.0
394378,205,"Bellingham, WA",msa,WA,,,,,,,,,,,,,,,,,,,,,,,,,,,,,,,,,,,,,,,,,,,,,,,,,,,,,,,,,,,,,,,,,,,,,,,,731700.0,670000.0,627000.0,689000.0,761450.0,681000.0,619000.0,819000.0,757500.0,659900.0,649990.0,619995.0,734990.0,599000.0,669000.0,607500.0,758000.0,689994.5,635000.0,644500.0,629500.0,622495.0,578500.0
394848,210,"Medford, OR",msa,OR,,,,,,,,,,,,,345950.0,340000.0,310000.0,315000.0,310995.0,320468.0,310000.0,332000.0,332450.0,322116.0,354309.5,332450.0,334500.0,299450.0,354308.5,346000.0,321085.0,352700.0,344000.0,368490.0,349686.0,352000.0,356397.0,344950.0,375558.0,346395.0,384721.0,373720.0,405000.0,435000.0,408850.0,442227.0,399450.0,467000.0,438912.0,475197.5,435000.0,423321.0,444110.5,465000.0,495000.0,439900.0,491680.0,540700.0,462500.0,474245.5,465000.0,484990.0,427000.0,419900.0,437990.0,499333.0,431865.0,422495.0,416445.0,401575.0,497310.0,451995.0,470000.0,505000.0,464750.0,414672.0,465495.0,403940.0,459745.0,457000.0,499500.0,489500.0,435000.0,480187.5,404995.0,484990.0,432445.0,404900.0,456751.0,441990.0,437510.0,548381.0,465912.5,441395.0,519191.0,454945.0
394459,212,"Charlottesville, VA",msa,VA,289749.0,336779.0,452019.5,322461.0,322500.0,383824.0,407753.0,394450.0,399967.5,445000.0,374530.0,502840.0,272755.0,338000.0,293957.0,343245.0,369858.0,325972.5,398565.0,367869.0,397806.5,322350.0,342829.5,388975.0,336722.0,342153.0,352564.5,459092.5,427120.0,380000.0,402450.0,400000.0,423474.0,365000.0,428508.0,379000.0,430014.0,398900.0,416927.0,456276.0,432417.5,450981.5,453251.5,491435.5,524230.0,441678.0,524056.5,496370.0,451713.0,534882.0,549849.0,501710.0,469956.0,491576.0,498055.0,489508.0,642949.5,533496.5,439992.5,586949.0,488869.0,479470.0,462015.5,454925.0,521547.5,517715.0,491341.0,560007.0,523830.0,460000.0,524777.5,496081.0,445550.0,493900.0,577591.0,500000.0,534420.0,540137.0,527205.0,564791.0,484625.0,538850.0,549950.0,494259.0,529900.0,537760.5,477859.0,449900.0,469682.5,494097.5,504200.0,440230.0,495875.0,506175.0
394773,214,"Las Cruces, NM",msa,NM,,,,,,,,,,,,,,,,,,,,,,,,,,,,,,,,,,,,,,,,,,,,,287472.5,269322.5,281020.5,310567.0,313785.0,323105.0,344610.0,312500.0,307055.5,361667.5,403730.0,343683.5,339000.0,375080.0,376841.5,386475.0,418679.0,352220.0,355075.0,342250.0,344245.5,334000.0,394000.0,370000.0,384939.0,421950.0,364775.0,366950.0,353035.0,345000.0,329950.0,365722.5,392962.5,336450.0,344950.0,339950.0,339000.0,349900.0,364695.0,369950.0,365000.0,374950.0,342470.0,342795.0,352000.0,324175.0,355500.0,348995.0,341250.0,356671.0
394464,215,"Chico, CA",msa,CA,,,,,,,,,,,,,,,,,,,,,,,,,,,,,,,,,,,,,,,,,,,,,,,,,,,,,,,,,,,,,,399000.0,409000.0,410000.0,369500.0,440000.0,425000.0,436500.0,445827.5,435000.0,415620.0,425000.0,400000.0,412500.0,427500.0,436250.0,423750.0,460250.0,429900.0,460000.0,442000.0,457500.0,465000.0,411000.0,440000.0,432500.0,411950.0,443000.0,450500.0,445000.0,452495.0,435000.0,399950.0,465000.0
394681,216,"Hilton Head Island, SC",msa,SC,301565.0,275000.0,280450.0,330230.0,282990.0,307519.0,338040.0,299871.0,293820.0,326150.0,327457.0,288795.0,287257.5,301110.0,290745.0,304995.0,299900.0,363267.5,318595.0,311795.0,324000.0,354000.0,325313.0,330057.5,339027.5,320778.5,341695.0,322090.0,319405.0,350000.0,339540.5,327801.0,321830.0,334000.0,367835.0,355030.5,329115.0,325090.0,332615.0,352985.0,350000.0,362990.0,374315.0,363265.0,355140.0,429051.0,424773.5,389135.5,435868.0,393940.0,441802.5,467000.0,436040.0,476210.0,448402.5,442032.5,429990.0,477513.0,458015.0,518707.5,449615.0,527928.5,505965.0,556749.0,557112.5,493840.0,479704.0,502305.0,482140.0,490903.5,548525.0,528900.0,527377.5,519007.5,496500.0,493929.0,527572.1,473731.675,514943.15,521450.2,499990.0,487427.5,469868.1,462450.0,499900.0,571657.5,463673.0,508515.0,489753.0,495965.0,546900.0,539000.0,455990.0,455659.5
394765,218,"Lake Havasu City, AZ",msa,AZ,199900.0,186000.0,198950.0,197900.0,235000.0,260063.0,270876.0,276513.0,244191.5,237900.0,300227.5,309542.5,271190.5,221950.0,230000.0,241900.0,273250.0,249900.0,267691.0,277541.0,291000.0,273500.0,291135.0,250000.0,215500.0,204387.5,229000.0,269950.0,288190.0,227860.0,290250.0,195000.0,279900.0,273807.5,279900.0,266910.0,235050.0,270855.0,253367.5,282407.5,269000.0,269900.0,269882.0,299900.0,317400.0,294990.0,307592.5,290000.0,293250.0,342450.0,323300.0,319450.0,337500.0,340500.0,348362.5,342000.0,325500.0,334700.0,336679.0,292645.5,299000.0,289245.0,274495.0,332900.0,324950.0,325000.0,342698.0,311500.0,287250.0,330000.0,325750.0,302000.0,315955.0,323600.0,299900.0,333000.0,300000.0,299900.0,304990.0,289990.0,294990.0,281990.0,279490.0,284123.0,301450.0,309900.0,298123.0,302123.0,309123.0,274123.0,310000.0,297400.0,304995.0,299733.5
394726,224,"Johnson City, TN",msa,TN,,,,,,,,,,,,,,,,,,,,,,,,,,,,,,,,,,,,,,,,,,,,,,,,,,,,,,,,,,,,,,408400.0,336130.0,394900.0,338000.0,405500.0,440000.0,437217.0,435000.0,445000.0,410000.0,390000.0,374000.0,376500.0,370000.0,430000.0,385000.0,334000.0,361387.5,385000.0,382450.0,374000.0,385000.0,453900.0,367617.5,359000.0,447500.0,417500.0,322522.5,331020.0,370000.0,384250.0,405625.0,430750.0
395247,225,"Yuma, AZ",msa,AZ,160000.0,176427.5,186344.5,189625.0,178750.0,178725.0,162600.0,165000.0,162762.5,154500.0,158600.0,155950.0,166000.0,151000.0,162250.0,167000.0,168000.0,171075.0,170800.0,169900.0,156875.0,170900.0,182575.0,178062.5,165000.0,181175.0,198750.0,180375.0,193606.5,190200.0,196142.5,190980.0,185000.0,201387.5,192035.0,188000.0,178500.0,187500.0,200525.0,189400.0,194800.0,203280.0,234225.0,196375.0,256749.0,240000.0,251375.0,239500.0,214000.0,251000.0,290000.0,292500.0,293177.0,317130.0,315000.0,315820.0,299145.0,303260.0,314700.0,276335.0,305000.0,295380.0,275000.0,275000.0,277000.0,262945.0,275000.0,285390.0,260220.0,283595.0,280000.0,400000.0,285000.0,284017.5,279900.0,291800.0,280000.0,323915.0,334600.0,310820.0,319900.0,305000.0,338000.0,290463.5,362450.0,299900.0,294820.0,334500.0,327500.0,383056.0,340800.0,324900.0,341550.0,352350.0
394623,226,"Gainesville, GA",msa,GA,229900.0,232158.0,265083.0,284768.5,251768.5,245355.0,271961.0,243765.0,278533.0,259670.0,291932.0,294547.5,283144.0,265365.0,274900.0,259683.0,311462.0,293332.5,296490.0,285146.0,283990.0,295897.5,284490.0,299900.0,319900.0,291715.0,287000.0,298179.0,295444.0,285662.5,301218.0,299945.0,291900.0,299778.5,308358.0,300475.0,329115.0,327607.0,337232.0,317900.0,327517.5,321525.0,338757.5,360692.5,349840.0,348544.0,363990.0,371237.5,419485.0,425000.0,453032.0,407900.0,464282.0,484331.0,493060.5,463333.0,425320.0,437841.0,425015.0,392229.0,412200.0,418200.0,442500.0,449900.0,483845.0,445996.0,415000.0,454490.0,412331.0,407065.0,361850.0,431222.0,403140.0,450808.0,437765.0,499000.0,482745.0,539900.0,504900.0,495332.0,459000.0,433560.0,450500.0,439990.0,480000.0,454000.0,429990.0,427990.0,479900.0,478660.0,435481.0,454286.0,404785.0,453797.0
394716,227,"Jacksonville, NC",msa,NC,179000.0,190000.0,202000.0,199000.0,202000.0,200000.0,199000.0,211750.0,234000.0,193320.0,205000.0,209000.0,201000.0,205000.0,198502.5,204000.0,203000.0,214500.0,217750.0,210500.0,212000.0,214000.0,224500.0,226000.0,212000.0,211500.0,218750.0,202000.0,220000.0,218000.0,221000.0,230000.0,227500.0,219000.0,226000.0,249250.0,225750.0,212000.0,221000.0,228500.0,247745.0,233000.0,248250.0,241500.0,238000.0,265000.0,260000.0,269000.0,273750.0,258000.0,278490.0,267000.0,281500.0,294000.0,328000.0,315000.0,301500.0,293000.0,319000.0,330000.0,299990.0,310900.0,324000.0,299500.0,327000.0,325000.0,367450.0,353000.0,344000.0,310000.0,328000.0,334900.0,326740.0,355500.0,324950.0,352500.0,363895.0,349250.0,343900.0,330900.0,336733.0,352250.0,347000.0,345000.0,343900.0,338500.0,345900.0,341250.0,351500.0,349949.5,355000.0,353950.0,342950.0,329495.0
394597,228,"Florence, SC",msa,SC,,,,,,,,,,,,,,180000.0,181450.0,171750.0,201500.0,152500.0,215000.0,215910.0,225000.0,176650.0,175000.0,224500.0,125000.0,186200.0,196200.0,210000.0,220000.0,219000.0,212600.0,206144.5,226745.0,189900.0,217826.0,230000.0,196500.0,169000.0,165945.0,186000.0,268500.0,241510.5,260222.0,218000.0,271047.5,283750.0,257990.0,271369.0,255378.0,229000.0,272638.0,260562.5,287775.0,275000.0,269000.0,287405.0,289259.0,269990.0,299090.0,288664.0,334641.0,290000.0,294500.0,259990.0,290336.0,294990.0,299995.0,317000.0,288620.0,275490.0,260990.0,266995.0,258800.0,292740.0,275000.0,237500.0,255500.0,262200.0,241970.0,256195.0,245490.0,269263.0,259245.0,245245.0,236695.0,275245.0,263245.0,282500.0,290000.0,285000.0,293500.0,276000.0,284500.0,296050.0
394380,232,"Bend, OR",msa,OR,324950.0,337450.0,344241.5,372450.0,377076.0,368665.5,395677.0,399500.0,375000.0,377490.0,383719.0,399292.0,354900.0,361652.0,370391.0,412761.0,424990.0,409745.0,392653.0,399900.0,402017.5,399750.0,410491.0,420750.0,359515.0,371242.5,400070.0,375174.5,399995.0,386397.5,415000.0,413750.0,390320.0,399925.0,428540.0,404995.0,413050.0,389900.0,439495.0,445000.0,425250.0,453952.5,442531.0,483450.0,522288.5,566816.0,529950.0,611505.5,597700.0,633900.0,653108.0,620000.0,709925.0,630000.0,674625.0,660000.0,664762.5,649475.0,649950.0,649475.0,745950.0,599975.0,579995.0,629900.0,623765.0,625090.0,695000.0,640510.0,605745.0,641095.0,670000.0,672551.5,609900.0,598897.0,644577.0,639900.0,619936.0,605000.0,615000.0,560990.0,637000.0,659900.0,602999.0,599950.0,653900.0,619995.0,649615.0,685266.0,628495.0,621547.5,629900.0,671730.0,619997.5,672900.0
395202,234,"Warner Robins, GA",msa,GA,205650.0,205950.0,209000.0,212400.0,213700.0,208000.0,193000.0,193900.0,208200.0,205800.0,241900.0,236650.0,194250.0,217400.0,218388.0,230640.0,221388.0,241400.0,235900.0,216400.0,257387.5,234900.0,237069.0,236360.0,209900.0,221611.0,234394.0,227450.0,212500.0,212450.0,251400.0,233000.0,217500.0,242450.0,259900.0,277750.0,261400.0,238840.0,234300.0,258000.0,247595.0,244000.0,275500.0,248900.0,257500.0,262731.0,270685.0,262650.0,259780.0,265800.0,280000.0,280475.0,284900.0,327400.0,312160.0,335000.0,299900.0,274990.0,287711.0,316397.5,296565.0,323100.0,288782.5,292900.0,259500.0,289857.5,288300.0,293295.0,297192.0,300730.0,294372.5,286975.0,292105.0,287037.5,297900.0,307900.0,295460.0,294965.0,297900.0,311900.0,316700.0,299900.0,331625.0,314695.0,304200.0,297775.0,309560.0,332450.0,324900.0,319900.0,335115.0,325600.0,334745.0,335190.0
395009,237,"Punta Gorda, FL",msa,FL,202185.0,228500.0,229000.0,229150.0,246400.0,219200.0,285000.0,223500.0,223700.0,245150.0,270900.0,238600.0,211050.0,246450.0,240000.0,235250.0,236000.0,225800.0,239250.0,249900.0,240850.0,241500.0,256975.0,261000.0,232457.5,254345.0,254100.0,261400.0,237242.5,232900.0,271500.0,262662.5,247985.0,269950.0,256000.0,269522.0,266550.0,315815.0,276607.0,290250.0,254635.0,292143.0,328500.0,300000.0,339900.0,349450.0,359300.0,349900.0,326700.0,359900.0,370000.0,364550.0,382950.0,374900.0,389900.0,398830.0,413900.0,402000.0,429900.0,388600.0,371400.0,385000.0,380000.0,370745.0,377540.0,384000.0,372900.0,390500.0,364949.5,385000.0,374419.5,368400.0,345000.0,367999.0,387400.0,375000.0,354999.5,362499.5,365655.0,360000.0,357500.0,346800.0,353100.0,339800.0,349298.0,345000.0,350000.0,334000.0,315500.0,333475.0,335000.0,332999.0,316500.0,330050.0
394960,242,"Panama City, FL",msa,FL,232587.5,249900.0,234700.0,240450.0,258750.0,265687.5,258412.5,253000.0,301450.0,272587.5,287450.0,265000.0,290500.0,270137.5,243287.5,275000.0,250500.0,285600.0,265725.0,282900.0,279487.5,285600.0,277575.0,281650.0,299900.0,281575.0,289875.0,304300.0,272875.0,265450.0,287675.0,262600.0,271825.0,300675.0,295362.5,293000.0,260000.0,279000.0,270375.0,299000.0,310000.0,324337.5,341800.0,374500.0,348905.0,338075.0,344800.0,341943.0,345850.0,341850.0,342300.0,354900.0,374977.0,362575.0,359825.0,379938.5,404900.0,397977.0,399900.0,362000.0,419900.0,339900.0,382900.0,413975.0,388050.0,366450.0,375900.0,392400.0,378800.0,379900.0,410267.5,369900.0,352700.0,375000.0,344900.0,370962.5,339900.0,342900.0,379900.0,337900.0,337900.0,378147.0,334900.0,373006.5,351950.0,346000.0,365000.0,359000.0,359515.0,355302.0,399900.0,385900.0,349900.0,355990.0
394539,244,"Dover, DE",msa,DE,235205.5,215832.0,216500.0,240630.5,266000.0,269000.0,250735.0,260154.5,287500.0,281002.5,280000.0,301186.0,275325.0,266000.0,284373.0,261070.0,283085.0,291222.5,290692.5,299975.0,292695.0,286900.0,300400.0,291665.0,293348.0,295525.0,287000.0,285409.5,299136.0,259099.0,316694.0,281110.5,303740.0,280000.0,302625.0,314013.0,303678.5,307945.0,312990.0,303380.0,305663.5,319445.0,330413.0,343908.0,366562.5,357181.5,363625.0,358990.0,377978.0,362860.0,386705.0,382000.0,393160.0,419990.0,402136.0,401745.0,407132.5,396000.0,399990.0,421900.0,420000.0,419482.5,384757.5,326000.0,384000.0,377627.0,368435.5,394990.0,449900.0,409000.0,429503.0,399990.0,424900.0,408727.5,408000.0,413370.0,424352.5,409900.0,422995.0,455000.0,415000.0,399990.0,425000.0,398607.0,399990.0,377500.0,379900.0,354900.0,390000.0,405445.0,444000.0,424450.0,408000.0,407495.0
395119,249,"St. George, UT",msa,UT,320000.0,378980.0,395573.0,365049.0,385328.0,392873.0,389300.0,394312.5,390725.5,359993.0,392218.5,400000.0,394158.0,411549.0,399000.0,398922.0,424208.0,420469.885,394732.0,398452.5,409392.5,404739.5,413750.0,395000.0,395179.0,426549.0,414419.5,399866.0,412500.0,413815.0,409000.0,406308.5,437829.0,439900.0,417089.5,409457.0,427069.0,483039.0,476469.0,483039.0,449257.0,485911.5,504056.825,550886.0,543276.0,532749.0,554079.5,554948.5,565900.0,604900.0,648595.0,715649.0,639226.0,604100.0,550000.0,668441.0,650700.0,598338.5,630477.0,629609.5,542495.0,655000.0,588052.0,578732.0,641522.0,505000.0,523450.0,541512.5,499990.0,496900.0,555000.0,503535.0,587865.0,513073.47,559128.0,579990.0,599990.0,547000.0,549995.0,505990.0,569990.0,549995.0,570000.0,530000.0,526079.0,578900.0,557220.0,569500.0,530682.5,543445.0,576995.0,580750.0,559995.0,599900.0
394299,251,"Abilene, TX",msa,TX,,,,,,,,,,,,,,,,,,,,,,,,,,,,,,,,,,,,,,,,,,,,,,,,,,,,,,,,,,,,,,,,,,,,,,,,,,,,,,,,,,,304995.0,316540.5,230995.0,294445.0,278515.0,285117.5,362000.0,249740.0,281495.0,274990.0,269900.0,279950.0
394707,252,"Iowa City, IA",msa,IA,,,,,,,,,,,,,,,,,,,,,,,,,,,,,,,,,,,,,,,,,,,,,,,,,,,,,,,,,,,,,,,,,,,,,,,,,,,,,,,,,,,,,,,409900.0,399990.0,404900.0,371900.0,406900.0,397450.0,394495.0,439900.0
394351,253,"Auburn, AL",msa,AL,332420.0,287669.0,293044.5,307216.0,334225.0,306605.0,314096.5,304400.0,282201.0,274198.0,276170.5,311722.5,294702.5,277926.0,308999.0,292035.0,289310.0,311999.0,283135.0,268000.0,280571.0,316251.0,280646.0,297394.0,304900.0,329313.0,298994.5,306743.0,302478.0,285000.0,273270.0,287255.0,293237.0,299900.0,309900.0,313130.0,297725.0,299000.0,304900.0,295295.0,312548.0,318664.0,303323.5,314429.5,330940.0,326153.0,300000.0,337055.0,293400.0,340000.0,316552.5,316900.0,369700.0,359900.0,328280.6,345685.0,345638.0,383500.0,415635.5,386750.0,419900.0,382009.0,347799.5,363900.0,379900.0,407484.5,417232.5,352900.0,364000.0,370000.0,385000.0,423032.0,390514.0,366799.5,369900.0,391574.0,379900.0,426261.5,366497.0,391101.0,380000.0,364287.0,395000.0,385000.0,379150.0,382900.0,388132.0,367198.0,389941.0,404900.0,387900.0,411939.0,407500.0,406338.5
394860,254,"Midland, TX",msa,TX,,,,,,,,,,,,,,,,,,,,,,,,,,,,,,,,,,,,,,,,,,,,,,,,,,,,,,,,,,,,,,,,,,,,,,,,,,,,,,,,,,,,,,,373250.0,373540.0,414445.0,417443.0,417240.0,356532.5,377090.0,397714.0
394651,259,"Greenville, NC",msa,NC,166000.0,212900.0,185000.0,199000.0,161000.0,173000.0,166000.0,162000.0,208250.0,235000.0,198000.0,208250.0,198885.0,202500.0,178300.0,223000.0,203812.5,219000.0,200000.0,181000.0,209800.0,222000.0,231000.0,219790.0,161500.0,190000.0,216500.0,221000.0,217950.0,246750.0,235950.0,221000.0,238000.0,268530.0,256000.0,237750.0,270750.0,256500.0,257500.0,270000.0,270000.0,261500.0,281402.5,287995.0,288870.0,290740.0,288750.0,308500.0,307000.0,310000.0,311900.0,288000.0,299000.0,335675.0,325000.0,346000.0,330657.5,354475.0,326495.0,335120.0,321000.0,304497.5,304500.0,332000.0,341000.0,327500.0,330500.0,337500.0,319995.0,340000.0,312500.0,317000.0,289000.0,309500.0,320000.0,301000.0,307000.0,315495.0,284000.0,285000.0,320000.0,315500.0,298400.0,309000.0,338840.0,313292.0,322602.5,325020.0,334490.0,321245.0,349260.0,304490.0,297500.0,316990.0
394428,260,"Burlington, NC",msa,NC,169495.0,206000.0,200000.0,172000.0,177000.0,190500.0,185500.0,179500.0,191000.0,224500.0,194000.0,182000.0,191000.0,190000.0,183000.0,184000.0,215000.0,236250.0,225000.0,240000.0,284000.0,240000.0,235000.0,275828.5,215000.0,235000.0,228995.0,242250.0,249995.0,245180.0,249990.0,254400.0,202000.0,268495.0,282945.0,285265.0,290585.0,247000.0,260000.0,250000.0,273000.0,260740.0,264140.0,269990.0,271740.0,274740.0,289495.0,283740.0,292232.5,319500.0,331500.0,311250.0,394000.0,392500.0,383821.5,416000.0,409775.0,392500.0,405200.0,396990.0,374000.0,379990.0,363440.0,359215.0,355500.0,353245.0,327245.0,353940.0,363000.0,356940.0,364940.0,367250.0,369745.0,359745.0,359900.0,363000.0,339995.0,350000.0,333195.0,374940.0,358475.0,340000.0,340000.0,339000.0,299990.0,338467.5,380000.0,382000.0,365995.0,383000.0,384500.0,360000.0,361285.0,362000.0
394480,262,"Coeur d'Alene, ID",msa,ID,300963.0,291395.0,313519.0,337700.0,309835.5,333742.5,318210.0,331338.0,350194.0,330337.5,316193.5,333930.0,323789.0,350555.0,319103.0,356545.0,348745.0,367500.0,349867.5,329450.0,320677.0,347307.0,348400.0,335354.0,337164.5,369795.0,366722.0,340789.0,336152.0,356018.5,349900.0,351336.0,381000.0,389524.5,389102.5,350941.0,405870.0,415025.0,467000.0,420213.5,466501.5,480000.0,458136.0,498500.0,512046.0,529890.0,527834.0,529126.0,520000.0,522770.0,535950.0,577245.5,560991.0,560487.0,599384.5,595687.0,590536.0,632325.0,675000.0,608996.0,571500.0,541000.0,525000.0,555000.0,547352.0,544842.5,571102.0,685000.0,610475.0,574950.0,549950.0,519960.0,655000.0,549428.0,544990.0,552283.0,554950.0,507260.0,545800.0,525000.0,518082.5,565000.0,581647.0,562145.0,537258.0,580000.0,556827.0,540782.5,545800.0,557111.5,600225.0,614962.5,616437.5,626624.0
394930,271,"Odessa, TX",msa,TX,,,,,,,,,,,,,,,,,,,,,,,,,,,,,,,,,,,,,,,,,,,,,,,,,,,,,,,,,,,,,,,,,,,,,,,,,,,,,,,,,,,,,,,,,,,,,,324750.0
395079,274,"Sebastian, FL",msa,FL,265000.0,275826.0,267445.0,276400.0,258773.0,262200.0,245000.0,277900.0,277200.0,269200.0,256900.0,296000.0,286575.0,261150.0,300800.0,286000.0,297875.0,281705.0,290000.0,300000.0,275000.0,264155.0,251500.0,282525.0,282400.0,246900.0,303000.0,298900.0,276900.0,267710.5,273750.0,256155.0,264950.0,299000.0,329250.0,304050.0,280800.0,297000.0,329774.0,290450.0,327160.0,378168.5,347175.0,338900.0,322104.5,335300.0,330000.0,342000.0,355500.0,356650.0,362450.0,355085.0,375400.0,381900.0,388550.0,394000.0,393790.0,410900.0,420200.0,430572.5,449900.0,413200.0,422650.0,410000.0,380380.0,461200.0,381659.0,374297.5,395500.0,392822.5,370732.5,495800.0,365000.0,396582.5,474110.0,481560.0,558366.0,455845.0,415579.5,486500.0,464995.0,460000.0,445450.0,405000.0,424075.0,443000.0,408800.0,397075.0,379430.0,377500.0,395900.0,402000.0,378475.0,389500.0
394814,275,"Madera, CA",msa,CA,,,,,,,,,,,,,,,,,,,,,,,,,,,,,,,,,,,,,,,,,,,,,,,,,,,,,,,,,,,,,,,,,,,,,,,,,,,,,,,,,,,,,,,,,,,,480500.0,496250.0,442500.0
394639,280,"Grand Junction, CO",msa,CO,,,,,,,,,,,,,,,,,,,,,,,,,,,,,,,,,,,,,,,,,,,,,,,,,,,,,,,,,,,,,,,,,,,,,,,,,,,,,,,,,,,,,,,,,,,,,,537950.0
394685,289,"Homosassa Springs, FL",msa,FL,,,,,,,,,,,,,,,,,,,,,,,,213750.0,162000.0,170456.0,169945.0,185195.0,179900.0,172450.0,196000.0,193350.0,196000.0,238000.0,236850.0,190990.0,183450.0,190848.0,199900.0,200000.0,219700.0,219900.0,229200.0,264900.0,234400.0,229950.0,237500.0,229900.0,230100.0,243000.0,249995.0,269900.0,262450.0,284900.0,284900.0,295000.0,289952.5,278000.0,280356.5,287250.0,284900.0,275000.0,272000.0,287300.0,273995.0,269990.0,282299.0,284090.0,285000.0,288450.0,280194.0,294990.0,280000.0,257000.0,257750.0,275000.0,280398.0,273500.0,277300.0,276000.0,277000.0,280995.0,290000.0,294000.0,269990.0,270000.0,282490.0,272450.0,280500.0,275000.0,280990.0,280500.0,265000.0,283745.0
395036,303,"Rocky Mount, NC",msa,NC,,,,,,,,,,,,,,,,,,,,,,,,,,,,,,,,,,,,,,,232450.0,244000.0,201000.0,165000.0,239900.0,270000.0,283750.0,263750.0,292000.0,288250.0,,252700.0,253000.0,255000.0,270250.0,264950.0,293900.0,262250.0,297000.0,306000.0,307000.0,266000.0,279750.0,262950.0,276750.0,308950.0,295000.0,316500.0,320490.0,305500.0,330000.0,300000.0,294250.0,310000.0,310000.0,295990.0,309000.0,335750.0,332480.0,320000.0,347500.0,325000.0,300000.0,300000.0,325000.0,340575.0,290675.0,313457.5,354472.5,321000.0,314945.0,339670.0,339900.0,310000.0,320340.0,331493.5
394880,307,"Morristown, TN",msa,TN,,,,,,,,,,,,,,,,,,,,,,,,,,,,,,,,,,,,,,,,,,,,,,,,,,,,,,,,,,,,,,,,,,,,,,,,,,,,,,,,,,,,,,,,,320000.0,352900.0,349000.0,340250.0,331860.0,337450.0
395232,308,"Winchester, VA",msa,VA,,,,,,,,,,,,,,,,,,,,,,,,,,,,,,,,,,,,,,,,,,,,,,,,,,,,,,,,,,,,,,,476347.0,418520.0,432140.0,434490.0,401412.5,450000.0,447668.0,489990.0,500000.0,485990.0,430270.0,455000.0,489955.0,440000.0,449990.0,462943.5,506190.0,464250.0,419990.0,449990.0,460000.0,450000.0,423930.0,451000.0,477674.5,468999.5,454999.5,492499.0,479990.0,444990.0,449990.0,474994.5
395139,314,"Sumter, SC",msa,SC,,,,,,,,,,,,,,,,,,,,,,,,,,,,,,,,,,,,,,,,,,,,,,,,,,,,,,,,,,,,,,,,,,,,,,,,,,,,,,,,,,,,,,,,,,,,,,282450.0
395094,319,"Sherman, TX",msa,TX,,,,,,,,,,,,,,,,,,,,,,,,,,,,,,,,,,,,,,,,,,,,,390485.0,376250.0,336637.5,346500.0,302207.0,316085.0,427000.0,343539.5,360080.5,397605.0,416054.0,372581.0,477500.0,456272.0,390029.5,375296.5,358495.0,336072.5,342192.5,341990.0,355000.0,439000.0,395125.0,376995.0,387990.0,339745.0,396364.0,339940.0,379990.0,356097.5,350000.0,411895.0,402987.0,379854.5,400000.0,426140.0,420000.0,385000.0,352677.5,361385.0,329900.0,408750.0,358085.5,352490.0,370000.0,359900.0,355500.0,374800.0,350000.0,334990.0
395153,329,"The Villages, FL",msa,FL,,,,,,,,,,,,,,,,,,,,,,,,,,,,,,,,,,,,,,,,,,,,,,,,,,,,,,,,,,,,,,,,,,,,,,,,,,,,,,,,,,,,,,,,,,,,307307.5,303810.0,299990.0
394474,334,"Cleveland, TN",msa,TN,,,,,,,,,,,,,,,,,,,,,,,,,,,243900.0,238950.0,215675.0,250000.0,244000.0,252000.0,251837.5,263525.0,262000.0,260937.5,195000.0,277255.0,269900.0,287800.0,263425.0,281900.0,278665.0,260000.0,281485.0,280690.0,310000.0,302450.0,282325.0,299220.0,310725.0,329900.0,358677.0,332900.0,355000.0,379610.0,328652.5,362380.0,306190.0,321550.0,350077.5,298095.0,341795.0,289900.0,374500.0,360000.0,299900.0,343500.0,283000.0,332450.0,290000.0,329900.0,313776.5,305571.0,366900.0,341724.0,358509.5,351209.0,319562.5,349882.0,352709.0,377500.0,335209.0,246750.0,365000.0,372000.0,286450.0,319900.0,357190.0,299107.5,341150.0,352389.5,320000.0,340000.0
394905,341,"New Bern, NC",msa,NC,,,,,,,,,,,,,,,,,,,,,,,,,,,245500.0,182000.0,226250.0,226750.0,228500.0,220000.0,237850.0,223500.0,248000.0,231000.0,218000.0,229750.0,229000.0,237000.0,242000.0,246500.0,244000.0,250500.0,247000.0,281500.0,286500.0,264500.0,289000.0,273890.0,309000.0,294500.0,297000.0,317500.0,317250.0,316500.0,318500.0,309000.0,325545.0,324750.0,318500.0,334610.0,335750.0,320000.0,321000.0,287050.0,349380.0,325745.0,332750.0,350000.0,329000.0,323000.0,319250.0,297500.0,335750.0,317995.0,329750.0,341000.0,326000.0,348250.0,337700.0,367250.0,365000.0,349250.0,339085.0,331000.0,336500.0,340000.0,342000.0,344000.0,352919.0,342300.0,344500.0,337000.0
394635,350,"Goldsboro, NC",msa,NC,,,,,,,,,,,,,,,,,,,,,,,,,,,,,,,,,,,,,,,,,,,,,,,,,,,,,,,,,,290000.0,283200.0,308000.0,286000.0,253000.0,303000.0,313900.0,314900.0,259000.0,274900.0,285500.0,273950.0,296995.0,304000.0,297000.0,288000.0,272000.0,289500.0,285500.0,266000.0,293500.0,297000.0,277000.0,290560.0,313000.0,308000.0,288500.0,270000.0,269900.0,285500.0,266500.0,299500.0,256500.0,279900.0,279900.0,273250.0,281900.0
394495,363,"Cookeville, TN",msa,TN,,,,,,,,,,,,,,,,,,,,,,,,,,,,,,,,,,,,,,,,,,,,,,,,,,,,,,,,,,,,,,,,,,,,,,,,,,,,,,,,,,,,365537.5,364900.0,319900.0,363900.0,379745.0,360000.0,364900.0,377370.0,387445.0,356900.0,380100.0
395168,374,"Tullahoma, TN",msa,TN,,,,,,,,,,,,,,157000.0,180000.0,206950.0,170650.0,209900.0,199900.0,219650.0,216500.0,250450.0,204609.0,199900.0,203200.0,212650.0,225400.0,219900.0,208000.0,214900.0,234400.0,280000.0,237000.0,249900.0,245400.0,255850.0,208950.0,191500.0,242700.0,214900.0,268400.0,289900.0,272850.5,350000.0,295000.0,296200.0,310000.0,364950.0,299900.0,249000.0,305000.0,361000.0,407450.0,410000.0,359900.0,345000.0,399900.0,390000.0,365000.0,359000.0,328500.0,358900.0,299900.0,339000.0,315950.0,299900.0,385900.0,395000.0,301900.0,347450.0,299900.0,332950.0,289150.0,337500.0,297900.0,312000.0,292450.0,299000.0,350000.0,339725.0,284900.0,304500.0,329900.0,370000.0,390000.0,335745.0,385900.0,360000.0,329000.0,377400.0,339990.0,357400.0,352697.0,371604.0
395222,375,"Whitewater, WI",msa,WI,,,,,,,,,,,,,,,,,,,,,,,,,,,,,,,,,,,,,,,,,,,,,,,,,,,,,,,,,,,,,,,,,,,,,,,,,,,,,,,,,,,,,,,,,,,,,,774900.0
395080,390,"Sebring, FL",msa,FL,,,,,,,,,,,,,,,,,,,,,,,,,,,,,,,,,,,,,,,,,,,,,,,,,,,,,,,,,,,,,,,,,,,,,,,,,,,,,,,,,,,,,,,,,,,,,,294900.0
753912,398,"Pinehurst, NC",msa,NC,239500.0,239900.0,270000.0,272000.0,297037.0,272750.0,286000.0,292656.5,305000.0,277000.0,312000.0,301500.0,249500.0,258500.0,269000.0,289950.0,289340.0,270000.0,314750.0,302499.0,289000.0,286750.0,311250.0,323000.0,275000.0,288500.0,269900.0,295000.0,297500.0,336500.0,309500.0,318000.0,310000.0,332740.0,326274.0,338500.0,268250.0,296000.0,311500.0,312000.0,329000.0,314000.0,299000.0,385500.0,395000.0,380750.0,378500.0,413500.0,354500.0,392000.0,384750.0,399000.0,348000.0,456000.0,369000.0,422500.0,441000.0,425000.0,432000.0,365750.0,391500.0,404800.0,415000.0,379000.0,399900.0,407500.0,394175.0,435000.0,380000.0,417500.0,369000.0,415000.0,358500.0,399900.0,459500.0,427000.0,423500.0,384900.0,419000.0,409000.0,426111.0,436075.0,419500.0,413920.0,390500.0,387430.0,404000.0,416620.0,414900.0,447290.0,445000.0,409000.0,397900.0,408805.5
395086,402,"Sevierville, TN",msa,TN,,170750.0,187900.0,184900.0,225000.0,213500.0,263650.0,260706.0,265000.0,242500.0,229900.0,232000.0,213845.0,255187.5,194900.0,236850.0,253000.0,262325.0,254712.5,299000.0,237500.0,296300.0,260455.0,256000.0,255000.0,234945.0,244135.0,267900.0,255725.0,284225.0,334670.0,270000.0,375000.0,354000.0,343800.0,469950.0,349900.0,434500.0,374000.0,386500.0,509678.0,395000.0,533400.0,485000.0,650000.0,500150.0,688785.5,710000.0,593265.0,700000.0,634900.0,699900.0,700000.0,560000.0,716450.0,449900.0,699000.0,725000.0,699900.0,750000.0,560350.0,565000.0,659900.0,836250.0,677500.0,827272.0,750000.0,635000.0,652000.0,854000.0,750000.0,735000.0,714500.0,663000.0,1025000.0,950000.0,699900.0,577000.0,475000.0,549900.0,700000.0,540725.0,715000.0,699999.0,650000.0,538750.0,570000.0,600000.0,590000.0,448015.0,564950.0,650000.0,580000.0,625000.0
394882,403,"Moses Lake, WA",msa,WA,,,,,,,,,,,,,,,,,,,,,,,,,,,,,,,,,,,,,,,,,,,,,,,,,,,,,,,,,,,,,,,,,,,,,,,,,,,,,,,,,,,,,,,375999.0,364265.5,371900.0,351551.0,350851.0,354900.0,346995.0,364740.0
394928,410,"Ocean City, NJ",msa,NJ,,,,,,,,,,,,,,,,,,,,,,,,,,,,,,,,,,,,,,,,,,,,,,,,,,,,,,,,,,,,,,,,,,,,,,,,,,,,,,,,,,,,,,,,1500000.0,1175000.0,1200000.0,999990.0,1355000.0,1099000.0,1390000.0
394682,449,"Hinesville, GA",msa,GA,191515.0,216095.0,216590.0,205422.5,234745.0,204217.5,228685.0,192575.0,205435.0,204300.0,216100.0,195517.5,199630.0,206400.0,201602.5,204600.0,194292.5,201945.0,191570.0,218402.5,188247.5,189150.0,211910.0,201450.0,187185.0,174727.5,190600.0,212000.0,197910.0,221423.5,210045.0,211000.0,196012.5,209095.0,224995.0,205695.0,201437.5,217410.0,222485.0,222345.0,223782.5,222200.0,234000.0,256295.0,241400.0,259130.0,256000.0,253952.5,239925.0,249372.5,272200.0,278500.0,276500.0,291697.5,279245.0,276775.0,296100.0,278000.0,284300.0,266650.0,266500.0,268250.0,259950.0,267200.0,273372.0,276275.0,272112.5,281650.0,263380.0,277905.0,275300.0,283000.0,285700.0,283237.5,290500.0,269675.0,275600.0,303350.0,295575.0,282700.0,298000.0,269500.0,287787.5,295650.0,307090.0,311090.0,309800.0,310000.0,326950.0,308050.0,299675.0,301050.0,296000.0,299900.0
394674,467,"Heber, UT",msa,UT,,,,,,,,,,,,,,,545000.0,1124000.0,734912.5,679999.0,564049.0,787000.0,932240.0,795000.0,647500.0,1150000.0,725000.0,566564.8049999999,806560.5,775231.0,746298.0,787569.0,1005000.0,796117.5,1300000.0,860278.0,1210000.0,657888.0,543755.5,797096.5,887225.0,1044304.0,846233.0,870442.0,895000.0,785752.5,729900.0,968010.0,896681.5,1383100.0,1300000.0,911889.5,1275000.0,940000.0,1143642.0,1111450.0,1132615.0,1179931.0,1275000.0,989578.0,1400000.0,1255970.0,1286000.0,1212500.0,1099990.0,1175000.0,1056689.0,1306048.0,1310866.5,1120132.51,1527000.0,1491783.5,1200000.0,1300000.0,1343437.0,1324000.0,1175650.0,1108000.0,1150000.0,1745140.0,1375000.0,1089995.0,967500.0,1251158.5,873000.0,1550043.0,1458546.5,1308542.0,1389263.0,1150000.0,1385133.0,1137243.5,1502234.0,2288100.0,1961465.0,1877721.0
753893,477,"Jefferson, GA",msa,GA,213450.0,204900.0,227900.0,201900.0,219420.0,222289.0,212900.0,202900.0,262274.0,236997.5,219900.0,250585.0,250000.0,234000.0,257000.0,267720.5,255475.0,249875.0,248343.0,252178.0,263500.0,244635.0,255050.0,250599.0,262000.0,265375.0,259012.0,259540.0,283000.0,274953.0,287279.0,279310.0,273832.0,295632.0,295699.5,309625.0,298441.0,300623.5,285420.0,299485.0,275990.0,282255.0,282990.0,307600.0,321935.0,304800.0,339600.0,394900.0,329900.0,400000.0,354990.0,364900.0,375125.0,407490.0,402700.0,424900.0,415500.0,415490.0,425371.5,410000.0,385400.0,390000.0,415000.0,418700.0,399800.0,402982.5,388065.0,423450.0,394900.0,417980.0,415973.0,414244.5,394900.0,436090.0,446615.0,443291.0,415400.5,422990.0,425737.0,463044.0,479990.0,455993.0,472990.0,473490.0,457500.0,475799.0,478545.5,445468.0,455048.0,469990.0,470148.5,484990.0,463203.0,464459.5
395063,522,"Sanford, NC",msa,NC,,,,,,,,,,,,,,,,,,,,,,,,,,,,,,,,,,,,,,,,,,,,,,,,,,,,,,,,,,,,,,,,,,,,,,345000.0,292500.0,319995.0,304000.0,323000.0,331000.0,327750.0,328500.0,332990.0,340000.0,330000.0,361295.0,337380.0,326000.0,349940.0,320000.0,346950.0,360000.0,355000.0,342400.0,310000.0,366800.0,349500.0,304465.0,326900.0
845162,535,"Granbury, TX",msa,TX,,,,,,,,,,,,,,,,,,,,,,,,,,,,,,,,,,,,,,,,,,,,,,,,,,,,,,,,,,,,,,,,,,,,,,,,,,365000.0,293500.0,270000.0,329800.0,329875.0,304000.0,324995.0,298000.0,300950.0,294000.0,306250.0,396832.0,350000.0,294500.0,339490.0,280000.0,311395.0,285000.0,336495.0,317000.0,275000.0
394446,562,"Cedar City, UT",msa,UT,,,,,,,,,,,,,,,,,,,,,,,,,,,,,,,,,,,,,,,,,,,,,,,,,,,,,,,,,,,,,,,,,,,,,,,,,,,,,,,,,,,,,,,,,,,,,,465000.0
394951,564,"Oxford, MS",msa,MS,,,,,,,,,,,,,,,,,,,,,,,,,,,,,,,,,,,,,,,,,,,,,,,,,,,,,,,,,,,,,,,,,,,,,,,,,,,,,,,,,,,,,,430000.0,551250.0,470600.0,439900.0,463400.0,564900.0,526000.0,544900.0,495000.0
395122,576,"St. Marys, GA",msa,GA,,,,,,,,,,,,,,,,,,,,,,,,,,,,,,,,,,,,,,,,,,,,,,,,,,,,,,,,,,,,,,,,,,,,,,,,,,,,,,,,,,,,,,,,,,,,393900.0,344900.0,411125.0
